video,frame,method,kind,memory_frames,confidence_mode,lambda_qmem,lambda_code,lambda_clean,iou,dice,precision,recall,pred_pixels,gt_pixels,threshold,mean_qmem_mismatch,mean_qmem_confidence,mean_top_similarity,mean_score_margin,same_code_rate,mean_selected_age,img_path,mask_path
before-video-000,frame_0001.jpg,strict_qmem_v2_T2K2_qmem_code,qmem,2,margin,0.05,0.0001,0.0,0.24596124876629785,0.3948136412907529,0.2597082053532251,0.8229058046576295,18232,5754,0.04741304088383913,0.0,0.0,0.0,0.0,0.0,0.0,/kaggle/input/datasets/shuvroahmedimaging/ws2-eca/test_set/test_set/images/before/before-video-000/frame_0001.jpg,/kaggle/input/datasets/shuvroahmedimaging/ws2-eca/test_set/test_set/masks/before/before-video-000/frame_0001.jpg
before-video-000,frame_0002.jpg,strict_qmem_v2_T2K2_qmem_code,qmem,2,margin,0.05,0.0001,0.0,0.3016062176165803,0.46343696508896937,0.31083462380520105,0.9103847356897091,18727,6394,0.04741304088383913,0.004230912774801254,0.6021969318389893,0.9941017031669617,0.002394164213910699,0.430908203125,1.0,/kaggle/input/datasets/shuvroahmedimaging/ws2-eca/test_set/test_set/images/before/before-video-000/frame_0002.jpg,/kaggle/input/datasets/shuvroahmedimaging/ws2-eca/test_set/test_set/masks/before/before-video-000/frame_0002.jpg
before-video-000,frame_0003.jpg,strict_qmem_v2_T2K2_qmem_code,qmem,2,margin,0.05,0.0001,0.0,0.31826912816134884,0.48285910875460397,0.33784549161758043,0.8459792937172033,17656,7051,0.04741304088383913,0.0036870420444756746,0.594456136226654,0.9946516156196594,0.0023783163633197546,0.420166015625,1.000244140625,/kaggle/input/datasets/shuvroahmedimaging/ws2-eca/test_set/test_set/images/before/before-video-000/frame_0003.jpg,/kaggle/input/datasets/shuvroahmedimaging/ws2-eca/test_set/test_set/masks/before/before-video-000/frame_0003.jpg
before-video-000,frame_0004.jpg,strict_qmem_v2_T2K2_qmem_code,qmem,2,margin,0.05,0.0001,0.0,0.29385582126025483,0.4542327150084317,0.31872396819386595,0.7901900962215442,21128,8522,0.04741304088383913,0.004498376045376062,0.6023163199424744,0.9938449859619141,0.002293194178491831,0.43359375,1.000244140625,/kaggle/input/datasets/shuvroahmedimaging/ws2-eca/test_set/test_set/images/before/before-video-000/frame_0004.jpg,/kaggle/input/datasets/shuvroahmedimaging/ws2-eca/test_set/test_set/masks/before/before-video-000/frame_0004.jpg
before-video-000,frame_0005.jpg,strict_qmem_v2_T2K2_qmem_code,qmem,2,margin,0.05,0.0001,0.0,0.2459569355882081,0.39480808455405153,0.2957550838982109,0.5936210549793688,17998,8967,0.04741304088383913,0.004494471941143274,0.5528867244720459,0.9937125444412231,0.0022560162469744682,0.36328125,1.0,/kaggle/input/datasets/shuvroahmedimaging/ws2-eca/test_set/test_set/images/before/before-video-000/frame_0005.jpg,/kaggle/input/datasets/shuvroahmedimaging/ws2-eca/test_set/test_set/masks/before/before-video-000/frame_0005.jpg
before-video-000,frame_0006.jpg,strict_qmem_v2_T2K2_qmem_code,qmem,2,margin,0.05,0.0001,0.0,0.2597073251850004,0.41232962608494766,0.2946559124569596,0.6864835164835165,21201,9100,0.04741304088383913,0.00427680928260088,0.5282737016677856,0.9937829971313477,0.002254356862977147,0.3271484375,1.0,/kaggle/input/datasets/shuvroahmedimaging/ws2-eca/test_set/test_set/images/before/before-video-000/frame_0006.jpg,/kaggle/input/datasets/shuvroahmedimaging/ws2-eca/test_set/test_set/masks/before/before-video-000/frame_0006.jpg
before-video-000,frame_0007.jpg,strict_qmem_v2_T2K2_qmem_code,qmem,2,margin,0.05,0.0001,0.0,0.2397924655989172,0.38682678311499274,0.2680823161505094,0.6944081525999477,19826,7654,0.04741304088383913,0.0034562554210424423,0.535972535610199,0.9945139288902283,0.002303662011399865,0.33740234375,1.0,/kaggle/input/datasets/shuvroahmedimaging/ws2-eca/test_set/test_set/images/before/before-video-000/frame_0007.jpg,/kaggle/input/datasets/shuvroahmedimaging/ws2-eca/test_set/test_set/masks/before/before-video-000/frame_0007.jpg
before-video-000,frame_0008.jpg,strict_qmem_v2_T2K2_qmem_code,qmem,2,margin,0.05,0.0001,0.0,0.21227404597188126,0.3502080188505578,0.2326241134751773,0.7081596188207266,20445,6716,0.04741304088383913,0.0032889777794480324,0.5592149496078491,0.9948102831840515,0.002411128953099251,0.36865234375,1.0,/kaggle/input/datasets/shuvroahmedimaging/ws2-eca/test_set/test_set/images/before/before-video-000/frame_0008.jpg,/kaggle/input/datasets/shuvroahmedimaging/ws2-eca/test_set/test_set/masks/before/before-video-000/frame_0008.jpg
before-video-000,frame_0009.jpg,strict_qmem_v2_T2K2_qmem_code,qmem,2,margin,0.05,0.0001,0.0,0.3050474547023296,0.4674886780602294,0.32377856128943633,0.8405848787446505,21839,8412,0.04741304088383913,0.0033850660547614098,0.5460345149040222,0.994617760181427,0.00241469987668097,0.349365234375,1.0,/kaggle/input/datasets/shuvroahmedimaging/ws2-eca/test_set/test_set/images/before/before-video-000/frame_0009.jpg,/kaggle/input/datasets/shuvroahmedimaging/ws2-eca/test_set/test_set/masks/before/before-video-000/frame_0009.jpg
before-video-000,frame_0010.jpg,strict_qmem_v2_T2K2_qmem_code,qmem,2,margin,0.05,0.0001,0.0,0.348563872768677,0.5169408432291099,0.3923757545687588,0.7573822825219473,24186,12530,0.04741304088383913,0.004255970939993858,0.555621325969696,0.9936577081680298,0.0024220335762947798,0.36328125,1.0,/kaggle/input/datasets/shuvroahmedimaging/ws2-eca/test_set/test_set/images/before/before-video-000/frame_0010.jpg,/kaggle/input/datasets/shuvroahmedimaging/ws2-eca/test_set/test_set/masks/before/before-video-000/frame_0010.jpg
before-video-000,frame_0011.jpg,strict_qmem_v2_T2K2_qmem_code,qmem,2,margin,0.05,0.0001,0.0,0.38307119967586284,0.553942848011931,0.4013739338504882,0.8936243340780203,25911,11638,0.04741304088383913,0.004085539374500513,0.5406975746154785,0.9936689138412476,0.002476505469530821,0.340576171875,1.0,/kaggle/input/datasets/shuvroahmedimaging/ws2-eca/test_set/test_set/images/before/before-video-000/frame_0011.jpg,/kaggle/input/datasets/shuvroahmedimaging/ws2-eca/test_set/test_set/masks/before/before-video-000/frame_0011.jpg
before-video-000,frame_0012.jpg,strict_qmem_v2_T2K2_qmem_code,qmem,2,margin,0.05,0.0001,0.0,0.47490243054213843,0.643978097408892,0.49791354373455415,0.9113154382322408,24683,13486,0.04741304088383913,0.0038793657440692186,0.5588067770004272,0.99400794506073,0.0025246459990739822,0.36572265625,1.0,/kaggle/input/datasets/shuvroahmedimaging/ws2-eca/test_set/test_set/images/before/before-video-000/frame_0012.jpg,/kaggle/input/datasets/shuvroahmedimaging/ws2-eca/test_set/test_set/masks/before/before-video-000/frame_0012.jpg
before-video-000,frame_0013.jpg,strict_qmem_v2_T2K2_qmem_code,qmem,2,margin,0.05,0.0001,0.0,0.40458832736109396,0.5760952436807225,0.43278847424769795,0.8612889083735203,22697,11405,0.04741304088383913,0.003434983314946294,0.5761268138885498,0.9945114850997925,0.002601220505312085,0.389404296875,1.0,/kaggle/input/datasets/shuvroahmedimaging/ws2-eca/test_set/test_set/images/before/before-video-000/frame_0013.jpg,/kaggle/input/datasets/shuvroahmedimaging/ws2-eca/test_set/test_set/masks/before/before-video-000/frame_0013.jpg
before-video-000,frame_0014.jpg,strict_qmem_v2_T2K2_qmem_code,qmem,2,margin,0.05,0.0001,0.0,0.3587395752729774,0.5280475843958616,0.39062865702382626,0.8146231940648184,21363,10244,0.04741304088383913,0.0031329516787081957,0.6077257990837097,0.9950714707374573,0.0025527181569486856,0.43603515625,1.000119686126709,/kaggle/input/datasets/shuvroahmedimaging/ws2-eca/test_set/test_set/images/before/before-video-000/frame_0014.jpg,/kaggle/input/datasets/shuvroahmedimaging/ws2-eca/test_set/test_set/masks/before/before-video-000/frame_0014.jpg
before-video-000,frame_0015.jpg,strict_qmem_v2_T2K2_qmem_code,qmem,2,margin,0.05,0.0001,0.0,0.3496611213801602,0.5181465418854143,0.3755998014450389,0.8350705088902514,18131,8155,0.04741304088383913,0.003188442438840866,0.5946658253669739,0.995114803314209,0.0024052413646131754,0.419677734375,1.0,/kaggle/input/datasets/shuvroahmedimaging/ws2-eca/test_set/test_set/images/before/before-video-000/frame_0015.jpg,/kaggle/input/datasets/shuvroahmedimaging/ws2-eca/test_set/test_set/masks/before/before-video-000/frame_0015.jpg
before-video-000,frame_0016.jpg,strict_qmem_v2_T2K2_qmem_code,qmem,2,margin,0.05,0.0001,0.0,0.3273836941501612,0.493276654810445,0.3584667759425041,0.7906006674082313,15862,7192,0.04741304088383913,0.002694261260330677,0.6134750843048096,0.9957603216171265,0.002333584474399686,0.447998046875,1.0,/kaggle/input/datasets/shuvroahmedimaging/ws2-eca/test_set/test_set/images/before/before-video-000/frame_0016.jpg,/kaggle/input/datasets/shuvroahmedimaging/ws2-eca/test_set/test_set/masks/before/before-video-000/frame_0016.jpg
before-video-000,frame_0017.jpg,strict_qmem_v2_T2K2_qmem_code,qmem,2,margin,0.05,0.0001,0.0,0.2633727305958328,0.416935911655495,0.3003334722801167,0.6815387040832414,14394,6343,0.04741304088383913,0.003157345112413168,0.61638343334198,0.9954156279563904,0.0023625055328011513,0.452392578125,1.0001630783081055,/kaggle/input/datasets/shuvroahmedimaging/ws2-eca/test_set/test_set/images/before/before-video-000/frame_0017.jpg,/kaggle/input/datasets/shuvroahmedimaging/ws2-eca/test_set/test_set/masks/before/before-video-000/frame_0017.jpg
before-video-000,frame_0018.jpg,strict_qmem_v2_T2K2_qmem_code,qmem,2,margin,0.05,0.0001,0.0,0.4047113000354233,0.5762198966082461,0.4810863920275107,0.7182523051131601,14249,9544,0.04741304088383913,0.003512754337862134,0.5975955128669739,0.9950410723686218,0.0023062890395522118,0.426025390625,1.0,/kaggle/input/datasets/shuvroahmedimaging/ws2-eca/test_set/test_set/images/before/before-video-000/frame_0018.jpg,/kaggle/input/datasets/shuvroahmedimaging/ws2-eca/test_set/test_set/masks/before/before-video-000/frame_0018.jpg
before-video-000,frame_0019.jpg,strict_qmem_v2_T2K2_qmem_code,qmem,2,margin,0.05,0.0001,0.0,0.46392764857881136,0.633812263917817,0.5263867714319221,0.7963275082054466,17054,11273,0.04741304088383913,0.003620445728302002,0.6094671487808228,0.9948016405105591,0.0024485401809215546,0.440673828125,1.0,/kaggle/input/datasets/shuvroahmedimaging/ws2-eca/test_set/test_set/images/before/before-video-000/frame_0019.jpg,/kaggle/input/datasets/shuvroahmedimaging/ws2-eca/test_set/test_set/masks/before/before-video-000/frame_0019.jpg
before-video-000,frame_0020.jpg,strict_qmem_v2_T2K2_qmem_code,qmem,2,margin,0.05,0.0001,0.0,0.5482414123443273,0.7082117917440113,0.5824649832792129,0.9032015632045693,20633,13306,0.04741304088383913,0.004024231340736151,0.6051002144813538,0.9941776990890503,0.0025671652983874083,0.431884765625,1.0,/kaggle/input/datasets/shuvroahmedimaging/ws2-eca/test_set/test_set/images/before/before-video-000/frame_0020.jpg,/kaggle/input/datasets/shuvroahmedimaging/ws2-eca/test_set/test_set/masks/before/before-video-000/frame_0020.jpg
before-video-000,frame_0021.jpg,strict_qmem_v2_T2K2_qmem_code,qmem,2,margin,0.05,0.0001,0.0,0.5531091936923535,0.7122605363984674,0.6530008028904054,0.7833493859860342,19928,16612,0.04741304088383913,0.004332676529884338,0.5868913531303406,0.9936684966087341,0.0025866234209388494,0.405517578125,1.0,/kaggle/input/datasets/shuvroahmedimaging/ws2-eca/test_set/test_set/images/before/before-video-000/frame_0021.jpg,/kaggle/input/datasets/shuvroahmedimaging/ws2-eca/test_set/test_set/masks/before/before-video-000/frame_0021.jpg
before-video-000,frame_0022.jpg,strict_qmem_v2_T2K2_qmem_code,qmem,2,margin,0.05,0.0001,0.0,0.5380855397148676,0.6996822033898306,0.6712708458446898,0.7306048569561064,21647,19889,0.04741304088383913,0.004226389806717634,0.5882248878479004,0.9938866496086121,0.00250865682028234,0.408447265625,1.0,/kaggle/input/datasets/shuvroahmedimaging/ws2-eca/test_set/test_set/images/before/before-video-000/frame_0022.jpg,/kaggle/input/datasets/shuvroahmedimaging/ws2-eca/test_set/test_set/masks/before/before-video-000/frame_0022.jpg
before-video-000,frame_0023.jpg,strict_qmem_v2_T2K2_qmem_code,qmem,2,margin,0.05,0.0001,0.0,0.4173606047814575,0.5889264924868012,0.5749326003066025,0.6036186036186036,18917,18018,0.04741304088383913,0.004231369122862816,0.5603757500648499,0.993748128414154,0.0024921372532844543,0.368896484375,1.0,/kaggle/input/datasets/shuvroahmedimaging/ws2-eca/test_set/test_set/images/before/before-video-000/frame_0023.jpg,/kaggle/input/datasets/shuvroahmedimaging/ws2-eca/test_set/test_set/masks/before/before-video-000/frame_0023.jpg
before-video-000,frame_0024.jpg,strict_qmem_v2_T2K2_qmem_code,qmem,2,margin,0.05,0.0001,0.0,0.40203755797156543,0.5735046906349981,0.5656824989302525,0.5815462443637963,18696,18186,0.04741304088383913,0.004691464826464653,0.5714636445045471,0.9933265447616577,0.002451962558552623,0.3857421875,1.0,/kaggle/input/datasets/shuvroahmedimaging/ws2-eca/test_set/test_set/images/before/before-video-000/frame_0024.jpg,/kaggle/input/datasets/shuvroahmedimaging/ws2-eca/test_set/test_set/masks/before/before-video-000/frame_0024.jpg
before-video-000,frame_0025.jpg,strict_qmem_v2_T2K2_qmem_code,qmem,2,margin,0.05,0.0001,0.0,0.43475044602062574,0.606029358243358,0.5913933941044157,0.6214081353402164,16894,16078,0.04741304088383913,0.004569161683320999,0.5401940941810608,0.9933362007141113,0.0024588382802903652,0.340087890625,1.0,/kaggle/input/datasets/shuvroahmedimaging/ws2-eca/test_set/test_set/images/before/before-video-000/frame_0025.jpg,/kaggle/input/datasets/shuvroahmedimaging/ws2-eca/test_set/test_set/masks/before/before-video-000/frame_0025.jpg
before-video-000,frame_0026.jpg,strict_qmem_v2_T2K2_qmem_code,qmem,2,margin,0.05,0.0001,0.0,0.4647868966416127,0.634613673439122,0.5313664133512144,0.787660138418495,20133,13582,0.04741304088383913,0.005476393736898899,0.5801065564155579,0.9925121068954468,0.0024933116510510445,0.39697265625,1.0,/kaggle/input/datasets/shuvroahmedimaging/ws2-eca/test_set/test_set/images/before/before-video-000/frame_0026.jpg,/kaggle/input/datasets/shuvroahmedimaging/ws2-eca/test_set/test_set/masks/before/before-video-000/frame_0026.jpg
before-video-000,frame_0027.jpg,strict_qmem_v2_T2K2_qmem_code,qmem,2,margin,0.05,0.0001,0.0,0.3838970938542163,0.5548058386119527,0.4130189646335213,0.8448312015097504,19510,9538,0.04741304088383913,0.003990975674241781,0.5682512521743774,0.9940087795257568,0.0024920525029301643,0.380126953125,1.0001062154769897,/kaggle/input/datasets/shuvroahmedimaging/ws2-eca/test_set/test_set/images/before/before-video-000/frame_0027.jpg,/kaggle/input/datasets/shuvroahmedimaging/ws2-eca/test_set/test_set/masks/before/before-video-000/frame_0027.jpg
before-video-000,frame_0028.jpg,strict_qmem_v2_T2K2_qmem_code,qmem,2,margin,0.05,0.0001,0.0,0.2244773386235312,0.36665004985044863,0.23687600644122384,0.8109151047409041,18630,5442,0.04741304088383913,0.0034401591401547194,0.5777533054351807,0.9948232173919678,0.0023683947511017323,0.396240234375,1.0001215934753418,/kaggle/input/datasets/shuvroahmedimaging/ws2-eca/test_set/test_set/images/before/before-video-000/frame_0028.jpg,/kaggle/input/datasets/shuvroahmedimaging/ws2-eca/test_set/test_set/masks/before/before-video-000/frame_0028.jpg
before-video-000,frame_0029.jpg,strict_qmem_v2_T2K2_qmem_code,qmem,2,margin,0.05,0.0001,0.0,0.19205877208326044,0.3222303741746148,0.20601341526338007,0.7392694832519778,21319,5941,0.04741304088383913,0.0037348358891904354,0.5604873299598694,0.9944375157356262,0.0023418122436851263,0.371826171875,1.0,/kaggle/input/datasets/shuvroahmedimaging/ws2-eca/test_set/test_set/images/before/before-video-000/frame_0029.jpg,/kaggle/input/datasets/shuvroahmedimaging/ws2-eca/test_set/test_set/masks/before/before-video-000/frame_0029.jpg
before-video-000,frame_0030.jpg,strict_qmem_v2_T2K2_qmem_code,qmem,2,margin,0.05,0.0001,0.0,0.22471815581356216,0.36697121659682624,0.2399389148401006,0.7798540145985401,22264,6850,0.04741304088383913,0.0035524386912584305,0.5532275438308716,0.9944797158241272,0.002463375451043248,0.359130859375,1.0001273155212402,/kaggle/input/datasets/shuvroahmedimaging/ws2-eca/test_set/test_set/images/before/before-video-000/frame_0030.jpg,/kaggle/input/datasets/shuvroahmedimaging/ws2-eca/test_set/test_set/masks/before/before-video-000/frame_0030.jpg
before-video-000,frame_0031.jpg,strict_qmem_v2_T2K2_qmem_code,qmem,2,margin,0.05,0.0001,0.0,0.2614972256183579,0.4145823237782831,0.2781056211242248,0.8140828575611184,19996,6831,0.04741304088383913,0.0033587240613996983,0.5687669515609741,0.9947582483291626,0.0024552899412810802,0.3818359375,1.000244140625,/kaggle/input/datasets/shuvroahmedimaging/ws2-eca/test_set/test_set/images/before/before-video-000/frame_0031.jpg,/kaggle/input/datasets/shuvroahmedimaging/ws2-eca/test_set/test_set/masks/before/before-video-000/frame_0031.jpg
before-video-000,frame_0032.jpg,strict_qmem_v2_T2K2_qmem_code,qmem,2,margin,0.05,0.0001,0.0,0.290058949624866,0.44968324852009556,0.31595077102690083,0.7797118847539015,20557,8330,0.04741304088383913,0.0035032909363508224,0.5904860496520996,0.9946562647819519,0.0024275295436382294,0.413818359375,1.0,/kaggle/input/datasets/shuvroahmedimaging/ws2-eca/test_set/test_set/images/before/before-video-000/frame_0032.jpg,/kaggle/input/datasets/shuvroahmedimaging/ws2-eca/test_set/test_set/masks/before/before-video-000/frame_0032.jpg
before-video-000,frame_0033.jpg,strict_qmem_v2_T2K2_qmem_code,qmem,2,margin,0.05,0.0001,0.0,0.2942858551496327,0.4547463050434253,0.31892498397093394,0.7920647558386412,18716,7536,0.04741304088383913,0.0037371180951595306,0.579929530620575,0.994452178478241,0.002489847131073475,0.39697265625,1.000388741493225,/kaggle/input/datasets/shuvroahmedimaging/ws2-eca/test_set/test_set/images/before/before-video-000/frame_0033.jpg,/kaggle/input/datasets/shuvroahmedimaging/ws2-eca/test_set/test_set/masks/before/before-video-000/frame_0033.jpg
before-video-000,frame_0034.jpg,strict_qmem_v2_T2K2_qmem_code,qmem,2,margin,0.05,0.0001,0.0,0.21965351078476364,0.3601900192841353,0.23810708289285493,0.7391891891891892,16081,5180,0.04741304088383913,0.0034431274980306625,0.5810073018074036,0.9949557781219482,0.002314309123903513,0.402099609375,1.0003657341003418,/kaggle/input/datasets/shuvroahmedimaging/ws2-eca/test_set/test_set/images/before/before-video-000/frame_0034.jpg,/kaggle/input/datasets/shuvroahmedimaging/ws2-eca/test_set/test_set/masks/before/before-video-000/frame_0034.jpg
before-video-000,frame_0035.jpg,strict_qmem_v2_T2K2_qmem_code,qmem,2,margin,0.05,0.0001,0.0,0.19693160575001611,0.32906074967686344,0.20460786283571095,0.8399780038493264,14931,3637,0.04741304088383913,0.003072017105296254,0.621028482913971,0.9953771233558655,0.002373657887801528,0.458740234375,1.0007352828979492,/kaggle/input/datasets/shuvroahmedimaging/ws2-eca/test_set/test_set/images/before/before-video-000/frame_0035.jpg,/kaggle/input/datasets/shuvroahmedimaging/ws2-eca/test_set/test_set/masks/before/before-video-000/frame_0035.jpg
before-video-000,frame_0036.jpg,strict_qmem_v2_T2K2_qmem_code,qmem,2,margin,0.05,0.0001,0.0,0.22802960222016652,0.3713747645951036,0.23798358733880423,0.8450048971596474,14501,4084,0.04741304088383913,0.003160069463774562,0.6682337522506714,0.9955048561096191,0.002315279096364975,0.52783203125,1.0,/kaggle/input/datasets/shuvroahmedimaging/ws2-eca/test_set/test_set/images/before/before-video-000/frame_0036.jpg,/kaggle/input/datasets/shuvroahmedimaging/ws2-eca/test_set/test_set/masks/before/before-video-000/frame_0036.jpg
before-video-000,frame_0037.jpg,strict_qmem_v2_T2K2_qmem_code,qmem,2,margin,0.05,0.0001,0.0,0.1979964643488509,0.3305459911460895,0.20723151645979493,0.8162769511084118,12971,3293,0.04741304088383913,0.0029221903532743454,0.6592597365379333,0.995822548866272,0.0023583457805216312,0.51416015625,1.0,/kaggle/input/datasets/shuvroahmedimaging/ws2-eca/test_set/test_set/images/before/before-video-000/frame_0037.jpg,/kaggle/input/datasets/shuvroahmedimaging/ws2-eca/test_set/test_set/masks/before/before-video-000/frame_0037.jpg
before-video-000,frame_0038.jpg,strict_qmem_v2_T2K2_qmem_code,qmem,2,margin,0.05,0.0001,0.0,0.2342498126693181,0.37958249661420634,0.25033879512135027,0.7847074724850357,16234,5179,0.04741304088383913,0.0031244466081261635,0.6246886253356934,0.9955667853355408,0.002454674569889903,0.4619140625,1.0,/kaggle/input/datasets/shuvroahmedimaging/ws2-eca/test_set/test_set/images/before/before-video-000/frame_0038.jpg,/kaggle/input/datasets/shuvroahmedimaging/ws2-eca/test_set/test_set/masks/before/before-video-000/frame_0038.jpg
before-video-000,frame_0039.jpg,strict_qmem_v2_T2K2_qmem_code,qmem,2,margin,0.05,0.0001,0.0,0.30229085988895626,0.46424476927486386,0.3214267996229598,0.8354609929078014,20157,7755,0.04741304088383913,0.0034720939584076405,0.5982527136802673,0.9949180483818054,0.002521582180634141,0.422607421875,1.0,/kaggle/input/datasets/shuvroahmedimaging/ws2-eca/test_set/test_set/images/before/before-video-000/frame_0039.jpg,/kaggle/input/datasets/shuvroahmedimaging/ws2-eca/test_set/test_set/masks/before/before-video-000/frame_0039.jpg
before-video-000,frame_0040.jpg,strict_qmem_v2_T2K2_qmem_code,qmem,2,margin,0.05,0.0001,0.0,0.25299323269130664,0.4038221852928957,0.272247119078105,0.7815299793246038,24992,8706,0.04741304088383913,0.004214148968458176,0.5694072246551514,0.9938849210739136,0.0024673850275576115,0.383056640625,1.0,/kaggle/input/datasets/shuvroahmedimaging/ws2-eca/test_set/test_set/images/before/before-video-000/frame_0040.jpg,/kaggle/input/datasets/shuvroahmedimaging/ws2-eca/test_set/test_set/masks/before/before-video-000/frame_0040.jpg
before-video-000,frame_0041.jpg,strict_qmem_v2_T2K2_qmem_code,qmem,2,margin,0.05,0.0001,0.0,0.29519520665572646,0.4558312216394602,0.3345443536179231,0.7150781177775724,23121,10817,0.04741304088383913,0.0038830118719488382,0.544417679309845,0.9938489198684692,0.0025683846324682236,0.343994140625,1.0,/kaggle/input/datasets/shuvroahmedimaging/ws2-eca/test_set/test_set/images/before/before-video-000/frame_0041.jpg,/kaggle/input/datasets/shuvroahmedimaging/ws2-eca/test_set/test_set/masks/before/before-video-000/frame_0041.jpg
before-video-000,frame_0042.jpg,strict_qmem_v2_T2K2_qmem_code,qmem,2,margin,0.05,0.0001,0.0,0.30899594969089744,0.4721113915804902,0.3452149406581193,0.7465236051502145,25193,11650,0.04741304088383913,0.004551898688077927,0.5400988459587097,0.9931281208992004,0.002661188365891576,0.3359375,1.0000896453857422,/kaggle/input/datasets/shuvroahmedimaging/ws2-eca/test_set/test_set/images/before/before-video-000/frame_0042.jpg,/kaggle/input/datasets/shuvroahmedimaging/ws2-eca/test_set/test_set/masks/before/before-video-000/frame_0042.jpg
before-video-000,frame_0043.jpg,strict_qmem_v2_T2K2_qmem_code,qmem,2,margin,0.05,0.0001,0.0,0.3045172198331312,0.4668657725684661,0.35347071120781604,0.6873807350867004,23439,12053,0.04741304088383913,0.0044840616174042225,0.5286396741867065,0.9931206107139587,0.0025586686097085476,0.322265625,1.0001866817474365,/kaggle/input/datasets/shuvroahmedimaging/ws2-eca/test_set/test_set/images/before/before-video-000/frame_0043.jpg,/kaggle/input/datasets/shuvroahmedimaging/ws2-eca/test_set/test_set/masks/before/before-video-000/frame_0043.jpg
before-video-000,frame_0044.jpg,strict_qmem_v2_T2K2_qmem_code,qmem,2,margin,0.05,0.0001,0.0,0.3004538363352716,0.46207535852554665,0.3406496221257437,0.718013895949839,24876,11802,0.04741304088383913,0.005271497648209333,0.5426701307296753,0.9924429655075073,0.0026265853084623814,0.340087890625,1.0001224279403687,/kaggle/input/datasets/shuvroahmedimaging/ws2-eca/test_set/test_set/images/before/before-video-000/frame_0044.jpg,/kaggle/input/datasets/shuvroahmedimaging/ws2-eca/test_set/test_set/masks/before/before-video-000/frame_0044.jpg
before-video-000,frame_0045.jpg,strict_qmem_v2_T2K2_qmem_code,qmem,2,margin,0.05,0.0001,0.0,0.39448675388921434,0.565780568067776,0.41952789699570814,0.8685775707631673,28892,13955,0.04741304088383913,0.005282574333250523,0.5194902420043945,0.992280125617981,0.0026617865078151226,0.306640625,1.0001170635223389,/kaggle/input/datasets/shuvroahmedimaging/ws2-eca/test_set/test_set/images/before/before-video-000/frame_0045.jpg,/kaggle/input/datasets/shuvroahmedimaging/ws2-eca/test_set/test_set/masks/before/before-video-000/frame_0045.jpg
before-video-000,frame_0046.jpg,strict_qmem_v2_T2K2_qmem_code,qmem,2,margin,0.05,0.0001,0.0,0.3571451442477026,0.5263182729739294,0.3788336786332914,0.8618451553082985,29443,12942,0.04741304088383913,0.005166620947420597,0.5188876986503601,0.9921475648880005,0.0027290864381939173,0.303955078125,1.0001331567764282,/kaggle/input/datasets/shuvroahmedimaging/ws2-eca/test_set/test_set/images/before/before-video-000/frame_0046.jpg,/kaggle/input/datasets/shuvroahmedimaging/ws2-eca/test_set/test_set/masks/before/before-video-000/frame_0046.jpg
before-video-000,frame_0047.jpg,strict_qmem_v2_T2K2_qmem_code,qmem,2,margin,0.05,0.0001,0.0,0.3154694811626874,0.47963025471918574,0.33657665536970227,0.8341763005780347,27441,11072,0.04741304088383913,0.004437166731804609,0.5325182676315308,0.9930605292320251,0.00267094187438488,0.324462890625,1.0,/kaggle/input/datasets/shuvroahmedimaging/ws2-eca/test_set/test_set/images/before/before-video-000/frame_0047.jpg,/kaggle/input/datasets/shuvroahmedimaging/ws2-eca/test_set/test_set/masks/before/before-video-000/frame_0047.jpg
before-video-000,frame_0048.jpg,strict_qmem_v2_T2K2_qmem_code,qmem,2,margin,0.05,0.0001,0.0,0.23030475243304682,0.37438651192332123,0.2524234048351306,0.7243883364987153,25687,8951,0.04741304088383913,0.004063725937157869,0.5407435297966003,0.9935122728347778,0.0026195193640887737,0.338623046875,1.000058889389038,/kaggle/input/datasets/shuvroahmedimaging/ws2-eca/test_set/test_set/images/before/before-video-000/frame_0048.jpg,/kaggle/input/datasets/shuvroahmedimaging/ws2-eca/test_set/test_set/masks/before/before-video-000/frame_0048.jpg
before-video-000,frame_0049.jpg,strict_qmem_v2_T2K2_qmem_code,qmem,2,margin,0.05,0.0001,0.0,0.265066833424529,0.4190558576371725,0.29821475683756926,0.7045501766050281,22742,9626,0.04741304088383913,0.003633954795077443,0.5332148671150208,0.99410080909729,0.002452242886647582,0.330322265625,1.0,/kaggle/input/datasets/shuvroahmedimaging/ws2-eca/test_set/test_set/images/before/before-video-000/frame_0049.jpg,/kaggle/input/datasets/shuvroahmedimaging/ws2-eca/test_set/test_set/masks/before/before-video-000/frame_0049.jpg
before-video-000,frame_0050.jpg,strict_qmem_v2_T2K2_qmem_code,qmem,2,margin,0.05,0.0001,0.0,0.27133787914413354,0.4268540780469761,0.3106158484065461,0.6821137250265988,18576,8459,0.04741304088383913,0.0031103903893381357,0.5360856652259827,0.9947928190231323,0.002437176648527384,0.33447265625,1.0,/kaggle/input/datasets/shuvroahmedimaging/ws2-eca/test_set/test_set/images/before/before-video-000/frame_0050.jpg,/kaggle/input/datasets/shuvroahmedimaging/ws2-eca/test_set/test_set/masks/before/before-video-000/frame_0050.jpg
before-video-000,frame_0051.jpg,strict_qmem_v2_T2K2_qmem_code,qmem,2,margin,0.05,0.0001,0.0,0.27292183471958753,0.4288116163546045,0.299652870493992,0.7536601746138348,18725,7445,0.04741304088383913,0.002813526662066579,0.5595014691352844,0.9953830242156982,0.0023401998914778233,0.37060546875,1.0,/kaggle/input/datasets/shuvroahmedimaging/ws2-eca/test_set/test_set/images/before/before-video-000/frame_0051.jpg,/kaggle/input/datasets/shuvroahmedimaging/ws2-eca/test_set/test_set/masks/before/before-video-000/frame_0051.jpg
before-video-000,frame_0052.jpg,strict_qmem_v2_T2K2_qmem_code,qmem,2,margin,0.05,0.0001,0.0,0.3360143442622951,0.5030100847425132,0.36097963676389655,0.8293083828549753,18170,7909,0.04741304088383913,0.002874677302315831,0.5939115881919861,0.9954878687858582,0.0023504416458308697,0.420166015625,1.0,/kaggle/input/datasets/shuvroahmedimaging/ws2-eca/test_set/test_set/images/before/before-video-000/frame_0052.jpg,/kaggle/input/datasets/shuvroahmedimaging/ws2-eca/test_set/test_set/masks/before/before-video-000/frame_0052.jpg
before-video-000,frame_0053.jpg,strict_qmem_v2_T2K2_qmem_code,qmem,2,margin,0.05,0.0001,0.0,0.3567762078636821,0.5259175474862514,0.38062440015807597,0.8506182185213222,17713,7926,0.04741304088383913,0.0025973045267164707,0.6042040586471558,0.9957844614982605,0.002415096154436469,0.43359375,1.0,/kaggle/input/datasets/shuvroahmedimaging/ws2-eca/test_set/test_set/images/before/before-video-000/frame_0053.jpg,/kaggle/input/datasets/shuvroahmedimaging/ws2-eca/test_set/test_set/masks/before/before-video-000/frame_0053.jpg
before-video-000,frame_0054.jpg,strict_qmem_v2_T2K2_qmem_code,qmem,2,margin,0.05,0.0001,0.0,0.31762672811059905,0.482119436915275,0.3484140022747378,0.7823496027241771,15826,7048,0.04741304088383913,0.0023960983380675316,0.6053807139396667,0.9960558414459229,0.0024238741025328636,0.43505859375,1.0,/kaggle/input/datasets/shuvroahmedimaging/ws2-eca/test_set/test_set/images/before/before-video-000/frame_0054.jpg,/kaggle/input/datasets/shuvroahmedimaging/ws2-eca/test_set/test_set/masks/before/before-video-000/frame_0054.jpg
before-video-000,frame_0055.jpg,strict_qmem_v2_T2K2_qmem_code,qmem,2,margin,0.05,0.0001,0.0,0.3351730407116421,0.5020668190439138,0.3486188964678868,0.8968033356497568,14807,5756,0.04741304088383913,0.0021735369227826595,0.6190957427024841,0.9963498711585999,0.0024159939493983984,0.455322265625,1.000244140625,/kaggle/input/datasets/shuvroahmedimaging/ws2-eca/test_set/test_set/images/before/before-video-000/frame_0055.jpg,/kaggle/input/datasets/shuvroahmedimaging/ws2-eca/test_set/test_set/masks/before/before-video-000/frame_0055.jpg
before-video-000,frame_0056.jpg,strict_qmem_v2_T2K2_qmem_code,qmem,2,margin,0.05,0.0001,0.0,0.3518324607329843,0.5205267234701781,0.36080536912751676,0.9339819318971508,14900,5756,0.04741304088383913,0.001972808036953211,0.6329851746559143,0.9966705441474915,0.002419167896732688,0.475341796875,1.0,/kaggle/input/datasets/shuvroahmedimaging/ws2-eca/test_set/test_set/images/before/before-video-000/frame_0056.jpg,/kaggle/input/datasets/shuvroahmedimaging/ws2-eca/test_set/test_set/masks/before/before-video-000/frame_0056.jpg
before-video-000,frame_0057.jpg,strict_qmem_v2_T2K2_qmem_code,qmem,2,margin,0.05,0.0001,0.0,0.277700876672599,0.4346884028064383,0.28967271727172716,0.8704545454545455,14544,4840,0.04741304088383913,0.0018474445678293705,0.6509462594985962,0.9968127608299255,0.0024761641398072243,0.5,1.0,/kaggle/input/datasets/shuvroahmedimaging/ws2-eca/test_set/test_set/images/before/before-video-000/frame_0057.jpg,/kaggle/input/datasets/shuvroahmedimaging/ws2-eca/test_set/test_set/masks/before/before-video-000/frame_0057.jpg
before-video-000,frame_0058.jpg,strict_qmem_v2_T2K2_qmem_code,qmem,2,margin,0.05,0.0001,0.0,0.23566572821534024,0.3814392886913031,0.24170716247623072,0.9041095890410958,14199,3796,0.04741304088383913,0.0015841585118323565,0.6598742008209229,0.9971041679382324,0.002426278544589877,0.513671875,1.0,/kaggle/input/datasets/shuvroahmedimaging/ws2-eca/test_set/test_set/images/before/before-video-000/frame_0058.jpg,/kaggle/input/datasets/shuvroahmedimaging/ws2-eca/test_set/test_set/masks/before/before-video-000/frame_0058.jpg
before-video-000,frame_0059.jpg,strict_qmem_v2_T2K2_qmem_code,qmem,2,margin,0.05,0.0001,0.0,0.22904946299408196,0.3727261918915706,0.2334152334152334,0.924506045414332,13431,3391,0.04741304088383913,0.0013405473437160254,0.6581630706787109,0.9973862171173096,0.002390914363786578,0.511962890625,1.0,/kaggle/input/datasets/shuvroahmedimaging/ws2-eca/test_set/test_set/images/before/before-video-000/frame_0059.jpg,/kaggle/input/datasets/shuvroahmedimaging/ws2-eca/test_set/test_set/masks/before/before-video-000/frame_0059.jpg
before-video-000,frame_0060.jpg,strict_qmem_v2_T2K2_qmem_code,qmem,2,margin,0.05,0.0001,0.0,0.225747191408182,0.36834217200830066,0.23015415646160495,0.9218118869013272,13882,3466,0.04741304088383913,0.0011823201784864068,0.6759335398674011,0.9976633787155151,0.0024497827980667353,0.53662109375,1.0,/kaggle/input/datasets/shuvroahmedimaging/ws2-eca/test_set/test_set/images/before/before-video-000/frame_0060.jpg,/kaggle/input/datasets/shuvroahmedimaging/ws2-eca/test_set/test_set/masks/before/before-video-000/frame_0060.jpg
before-video-000,frame_0061.jpg,strict_qmem_v2_T2K2_qmem_code,qmem,2,margin,0.05,0.0001,0.0,0.22686919128866695,0.36983436033693257,0.23082351280784702,0.9297896532120523,14171,3518,0.04741304088383913,0.000913333788048476,0.6780818700790405,0.9979516267776489,0.002411582972854376,0.540771484375,1.0000401735305786,/kaggle/input/datasets/shuvroahmedimaging/ws2-eca/test_set/test_set/images/before/before-video-000/frame_0061.jpg,/kaggle/input/datasets/shuvroahmedimaging/ws2-eca/test_set/test_set/masks/before/before-video-000/frame_0061.jpg
before-video-000,frame_0062.jpg,strict_qmem_v2_T2K2_qmem_code,qmem,2,margin,0.05,0.0001,0.0,0.21952719322219186,0.3600201691971539,0.22476390346274921,0.9040517726505346,14295,3554,0.04741304088383913,0.0006734923226758838,0.6861725449562073,0.9984999299049377,0.002525381976738572,0.549072265625,1.0,/kaggle/input/datasets/shuvroahmedimaging/ws2-eca/test_set/test_set/images/before/before-video-000/frame_0062.jpg,/kaggle/input/datasets/shuvroahmedimaging/ws2-eca/test_set/test_set/masks/before/before-video-000/frame_0062.jpg
before-video-000,frame_0063.jpg,strict_qmem_v2_T2K2_qmem_code,qmem,2,margin,0.05,0.0001,0.0,0.22410277324632952,0.3661502582042312,0.2283557279401579,0.9232707924950994,14438,3571,0.04741304088383913,0.0007334575057029724,0.7123457193374634,0.9985548853874207,0.002557170344516635,0.5869140625,1.00005304813385,/kaggle/input/datasets/shuvroahmedimaging/ws2-eca/test_set/test_set/images/before/before-video-000/frame_0063.jpg,/kaggle/input/datasets/shuvroahmedimaging/ws2-eca/test_set/test_set/masks/before/before-video-000/frame_0063.jpg
before-video-000,frame_0064.jpg,strict_qmem_v2_T2K2_qmem_code,qmem,2,margin,0.05,0.0001,0.0,0.22772414751024378,0.3709695666930648,0.2323389782470063,0.9197755960729312,14113,3565,0.04741304088383913,0.00033962822635658085,0.781231164932251,0.9997602701187134,0.003606569953262806,0.666259765625,1.0,/kaggle/input/datasets/shuvroahmedimaging/ws2-eca/test_set/test_set/images/before/before-video-000/frame_0064.jpg,/kaggle/input/datasets/shuvroahmedimaging/ws2-eca/test_set/test_set/masks/before/before-video-000/frame_0064.jpg
before-video-000,frame_0065.jpg,strict_qmem_v2_T2K2_qmem_code,qmem,2,margin,0.05,0.0001,0.0,0.22786657400972898,0.3711585262323844,0.2325531914893617,0.9187447464275708,14100,3569,0.04741304088383913,0.00030397844966501,0.7793526649475098,0.9998340010643005,0.0036601806059479713,0.662353515625,1.0,/kaggle/input/datasets/shuvroahmedimaging/ws2-eca/test_set/test_set/images/before/before-video-000/frame_0065.jpg,/kaggle/input/datasets/shuvroahmedimaging/ws2-eca/test_set/test_set/masks/before/before-video-000/frame_0065.jpg
before-video-000,frame_0066.jpg,strict_qmem_v2_T2K2_qmem_code,qmem,2,margin,0.05,0.0001,0.0,0.22851983052024727,0.37202465087352293,0.2330193356470005,0.922085201793722,14119,3568,0.04741304088383913,0.00031070210388861597,0.7806057333946228,0.9998025298118591,0.0036301652435213327,0.6650390625,1.0001236200332642,/kaggle/input/datasets/shuvroahmedimaging/ws2-eca/test_set/test_set/images/before/before-video-000/frame_0066.jpg,/kaggle/input/datasets/shuvroahmedimaging/ws2-eca/test_set/test_set/masks/before/before-video-000/frame_0066.jpg
before-video-001,frame_0001.jpg,strict_qmem_v2_T2K2_qmem_code,qmem,2,margin,0.05,0.0001,0.0,0.28178706941447806,0.43967843979452653,0.3177966101694915,0.7132096789379531,23836,10621,0.04741304088383913,0.0,0.0,0.0,0.0,0.0,0.0,/kaggle/input/datasets/shuvroahmedimaging/ws2-eca/test_set/test_set/images/before/before-video-001/frame_0001.jpg,/kaggle/input/datasets/shuvroahmedimaging/ws2-eca/test_set/test_set/masks/before/before-video-001/frame_0001.jpg
before-video-001,frame_0002.jpg,strict_qmem_v2_T2K2_qmem_code,qmem,2,margin,0.05,0.0001,0.0,0.2479358828203268,0.3973535599601373,0.273430356598598,0.7267112191170514,26248,9876,0.04741304088383913,0.0047084675170481205,0.5277194976806641,0.9928345084190369,0.0026829419657588005,0.3173828125,1.0,/kaggle/input/datasets/shuvroahmedimaging/ws2-eca/test_set/test_set/images/before/before-video-001/frame_0002.jpg,/kaggle/input/datasets/shuvroahmedimaging/ws2-eca/test_set/test_set/masks/before/before-video-001/frame_0002.jpg
before-video-001,frame_0003.jpg,strict_qmem_v2_T2K2_qmem_code,qmem,2,margin,0.05,0.0001,0.0,0.18858162355040142,0.3173221254878415,0.21973224679860304,0.5708576366385828,24052,9258,0.04741304088383913,0.004932124633342028,0.512748122215271,0.9926116466522217,0.00260890182107687,0.298583984375,1.0001463890075684,/kaggle/input/datasets/shuvroahmedimaging/ws2-eca/test_set/test_set/images/before/before-video-001/frame_0003.jpg,/kaggle/input/datasets/shuvroahmedimaging/ws2-eca/test_set/test_set/masks/before/before-video-001/frame_0003.jpg
before-video-001,frame_0004.jpg,strict_qmem_v2_T2K2_qmem_code,qmem,2,margin,0.05,0.0001,0.0,0.24109959441189724,0.38852578068264343,0.2855490815282658,0.6076668244202555,22483,10565,0.04741304088383913,0.004982396494597197,0.48180729150772095,0.9925447702407837,0.0024796570651233196,0.25634765625,1.0004854202270508,/kaggle/input/datasets/shuvroahmedimaging/ws2-eca/test_set/test_set/images/before/before-video-001/frame_0004.jpg,/kaggle/input/datasets/shuvroahmedimaging/ws2-eca/test_set/test_set/masks/before/before-video-001/frame_0004.jpg
before-video-001,frame_0005.jpg,strict_qmem_v2_T2K2_qmem_code,qmem,2,margin,0.05,0.0001,0.0,0.2359153547171293,0.3817662007623888,0.2844901051036834,0.5801312994786638,21122,10358,0.04741304088383913,0.0046435571275651455,0.5029980540275574,0.9932108521461487,0.0023991172201931477,0.2880859375,1.0,/kaggle/input/datasets/shuvroahmedimaging/ws2-eca/test_set/test_set/images/before/before-video-001/frame_0005.jpg,/kaggle/input/datasets/shuvroahmedimaging/ws2-eca/test_set/test_set/masks/before/before-video-001/frame_0005.jpg
before-video-001,frame_0006.jpg,strict_qmem_v2_T2K2_qmem_code,qmem,2,margin,0.05,0.0001,0.0,0.279257943556345,0.43659364393705646,0.35540262219319835,0.5658641925937775,19907,12503,0.04741304088383913,0.004334884695708752,0.5166242122650146,0.9936134815216064,0.002445092424750328,0.306396484375,1.0001420974731445,/kaggle/input/datasets/shuvroahmedimaging/ws2-eca/test_set/test_set/images/before/before-video-001/frame_0006.jpg,/kaggle/input/datasets/shuvroahmedimaging/ws2-eca/test_set/test_set/masks/before/before-video-001/frame_0006.jpg
before-video-001,frame_0007.jpg,strict_qmem_v2_T2K2_qmem_code,qmem,2,margin,0.05,0.0001,0.0,0.26854032978636994,0.4233847730037779,0.3241017597176609,0.6103572417612849,20401,10833,0.04741304088383913,0.004158920142799616,0.5317558646202087,0.9937672019004822,0.002467047655954957,0.327880859375,1.0,/kaggle/input/datasets/shuvroahmedimaging/ws2-eca/test_set/test_set/images/before/before-video-001/frame_0007.jpg,/kaggle/input/datasets/shuvroahmedimaging/ws2-eca/test_set/test_set/masks/before/before-video-001/frame_0007.jpg
before-video-001,frame_0008.jpg,strict_qmem_v2_T2K2_qmem_code,qmem,2,margin,0.05,0.0001,0.0,0.3442675304530316,0.5122009163414221,0.41566596893246666,0.6671381840686058,18154,11311,0.04741304088383913,0.003612993750721216,0.5242066383361816,0.9943305850028992,0.0023166106548160315,0.3203125,1.0,/kaggle/input/datasets/shuvroahmedimaging/ws2-eca/test_set/test_set/images/before/before-video-001/frame_0008.jpg,/kaggle/input/datasets/shuvroahmedimaging/ws2-eca/test_set/test_set/masks/before/before-video-001/frame_0008.jpg
before-video-001,frame_0009.jpg,strict_qmem_v2_T2K2_qmem_code,qmem,2,margin,0.05,0.0001,0.0,0.3793893129770992,0.5500830105146652,0.46595830170989777,0.6712760483663494,22399,15548,0.04741304088383913,0.0038685034960508347,0.5190434455871582,0.9940639138221741,0.002412831410765648,0.310791015625,1.0,/kaggle/input/datasets/shuvroahmedimaging/ws2-eca/test_set/test_set/images/before/before-video-001/frame_0009.jpg,/kaggle/input/datasets/shuvroahmedimaging/ws2-eca/test_set/test_set/masks/before/before-video-001/frame_0009.jpg
before-video-001,frame_0010.jpg,strict_qmem_v2_T2K2_qmem_code,qmem,2,margin,0.05,0.0001,0.0,0.4689107990571988,0.6384469354547098,0.5706379024764675,0.7245447550654014,24753,19495,0.04741304088383913,0.005253016483038664,0.503849983215332,0.9922939538955688,0.002683597384020686,0.283203125,1.0,/kaggle/input/datasets/shuvroahmedimaging/ws2-eca/test_set/test_set/images/before/before-video-001/frame_0010.jpg,/kaggle/input/datasets/shuvroahmedimaging/ws2-eca/test_set/test_set/masks/before/before-video-001/frame_0010.jpg
before-video-001,frame_0011.jpg,strict_qmem_v2_T2K2_qmem_code,qmem,2,margin,0.05,0.0001,0.0,0.4615410430230217,0.6315813643773966,0.5553401978598829,0.7320877249015224,24765,18786,0.04741304088383913,0.004645148757845163,0.5208778977394104,0.9927877187728882,0.0026398624759167433,0.30908203125,1.0,/kaggle/input/datasets/shuvroahmedimaging/ws2-eca/test_set/test_set/images/before/before-video-001/frame_0011.jpg,/kaggle/input/datasets/shuvroahmedimaging/ws2-eca/test_set/test_set/masks/before/before-video-001/frame_0011.jpg
before-video-002,frame_0001.jpg,strict_qmem_v2_T2K2_qmem_code,qmem,2,margin,0.05,0.0001,0.0,0.4161931818181818,0.5877632898696088,0.491569499203087,0.7307644344681382,23842,16038,0.04741304088383913,0.0,0.0,0.0,0.0,0.0,0.0,/kaggle/input/datasets/shuvroahmedimaging/ws2-eca/test_set/test_set/images/before/before-video-002/frame_0001.jpg,/kaggle/input/datasets/shuvroahmedimaging/ws2-eca/test_set/test_set/masks/before/before-video-002/frame_0001.jpg
before-video-002,frame_0002.jpg,strict_qmem_v2_T2K2_qmem_code,qmem,2,margin,0.05,0.0001,0.0,0.38539809863339275,0.5563716292285423,0.43411695808583617,0.7744776119402985,23906,13400,0.04741304088383913,0.004258621018379927,0.5073269009590149,0.9933997392654419,0.0025230313185602427,0.291259765625,1.0,/kaggle/input/datasets/shuvroahmedimaging/ws2-eca/test_set/test_set/images/before/before-video-002/frame_0002.jpg,/kaggle/input/datasets/shuvroahmedimaging/ws2-eca/test_set/test_set/masks/before/before-video-002/frame_0002.jpg
before-video-002,frame_0003.jpg,strict_qmem_v2_T2K2_qmem_code,qmem,2,margin,0.05,0.0001,0.0,0.3773969526310334,0.5479857522701048,0.4106082249454928,0.8235072376357057,26602,13264,0.04741304088383913,0.00501596974208951,0.5138921737670898,0.992506742477417,0.0027359225787222385,0.297119140625,1.0,/kaggle/input/datasets/shuvroahmedimaging/ws2-eca/test_set/test_set/images/before/before-video-002/frame_0003.jpg,/kaggle/input/datasets/shuvroahmedimaging/ws2-eca/test_set/test_set/masks/before/before-video-002/frame_0003.jpg
before-video-002,frame_0004.jpg,strict_qmem_v2_T2K2_qmem_code,qmem,2,margin,0.05,0.0001,0.0,0.3611111111111111,0.5306122448979592,0.37612561360163843,0.9004591797027006,30761,12849,0.04741304088383913,0.0048487442545592785,0.5123434662818909,0.9924102425575256,0.002683172468096018,0.295654296875,1.0,/kaggle/input/datasets/shuvroahmedimaging/ws2-eca/test_set/test_set/images/before/before-video-002/frame_0004.jpg,/kaggle/input/datasets/shuvroahmedimaging/ws2-eca/test_set/test_set/masks/before/before-video-002/frame_0004.jpg
before-video-002,frame_0005.jpg,strict_qmem_v2_T2K2_qmem_code,qmem,2,margin,0.05,0.0001,0.0,0.36167519525989766,0.5312209497814434,0.3989127851711027,0.7948505474992601,33664,16895,0.04741304088383913,0.005018771626055241,0.49600088596343994,0.9922471046447754,0.0029070854652673006,0.2685546875,1.0002329349517822,/kaggle/input/datasets/shuvroahmedimaging/ws2-eca/test_set/test_set/images/before/before-video-002/frame_0005.jpg,/kaggle/input/datasets/shuvroahmedimaging/ws2-eca/test_set/test_set/masks/before/before-video-002/frame_0005.jpg
before-video-002,frame_0006.jpg,strict_qmem_v2_T2K2_qmem_code,qmem,2,margin,0.05,0.0001,0.0,0.4426160590955498,0.6136297406436035,0.49903510850797306,0.7965414752769522,29537,18505,0.04741304088383913,0.004132325295358896,0.505468487739563,0.9931596517562866,0.002691116649657488,0.28564453125,1.0,/kaggle/input/datasets/shuvroahmedimaging/ws2-eca/test_set/test_set/images/before/before-video-002/frame_0006.jpg,/kaggle/input/datasets/shuvroahmedimaging/ws2-eca/test_set/test_set/masks/before/before-video-002/frame_0006.jpg
before-video-002,frame_0007.jpg,strict_qmem_v2_T2K2_qmem_code,qmem,2,margin,0.05,0.0001,0.0,0.4652303549100702,0.6350269134829986,0.5226740626013039,0.808907965884386,27763,17939,0.04741304088383913,0.00412784656509757,0.5176898241043091,0.993369996547699,0.002822777023538947,0.3017578125,1.000244140625,/kaggle/input/datasets/shuvroahmedimaging/ws2-eca/test_set/test_set/images/before/before-video-002/frame_0007.jpg,/kaggle/input/datasets/shuvroahmedimaging/ws2-eca/test_set/test_set/masks/before/before-video-002/frame_0007.jpg
before-video-002,frame_0008.jpg,strict_qmem_v2_T2K2_qmem_code,qmem,2,margin,0.05,0.0001,0.0,0.3365468647585755,0.5036065305788839,0.3775544593890744,0.7560122699386503,32639,16300,0.04741304088383913,0.004343297798186541,0.5268546342849731,0.9930793642997742,0.0027788227889686823,0.314697265625,1.000138282775879,/kaggle/input/datasets/shuvroahmedimaging/ws2-eca/test_set/test_set/images/before/before-video-002/frame_0008.jpg,/kaggle/input/datasets/shuvroahmedimaging/ws2-eca/test_set/test_set/masks/before/before-video-002/frame_0008.jpg
before-video-002,frame_0009.jpg,strict_qmem_v2_T2K2_qmem_code,qmem,2,margin,0.05,0.0001,0.0,0.3768588836591493,0.5474183129902269,0.4092633823575528,0.8263787754068258,31889,15793,0.04741304088383913,0.004508203826844692,0.5128874182701111,0.9928176403045654,0.002737260889261961,0.295654296875,1.0001184940338135,/kaggle/input/datasets/shuvroahmedimaging/ws2-eca/test_set/test_set/images/before/before-video-002/frame_0009.jpg,/kaggle/input/datasets/shuvroahmedimaging/ws2-eca/test_set/test_set/masks/before/before-video-002/frame_0009.jpg
before-video-002,frame_0010.jpg,strict_qmem_v2_T2K2_qmem_code,qmem,2,margin,0.05,0.0001,0.0,0.2552721032309165,0.4067199495215059,0.2754727732469105,0.7768404137792507,28079,9957,0.04741304088383913,0.0045631215907633305,0.5254190564155579,0.9928115010261536,0.0027998252771794796,0.3125,1.0,/kaggle/input/datasets/shuvroahmedimaging/ws2-eca/test_set/test_set/images/before/before-video-002/frame_0010.jpg,/kaggle/input/datasets/shuvroahmedimaging/ws2-eca/test_set/test_set/masks/before/before-video-002/frame_0010.jpg
before-video-002,frame_0011.jpg,strict_qmem_v2_T2K2_qmem_code,qmem,2,margin,0.05,0.0001,0.0,0.13867154985849842,0.2435672514619883,0.1565848340163164,0.5479542165504538,26599,7601,0.04741304088383913,0.004543611779808998,0.5327938199043274,0.9927412271499634,0.0027763855177909136,0.323486328125,1.0001217126846313,/kaggle/input/datasets/shuvroahmedimaging/ws2-eca/test_set/test_set/images/before/before-video-002/frame_0011.jpg,/kaggle/input/datasets/shuvroahmedimaging/ws2-eca/test_set/test_set/masks/before/before-video-002/frame_0011.jpg
before-video-002,frame_0012.jpg,strict_qmem_v2_T2K2_qmem_code,qmem,2,margin,0.05,0.0001,0.0,0.22723038337513435,0.3703141422398692,0.24465704806727875,0.761344537815126,25922,8330,0.04741304088383913,0.004176334012299776,0.5119141936302185,0.9931458830833435,0.002820367692038417,0.291748046875,1.0,/kaggle/input/datasets/shuvroahmedimaging/ws2-eca/test_set/test_set/images/before/before-video-002/frame_0012.jpg,/kaggle/input/datasets/shuvroahmedimaging/ws2-eca/test_set/test_set/masks/before/before-video-002/frame_0012.jpg
before-video-002,frame_0013.jpg,strict_qmem_v2_T2K2_qmem_code,qmem,2,margin,0.05,0.0001,0.0,0.1789603718994831,0.3035901395246236,0.20853062616008183,0.5579203405290362,26399,9867,0.04741304088383913,0.00401447294279933,0.5216013789176941,0.993476390838623,0.0025854981504380703,0.310546875,1.0,/kaggle/input/datasets/shuvroahmedimaging/ws2-eca/test_set/test_set/images/before/before-video-002/frame_0013.jpg,/kaggle/input/datasets/shuvroahmedimaging/ws2-eca/test_set/test_set/masks/before/before-video-002/frame_0013.jpg
before-video-002,frame_0014.jpg,strict_qmem_v2_T2K2_qmem_code,qmem,2,margin,0.05,0.0001,0.0,0.1604449472096531,0.27652315190901705,0.1928684747299237,0.4883320581484315,26474,10456,0.04741304088383913,0.004194346722215414,0.515592098236084,0.993303656578064,0.002708692103624344,0.300537109375,1.0002491474151611,/kaggle/input/datasets/shuvroahmedimaging/ws2-eca/test_set/test_set/images/before/before-video-002/frame_0014.jpg,/kaggle/input/datasets/shuvroahmedimaging/ws2-eca/test_set/test_set/masks/before/before-video-002/frame_0014.jpg
before-video-002,frame_0015.jpg,strict_qmem_v2_T2K2_qmem_code,qmem,2,margin,0.05,0.0001,0.0,0.3246017355264862,0.4901122002493339,0.3702267523450772,0.7248210541537127,27078,13831,0.04741304088383913,0.004099777899682522,0.519572913646698,0.9934300780296326,0.002626315224915743,0.306884765625,1.0,/kaggle/input/datasets/shuvroahmedimaging/ws2-eca/test_set/test_set/images/before/before-video-002/frame_0015.jpg,/kaggle/input/datasets/shuvroahmedimaging/ws2-eca/test_set/test_set/masks/before/before-video-002/frame_0015.jpg
before-video-002,frame_0016.jpg,strict_qmem_v2_T2K2_qmem_code,qmem,2,margin,0.05,0.0001,0.0,0.2784457529706287,0.4356004192178278,0.3005061075383386,0.7913618599058022,26279,9979,0.04741304088383913,0.0038226176984608173,0.513697624206543,0.9937402009963989,0.002634870819747448,0.298583984375,1.0003294944763184,/kaggle/input/datasets/shuvroahmedimaging/ws2-eca/test_set/test_set/images/before/before-video-002/frame_0016.jpg,/kaggle/input/datasets/shuvroahmedimaging/ws2-eca/test_set/test_set/masks/before/before-video-002/frame_0016.jpg
before-video-002,frame_0017.jpg,strict_qmem_v2_T2K2_qmem_code,qmem,2,margin,0.05,0.0001,0.0,0.3657612953773831,0.5356152595850464,0.39385523956832,0.8368063335573979,28447,13389,0.04741304088383913,0.004283643793314695,0.5153459310531616,0.9933860301971436,0.00264562014490366,0.300537109375,1.0,/kaggle/input/datasets/shuvroahmedimaging/ws2-eca/test_set/test_set/images/before/before-video-002/frame_0017.jpg,/kaggle/input/datasets/shuvroahmedimaging/ws2-eca/test_set/test_set/masks/before/before-video-002/frame_0017.jpg
before-video-002,frame_0018.jpg,strict_qmem_v2_T2K2_qmem_code,qmem,2,margin,0.05,0.0001,0.0,0.3331552482715273,0.4997996275429622,0.380373161105131,0.7285409937461342,27870,14551,0.04741304088383913,0.004762126598507166,0.5142158269882202,0.9928306937217712,0.0026649688370525837,0.298583984375,1.0,/kaggle/input/datasets/shuvroahmedimaging/ws2-eca/test_set/test_set/images/before/before-video-002/frame_0018.jpg,/kaggle/input/datasets/shuvroahmedimaging/ws2-eca/test_set/test_set/masks/before/before-video-002/frame_0018.jpg
before-video-002,frame_0019.jpg,strict_qmem_v2_T2K2_qmem_code,qmem,2,margin,0.05,0.0001,0.0,0.35331933875623195,0.5221522055259331,0.41672791984216023,0.6989812471611186,25849,15411,0.04741304088383913,0.004828715696930885,0.520512580871582,0.9925274848937988,0.0026253852993249893,0.308349609375,1.000113844871521,/kaggle/input/datasets/shuvroahmedimaging/ws2-eca/test_set/test_set/images/before/before-video-002/frame_0019.jpg,/kaggle/input/datasets/shuvroahmedimaging/ws2-eca/test_set/test_set/masks/before/before-video-002/frame_0019.jpg
before-video-002,frame_0020.jpg,strict_qmem_v2_T2K2_qmem_code,qmem,2,margin,0.05,0.0001,0.0,0.4630528083597686,0.6329953446846502,0.5269509821270572,0.7924739195230999,28255,18788,0.04741304088383913,0.0055011361837387085,0.5070707201957703,0.9919620752334595,0.00270700640976429,0.286865234375,1.0001178979873657,/kaggle/input/datasets/shuvroahmedimaging/ws2-eca/test_set/test_set/images/before/before-video-002/frame_0020.jpg,/kaggle/input/datasets/shuvroahmedimaging/ws2-eca/test_set/test_set/masks/before/before-video-002/frame_0020.jpg
before-video-002,frame_0021.jpg,strict_qmem_v2_T2K2_qmem_code,qmem,2,margin,0.05,0.0001,0.0,0.514291725526735,0.6792505259815014,0.5644959092108736,0.852566018933732,30312,20070,0.04741304088383913,0.005392957478761673,0.5016392469406128,0.9917908906936646,0.002992275170981884,0.275146484375,1.0,/kaggle/input/datasets/shuvroahmedimaging/ws2-eca/test_set/test_set/images/before/before-video-002/frame_0021.jpg,/kaggle/input/datasets/shuvroahmedimaging/ws2-eca/test_set/test_set/masks/before/before-video-002/frame_0021.jpg
before-video-002,frame_0022.jpg,strict_qmem_v2_T2K2_qmem_code,qmem,2,margin,0.05,0.0001,0.0,0.34050076177882543,0.5080202436095386,0.38489033306255077,0.7469887116100145,30775,15857,0.04741304088383913,0.004289266653358936,0.5055516958236694,0.992964506149292,0.0028415441047400236,0.282470703125,1.0,/kaggle/input/datasets/shuvroahmedimaging/ws2-eca/test_set/test_set/images/before/before-video-002/frame_0022.jpg,/kaggle/input/datasets/shuvroahmedimaging/ws2-eca/test_set/test_set/masks/before/before-video-002/frame_0022.jpg
before-video-002,frame_0023.jpg,strict_qmem_v2_T2K2_qmem_code,qmem,2,margin,0.05,0.0001,0.0,0.3754457312940206,0.545925910055064,0.3958980733374767,0.879045056234044,32180,14493,0.04741304088383913,0.004346191883087158,0.5019744634628296,0.9930562376976013,0.0027493454981595278,0.279296875,1.0,/kaggle/input/datasets/shuvroahmedimaging/ws2-eca/test_set/test_set/images/before/before-video-002/frame_0023.jpg,/kaggle/input/datasets/shuvroahmedimaging/ws2-eca/test_set/test_set/masks/before/before-video-002/frame_0023.jpg
before-video-002,frame_0024.jpg,strict_qmem_v2_T2K2_qmem_code,qmem,2,margin,0.05,0.0001,0.0,0.3387313283637506,0.5060482580590105,0.35668100207512554,0.8706504184407576,33251,13622,0.04741304088383913,0.004260134883224964,0.522341251373291,0.9931045174598694,0.002766283228993416,0.308349609375,1.0,/kaggle/input/datasets/shuvroahmedimaging/ws2-eca/test_set/test_set/images/before/before-video-002/frame_0024.jpg,/kaggle/input/datasets/shuvroahmedimaging/ws2-eca/test_set/test_set/masks/before/before-video-002/frame_0024.jpg
before-video-002,frame_0025.jpg,strict_qmem_v2_T2K2_qmem_code,qmem,2,margin,0.05,0.0001,0.0,0.2697637682200043,0.42490386790318935,0.28584471411724427,0.8274419116837353,26287,9081,0.04741304088383913,0.0036068824119865894,0.5343655347824097,0.9939718842506409,0.002647824352607131,0.328125,1.0,/kaggle/input/datasets/shuvroahmedimaging/ws2-eca/test_set/test_set/images/before/before-video-002/frame_0025.jpg,/kaggle/input/datasets/shuvroahmedimaging/ws2-eca/test_set/test_set/masks/before/before-video-002/frame_0025.jpg
before-video-002,frame_0026.jpg,strict_qmem_v2_T2K2_qmem_code,qmem,2,margin,0.05,0.0001,0.0,0.27550830069016974,0.43199766013454227,0.3045486411810796,0.7428830097575697,24249,9941,0.04741304088383913,0.0034121188800781965,0.5399180054664612,0.9944208860397339,0.0026128103490918875,0.336669921875,1.0,/kaggle/input/datasets/shuvroahmedimaging/ws2-eca/test_set/test_set/images/before/before-video-002/frame_0026.jpg,/kaggle/input/datasets/shuvroahmedimaging/ws2-eca/test_set/test_set/masks/before/before-video-002/frame_0026.jpg
before-video-002,frame_0027.jpg,strict_qmem_v2_T2K2_qmem_code,qmem,2,margin,0.05,0.0001,0.0,0.2965870723670829,0.457488862395683,0.3135644245656288,0.845627464625377,23252,8622,0.04741304088383913,0.0036014136858284473,0.523439884185791,0.9943511486053467,0.0024806319270282984,0.31591796875,1.0,/kaggle/input/datasets/shuvroahmedimaging/ws2-eca/test_set/test_set/images/before/before-video-002/frame_0027.jpg,/kaggle/input/datasets/shuvroahmedimaging/ws2-eca/test_set/test_set/masks/before/before-video-002/frame_0027.jpg
before-video-002,frame_0028.jpg,strict_qmem_v2_T2K2_qmem_code,qmem,2,margin,0.05,0.0001,0.0,0.2795850823377462,0.4369933444784405,0.30179061560580317,0.7916571428571428,22953,8750,0.04741304088383913,0.003082175739109516,0.5643603205680847,0.9950200319290161,0.002606016816571355,0.37255859375,1.000244140625,/kaggle/input/datasets/shuvroahmedimaging/ws2-eca/test_set/test_set/images/before/before-video-002/frame_0028.jpg,/kaggle/input/datasets/shuvroahmedimaging/ws2-eca/test_set/test_set/masks/before/before-video-002/frame_0028.jpg
before-video-002,frame_0029.jpg,strict_qmem_v2_T2K2_qmem_code,qmem,2,margin,0.05,0.0001,0.0,0.31337506570459217,0.4772057485901401,0.32001171131605916,0.937929061784897,20493,6992,0.04741304088383913,0.0031151038128882647,0.5893462896347046,0.9951275587081909,0.0025211309548467398,0.41015625,1.0,/kaggle/input/datasets/shuvroahmedimaging/ws2-eca/test_set/test_set/images/before/before-video-002/frame_0029.jpg,/kaggle/input/datasets/shuvroahmedimaging/ws2-eca/test_set/test_set/masks/before/before-video-002/frame_0029.jpg
before-video-002,frame_0030.jpg,strict_qmem_v2_T2K2_qmem_code,qmem,2,margin,0.05,0.0001,0.0,0.3127190381193724,0.47644473651784613,0.3328168933264475,0.838150289017341,17427,6920,0.04741304088383913,0.003024597652256489,0.5848537683486938,0.9951882362365723,0.002472837455570698,0.404296875,1.0,/kaggle/input/datasets/shuvroahmedimaging/ws2-eca/test_set/test_set/images/before/before-video-002/frame_0030.jpg,/kaggle/input/datasets/shuvroahmedimaging/ws2-eca/test_set/test_set/masks/before/before-video-002/frame_0030.jpg
before-video-002,frame_0031.jpg,strict_qmem_v2_T2K2_qmem_code,qmem,2,margin,0.05,0.0001,0.0,0.19806927330940138,0.33064744705834714,0.21417331095258077,0.7248357890999467,19064,5633,0.04741304088383913,0.0029018546920269728,0.5868575572967529,0.9954320192337036,0.002515541622415185,0.40673828125,1.000244140625,/kaggle/input/datasets/shuvroahmedimaging/ws2-eca/test_set/test_set/images/before/before-video-002/frame_0031.jpg,/kaggle/input/datasets/shuvroahmedimaging/ws2-eca/test_set/test_set/masks/before/before-video-002/frame_0031.jpg
before-video-002,frame_0032.jpg,strict_qmem_v2_T2K2_qmem_code,qmem,2,margin,0.05,0.0001,0.0,0.1140913880639908,0.2048151332760103,0.12093826157595451,0.6683501683501684,19696,3564,0.04741304088383913,0.0032986020669341087,0.5835769772529602,0.9949458241462708,0.002526764292269945,0.4013671875,1.0,/kaggle/input/datasets/shuvroahmedimaging/ws2-eca/test_set/test_set/images/before/before-video-002/frame_0032.jpg,/kaggle/input/datasets/shuvroahmedimaging/ws2-eca/test_set/test_set/masks/before/before-video-002/frame_0032.jpg
before-video-002,frame_0033.jpg,strict_qmem_v2_T2K2_qmem_code,qmem,2,margin,0.05,0.0001,0.0,0.17708838974449495,0.30089225462997676,0.19860437493813718,0.620439084724799,20206,6468,0.04741304088383913,0.003703380934894085,0.5816660523414612,0.9944770336151123,0.002460659481585026,0.400146484375,1.000091791152954,/kaggle/input/datasets/shuvroahmedimaging/ws2-eca/test_set/test_set/images/before/before-video-002/frame_0033.jpg,/kaggle/input/datasets/shuvroahmedimaging/ws2-eca/test_set/test_set/masks/before/before-video-002/frame_0033.jpg
before-video-002,frame_0034.jpg,strict_qmem_v2_T2K2_qmem_code,qmem,2,margin,0.05,0.0001,0.0,0.2643132370684622,0.41811353281615565,0.3123735050597976,0.6320737155621743,21740,10744,0.04741304088383913,0.0039000888355076313,0.5605331063270569,0.99419766664505,0.002493175445124507,0.368896484375,1.0,/kaggle/input/datasets/shuvroahmedimaging/ws2-eca/test_set/test_set/images/before/before-video-002/frame_0034.jpg,/kaggle/input/datasets/shuvroahmedimaging/ws2-eca/test_set/test_set/masks/before/before-video-002/frame_0034.jpg
before-video-002,frame_0035.jpg,strict_qmem_v2_T2K2_qmem_code,qmem,2,margin,0.05,0.0001,0.0,0.2422043790912902,0.3899589844764031,0.26944324867269337,0.7055232012023295,27876,10646,0.04741304088383913,0.004404776729643345,0.5544947385787964,0.9934444427490234,0.002507112454622984,0.360107421875,1.000244140625,/kaggle/input/datasets/shuvroahmedimaging/ws2-eca/test_set/test_set/images/before/before-video-002/frame_0035.jpg,/kaggle/input/datasets/shuvroahmedimaging/ws2-eca/test_set/test_set/masks/before/before-video-002/frame_0035.jpg
before-video-002,frame_0036.jpg,strict_qmem_v2_T2K2_qmem_code,qmem,2,margin,0.05,0.0001,0.0,0.3240128529938825,0.48944064592910647,0.3665373457761001,0.7363432102232832,28611,14242,0.04741304088383913,0.0038599891122430563,0.522475004196167,0.9938111901283264,0.0025706596206873655,0.312255859375,1.0,/kaggle/input/datasets/shuvroahmedimaging/ws2-eca/test_set/test_set/images/before/before-video-002/frame_0036.jpg,/kaggle/input/datasets/shuvroahmedimaging/ws2-eca/test_set/test_set/masks/before/before-video-002/frame_0036.jpg
before-video-002,frame_0037.jpg,strict_qmem_v2_T2K2_qmem_code,qmem,2,margin,0.05,0.0001,0.0,0.3500236342764535,0.5185444541703139,0.4246334070615221,0.6657889666688074,24414,15571,0.04741304088383913,0.0037526795640587807,0.5197761654853821,0.9939048886299133,0.0024807630106806755,0.310302734375,1.0001275539398193,/kaggle/input/datasets/shuvroahmedimaging/ws2-eca/test_set/test_set/images/before/before-video-002/frame_0037.jpg,/kaggle/input/datasets/shuvroahmedimaging/ws2-eca/test_set/test_set/masks/before/before-video-002/frame_0037.jpg
before-video-002,frame_0038.jpg,strict_qmem_v2_T2K2_qmem_code,qmem,2,margin,0.05,0.0001,0.0,0.38738836854715747,0.558442577910354,0.4575508103936198,0.7164149043303122,23322,14895,0.04741304088383913,0.004764621611684561,0.5254166126251221,0.9928919672966003,0.0026405600365251303,0.3154296875,1.0001146793365479,/kaggle/input/datasets/shuvroahmedimaging/ws2-eca/test_set/test_set/images/before/before-video-002/frame_0038.jpg,/kaggle/input/datasets/shuvroahmedimaging/ws2-eca/test_set/test_set/masks/before/before-video-002/frame_0038.jpg
before-video-002,frame_0039.jpg,strict_qmem_v2_T2K2_qmem_code,qmem,2,margin,0.05,0.0001,0.0,0.3496923788185924,0.5181808600337268,0.40276071106742034,0.7263258974737775,24414,13538,0.04741304088383913,0.0038220598362386227,0.505506694316864,0.9937423467636108,0.0026186848990619183,0.287109375,1.0002565383911133,/kaggle/input/datasets/shuvroahmedimaging/ws2-eca/test_set/test_set/images/before/before-video-002/frame_0039.jpg,/kaggle/input/datasets/shuvroahmedimaging/ws2-eca/test_set/test_set/masks/before/before-video-002/frame_0039.jpg
before-video-002,frame_0040.jpg,strict_qmem_v2_T2K2_qmem_code,qmem,2,margin,0.05,0.0001,0.0,0.3203340671628752,0.4852318441668431,0.3584079446377605,0.7509625624641599,25577,12207,0.04741304088383913,0.003865454811602831,0.524447500705719,0.9937702417373657,0.0026573792565613985,0.313720703125,1.0009843111038208,/kaggle/input/datasets/shuvroahmedimaging/ws2-eca/test_set/test_set/images/before/before-video-002/frame_0040.jpg,/kaggle/input/datasets/shuvroahmedimaging/ws2-eca/test_set/test_set/masks/before/before-video-002/frame_0040.jpg
before-video-002,frame_0041.jpg,strict_qmem_v2_T2K2_qmem_code,qmem,2,margin,0.05,0.0001,0.0,0.34604651162790695,0.5141672425708362,0.3648080694872513,0.8706118355065195,21414,8973,0.04741304088383913,0.0036447804886847734,0.5443263053894043,0.9942293763160706,0.0025843423791229725,0.343505859375,1.0,/kaggle/input/datasets/shuvroahmedimaging/ws2-eca/test_set/test_set/images/before/before-video-002/frame_0041.jpg,/kaggle/input/datasets/shuvroahmedimaging/ws2-eca/test_set/test_set/masks/before/before-video-002/frame_0041.jpg
before-video-002,frame_0042.jpg,strict_qmem_v2_T2K2_qmem_code,qmem,2,margin,0.05,0.0001,0.0,0.33928010882075965,0.5066604164225165,0.35838629455650733,0.8642057569296375,18095,7504,0.04741304088383913,0.003576937597244978,0.5569422841072083,0.9943835139274597,0.0024466030299663544,0.364990234375,1.0,/kaggle/input/datasets/shuvroahmedimaging/ws2-eca/test_set/test_set/images/before/before-video-002/frame_0042.jpg,/kaggle/input/datasets/shuvroahmedimaging/ws2-eca/test_set/test_set/masks/before/before-video-002/frame_0042.jpg
before-video-002,frame_0043.jpg,strict_qmem_v2_T2K2_qmem_code,qmem,2,margin,0.05,0.0001,0.0,0.3376813223883954,0.5048755884330868,0.3724189247845229,0.7835616438356164,16127,7665,0.04741304088383913,0.0038702485617250204,0.5906632542610168,0.9942426085472107,0.002418047282844782,0.413818359375,1.0,/kaggle/input/datasets/shuvroahmedimaging/ws2-eca/test_set/test_set/images/before/before-video-002/frame_0043.jpg,/kaggle/input/datasets/shuvroahmedimaging/ws2-eca/test_set/test_set/masks/before/before-video-002/frame_0043.jpg
before-video-002,frame_0044.jpg,strict_qmem_v2_T2K2_qmem_code,qmem,2,margin,0.05,0.0001,0.0,0.30648256494266324,0.4691720703614803,0.32167419925329144,0.8664814079661242,20356,7557,0.04741304088383913,0.004461589269340038,0.5740558505058289,0.9935927391052246,0.00251269550062716,0.388427734375,1.0,/kaggle/input/datasets/shuvroahmedimaging/ws2-eca/test_set/test_set/images/before/before-video-002/frame_0044.jpg,/kaggle/input/datasets/shuvroahmedimaging/ws2-eca/test_set/test_set/masks/before/before-video-002/frame_0044.jpg
before-video-002,frame_0045.jpg,strict_qmem_v2_T2K2_qmem_code,qmem,2,margin,0.05,0.0001,0.0,0.28391374772221095,0.4422629607727183,0.32565025545750115,0.6889816975801498,17224,8141,0.04741304088383913,0.0038688047789037228,0.5580575466156006,0.9940044283866882,0.0024663186632096767,0.3662109375,1.000244140625,/kaggle/input/datasets/shuvroahmedimaging/ws2-eca/test_set/test_set/images/before/before-video-002/frame_0045.jpg,/kaggle/input/datasets/shuvroahmedimaging/ws2-eca/test_set/test_set/masks/before/before-video-002/frame_0045.jpg
before-video-002,frame_0046.jpg,strict_qmem_v2_T2K2_qmem_code,qmem,2,margin,0.05,0.0001,0.0,0.337921030285876,0.5051434615893164,0.4130698036502033,0.650037432791125,23122,14693,0.04741304088383913,0.003973822109401226,0.585907518863678,0.9941713213920593,0.002462921664118767,0.406494140625,1.0,/kaggle/input/datasets/shuvroahmedimaging/ws2-eca/test_set/test_set/images/before/before-video-002/frame_0046.jpg,/kaggle/input/datasets/shuvroahmedimaging/ws2-eca/test_set/test_set/masks/before/before-video-002/frame_0046.jpg
before-video-002,frame_0047.jpg,strict_qmem_v2_T2K2_qmem_code,qmem,2,margin,0.05,0.0001,0.0,0.47120098039215685,0.6405664306538942,0.5037997903563941,0.8792590898696547,22896,13119,0.04741304088383913,0.003919386304914951,0.5787140727043152,0.9941166043281555,0.0026836316101253033,0.39111328125,1.0,/kaggle/input/datasets/shuvroahmedimaging/ws2-eca/test_set/test_set/images/before/before-video-002/frame_0047.jpg,/kaggle/input/datasets/shuvroahmedimaging/ws2-eca/test_set/test_set/masks/before/before-video-002/frame_0047.jpg
before-video-002,frame_0048.jpg,strict_qmem_v2_T2K2_qmem_code,qmem,2,margin,0.05,0.0001,0.0,0.3376938495621901,0.5048895899053628,0.37529310614350475,0.7712014134275619,25588,12452,0.04741304088383913,0.004451564513146877,0.5706803798675537,0.9934417009353638,0.0025987292174249887,0.38134765625,1.0,/kaggle/input/datasets/shuvroahmedimaging/ws2-eca/test_set/test_set/images/before/before-video-002/frame_0048.jpg,/kaggle/input/datasets/shuvroahmedimaging/ws2-eca/test_set/test_set/masks/before/before-video-002/frame_0048.jpg
before-video-002,frame_0049.jpg,strict_qmem_v2_T2K2_qmem_code,qmem,2,margin,0.05,0.0001,0.0,0.3241644067199662,0.4896135329946538,0.3707403528558769,0.7206953253464882,24826,12771,0.04741304088383913,0.0041331034153699875,0.5406017303466797,0.9937070608139038,0.0024810549803078175,0.340576171875,1.0001096725463867,/kaggle/input/datasets/shuvroahmedimaging/ws2-eca/test_set/test_set/images/before/before-video-002/frame_0049.jpg,/kaggle/input/datasets/shuvroahmedimaging/ws2-eca/test_set/test_set/masks/before/before-video-002/frame_0049.jpg
before-video-003,frame_0001.jpg,strict_qmem_v2_T2K2_qmem_code,qmem,2,margin,0.05,0.0001,0.0,0.1850514829552447,0.312309609526447,0.20143788514780744,0.6946412072682476,22394,6494,0.04741304088383913,0.0,0.0,0.0,0.0,0.0,0.0,/kaggle/input/datasets/shuvroahmedimaging/ws2-eca/test_set/test_set/images/before/before-video-003/frame_0001.jpg,/kaggle/input/datasets/shuvroahmedimaging/ws2-eca/test_set/test_set/masks/before/before-video-003/frame_0001.jpg
before-video-003,frame_0002.jpg,strict_qmem_v2_T2K2_qmem_code,qmem,2,margin,0.05,0.0001,0.0,0.25618297220398334,0.4078752504573569,0.2710745715609078,0.823425958494548,8636,2843,0.04741304088383913,0.00214947247877717,0.5629380941390991,0.996247410774231,0.0022277608513832092,0.378173828125,1.0,/kaggle/input/datasets/shuvroahmedimaging/ws2-eca/test_set/test_set/images/before/before-video-003/frame_0002.jpg,/kaggle/input/datasets/shuvroahmedimaging/ws2-eca/test_set/test_set/masks/before/before-video-003/frame_0002.jpg
before-video-003,frame_0003.jpg,strict_qmem_v2_T2K2_qmem_code,qmem,2,margin,0.05,0.0001,0.0,0.20897173987061626,0.34570161233542207,0.22496105562173555,0.7462006079027356,10913,3290,0.04741304088383913,0.0023981397971510887,0.7258719205856323,0.996712327003479,0.0022800732403993607,0.611572265625,1.0,/kaggle/input/datasets/shuvroahmedimaging/ws2-eca/test_set/test_set/images/before/before-video-003/frame_0003.jpg,/kaggle/input/datasets/shuvroahmedimaging/ws2-eca/test_set/test_set/masks/before/before-video-003/frame_0003.jpg
before-video-003,frame_0004.jpg,strict_qmem_v2_T2K2_qmem_code,qmem,2,margin,0.05,0.0001,0.0,0.23529820658974002,0.38095774013842776,0.2991868481527311,0.5242372618863249,11314,6457,0.04741304088383913,0.002844126196578145,0.7091212868690491,0.9962506890296936,0.0023064929991960526,0.5869140625,1.0,/kaggle/input/datasets/shuvroahmedimaging/ws2-eca/test_set/test_set/images/before/before-video-003/frame_0004.jpg,/kaggle/input/datasets/shuvroahmedimaging/ws2-eca/test_set/test_set/masks/before/before-video-003/frame_0004.jpg
before-video-003,frame_0005.jpg,strict_qmem_v2_T2K2_qmem_code,qmem,2,margin,0.05,0.0001,0.0,0.3014451212229786,0.46324676516472424,0.4858050235780964,0.44269052003858633,10391,11403,0.04741304088383913,0.0029298714362084866,0.6475382447242737,0.9959083795547485,0.002252329606562853,0.499267578125,1.0,/kaggle/input/datasets/shuvroahmedimaging/ws2-eca/test_set/test_set/images/before/before-video-003/frame_0005.jpg,/kaggle/input/datasets/shuvroahmedimaging/ws2-eca/test_set/test_set/masks/before/before-video-003/frame_0005.jpg
before-video-003,frame_0006.jpg,strict_qmem_v2_T2K2_qmem_code,qmem,2,margin,0.05,0.0001,0.0,0.4435092430032015,0.6144875693078161,0.6400625978090767,0.5908778205833792,13419,14536,0.04741304088383913,0.0036532727535814047,0.628233790397644,0.9950287342071533,0.002289664000272751,0.470703125,1.0,/kaggle/input/datasets/shuvroahmedimaging/ws2-eca/test_set/test_set/images/before/before-video-003/frame_0006.jpg,/kaggle/input/datasets/shuvroahmedimaging/ws2-eca/test_set/test_set/masks/before/before-video-003/frame_0006.jpg
before-video-003,frame_0007.jpg,strict_qmem_v2_T2K2_qmem_code,qmem,2,margin,0.05,0.0001,0.0,0.5538332635106828,0.71286060932866,0.7127453094673281,0.7129759464998382,18548,18542,0.04741304088383913,0.0048103732988238335,0.6134322881698608,0.9936350584030151,0.0024363596457988024,0.446533203125,1.0,/kaggle/input/datasets/shuvroahmedimaging/ws2-eca/test_set/test_set/images/before/before-video-003/frame_0007.jpg,/kaggle/input/datasets/shuvroahmedimaging/ws2-eca/test_set/test_set/masks/before/before-video-003/frame_0007.jpg
before-video-003,frame_0008.jpg,strict_qmem_v2_T2K2_qmem_code,qmem,2,margin,0.05,0.0001,0.0,0.6667107117688513,0.8000317116355276,0.7988284342181645,0.8012386195214906,18949,18892,0.04741304088383913,0.004465620964765549,0.6127689480781555,0.993608832359314,0.002488125581294298,0.44482421875,1.0,/kaggle/input/datasets/shuvroahmedimaging/ws2-eca/test_set/test_set/images/before/before-video-003/frame_0008.jpg,/kaggle/input/datasets/shuvroahmedimaging/ws2-eca/test_set/test_set/masks/before/before-video-003/frame_0008.jpg
before-video-003,frame_0009.jpg,strict_qmem_v2_T2K2_qmem_code,qmem,2,margin,0.05,0.0001,0.0,0.6374620719549198,0.7785976638761126,0.7081377151799687,0.8646285000367457,16614,13607,0.04741304088383913,0.0040046353824436665,0.6348233222961426,0.9940807819366455,0.002468273974955082,0.4765625,1.0,/kaggle/input/datasets/shuvroahmedimaging/ws2-eca/test_set/test_set/images/before/before-video-003/frame_0009.jpg,/kaggle/input/datasets/shuvroahmedimaging/ws2-eca/test_set/test_set/masks/before/before-video-003/frame_0009.jpg
before-video-003,frame_0010.jpg,strict_qmem_v2_T2K2_qmem_code,qmem,2,margin,0.05,0.0001,0.0,0.5144084384515006,0.6793523139338671,0.559789361576238,0.8638604821037253,16901,10952,0.04741304088383913,0.0043211448937654495,0.6524970531463623,0.9940390586853027,0.0024733368773013353,0.50244140625,1.0,/kaggle/input/datasets/shuvroahmedimaging/ws2-eca/test_set/test_set/images/before/before-video-003/frame_0010.jpg,/kaggle/input/datasets/shuvroahmedimaging/ws2-eca/test_set/test_set/masks/before/before-video-003/frame_0010.jpg
before-video-003,frame_0011.jpg,strict_qmem_v2_T2K2_qmem_code,qmem,2,margin,0.05,0.0001,0.0,0.5243748421318515,0.687986743993372,0.5350239678367095,0.96343048078708,19401,10774,0.04741304088383913,0.00400421442463994,0.6207716464996338,0.9942364692687988,0.0025210578460246325,0.45556640625,1.0,/kaggle/input/datasets/shuvroahmedimaging/ws2-eca/test_set/test_set/images/before/before-video-003/frame_0011.jpg,/kaggle/input/datasets/shuvroahmedimaging/ws2-eca/test_set/test_set/masks/before/before-video-003/frame_0011.jpg
before-video-003,frame_0012.jpg,strict_qmem_v2_T2K2_qmem_code,qmem,2,margin,0.05,0.0001,0.0,0.45558363300612303,0.6259807031015258,0.4823275196789628,0.8914986686953215,19437,10516,0.04741304088383913,0.004323131404817104,0.594173014163971,0.9938540458679199,0.0024099498987197876,0.4189453125,1.0,/kaggle/input/datasets/shuvroahmedimaging/ws2-eca/test_set/test_set/images/before/before-video-003/frame_0012.jpg,/kaggle/input/datasets/shuvroahmedimaging/ws2-eca/test_set/test_set/masks/before/before-video-003/frame_0012.jpg
before-video-003,frame_0013.jpg,strict_qmem_v2_T2K2_qmem_code,qmem,2,margin,0.05,0.0001,0.0,0.39819390780842845,0.569583239613123,0.4201071242356733,0.8841779728651237,21097,10024,0.04741304088383913,0.004579639993607998,0.5907854437828064,0.99358069896698,0.002477448433637619,0.412353515625,1.0,/kaggle/input/datasets/shuvroahmedimaging/ws2-eca/test_set/test_set/images/before/before-video-003/frame_0013.jpg,/kaggle/input/datasets/shuvroahmedimaging/ws2-eca/test_set/test_set/masks/before/before-video-003/frame_0013.jpg
before-video-003,frame_0014.jpg,strict_qmem_v2_T2K2_qmem_code,qmem,2,margin,0.05,0.0001,0.0,0.40354471877881365,0.5750364963503649,0.4375694290157743,0.8384418901660281,18004,9396,0.04741304088383913,0.003979875706136227,0.5693516135215759,0.9941222071647644,0.0024554128758609295,0.38232421875,1.0,/kaggle/input/datasets/shuvroahmedimaging/ws2-eca/test_set/test_set/images/before/before-video-003/frame_0014.jpg,/kaggle/input/datasets/shuvroahmedimaging/ws2-eca/test_set/test_set/masks/before/before-video-003/frame_0014.jpg
before-video-003,frame_0015.jpg,strict_qmem_v2_T2K2_qmem_code,qmem,2,margin,0.05,0.0001,0.0,0.33354813764660396,0.500241615927322,0.38443256090314915,0.7159059474412172,13464,7230,0.04741304088383913,0.003227743785828352,0.5974777936935425,0.995160698890686,0.0023355234880000353,0.42578125,1.0,/kaggle/input/datasets/shuvroahmedimaging/ws2-eca/test_set/test_set/images/before/before-video-003/frame_0015.jpg,/kaggle/input/datasets/shuvroahmedimaging/ws2-eca/test_set/test_set/masks/before/before-video-003/frame_0015.jpg
before-video-003,frame_0016.jpg,strict_qmem_v2_T2K2_qmem_code,qmem,2,margin,0.05,0.0001,0.0,0.23418616610953974,0.37949893223605397,0.2721296780458654,0.6268066070199587,13387,5812,0.04741304088383913,0.003120063804090023,0.6457467079162598,0.9955064654350281,0.002314104698598385,0.495361328125,1.0,/kaggle/input/datasets/shuvroahmedimaging/ws2-eca/test_set/test_set/images/before/before-video-003/frame_0016.jpg,/kaggle/input/datasets/shuvroahmedimaging/ws2-eca/test_set/test_set/masks/before/before-video-003/frame_0016.jpg
before-video-003,frame_0017.jpg,strict_qmem_v2_T2K2_qmem_code,qmem,2,margin,0.05,0.0001,0.0,0.2537220457235408,0.40475007453045814,0.316644639664153,0.5607875533526091,12863,7263,0.04741304088383913,0.003081526607275009,0.6395699977874756,0.9956910610198975,0.0023007846903055906,0.487060546875,1.0,/kaggle/input/datasets/shuvroahmedimaging/ws2-eca/test_set/test_set/images/before/before-video-003/frame_0017.jpg,/kaggle/input/datasets/shuvroahmedimaging/ws2-eca/test_set/test_set/masks/before/before-video-003/frame_0017.jpg
before-video-003,frame_0018.jpg,strict_qmem_v2_T2K2_qmem_code,qmem,2,margin,0.05,0.0001,0.0,0.33943329397874855,0.5068312031732041,0.4302428406230869,0.6165919282511211,14701,10258,0.04741304088383913,0.003050636500120163,0.6342782378196716,0.9956635236740112,0.0022669697646051645,0.47998046875,1.0,/kaggle/input/datasets/shuvroahmedimaging/ws2-eca/test_set/test_set/images/before/before-video-003/frame_0018.jpg,/kaggle/input/datasets/shuvroahmedimaging/ws2-eca/test_set/test_set/masks/before/before-video-003/frame_0018.jpg
before-video-003,frame_0019.jpg,strict_qmem_v2_T2K2_qmem_code,qmem,2,margin,0.05,0.0001,0.0,0.4007029876977153,0.5721455457967378,0.4824195656232497,0.7028742406383172,16069,11029,0.04741304088383913,0.0032625594176352024,0.6456663608551025,0.9953573346138,0.002344338456168771,0.494873046875,1.0,/kaggle/input/datasets/shuvroahmedimaging/ws2-eca/test_set/test_set/images/before/before-video-003/frame_0019.jpg,/kaggle/input/datasets/shuvroahmedimaging/ws2-eca/test_set/test_set/masks/before/before-video-003/frame_0019.jpg
before-video-003,frame_0020.jpg,strict_qmem_v2_T2K2_qmem_code,qmem,2,margin,0.05,0.0001,0.0,0.4498135933467164,0.6205123133221244,0.5430780772116106,0.7237003998769609,17329,13004,0.04741304088383913,0.0036324437242001295,0.6472180485725403,0.994895875453949,0.00235817302018404,0.496826171875,1.0,/kaggle/input/datasets/shuvroahmedimaging/ws2-eca/test_set/test_set/images/before/before-video-003/frame_0020.jpg,/kaggle/input/datasets/shuvroahmedimaging/ws2-eca/test_set/test_set/masks/before/before-video-003/frame_0020.jpg
before-video-003,frame_0021.jpg,strict_qmem_v2_T2K2_qmem_code,qmem,2,margin,0.05,0.0001,0.0,0.4919273681907679,0.6594521672825385,0.5951826363155108,0.739281956864808,18890,15208,0.04741304088383913,0.0033561629243195057,0.6515554189682007,0.9950880408287048,0.00244490010663867,0.50146484375,1.0,/kaggle/input/datasets/shuvroahmedimaging/ws2-eca/test_set/test_set/images/before/before-video-003/frame_0021.jpg,/kaggle/input/datasets/shuvroahmedimaging/ws2-eca/test_set/test_set/masks/before/before-video-003/frame_0021.jpg
before-video-003,frame_0022.jpg,strict_qmem_v2_T2K2_qmem_code,qmem,2,margin,0.05,0.0001,0.0,0.4533127208480565,0.6238336929763243,0.5315413300186451,0.7549098933431408,19308,13595,0.04741304088383913,0.003609247272834182,0.6199520826339722,0.9948605895042419,0.0023090734612196684,0.458740234375,1.0,/kaggle/input/datasets/shuvroahmedimaging/ws2-eca/test_set/test_set/images/before/before-video-003/frame_0022.jpg,/kaggle/input/datasets/shuvroahmedimaging/ws2-eca/test_set/test_set/masks/before/before-video-003/frame_0022.jpg
before-video-003,frame_0023.jpg,strict_qmem_v2_T2K2_qmem_code,qmem,2,margin,0.05,0.0001,0.0,0.44826523423740755,0.6190374851792174,0.5123289049919485,0.781890791797865,19872,13021,0.04741304088383913,0.003011048771440983,0.5924775004386902,0.9954649209976196,0.002597296377643943,0.41748046875,1.0,/kaggle/input/datasets/shuvroahmedimaging/ws2-eca/test_set/test_set/images/before/before-video-003/frame_0023.jpg,/kaggle/input/datasets/shuvroahmedimaging/ws2-eca/test_set/test_set/masks/before/before-video-003/frame_0023.jpg
before-video-003,frame_0024.jpg,strict_qmem_v2_T2K2_qmem_code,qmem,2,margin,0.05,0.0001,0.0,0.4525270230791703,0.6230893000804505,0.5145202619341368,0.7897305171158048,21074,13730,0.04741304088383913,0.003676209133118391,0.6196973323822021,0.994831919670105,0.002370957750827074,0.456787109375,1.0,/kaggle/input/datasets/shuvroahmedimaging/ws2-eca/test_set/test_set/images/before/before-video-003/frame_0024.jpg,/kaggle/input/datasets/shuvroahmedimaging/ws2-eca/test_set/test_set/masks/before/before-video-003/frame_0024.jpg
before-video-003,frame_0025.jpg,strict_qmem_v2_T2K2_qmem_code,qmem,2,margin,0.05,0.0001,0.0,0.376274874212411,0.5468019234569528,0.40559953092934625,0.838823767178658,20466,9896,0.04741304088383913,0.0037476569414138794,0.6224944591522217,0.9947030544281006,0.002522234572097659,0.458740234375,1.0,/kaggle/input/datasets/shuvroahmedimaging/ws2-eca/test_set/test_set/images/before/before-video-003/frame_0025.jpg,/kaggle/input/datasets/shuvroahmedimaging/ws2-eca/test_set/test_set/masks/before/before-video-003/frame_0025.jpg
before-video-003,frame_0026.jpg,strict_qmem_v2_T2K2_qmem_code,qmem,2,margin,0.05,0.0001,0.0,0.33172949822873155,0.49819351252630323,0.35268986452301987,0.8480670451473371,17789,7398,0.04741304088383913,0.0036764417309314013,0.638180673122406,0.9947519302368164,0.002424708567559719,0.482421875,1.0,/kaggle/input/datasets/shuvroahmedimaging/ws2-eca/test_set/test_set/images/before/before-video-003/frame_0026.jpg,/kaggle/input/datasets/shuvroahmedimaging/ws2-eca/test_set/test_set/masks/before/before-video-003/frame_0026.jpg
before-video-003,frame_0027.jpg,strict_qmem_v2_T2K2_qmem_code,qmem,2,margin,0.05,0.0001,0.0,0.2971006253553155,0.4580995792426367,0.3200048986589921,0.8058596761757902,16331,6485,0.04741304088383913,0.004418439231812954,0.6229395270347595,0.9940234422683716,0.0023298554588109255,0.462158203125,1.0004533529281616,/kaggle/input/datasets/shuvroahmedimaging/ws2-eca/test_set/test_set/images/before/before-video-003/frame_0027.jpg,/kaggle/input/datasets/shuvroahmedimaging/ws2-eca/test_set/test_set/masks/before/before-video-003/frame_0027.jpg
before-video-003,frame_0028.jpg,strict_qmem_v2_T2K2_qmem_code,qmem,2,margin,0.05,0.0001,0.0,0.267193751190703,0.4217093888596557,0.28852088047726804,0.7833007539793354,19444,7162,0.04741304088383913,0.0046439156867563725,0.5745917558670044,0.993573009967804,0.002392914379015565,0.39111328125,1.0,/kaggle/input/datasets/shuvroahmedimaging/ws2-eca/test_set/test_set/images/before/before-video-003/frame_0028.jpg,/kaggle/input/datasets/shuvroahmedimaging/ws2-eca/test_set/test_set/masks/before/before-video-003/frame_0028.jpg
before-video-003,frame_0029.jpg,strict_qmem_v2_T2K2_qmem_code,qmem,2,margin,0.05,0.0001,0.0,0.2557485652659554,0.4073244793423918,0.26611093299134336,0.8678604104038687,24952,7651,0.04741304088383913,0.0055150231346488,0.5711270570755005,0.9923728108406067,0.002643982879817486,0.38134765625,1.0,/kaggle/input/datasets/shuvroahmedimaging/ws2-eca/test_set/test_set/images/before/before-video-003/frame_0029.jpg,/kaggle/input/datasets/shuvroahmedimaging/ws2-eca/test_set/test_set/masks/before/before-video-003/frame_0029.jpg
before-video-003,frame_0030.jpg,strict_qmem_v2_T2K2_qmem_code,qmem,2,margin,0.05,0.0001,0.0,0.31960221183934157,0.4843917492285204,0.3377117492526497,0.8563224991386241,22078,8707,0.04741304088383913,0.004183604381978512,0.5330199003219604,0.9932677149772644,0.0026565256994217634,0.325927734375,1.0,/kaggle/input/datasets/shuvroahmedimaging/ws2-eca/test_set/test_set/images/before/before-video-003/frame_0030.jpg,/kaggle/input/datasets/shuvroahmedimaging/ws2-eca/test_set/test_set/masks/before/before-video-003/frame_0030.jpg
before-video-003,frame_0031.jpg,strict_qmem_v2_T2K2_qmem_code,qmem,2,margin,0.05,0.0001,0.0,0.4153219028408136,0.5868939101517266,0.4439802336028751,0.8654873456519835,22260,11419,0.04741304088383913,0.004479359835386276,0.5202735066413879,0.9931868314743042,0.0026390592101961374,0.3076171875,1.0,/kaggle/input/datasets/shuvroahmedimaging/ws2-eca/test_set/test_set/images/before/before-video-003/frame_0031.jpg,/kaggle/input/datasets/shuvroahmedimaging/ws2-eca/test_set/test_set/masks/before/before-video-003/frame_0031.jpg
before-video-003,frame_0032.jpg,strict_qmem_v2_T2K2_qmem_code,qmem,2,margin,0.05,0.0001,0.0,0.45025280281380525,0.6209300915539926,0.4779260780287474,0.8860529503374286,21428,11558,0.04741304088383913,0.004775374662131071,0.5403035879135132,0.992981493473053,0.002660185331478715,0.336669921875,1.000105619430542,/kaggle/input/datasets/shuvroahmedimaging/ws2-eca/test_set/test_set/images/before/before-video-003/frame_0032.jpg,/kaggle/input/datasets/shuvroahmedimaging/ws2-eca/test_set/test_set/masks/before/before-video-003/frame_0032.jpg
before-video-003,frame_0033.jpg,strict_qmem_v2_T2K2_qmem_code,qmem,2,margin,0.05,0.0001,0.0,0.3888457221790555,0.5599552433642071,0.4093429064800509,0.8859166011014948,22006,10168,0.04741304088383913,0.004682036116719246,0.567409873008728,0.9930999875068665,0.0024929270148277283,0.379150390625,1.0,/kaggle/input/datasets/shuvroahmedimaging/ws2-eca/test_set/test_set/images/before/before-video-003/frame_0033.jpg,/kaggle/input/datasets/shuvroahmedimaging/ws2-eca/test_set/test_set/masks/before/before-video-003/frame_0033.jpg
before-video-003,frame_0034.jpg,strict_qmem_v2_T2K2_qmem_code,qmem,2,margin,0.05,0.0001,0.0,0.3597841760081864,0.5291783539714031,0.38961366040396916,0.8245389617311587,19853,9381,0.04741304088383913,0.004497956950217485,0.561368465423584,0.9934551119804382,0.0024024206213653088,0.3720703125,1.0,/kaggle/input/datasets/shuvroahmedimaging/ws2-eca/test_set/test_set/images/before/before-video-003/frame_0034.jpg,/kaggle/input/datasets/shuvroahmedimaging/ws2-eca/test_set/test_set/masks/before/before-video-003/frame_0034.jpg
before-video-003,frame_0035.jpg,strict_qmem_v2_T2K2_qmem_code,qmem,2,margin,0.05,0.0001,0.0,0.35366247176508553,0.5225268176400477,0.36618777146675574,0.9118136439267887,20951,8414,0.04741304088383913,0.004573236685246229,0.5786992311477661,0.99344801902771,0.002505530836060643,0.395263671875,1.0003479719161987,/kaggle/input/datasets/shuvroahmedimaging/ws2-eca/test_set/test_set/images/before/before-video-003/frame_0035.jpg,/kaggle/input/datasets/shuvroahmedimaging/ws2-eca/test_set/test_set/masks/before/before-video-003/frame_0035.jpg
before-video-003,frame_0036.jpg,strict_qmem_v2_T2K2_qmem_code,qmem,2,margin,0.05,0.0001,0.0,0.24164863084595842,0.3892383478590375,0.25454725677751894,0.8266537904394012,20177,6213,0.04741304088383913,0.003940542694181204,0.5680198669433594,0.9941113591194153,0.002480187453329563,0.38037109375,1.000128149986267,/kaggle/input/datasets/shuvroahmedimaging/ws2-eca/test_set/test_set/images/before/before-video-003/frame_0036.jpg,/kaggle/input/datasets/shuvroahmedimaging/ws2-eca/test_set/test_set/masks/before/before-video-003/frame_0036.jpg
before-video-003,frame_0037.jpg,strict_qmem_v2_T2K2_qmem_code,qmem,2,margin,0.05,0.0001,0.0,0.220552063405302,0.36139722346618897,0.23635653617104363,0.7673534072900159,20486,6310,0.04741304088383913,0.004620124585926533,0.6066871285438538,0.9934687614440918,0.0025405327323824167,0.434326171875,1.0002429485321045,/kaggle/input/datasets/shuvroahmedimaging/ws2-eca/test_set/test_set/images/before/before-video-003/frame_0037.jpg,/kaggle/input/datasets/shuvroahmedimaging/ws2-eca/test_set/test_set/masks/before/before-video-003/frame_0037.jpg
before-video-003,frame_0038.jpg,strict_qmem_v2_T2K2_qmem_code,qmem,2,margin,0.05,0.0001,0.0,0.25498710815578773,0.4063581314878893,0.26560806672006787,0.8644379696365588,21223,6521,0.04741304088383913,0.0045438483357429504,0.6025769114494324,0.9935340881347656,0.002620370127260685,0.4267578125,1.000108003616333,/kaggle/input/datasets/shuvroahmedimaging/ws2-eca/test_set/test_set/images/before/before-video-003/frame_0038.jpg,/kaggle/input/datasets/shuvroahmedimaging/ws2-eca/test_set/test_set/masks/before/before-video-003/frame_0038.jpg
before-video-003,frame_0039.jpg,strict_qmem_v2_T2K2_qmem_code,qmem,2,margin,0.05,0.0001,0.0,0.32156488549618323,0.4866425992779783,0.37573027694777683,0.6904605802327487,22423,12202,0.04741304088383913,0.005148867145180702,0.5762397646903992,0.9926968216896057,0.0027033365331590176,0.387451171875,1.0,/kaggle/input/datasets/shuvroahmedimaging/ws2-eca/test_set/test_set/images/before/before-video-003/frame_0039.jpg,/kaggle/input/datasets/shuvroahmedimaging/ws2-eca/test_set/test_set/masks/before/before-video-003/frame_0039.jpg
before-video-003,frame_0040.jpg,strict_qmem_v2_T2K2_qmem_code,qmem,2,margin,0.05,0.0001,0.0,0.27849948912567507,0.4356661719374358,0.3300609782467673,0.6406446738856711,23123,11913,0.04741304088383913,0.005164930131286383,0.5629163980484009,0.9925029277801514,0.0026970684994012117,0.368408203125,1.0013937950134277,/kaggle/input/datasets/shuvroahmedimaging/ws2-eca/test_set/test_set/images/before/before-video-003/frame_0040.jpg,/kaggle/input/datasets/shuvroahmedimaging/ws2-eca/test_set/test_set/masks/before/before-video-003/frame_0040.jpg
before-video-003,frame_0041.jpg,strict_qmem_v2_T2K2_qmem_code,qmem,2,margin,0.05,0.0001,0.0,0.287910447761194,0.4470969984934523,0.30498988110295977,0.8371669125943928,31624,11521,0.04741304088383913,0.00525175454095006,0.5532740950584412,0.9924185872077942,0.0028514855075627565,0.351318359375,1.0,/kaggle/input/datasets/shuvroahmedimaging/ws2-eca/test_set/test_set/images/before/before-video-003/frame_0041.jpg,/kaggle/input/datasets/shuvroahmedimaging/ws2-eca/test_set/test_set/masks/before/before-video-003/frame_0041.jpg
before-video-003,frame_0042.jpg,strict_qmem_v2_T2K2_qmem_code,qmem,2,margin,0.05,0.0001,0.0,0.3086318742329496,0.471686316541622,0.333881266991212,0.8031939163498099,31634,13150,0.04741304088383913,0.00461070379242301,0.5062226057052612,0.9927581548690796,0.0028022578917443752,0.28466796875,1.0,/kaggle/input/datasets/shuvroahmedimaging/ws2-eca/test_set/test_set/images/before/before-video-003/frame_0042.jpg,/kaggle/input/datasets/shuvroahmedimaging/ws2-eca/test_set/test_set/masks/before/before-video-003/frame_0042.jpg
before-video-003,frame_0043.jpg,strict_qmem_v2_T2K2_qmem_code,qmem,2,margin,0.05,0.0001,0.0,0.2996526884486751,0.46112733211263424,0.3399737302977233,0.716438566815316,27408,13006,0.04741304088383913,0.003988303709775209,0.5013166666030884,0.9934912919998169,0.0027525080367922783,0.27880859375,1.0,/kaggle/input/datasets/shuvroahmedimaging/ws2-eca/test_set/test_set/images/before/before-video-003/frame_0043.jpg,/kaggle/input/datasets/shuvroahmedimaging/ws2-eca/test_set/test_set/masks/before/before-video-003/frame_0043.jpg
before-video-003,frame_0044.jpg,strict_qmem_v2_T2K2_qmem_code,qmem,2,margin,0.05,0.0001,0.0,0.2681417361054931,0.4228892220343849,0.29757148628630425,0.7305488208067005,22277,9074,0.04741304088383913,0.0032181127462536097,0.5099496841430664,0.994569718837738,0.002522507682442665,0.2958984375,1.0,/kaggle/input/datasets/shuvroahmedimaging/ws2-eca/test_set/test_set/images/before/before-video-003/frame_0044.jpg,/kaggle/input/datasets/shuvroahmedimaging/ws2-eca/test_set/test_set/masks/before/before-video-003/frame_0044.jpg
before-video-003,frame_0045.jpg,strict_qmem_v2_T2K2_qmem_code,qmem,2,margin,0.05,0.0001,0.0,0.24989993328885923,0.39987190435525194,0.28195092578654224,0.6873394495412845,19929,8175,0.04741304088383913,0.0029930684249848127,0.5382933616638184,0.9951188564300537,0.002336706267669797,0.340087890625,1.0,/kaggle/input/datasets/shuvroahmedimaging/ws2-eca/test_set/test_set/images/before/before-video-003/frame_0045.jpg,/kaggle/input/datasets/shuvroahmedimaging/ws2-eca/test_set/test_set/masks/before/before-video-003/frame_0045.jpg
before-video-003,frame_0046.jpg,strict_qmem_v2_T2K2_qmem_code,qmem,2,margin,0.05,0.0001,0.0,0.20423120144623053,0.3391893536738751,0.22856517935258092,0.6573360591287938,18288,6359,0.04741304088383913,0.003357001580297947,0.5738745331764221,0.9949021339416504,0.0023522903211414814,0.390625,1.0,/kaggle/input/datasets/shuvroahmedimaging/ws2-eca/test_set/test_set/images/before/before-video-003/frame_0046.jpg,/kaggle/input/datasets/shuvroahmedimaging/ws2-eca/test_set/test_set/masks/before/before-video-003/frame_0046.jpg
before-video-004,frame_0001.jpg,strict_qmem_v2_T2K2_qmem_code,qmem,2,margin,0.05,0.0001,0.0,0.22593723673125526,0.3685951123137053,0.27641071888688484,0.5530351849465137,15524,7759,0.04741304088383913,0.0,0.0,0.0,0.0,0.0,0.0,/kaggle/input/datasets/shuvroahmedimaging/ws2-eca/test_set/test_set/images/before/before-video-004/frame_0001.jpg,/kaggle/input/datasets/shuvroahmedimaging/ws2-eca/test_set/test_set/masks/before/before-video-004/frame_0001.jpg
before-video-004,frame_0002.jpg,strict_qmem_v2_T2K2_qmem_code,qmem,2,margin,0.05,0.0001,0.0,0.23180829902391636,0.37637073756947576,0.28921851552579936,0.5387013545474092,17326,9302,0.04741304088383913,0.0032695734407752752,0.5843735337257385,0.9951475858688354,0.002291717566549778,0.40771484375,1.0,/kaggle/input/datasets/shuvroahmedimaging/ws2-eca/test_set/test_set/images/before/before-video-004/frame_0002.jpg,/kaggle/input/datasets/shuvroahmedimaging/ws2-eca/test_set/test_set/masks/before/before-video-004/frame_0002.jpg
before-video-004,frame_0003.jpg,strict_qmem_v2_T2K2_qmem_code,qmem,2,margin,0.05,0.0001,0.0,0.21384670086859348,0.3523454826965728,0.24937803577775144,0.6001425516749822,16882,7015,0.04741304088383913,0.0032765078358352184,0.6039395928382874,0.9951492547988892,0.0023498772643506527,0.4345703125,1.0,/kaggle/input/datasets/shuvroahmedimaging/ws2-eca/test_set/test_set/images/before/before-video-004/frame_0003.jpg,/kaggle/input/datasets/shuvroahmedimaging/ws2-eca/test_set/test_set/masks/before/before-video-004/frame_0003.jpg
before-video-004,frame_0004.jpg,strict_qmem_v2_T2K2_qmem_code,qmem,2,margin,0.05,0.0001,0.0,0.29801075268817206,0.4591807149070124,0.3104104832838663,0.8818008272351257,17857,6286,0.04741304088383913,0.003030037274584174,0.6278609037399292,0.9953756332397461,0.0024701280053704977,0.46630859375,1.000244140625,/kaggle/input/datasets/shuvroahmedimaging/ws2-eca/test_set/test_set/images/before/before-video-004/frame_0004.jpg,/kaggle/input/datasets/shuvroahmedimaging/ws2-eca/test_set/test_set/masks/before/before-video-004/frame_0004.jpg
before-video-004,frame_0005.jpg,strict_qmem_v2_T2K2_qmem_code,qmem,2,margin,0.05,0.0001,0.0,0.3533476452435261,0.5221831160462004,0.3694584736251403,0.8901470339699172,14256,5917,0.04741304088383913,0.002696133218705654,0.6208670735359192,0.9957093000411987,0.0024525183252990246,0.456787109375,1.000260353088379,/kaggle/input/datasets/shuvroahmedimaging/ws2-eca/test_set/test_set/images/before/before-video-004/frame_0005.jpg,/kaggle/input/datasets/shuvroahmedimaging/ws2-eca/test_set/test_set/masks/before/before-video-004/frame_0005.jpg
before-video-004,frame_0006.jpg,strict_qmem_v2_T2K2_qmem_code,qmem,2,margin,0.05,0.0001,0.0,0.19394445106687327,0.32488019169329074,0.20849618760812455,0.7353672316384181,15607,4425,0.04741304088383913,0.0031042604241520166,0.6404003500938416,0.9953926205635071,0.002393738366663456,0.485595703125,1.0,/kaggle/input/datasets/shuvroahmedimaging/ws2-eca/test_set/test_set/images/before/before-video-004/frame_0006.jpg,/kaggle/input/datasets/shuvroahmedimaging/ws2-eca/test_set/test_set/masks/before/before-video-004/frame_0006.jpg
before-video-004,frame_0007.jpg,strict_qmem_v2_T2K2_qmem_code,qmem,2,margin,0.05,0.0001,0.0,0.21660479641741795,0.35608078655494746,0.24090700570155318,0.682256867112101,15259,5388,0.04741304088383913,0.0034352208022028208,0.620469331741333,0.9950394034385681,0.0023377249017357826,0.458984375,1.000244140625,/kaggle/input/datasets/shuvroahmedimaging/ws2-eca/test_set/test_set/images/before/before-video-004/frame_0007.jpg,/kaggle/input/datasets/shuvroahmedimaging/ws2-eca/test_set/test_set/masks/before/before-video-004/frame_0007.jpg
before-video-004,frame_0008.jpg,strict_qmem_v2_T2K2_qmem_code,qmem,2,margin,0.05,0.0001,0.0,0.24625257176447535,0.39518886836209266,0.2624517072152031,0.7995864482264992,19154,6287,0.04741304088383913,0.004201369825750589,0.594856321811676,0.9940921664237976,0.0024533262476325035,0.41943359375,1.000356912612915,/kaggle/input/datasets/shuvroahmedimaging/ws2-eca/test_set/test_set/images/before/before-video-004/frame_0008.jpg,/kaggle/input/datasets/shuvroahmedimaging/ws2-eca/test_set/test_set/masks/before/before-video-004/frame_0008.jpg
before-video-004,frame_0009.jpg,strict_qmem_v2_T2K2_qmem_code,qmem,2,margin,0.05,0.0001,0.0,0.3994825473196859,0.5709003632589518,0.41016917556042315,0.9387733333333333,21457,9375,0.04741304088383913,0.004090208560228348,0.6107850074768066,0.9941520690917969,0.0024830009788274765,0.441650390625,1.0007424354553223,/kaggle/input/datasets/shuvroahmedimaging/ws2-eca/test_set/test_set/images/before/before-video-004/frame_0009.jpg,/kaggle/input/datasets/shuvroahmedimaging/ws2-eca/test_set/test_set/masks/before/before-video-004/frame_0009.jpg
before-video-004,frame_0010.jpg,strict_qmem_v2_T2K2_qmem_code,qmem,2,margin,0.05,0.0001,0.0,0.3840433443110592,0.5549585508136322,0.41642667895403757,0.831608005521049,17362,8694,0.04741304088383913,0.003545170184224844,0.6233222484588623,0.9947330951690674,0.002481024479493499,0.459716796875,1.000244140625,/kaggle/input/datasets/shuvroahmedimaging/ws2-eca/test_set/test_set/images/before/before-video-004/frame_0010.jpg,/kaggle/input/datasets/shuvroahmedimaging/ws2-eca/test_set/test_set/masks/before/before-video-004/frame_0010.jpg
before-video-005,frame_0001.jpg,strict_qmem_v2_T2K2_qmem_code,qmem,2,margin,0.05,0.0001,0.0,0.4262996060343999,0.5977700677064035,0.4535371089756696,0.8765188185320557,19564,10123,0.04741304088383913,0.0,0.0,0.0,0.0,0.0,0.0,/kaggle/input/datasets/shuvroahmedimaging/ws2-eca/test_set/test_set/images/before/before-video-005/frame_0001.jpg,/kaggle/input/datasets/shuvroahmedimaging/ws2-eca/test_set/test_set/masks/before/before-video-005/frame_0001.jpg
before-video-005,frame_0002.jpg,strict_qmem_v2_T2K2_qmem_code,qmem,2,margin,0.05,0.0001,0.0,0.22849152821187696,0.3719871451526513,0.23124306326304106,0.9505018248175182,18020,4384,0.04741304088383913,0.0036929151974618435,0.6314564943313599,0.9946087002754211,0.0024635042063891888,0.4716796875,1.0,/kaggle/input/datasets/shuvroahmedimaging/ws2-eca/test_set/test_set/images/before/before-video-005/frame_0002.jpg,/kaggle/input/datasets/shuvroahmedimaging/ws2-eca/test_set/test_set/masks/before/before-video-005/frame_0002.jpg
before-video-005,frame_0003.jpg,strict_qmem_v2_T2K2_qmem_code,qmem,2,margin,0.05,0.0001,0.0,0.12827798496418635,0.22738719832109128,0.1325706594885599,0.7984524686809138,16346,2714,0.04741304088383913,0.0034042508341372013,0.6074309945106506,0.9950065016746521,0.002294357866048813,0.44091796875,1.0,/kaggle/input/datasets/shuvroahmedimaging/ws2-eca/test_set/test_set/images/before/before-video-005/frame_0003.jpg,/kaggle/input/datasets/shuvroahmedimaging/ws2-eca/test_set/test_set/masks/before/before-video-005/frame_0003.jpg
before-video-005,frame_0004.jpg,strict_qmem_v2_T2K2_qmem_code,qmem,2,margin,0.05,0.0001,0.0,0.08410275736448715,0.15515643105446117,0.08641497257179735,0.7586402266288952,15495,1765,0.04741304088383913,0.0030984613113105297,0.6396409273147583,0.9955294132232666,0.002317782025784254,0.48681640625,1.000119924545288,/kaggle/input/datasets/shuvroahmedimaging/ws2-eca/test_set/test_set/images/before/before-video-005/frame_0004.jpg,/kaggle/input/datasets/shuvroahmedimaging/ws2-eca/test_set/test_set/masks/before/before-video-005/frame_0004.jpg
before-video-005,frame_0005.jpg,strict_qmem_v2_T2K2_qmem_code,qmem,2,margin,0.05,0.0001,0.0,0.05951856097345913,0.11235019973368841,0.06105834464043419,0.7023933402705516,11055,961,0.04741304088383913,0.0023878472857177258,0.677047610282898,0.9964585304260254,0.0024191539268940687,0.53857421875,1.0,/kaggle/input/datasets/shuvroahmedimaging/ws2-eca/test_set/test_set/images/before/before-video-005/frame_0005.jpg,/kaggle/input/datasets/shuvroahmedimaging/ws2-eca/test_set/test_set/masks/before/before-video-005/frame_0005.jpg
before-video-005,frame_0006.jpg,strict_qmem_v2_T2K2_qmem_code,qmem,2,margin,0.05,0.0001,0.0,0.11949103528050896,0.21347385823517256,0.12501512767759893,0.7300353356890459,8263,1415,0.04741304088383913,0.0019445697544142604,0.7133204936981201,0.9970577955245972,0.0024057200644165277,0.591552734375,1.0000550746917725,/kaggle/input/datasets/shuvroahmedimaging/ws2-eca/test_set/test_set/images/before/before-video-005/frame_0006.jpg,/kaggle/input/datasets/shuvroahmedimaging/ws2-eca/test_set/test_set/masks/before/before-video-005/frame_0006.jpg
before-video-005,frame_0007.jpg,strict_qmem_v2_T2K2_qmem_code,qmem,2,margin,0.05,0.0001,0.0,0.04048378968587267,0.0778172424927349,0.041717154232300505,0.5779376498800959,5777,417,0.04741304088383913,0.0017834109021350741,0.7211742997169495,0.9975503087043762,0.00231036264449358,0.6044921875,1.0,/kaggle/input/datasets/shuvroahmedimaging/ws2-eca/test_set/test_set/images/before/before-video-005/frame_0007.jpg,/kaggle/input/datasets/shuvroahmedimaging/ws2-eca/test_set/test_set/masks/before/before-video-005/frame_0007.jpg
before-video-005,frame_0008.jpg,strict_qmem_v2_T2K2_qmem_code,qmem,2,margin,0.05,0.0001,0.0,0.05058035293007455,0.09629030809305668,0.05151864667435602,0.7352537722908093,10404,729,0.04741304088383913,0.0022897568996995687,0.7354795932769775,0.9970691204071045,0.002266007475554943,0.6259765625,1.0,/kaggle/input/datasets/shuvroahmedimaging/ws2-eca/test_set/test_set/images/before/before-video-005/frame_0008.jpg,/kaggle/input/datasets/shuvroahmedimaging/ws2-eca/test_set/test_set/masks/before/before-video-005/frame_0008.jpg
before-video-005,frame_0009.jpg,strict_qmem_v2_T2K2_qmem_code,qmem,2,margin,0.05,0.0001,0.0,0.08171351674641149,0.151081622779736,0.08389622351857538,0.758501040943789,13028,1441,0.04741304088383913,0.0026595687959343195,0.6903560161590576,0.9964423179626465,0.0022637867368757725,0.56103515625,1.0,/kaggle/input/datasets/shuvroahmedimaging/ws2-eca/test_set/test_set/images/before/before-video-005/frame_0009.jpg,/kaggle/input/datasets/shuvroahmedimaging/ws2-eca/test_set/test_set/masks/before/before-video-005/frame_0009.jpg
before-video-005,frame_0010.jpg,strict_qmem_v2_T2K2_qmem_code,qmem,2,margin,0.05,0.0001,0.0,0.15874439461883408,0.2739938080495356,0.16222408920797374,0.8809622563251763,13093,2411,0.04741304088383913,0.0024488652125000954,0.638332724571228,0.9963573813438416,0.0022172993049025536,0.48681640625,1.0,/kaggle/input/datasets/shuvroahmedimaging/ws2-eca/test_set/test_set/images/before/before-video-005/frame_0010.jpg,/kaggle/input/datasets/shuvroahmedimaging/ws2-eca/test_set/test_set/masks/before/before-video-005/frame_0010.jpg
before-video-005,frame_0011.jpg,strict_qmem_v2_T2K2_qmem_code,qmem,2,margin,0.05,0.0001,0.0,0.15621318178667962,0.27021518911466763,0.15821985118629792,0.9249076733688962,14246,2437,0.04741304088383913,0.002599890809506178,0.6540827751159668,0.9962456226348877,0.002266331808641553,0.5087890625,1.0,/kaggle/input/datasets/shuvroahmedimaging/ws2-eca/test_set/test_set/images/before/before-video-005/frame_0011.jpg,/kaggle/input/datasets/shuvroahmedimaging/ws2-eca/test_set/test_set/masks/before/before-video-005/frame_0011.jpg
before-video-005,frame_0012.jpg,strict_qmem_v2_T2K2_qmem_code,qmem,2,margin,0.05,0.0001,0.0,0.16920755915515326,0.2894397283531409,0.17546315356113626,0.825968992248062,12145,2580,0.04741304088383913,0.002380679128691554,0.6664339303970337,0.996477484703064,0.0023277802392840385,0.525634765625,1.0,/kaggle/input/datasets/shuvroahmedimaging/ws2-eca/test_set/test_set/images/before/before-video-005/frame_0012.jpg,/kaggle/input/datasets/shuvroahmedimaging/ws2-eca/test_set/test_set/masks/before/before-video-005/frame_0012.jpg
before-video-005,frame_0013.jpg,strict_qmem_v2_T2K2_qmem_code,qmem,2,margin,0.05,0.0001,0.0,0.33714285714285713,0.5042735042735043,0.34337555631633004,0.9489120151371807,11684,4228,0.04741304088383913,0.0023624226450920105,0.6921250224113464,0.996619701385498,0.0023454749025404453,0.56201171875,1.0,/kaggle/input/datasets/shuvroahmedimaging/ws2-eca/test_set/test_set/images/before/before-video-005/frame_0013.jpg,/kaggle/input/datasets/shuvroahmedimaging/ws2-eca/test_set/test_set/masks/before/before-video-005/frame_0013.jpg
before-video-005,frame_0014.jpg,strict_qmem_v2_T2K2_qmem_code,qmem,2,margin,0.05,0.0001,0.0,0.3697857142857143,0.5399176096365438,0.3836235642830678,0.9111228440689898,13495,5682,0.04741304088383913,0.00244619557633996,0.6950699090957642,0.996555745601654,0.0023395647294819355,0.566162109375,1.0,/kaggle/input/datasets/shuvroahmedimaging/ws2-eca/test_set/test_set/images/before/before-video-005/frame_0014.jpg,/kaggle/input/datasets/shuvroahmedimaging/ws2-eca/test_set/test_set/masks/before/before-video-005/frame_0014.jpg
before-video-005,frame_0015.jpg,strict_qmem_v2_T2K2_qmem_code,qmem,2,margin,0.05,0.0001,0.0,0.3868456375838926,0.5578784359272164,0.41405666341014885,0.8547870447265393,17401,8429,0.04741304088383913,0.0030757177155464888,0.650720477104187,0.995661199092865,0.002361155580729246,0.501953125,1.0,/kaggle/input/datasets/shuvroahmedimaging/ws2-eca/test_set/test_set/images/before/before-video-005/frame_0015.jpg,/kaggle/input/datasets/shuvroahmedimaging/ws2-eca/test_set/test_set/masks/before/before-video-005/frame_0015.jpg
before-video-005,frame_0016.jpg,strict_qmem_v2_T2K2_qmem_code,qmem,2,margin,0.05,0.0001,0.0,0.42422457793482526,0.5957270847691247,0.45277879629144624,0.8705811259945614,19091,9929,0.04741304088383913,0.0038950436282902956,0.6185473799705505,0.994524359703064,0.0024735373444855213,0.45263671875,1.0,/kaggle/input/datasets/shuvroahmedimaging/ws2-eca/test_set/test_set/images/before/before-video-005/frame_0016.jpg,/kaggle/input/datasets/shuvroahmedimaging/ws2-eca/test_set/test_set/masks/before/before-video-005/frame_0016.jpg
before-video-005,frame_0017.jpg,strict_qmem_v2_T2K2_qmem_code,qmem,2,margin,0.05,0.0001,0.0,0.3804689013757024,0.5512169104230413,0.39824767776741166,0.8949863263445761,24653,10970,0.04741304088383913,0.004968287423253059,0.597456693649292,0.9930936098098755,0.0025143844541162252,0.42138671875,1.000136375427246,/kaggle/input/datasets/shuvroahmedimaging/ws2-eca/test_set/test_set/images/before/before-video-005/frame_0017.jpg,/kaggle/input/datasets/shuvroahmedimaging/ws2-eca/test_set/test_set/masks/before/before-video-005/frame_0017.jpg
before-video-005,frame_0018.jpg,strict_qmem_v2_T2K2_qmem_code,qmem,2,margin,0.05,0.0001,0.0,0.3617035260096612,0.5312515082774265,0.3749105895977383,0.9112509313684908,29359,12079,0.04741304088383913,0.005185375921428204,0.5646711587905884,0.9925409555435181,0.0025444007478654385,0.37353515625,1.0,/kaggle/input/datasets/shuvroahmedimaging/ws2-eca/test_set/test_set/images/before/before-video-005/frame_0018.jpg,/kaggle/input/datasets/shuvroahmedimaging/ws2-eca/test_set/test_set/masks/before/before-video-005/frame_0018.jpg
before-video-005,frame_0019.jpg,strict_qmem_v2_T2K2_qmem_code,qmem,2,margin,0.05,0.0001,0.0,0.38248757520272036,0.5533323873042902,0.39239232523815915,0.9380914194065758,29812,12470,0.04741304088383913,0.004925779066979885,0.5607056617736816,0.9926508665084839,0.0025627845898270607,0.36865234375,1.0002243518829346,/kaggle/input/datasets/shuvroahmedimaging/ws2-eca/test_set/test_set/images/before/before-video-005/frame_0019.jpg,/kaggle/input/datasets/shuvroahmedimaging/ws2-eca/test_set/test_set/masks/before/before-video-005/frame_0019.jpg
before-video-005,frame_0020.jpg,strict_qmem_v2_T2K2_qmem_code,qmem,2,margin,0.05,0.0001,0.0,0.45886430092776437,0.6290705730970999,0.46299264223792524,0.9809384164222874,27454,12958,0.04741304088383913,0.004182761535048485,0.550968587398529,0.9934571385383606,0.0026069818995893,0.352783203125,1.0001392364501953,/kaggle/input/datasets/shuvroahmedimaging/ws2-eca/test_set/test_set/images/before/before-video-005/frame_0020.jpg,/kaggle/input/datasets/shuvroahmedimaging/ws2-eca/test_set/test_set/masks/before/before-video-005/frame_0020.jpg
before-video-005,frame_0021.jpg,strict_qmem_v2_T2K2_qmem_code,qmem,2,margin,0.05,0.0001,0.0,0.46935792587436925,0.6388612571645114,0.49464534585197684,0.9017785504145494,27266,14956,0.04741304088383913,0.004133572801947594,0.5675302743911743,0.9936469793319702,0.002613050164654851,0.376953125,1.0,/kaggle/input/datasets/shuvroahmedimaging/ws2-eca/test_set/test_set/images/before/before-video-005/frame_0021.jpg,/kaggle/input/datasets/shuvroahmedimaging/ws2-eca/test_set/test_set/masks/before/before-video-005/frame_0021.jpg
before-video-005,frame_0022.jpg,strict_qmem_v2_T2K2_qmem_code,qmem,2,margin,0.05,0.0001,0.0,0.4338477873421562,0.6051518036602137,0.4965496289223558,0.7745582560422449,23041,14771,0.04741304088383913,0.003880396019667387,0.566474199295044,0.9938536882400513,0.0026181323919445276,0.375244140625,1.0,/kaggle/input/datasets/shuvroahmedimaging/ws2-eca/test_set/test_set/images/before/before-video-005/frame_0022.jpg,/kaggle/input/datasets/shuvroahmedimaging/ws2-eca/test_set/test_set/masks/before/before-video-005/frame_0022.jpg
before-video-005,frame_0023.jpg,strict_qmem_v2_T2K2_qmem_code,qmem,2,margin,0.05,0.0001,0.0,0.40241474263927135,0.5738883518608023,0.4882047592126227,0.6960504140104052,19457,13647,0.04741304088383913,0.0037386890035122633,0.5577880144119263,0.9942898750305176,0.0024342425167560577,0.366943359375,1.0,/kaggle/input/datasets/shuvroahmedimaging/ws2-eca/test_set/test_set/images/before/before-video-005/frame_0023.jpg,/kaggle/input/datasets/shuvroahmedimaging/ws2-eca/test_set/test_set/masks/before/before-video-005/frame_0023.jpg
before-video-005,frame_0024.jpg,strict_qmem_v2_T2K2_qmem_code,qmem,2,margin,0.05,0.0001,0.0,0.4446231531700019,0.6155559007819378,0.5563772525157968,0.6888219273338355,21365,17257,0.04741304088383913,0.004551135469228029,0.5594072341918945,0.9935781955718994,0.002500524977222085,0.36767578125,1.0001235008239746,/kaggle/input/datasets/shuvroahmedimaging/ws2-eca/test_set/test_set/images/before/before-video-005/frame_0024.jpg,/kaggle/input/datasets/shuvroahmedimaging/ws2-eca/test_set/test_set/masks/before/before-video-005/frame_0024.jpg
before-video-005,frame_0025.jpg,strict_qmem_v2_T2K2_qmem_code,qmem,2,margin,0.05,0.0001,0.0,0.47898403386553784,0.6477203578914156,0.5387470475762006,0.811956153237654,26673,17698,0.04741304088383913,0.004608234390616417,0.531782865524292,0.9931842088699341,0.002539148088544607,0.32666015625,1.0,/kaggle/input/datasets/shuvroahmedimaging/ws2-eca/test_set/test_set/images/before/before-video-005/frame_0025.jpg,/kaggle/input/datasets/shuvroahmedimaging/ws2-eca/test_set/test_set/masks/before/before-video-005/frame_0025.jpg
before-video-005,frame_0026.jpg,strict_qmem_v2_T2K2_qmem_code,qmem,2,margin,0.05,0.0001,0.0,0.5244702624608717,0.6880688661177911,0.5526482714874722,0.911397039594121,31530,19119,0.04741304088383913,0.004890556912869215,0.5339893102645874,0.9926211833953857,0.0027326177805662155,0.32666015625,1.0,/kaggle/input/datasets/shuvroahmedimaging/ws2-eca/test_set/test_set/images/before/before-video-005/frame_0026.jpg,/kaggle/input/datasets/shuvroahmedimaging/ws2-eca/test_set/test_set/masks/before/before-video-005/frame_0026.jpg
before-video-005,frame_0027.jpg,strict_qmem_v2_T2K2_qmem_code,qmem,2,margin,0.05,0.0001,0.0,0.5196224106284416,0.6838835844932705,0.5231432594156987,0.9872135503155098,34092,18066,0.04741304088383913,0.005428047850728035,0.5385786890983582,0.9918253421783447,0.0028719152323901653,0.330322265625,1.000244140625,/kaggle/input/datasets/shuvroahmedimaging/ws2-eca/test_set/test_set/images/before/before-video-005/frame_0027.jpg,/kaggle/input/datasets/shuvroahmedimaging/ws2-eca/test_set/test_set/masks/before/before-video-005/frame_0027.jpg
before-video-005,frame_0028.jpg,strict_qmem_v2_T2K2_qmem_code,qmem,2,margin,0.05,0.0001,0.0,0.454463480613165,0.624922504649721,0.46898263027295284,0.9362229102167182,29016,14535,0.04741304088383913,0.00464498670771718,0.5422722101211548,0.9926057457923889,0.0027719635982066393,0.33740234375,1.0001246929168701,/kaggle/input/datasets/shuvroahmedimaging/ws2-eca/test_set/test_set/images/before/before-video-005/frame_0028.jpg,/kaggle/input/datasets/shuvroahmedimaging/ws2-eca/test_set/test_set/masks/before/before-video-005/frame_0028.jpg
before-video-005,frame_0029.jpg,strict_qmem_v2_T2K2_qmem_code,qmem,2,margin,0.05,0.0001,0.0,0.3283751641875821,0.4944012400117587,0.3431390733390214,0.8841521697572166,26957,10462,0.04741304088383913,0.0039427634328603745,0.5431497097015381,0.9936097264289856,0.0026625189930200577,0.340087890625,1.0,/kaggle/input/datasets/shuvroahmedimaging/ws2-eca/test_set/test_set/images/before/before-video-005/frame_0029.jpg,/kaggle/input/datasets/shuvroahmedimaging/ws2-eca/test_set/test_set/masks/before/before-video-005/frame_0029.jpg
before-video-005,frame_0030.jpg,strict_qmem_v2_T2K2_qmem_code,qmem,2,margin,0.05,0.0001,0.0,0.30533896978237046,0.46783092645012714,0.33449967411066517,0.777901874750698,29151,12535,0.04741304088383913,0.004034264478832483,0.5569242238998413,0.9935764074325562,0.002704076236113906,0.35986328125,1.0002226829528809,/kaggle/input/datasets/shuvroahmedimaging/ws2-eca/test_set/test_set/images/before/before-video-005/frame_0030.jpg,/kaggle/input/datasets/shuvroahmedimaging/ws2-eca/test_set/test_set/masks/before/before-video-005/frame_0030.jpg
before-video-005,frame_0031.jpg,strict_qmem_v2_T2K2_qmem_code,qmem,2,margin,0.05,0.0001,0.0,0.3043956908075804,0.46672293224017364,0.33781307269395233,0.7547280171573406,22918,10258,0.04741304088383913,0.0035894117318093777,0.5528362989425659,0.994067907333374,0.002582480199635029,0.35595703125,1.0,/kaggle/input/datasets/shuvroahmedimaging/ws2-eca/test_set/test_set/images/before/before-video-005/frame_0031.jpg,/kaggle/input/datasets/shuvroahmedimaging/ws2-eca/test_set/test_set/masks/before/before-video-005/frame_0031.jpg
before-video-005,frame_0032.jpg,strict_qmem_v2_T2K2_qmem_code,qmem,2,margin,0.05,0.0001,0.0,0.38013367991088004,0.5508650146635456,0.4216401004983731,0.7943047796399751,24279,12888,0.04741304088383913,0.004141806624829769,0.5521582365036011,0.9936276078224182,0.002566335257142782,0.355224609375,1.000244140625,/kaggle/input/datasets/shuvroahmedimaging/ws2-eca/test_set/test_set/images/before/before-video-005/frame_0032.jpg,/kaggle/input/datasets/shuvroahmedimaging/ws2-eca/test_set/test_set/masks/before/before-video-005/frame_0032.jpg
before-video-005,frame_0033.jpg,strict_qmem_v2_T2K2_qmem_code,qmem,2,margin,0.05,0.0001,0.0,0.4580194601381042,0.6282761961143103,0.5190751445086705,0.7956652126499455,22490,14672,0.04741304088383913,0.003976952750235796,0.5542653203010559,0.9939272403717041,0.00260646129027009,0.357421875,1.0,/kaggle/input/datasets/shuvroahmedimaging/ws2-eca/test_set/test_set/images/before/before-video-005/frame_0033.jpg,/kaggle/input/datasets/shuvroahmedimaging/ws2-eca/test_set/test_set/masks/before/before-video-005/frame_0033.jpg
before-video-005,frame_0034.jpg,strict_qmem_v2_T2K2_qmem_code,qmem,2,margin,0.05,0.0001,0.0,0.46727306478559494,0.6369272032590269,0.5063973605858212,0.8581168609804323,24854,14667,0.04741304088383913,0.004107133951038122,0.556999683380127,0.9938338994979858,0.002476754365488887,0.36474609375,1.000244140625,/kaggle/input/datasets/shuvroahmedimaging/ws2-eca/test_set/test_set/images/before/before-video-005/frame_0034.jpg,/kaggle/input/datasets/shuvroahmedimaging/ws2-eca/test_set/test_set/masks/before/before-video-005/frame_0034.jpg
before-video-005,frame_0035.jpg,strict_qmem_v2_T2K2_qmem_code,qmem,2,margin,0.05,0.0001,0.0,0.42590597830268523,0.5973829758532309,0.4519144419952649,0.8809580647728177,24498,12567,0.04741304088383913,0.004913691431283951,0.5743939876556396,0.9930631518363953,0.002581955399364233,0.38720703125,1.000244140625,/kaggle/input/datasets/shuvroahmedimaging/ws2-eca/test_set/test_set/images/before/before-video-005/frame_0035.jpg,/kaggle/input/datasets/shuvroahmedimaging/ws2-eca/test_set/test_set/masks/before/before-video-005/frame_0035.jpg
before-video-005,frame_0036.jpg,strict_qmem_v2_T2K2_qmem_code,qmem,2,margin,0.05,0.0001,0.0,0.302678794959526,0.4647021140294683,0.3391621469983168,0.7377949552481693,21388,9832,0.04741304088383913,0.004184112884104252,0.5639792680740356,0.9936683177947998,0.002544537652283907,0.37255859375,1.000244140625,/kaggle/input/datasets/shuvroahmedimaging/ws2-eca/test_set/test_set/images/before/before-video-005/frame_0036.jpg,/kaggle/input/datasets/shuvroahmedimaging/ws2-eca/test_set/test_set/masks/before/before-video-005/frame_0036.jpg
before-video-005,frame_0037.jpg,strict_qmem_v2_T2K2_qmem_code,qmem,2,margin,0.05,0.0001,0.0,0.2987254282635354,0.4600286123032904,0.3284576098059244,0.7674463007159904,24475,10475,0.04741304088383913,0.0044082049280405045,0.55740886926651,0.9934934377670288,0.0025503032375127077,0.36328125,1.000133752822876,/kaggle/input/datasets/shuvroahmedimaging/ws2-eca/test_set/test_set/images/before/before-video-005/frame_0037.jpg,/kaggle/input/datasets/shuvroahmedimaging/ws2-eca/test_set/test_set/masks/before/before-video-005/frame_0037.jpg
before-video-005,frame_0038.jpg,strict_qmem_v2_T2K2_qmem_code,qmem,2,margin,0.05,0.0001,0.0,0.3282876064333018,0.4943019943019943,0.35507466080497235,0.8131400798472488,26386,11522,0.04741304088383913,0.004445487167686224,0.5611914992332458,0.9933789372444153,0.0025801474694162607,0.368408203125,1.0,/kaggle/input/datasets/shuvroahmedimaging/ws2-eca/test_set/test_set/images/before/before-video-005/frame_0038.jpg,/kaggle/input/datasets/shuvroahmedimaging/ws2-eca/test_set/test_set/masks/before/before-video-005/frame_0038.jpg
before-video-005,frame_0039.jpg,strict_qmem_v2_T2K2_qmem_code,qmem,2,margin,0.05,0.0001,0.0,0.4225384091425112,0.5940625665035114,0.4617293139808957,0.832724289656201,24183,13409,0.04741304088383913,0.0035708758514374495,0.5641213655471802,0.9941662549972534,0.0027045754250139,0.369873046875,1.0,/kaggle/input/datasets/shuvroahmedimaging/ws2-eca/test_set/test_set/images/before/before-video-005/frame_0039.jpg,/kaggle/input/datasets/shuvroahmedimaging/ws2-eca/test_set/test_set/masks/before/before-video-005/frame_0039.jpg
before-video-005,frame_0040.jpg,strict_qmem_v2_T2K2_qmem_code,qmem,2,margin,0.05,0.0001,0.0,0.544495769120713,0.705079003784771,0.6254402028454712,0.8079582676210117,21297,16486,0.04741304088383913,0.0034760376438498497,0.5957695245742798,0.9945113658905029,0.0025618227664381266,0.41796875,1.0003896951675415,/kaggle/input/datasets/shuvroahmedimaging/ws2-eca/test_set/test_set/images/before/before-video-005/frame_0040.jpg,/kaggle/input/datasets/shuvroahmedimaging/ws2-eca/test_set/test_set/masks/before/before-video-005/frame_0040.jpg
before-video-005,frame_0041.jpg,strict_qmem_v2_T2K2_qmem_code,qmem,2,margin,0.05,0.0001,0.0,0.5479799164750598,0.7079935736154476,0.6103909680117081,0.8427509561954247,19132,13857,0.04741304088383913,0.003352099098265171,0.6095340251922607,0.9948332905769348,0.0025506308302283287,0.438720703125,1.0000923871994019,/kaggle/input/datasets/shuvroahmedimaging/ws2-eca/test_set/test_set/images/before/before-video-005/frame_0041.jpg,/kaggle/input/datasets/shuvroahmedimaging/ws2-eca/test_set/test_set/masks/before/before-video-005/frame_0041.jpg
before-video-005,frame_0042.jpg,strict_qmem_v2_T2K2_qmem_code,qmem,2,margin,0.05,0.0001,0.0,0.5297598999182024,0.6926052904727455,0.6034199276553766,0.8127260648113973,18246,13547,0.04741304088383913,0.003654249245300889,0.6164356470108032,0.9945836067199707,0.0025633962359279394,0.447998046875,1.0,/kaggle/input/datasets/shuvroahmedimaging/ws2-eca/test_set/test_set/images/before/before-video-005/frame_0042.jpg,/kaggle/input/datasets/shuvroahmedimaging/ws2-eca/test_set/test_set/masks/before/before-video-005/frame_0042.jpg
before-video-005,frame_0043.jpg,strict_qmem_v2_T2K2_qmem_code,qmem,2,margin,0.05,0.0001,0.0,0.5078660934784597,0.6736222741196809,0.560094820194684,0.8448721850273889,19827,13144,0.04741304088383913,0.0036738812923431396,0.5947028398513794,0.9944455027580261,0.0025998386554419994,0.416015625,1.0,/kaggle/input/datasets/shuvroahmedimaging/ws2-eca/test_set/test_set/images/before/before-video-005/frame_0043.jpg,/kaggle/input/datasets/shuvroahmedimaging/ws2-eca/test_set/test_set/masks/before/before-video-005/frame_0043.jpg
before-video-005,frame_0044.jpg,strict_qmem_v2_T2K2_qmem_code,qmem,2,margin,0.05,0.0001,0.0,0.4036442949970464,0.5751375849789576,0.461214953271028,0.7638005159071367,19260,11630,0.04741304088383913,0.004077723249793053,0.6060506701469421,0.9940150380134583,0.0024983291514217854,0.43408203125,1.0,/kaggle/input/datasets/shuvroahmedimaging/ws2-eca/test_set/test_set/images/before/before-video-005/frame_0044.jpg,/kaggle/input/datasets/shuvroahmedimaging/ws2-eca/test_set/test_set/masks/before/before-video-005/frame_0044.jpg
before-video-005,frame_0045.jpg,strict_qmem_v2_T2K2_qmem_code,qmem,2,margin,0.05,0.0001,0.0,0.3349546044098573,0.5018217148409035,0.36147770445910815,0.8203062960862166,20004,8815,0.04741304088383913,0.004265667404979467,0.5887994170188904,0.993728756904602,0.0025346572510898113,0.408935546875,1.0,/kaggle/input/datasets/shuvroahmedimaging/ws2-eca/test_set/test_set/images/before/before-video-005/frame_0045.jpg,/kaggle/input/datasets/shuvroahmedimaging/ws2-eca/test_set/test_set/masks/before/before-video-005/frame_0045.jpg
before-video-005,frame_0046.jpg,strict_qmem_v2_T2K2_qmem_code,qmem,2,margin,0.05,0.0001,0.0,0.3262400567462127,0.4919773838630807,0.36368257554363176,0.7601227718097037,17705,8471,0.04741304088383913,0.0036141343880444765,0.5821424126625061,0.9944185018539429,0.002502222079783678,0.399658203125,1.0,/kaggle/input/datasets/shuvroahmedimaging/ws2-eca/test_set/test_set/images/before/before-video-005/frame_0046.jpg,/kaggle/input/datasets/shuvroahmedimaging/ws2-eca/test_set/test_set/masks/before/before-video-005/frame_0046.jpg
before-video-005,frame_0047.jpg,strict_qmem_v2_T2K2_qmem_code,qmem,2,margin,0.05,0.0001,0.0,0.3008711550871155,0.46256872390558473,0.34232745961820854,0.7130113419141073,16344,7847,0.04741304088383913,0.0031167075503617525,0.6057764291763306,0.9951127171516418,0.002402989659458399,0.4365234375,1.0002521276474,/kaggle/input/datasets/shuvroahmedimaging/ws2-eca/test_set/test_set/images/before/before-video-005/frame_0047.jpg,/kaggle/input/datasets/shuvroahmedimaging/ws2-eca/test_set/test_set/masks/before/before-video-005/frame_0047.jpg
before-video-005,frame_0048.jpg,strict_qmem_v2_T2K2_qmem_code,qmem,2,margin,0.05,0.0001,0.0,0.32327666151468315,0.4886002616333396,0.3780637697924951,0.6904793344777499,13831,7573,0.04741304088383913,0.0026619366835802794,0.6343019008636475,0.9958632588386536,0.0023291478864848614,0.478515625,1.000244140625,/kaggle/input/datasets/shuvroahmedimaging/ws2-eca/test_set/test_set/images/before/before-video-005/frame_0048.jpg,/kaggle/input/datasets/shuvroahmedimaging/ws2-eca/test_set/test_set/masks/before/before-video-005/frame_0048.jpg
before-video-005,frame_0049.jpg,strict_qmem_v2_T2K2_qmem_code,qmem,2,margin,0.05,0.0001,0.0,0.3254081754260517,0.49103088612147644,0.436426116838488,0.5612538540596095,12513,9730,0.04741304088383913,0.0025954660959541798,0.6354369521141052,0.9961214065551758,0.002318511251360178,0.480712890625,1.0,/kaggle/input/datasets/shuvroahmedimaging/ws2-eca/test_set/test_set/images/before/before-video-005/frame_0049.jpg,/kaggle/input/datasets/shuvroahmedimaging/ws2-eca/test_set/test_set/masks/before/before-video-005/frame_0049.jpg
before-video-005,frame_0050.jpg,strict_qmem_v2_T2K2_qmem_code,qmem,2,margin,0.05,0.0001,0.0,0.3942418647588276,0.5655286571487689,0.47950877192982455,0.6891578416540595,14250,9915,0.04741304088383913,0.0024547872599214315,0.6231450438499451,0.9962570667266846,0.0022281892597675323,0.46484375,1.0,/kaggle/input/datasets/shuvroahmedimaging/ws2-eca/test_set/test_set/images/before/before-video-005/frame_0050.jpg,/kaggle/input/datasets/shuvroahmedimaging/ws2-eca/test_set/test_set/masks/before/before-video-005/frame_0050.jpg
before-video-005,frame_0051.jpg,strict_qmem_v2_T2K2_qmem_code,qmem,2,margin,0.05,0.0001,0.0,0.41354185178603164,0.5851144078451094,0.47703977039770395,0.7565019505851756,14634,9228,0.04741304088383913,0.002420328091830015,0.6355594396591187,0.9963454008102417,0.002244363073259592,0.48193359375,1.0,/kaggle/input/datasets/shuvroahmedimaging/ws2-eca/test_set/test_set/images/before/before-video-005/frame_0051.jpg,/kaggle/input/datasets/shuvroahmedimaging/ws2-eca/test_set/test_set/masks/before/before-video-005/frame_0051.jpg
before-video-005,frame_0052.jpg,strict_qmem_v2_T2K2_qmem_code,qmem,2,margin,0.05,0.0001,0.0,0.3721283578461164,0.5424104176817115,0.44508250345278766,0.6942176870748299,13757,8820,0.04741304088383913,0.00263787480071187,0.6538188457489014,0.99616539478302,0.002248421311378479,0.508544921875,1.0,/kaggle/input/datasets/shuvroahmedimaging/ws2-eca/test_set/test_set/images/before/before-video-005/frame_0052.jpg,/kaggle/input/datasets/shuvroahmedimaging/ws2-eca/test_set/test_set/masks/before/before-video-005/frame_0052.jpg
before-video-005,frame_0053.jpg,strict_qmem_v2_T2K2_qmem_code,qmem,2,margin,0.05,0.0001,0.0,0.40265183266021487,0.5741294072907046,0.49030342395842996,0.6925294888597641,10777,7630,0.04741304088383913,0.002477581612765789,0.6697826981544495,0.9963516592979431,0.0023105868604034185,0.5302734375,1.0,/kaggle/input/datasets/shuvroahmedimaging/ws2-eca/test_set/test_set/images/before/before-video-005/frame_0053.jpg,/kaggle/input/datasets/shuvroahmedimaging/ws2-eca/test_set/test_set/masks/before/before-video-005/frame_0053.jpg
before-video-005,frame_0054.jpg,strict_qmem_v2_T2K2_qmem_code,qmem,2,margin,0.05,0.0001,0.0,0.4147370035270664,0.586309685111918,0.5117313150425733,0.6863342215454892,10570,7881,0.04741304088383913,0.0033561112359166145,0.690127968788147,0.9956676959991455,0.002285952679812908,0.559814453125,1.0,/kaggle/input/datasets/shuvroahmedimaging/ws2-eca/test_set/test_set/images/before/before-video-005/frame_0054.jpg,/kaggle/input/datasets/shuvroahmedimaging/ws2-eca/test_set/test_set/masks/before/before-video-005/frame_0054.jpg
before-video-005,frame_0055.jpg,strict_qmem_v2_T2K2_qmem_code,qmem,2,margin,0.05,0.0001,0.0,0.5487032124963159,0.7085969836814311,0.585962703595877,0.8961492178098677,12709,8310,0.04741304088383913,0.0038092101458460093,0.66762775182724,0.9949966669082642,0.0023452220484614372,0.527099609375,1.0,/kaggle/input/datasets/shuvroahmedimaging/ws2-eca/test_set/test_set/images/before/before-video-005/frame_0055.jpg,/kaggle/input/datasets/shuvroahmedimaging/ws2-eca/test_set/test_set/masks/before/before-video-005/frame_0055.jpg
before-video-006,frame_0001.jpg,strict_qmem_v2_T2K2_qmem_code,qmem,2,margin,0.05,0.0001,0.0,0.2774839574077992,0.43442260984764847,0.2796929419290639,0.9723251791450457,14069,4047,0.04741304088383913,0.0,0.0,0.0,0.0,0.0,0.0,/kaggle/input/datasets/shuvroahmedimaging/ws2-eca/test_set/test_set/images/before/before-video-006/frame_0001.jpg,/kaggle/input/datasets/shuvroahmedimaging/ws2-eca/test_set/test_set/masks/before/before-video-006/frame_0001.jpg
before-video-006,frame_0002.jpg,strict_qmem_v2_T2K2_qmem_code,qmem,2,margin,0.05,0.0001,0.0,0.282653636534486,0.44073260073260073,0.2836799170085349,0.9873625471852946,21207,6093,0.04741304088383913,0.004178492818027735,0.6159892082214355,0.9940677881240845,0.0025473556015640497,0.447998046875,1.0,/kaggle/input/datasets/shuvroahmedimaging/ws2-eca/test_set/test_set/images/before/before-video-006/frame_0002.jpg,/kaggle/input/datasets/shuvroahmedimaging/ws2-eca/test_set/test_set/masks/before/before-video-006/frame_0002.jpg
before-video-006,frame_0003.jpg,strict_qmem_v2_T2K2_qmem_code,qmem,2,margin,0.05,0.0001,0.0,0.33592858307516715,0.5029139840722546,0.3472819216182048,0.9113126174941945,23730,9043,0.04741304088383913,0.0044542886316776276,0.5767773985862732,0.9933049082756042,0.002627789042890072,0.39013671875,1.0,/kaggle/input/datasets/shuvroahmedimaging/ws2-eca/test_set/test_set/images/before/before-video-006/frame_0003.jpg,/kaggle/input/datasets/shuvroahmedimaging/ws2-eca/test_set/test_set/masks/before/before-video-006/frame_0003.jpg
before-video-006,frame_0004.jpg,strict_qmem_v2_T2K2_qmem_code,qmem,2,margin,0.05,0.0001,0.0,0.3873720136518771,0.5584255842558425,0.3973267563051953,0.9392514575888659,25138,10634,0.04741304088383913,0.004573480226099491,0.5604901313781738,0.9929014444351196,0.0027221613563597202,0.364501953125,1.0001249313354492,/kaggle/input/datasets/shuvroahmedimaging/ws2-eca/test_set/test_set/images/before/before-video-006/frame_0004.jpg,/kaggle/input/datasets/shuvroahmedimaging/ws2-eca/test_set/test_set/masks/before/before-video-006/frame_0004.jpg
before-video-006,frame_0005.jpg,strict_qmem_v2_T2K2_qmem_code,qmem,2,margin,0.05,0.0001,0.0,0.42284560709929764,0.5943661139191866,0.45783242258652096,0.8469379159295762,21960,11871,0.04741304088383913,0.004850434139370918,0.5548386573791504,0.9926064014434814,0.0027014208026230335,0.35595703125,1.000120997428894,/kaggle/input/datasets/shuvroahmedimaging/ws2-eca/test_set/test_set/images/before/before-video-006/frame_0005.jpg,/kaggle/input/datasets/shuvroahmedimaging/ws2-eca/test_set/test_set/masks/before/before-video-006/frame_0005.jpg
before-video-006,frame_0006.jpg,strict_qmem_v2_T2K2_qmem_code,qmem,2,margin,0.05,0.0001,0.0,0.48026315789473684,0.6488888888888888,0.504532478589673,0.9089596679599387,19967,11083,0.04741304088383913,0.004304844420403242,0.585857629776001,0.9934251308441162,0.002551074605435133,0.404052734375,1.0,/kaggle/input/datasets/shuvroahmedimaging/ws2-eca/test_set/test_set/images/before/before-video-006/frame_0006.jpg,/kaggle/input/datasets/shuvroahmedimaging/ws2-eca/test_set/test_set/masks/before/before-video-006/frame_0006.jpg
before-video-006,frame_0007.jpg,strict_qmem_v2_T2K2_qmem_code,qmem,2,margin,0.05,0.0001,0.0,0.44021300629336774,0.6113165266106443,0.48717185546758734,0.8203688853247795,16799,9976,0.04741304088383913,0.003898417577147484,0.5739417672157288,0.9941893815994263,0.002435601083561778,0.3896484375,1.00048828125,/kaggle/input/datasets/shuvroahmedimaging/ws2-eca/test_set/test_set/images/before/before-video-006/frame_0007.jpg,/kaggle/input/datasets/shuvroahmedimaging/ws2-eca/test_set/test_set/masks/before/before-video-006/frame_0007.jpg
before-video-006,frame_0008.jpg,strict_qmem_v2_T2K2_qmem_code,qmem,2,margin,0.05,0.0001,0.0,0.3703810125854836,0.5405518745282227,0.41377760657421675,0.779322853688029,15576,8270,0.04741304088383913,0.0032068288419395685,0.5675060749053955,0.9950264692306519,0.0024165818467736244,0.380615234375,1.0001273155212402,/kaggle/input/datasets/shuvroahmedimaging/ws2-eca/test_set/test_set/images/before/before-video-006/frame_0008.jpg,/kaggle/input/datasets/shuvroahmedimaging/ws2-eca/test_set/test_set/masks/before/before-video-006/frame_0008.jpg
before-video-006,frame_0009.jpg,strict_qmem_v2_T2K2_qmem_code,qmem,2,margin,0.05,0.0001,0.0,0.4135547617943128,0.5851273300078761,0.44826025744167336,0.8423091458805745,19888,10584,0.04741304088383913,0.0037912435363978148,0.597964882850647,0.9945544004440308,0.002397164236754179,0.4248046875,1.0,/kaggle/input/datasets/shuvroahmedimaging/ws2-eca/test_set/test_set/images/before/before-video-006/frame_0009.jpg,/kaggle/input/datasets/shuvroahmedimaging/ws2-eca/test_set/test_set/masks/before/before-video-006/frame_0009.jpg
before-video-006,frame_0010.jpg,strict_qmem_v2_T2K2_qmem_code,qmem,2,margin,0.05,0.0001,0.0,0.36640859535471637,0.536308973172988,0.4569908365356193,0.6489436127046313,20298,14294,0.04741304088383913,0.0042928592301905155,0.563098132610321,0.9938490986824036,0.002380738966166973,0.375,1.000117301940918,/kaggle/input/datasets/shuvroahmedimaging/ws2-eca/test_set/test_set/images/before/before-video-006/frame_0010.jpg,/kaggle/input/datasets/shuvroahmedimaging/ws2-eca/test_set/test_set/masks/before/before-video-006/frame_0010.jpg
before-video-006,frame_0011.jpg,strict_qmem_v2_T2K2_qmem_code,qmem,2,margin,0.05,0.0001,0.0,0.4220381826648041,0.5935680037422524,0.5172006195483818,0.6963942703474013,24534,18221,0.04741304088383913,0.004160856828093529,0.5326123833656311,0.9938085079193115,0.002426731400191784,0.330078125,1.0001276731491089,/kaggle/input/datasets/shuvroahmedimaging/ws2-eca/test_set/test_set/images/before/before-video-006/frame_0011.jpg,/kaggle/input/datasets/shuvroahmedimaging/ws2-eca/test_set/test_set/masks/before/before-video-006/frame_0011.jpg
before-video-006,frame_0012.jpg,strict_qmem_v2_T2K2_qmem_code,qmem,2,margin,0.05,0.0001,0.0,0.452516601952317,0.6230794213905614,0.5320419831043605,0.75170293568027,23438,16589,0.04741304088383913,0.004237977787852287,0.5173041224479675,0.993661642074585,0.0024082742165774107,0.308837890625,1.0001349449157715,/kaggle/input/datasets/shuvroahmedimaging/ws2-eca/test_set/test_set/images/before/before-video-006/frame_0012.jpg,/kaggle/input/datasets/shuvroahmedimaging/ws2-eca/test_set/test_set/masks/before/before-video-006/frame_0012.jpg
before-video-006,frame_0013.jpg,strict_qmem_v2_T2K2_qmem_code,qmem,2,margin,0.05,0.0001,0.0,0.4098704120431442,0.5814299080852001,0.5035991800543452,0.6877156435127921,20977,15361,0.04741304088383913,0.003869361011311412,0.5146313905715942,0.9939687252044678,0.0023894067853689194,0.30517578125,1.0,/kaggle/input/datasets/shuvroahmedimaging/ws2-eca/test_set/test_set/images/before/before-video-006/frame_0013.jpg,/kaggle/input/datasets/shuvroahmedimaging/ws2-eca/test_set/test_set/masks/before/before-video-006/frame_0013.jpg
before-video-006,frame_0014.jpg,strict_qmem_v2_T2K2_qmem_code,qmem,2,margin,0.05,0.0001,0.0,0.28793068708442476,0.44712140175219023,0.37432874918140147,0.5550592348028743,15270,10298,0.04741304088383913,0.0033333648461848497,0.5845656991004944,0.9949405193328857,0.00235925056040287,0.406494140625,1.0,/kaggle/input/datasets/shuvroahmedimaging/ws2-eca/test_set/test_set/images/before/before-video-006/frame_0014.jpg,/kaggle/input/datasets/shuvroahmedimaging/ws2-eca/test_set/test_set/masks/before/before-video-006/frame_0014.jpg
before-video-006,frame_0015.jpg,strict_qmem_v2_T2K2_qmem_code,qmem,2,margin,0.05,0.0001,0.0,0.3576124567474048,0.526825538422327,0.41230053191489363,0.7294435948711916,15040,8501,0.04741304088383913,0.003268147585913539,0.6253184676170349,0.9952099323272705,0.002364829182624817,0.464599609375,1.0,/kaggle/input/datasets/shuvroahmedimaging/ws2-eca/test_set/test_set/images/before/before-video-006/frame_0015.jpg,/kaggle/input/datasets/shuvroahmedimaging/ws2-eca/test_set/test_set/masks/before/before-video-006/frame_0015.jpg
before-video-006,frame_0016.jpg,strict_qmem_v2_T2K2_qmem_code,qmem,2,margin,0.05,0.0001,0.0,0.44521739130434784,0.6161251504211793,0.46870095902353964,0.898846346764755,11470,5981,0.04741304088383913,0.002596766920760274,0.6471977233886719,0.9959902167320251,0.0023509471211582422,0.4970703125,1.0,/kaggle/input/datasets/shuvroahmedimaging/ws2-eca/test_set/test_set/images/before/before-video-006/frame_0016.jpg,/kaggle/input/datasets/shuvroahmedimaging/ws2-eca/test_set/test_set/masks/before/before-video-006/frame_0016.jpg
before-video-006,frame_0017.jpg,strict_qmem_v2_T2K2_qmem_code,qmem,2,margin,0.05,0.0001,0.0,0.46890483512728515,0.638441407385868,0.506412030630132,0.8635934550031467,10839,6356,0.04741304088383913,0.003179013030603528,0.6981291770935059,0.9957961440086365,0.002283077919855714,0.572265625,1.0,/kaggle/input/datasets/shuvroahmedimaging/ws2-eca/test_set/test_set/images/before/before-video-006/frame_0017.jpg,/kaggle/input/datasets/shuvroahmedimaging/ws2-eca/test_set/test_set/masks/before/before-video-006/frame_0017.jpg
before-video-006,frame_0018.jpg,strict_qmem_v2_T2K2_qmem_code,qmem,2,margin,0.05,0.0001,0.0,0.34142918825561314,0.5090528687535205,0.3596770525358199,0.8706303330580787,8794,3633,0.04741304088383913,0.0021532243117690086,0.698062539100647,0.9969109296798706,0.0022301573771983385,0.572998046875,1.0,/kaggle/input/datasets/shuvroahmedimaging/ws2-eca/test_set/test_set/images/before/before-video-006/frame_0018.jpg,/kaggle/input/datasets/shuvroahmedimaging/ws2-eca/test_set/test_set/masks/before/before-video-006/frame_0018.jpg
before-video-006,frame_0019.jpg,strict_qmem_v2_T2K2_qmem_code,qmem,2,margin,0.05,0.0001,0.0,0.41923979352416707,0.5907948684036504,0.43415297890951504,0.9242706393544382,10289,4833,0.04741304088383913,0.002258953405544162,0.7376056909561157,0.9969868659973145,0.0022943441290408373,0.62841796875,1.0,/kaggle/input/datasets/shuvroahmedimaging/ws2-eca/test_set/test_set/images/before/before-video-006/frame_0019.jpg,/kaggle/input/datasets/shuvroahmedimaging/ws2-eca/test_set/test_set/masks/before/before-video-006/frame_0019.jpg
before-video-006,frame_0020.jpg,strict_qmem_v2_T2K2_qmem_code,qmem,2,margin,0.05,0.0001,0.0,0.27221028686970805,0.42793284990563224,0.27626010003847634,0.9488986784140969,7797,2270,0.04741304088383913,0.001925018965266645,0.7516335844993591,0.9972604513168335,0.0023340980987995863,0.64794921875,1.0,/kaggle/input/datasets/shuvroahmedimaging/ws2-eca/test_set/test_set/images/before/before-video-006/frame_0020.jpg,/kaggle/input/datasets/shuvroahmedimaging/ws2-eca/test_set/test_set/masks/before/before-video-006/frame_0020.jpg
before-video-006,frame_0021.jpg,strict_qmem_v2_T2K2_qmem_code,qmem,2,margin,0.05,0.0001,0.0,0.25072480575205847,0.4009272137227631,0.25474254742547425,0.9408181026979983,8487,2298,0.04741304088383913,0.0021498489659279585,0.7679720520973206,0.9971246719360352,0.002378551522269845,0.670166015625,1.0,/kaggle/input/datasets/shuvroahmedimaging/ws2-eca/test_set/test_set/images/before/before-video-006/frame_0021.jpg,/kaggle/input/datasets/shuvroahmedimaging/ws2-eca/test_set/test_set/masks/before/before-video-006/frame_0021.jpg
before-video-006,frame_0022.jpg,strict_qmem_v2_T2K2_qmem_code,qmem,2,margin,0.05,0.0001,0.0,0.21655649984261882,0.3560155239327296,0.22034803031920572,0.926391382405745,9367,2228,0.04741304088383913,0.00178144418168813,0.7291892766952515,0.9973312020301819,0.0023236798588186502,0.615966796875,1.0,/kaggle/input/datasets/shuvroahmedimaging/ws2-eca/test_set/test_set/images/before/before-video-006/frame_0022.jpg,/kaggle/input/datasets/shuvroahmedimaging/ws2-eca/test_set/test_set/masks/before/before-video-006/frame_0022.jpg
before-video-006,frame_0023.jpg,strict_qmem_v2_T2K2_qmem_code,qmem,2,margin,0.05,0.0001,0.0,0.07209117413199045,0.13448702101359702,0.0775812892184826,0.5046382189239332,10518,1617,0.04741304088383913,0.0020112518686801195,0.6870365142822266,0.9970012307167053,0.0023213326930999756,0.5546875,1.0,/kaggle/input/datasets/shuvroahmedimaging/ws2-eca/test_set/test_set/images/before/before-video-006/frame_0023.jpg,/kaggle/input/datasets/shuvroahmedimaging/ws2-eca/test_set/test_set/masks/before/before-video-006/frame_0023.jpg
before-video-006,frame_0024.jpg,strict_qmem_v2_T2K2_qmem_code,qmem,2,margin,0.05,0.0001,0.0,0.1434963974213121,0.25097831133514625,0.158048617492273,0.609143593045718,11971,3106,0.04741304088383913,0.002183915115892887,0.6572378277778625,0.9966154098510742,0.0022825109772384167,0.5126953125,1.0,/kaggle/input/datasets/shuvroahmedimaging/ws2-eca/test_set/test_set/images/before/before-video-006/frame_0024.jpg,/kaggle/input/datasets/shuvroahmedimaging/ws2-eca/test_set/test_set/masks/before/before-video-006/frame_0024.jpg
before-video-006,frame_0025.jpg,strict_qmem_v2_T2K2_qmem_code,qmem,2,margin,0.05,0.0001,0.0,0.25600726459905,0.40765252210666814,0.27188427299703266,0.8142634970006665,13480,4501,0.04741304088383913,0.002487761666998267,0.6604442596435547,0.9962786436080933,0.0022416794672608376,0.517822265625,1.0,/kaggle/input/datasets/shuvroahmedimaging/ws2-eca/test_set/test_set/images/before/before-video-006/frame_0025.jpg,/kaggle/input/datasets/shuvroahmedimaging/ws2-eca/test_set/test_set/masks/before/before-video-006/frame_0025.jpg
before-video-006,frame_0026.jpg,strict_qmem_v2_T2K2_qmem_code,qmem,2,margin,0.05,0.0001,0.0,0.28095135445857583,0.43866045885454646,0.30926204223681086,0.7542438271604939,12643,5184,0.04741304088383913,0.0024946024641394615,0.6577666401863098,0.9961910843849182,0.0023261504247784615,0.512451171875,1.0,/kaggle/input/datasets/shuvroahmedimaging/ws2-eca/test_set/test_set/images/before/before-video-006/frame_0026.jpg,/kaggle/input/datasets/shuvroahmedimaging/ws2-eca/test_set/test_set/masks/before/before-video-006/frame_0026.jpg
before-video-006,frame_0027.jpg,strict_qmem_v2_T2K2_qmem_code,qmem,2,margin,0.05,0.0001,0.0,0.32606879264726363,0.49178262011026513,0.41314512571680634,0.6073929961089494,11335,7710,0.04741304088383913,0.002404632978141308,0.6503274440765381,0.9964286088943481,0.002288420218974352,0.50244140625,1.0,/kaggle/input/datasets/shuvroahmedimaging/ws2-eca/test_set/test_set/images/before/before-video-006/frame_0027.jpg,/kaggle/input/datasets/shuvroahmedimaging/ws2-eca/test_set/test_set/masks/before/before-video-006/frame_0027.jpg
before-video-006,frame_0028.jpg,strict_qmem_v2_T2K2_qmem_code,qmem,2,margin,0.05,0.0001,0.0,0.3079432624113475,0.47088168311462963,0.4542316141855843,0.48879882922436113,9559,8883,0.04741304088383913,0.0023065521381795406,0.686661958694458,0.9966515898704529,0.0022634644992649555,0.555419921875,1.0,/kaggle/input/datasets/shuvroahmedimaging/ws2-eca/test_set/test_set/images/before/before-video-006/frame_0028.jpg,/kaggle/input/datasets/shuvroahmedimaging/ws2-eca/test_set/test_set/masks/before/before-video-006/frame_0028.jpg
before-video-006,frame_0029.jpg,strict_qmem_v2_T2K2_qmem_code,qmem,2,margin,0.05,0.0001,0.0,0.34606093664770515,0.5141831654509668,0.5081235697940504,0.5203890321068666,8740,8534,0.04741304088383913,0.002395353280007839,0.6936563849449158,0.9966728687286377,0.002257190179079771,0.5654296875,1.0,/kaggle/input/datasets/shuvroahmedimaging/ws2-eca/test_set/test_set/images/before/before-video-006/frame_0029.jpg,/kaggle/input/datasets/shuvroahmedimaging/ws2-eca/test_set/test_set/masks/before/before-video-006/frame_0029.jpg
before-video-006,frame_0030.jpg,strict_qmem_v2_T2K2_qmem_code,qmem,2,margin,0.05,0.0001,0.0,0.42157536863014744,0.5931101198473693,0.5796218487394958,0.6072411136788819,9520,9087,0.04741304088383913,0.0025861456524580717,0.6607020497322083,0.9963697791099548,0.002215000567957759,0.519287109375,1.0,/kaggle/input/datasets/shuvroahmedimaging/ws2-eca/test_set/test_set/images/before/before-video-006/frame_0030.jpg,/kaggle/input/datasets/shuvroahmedimaging/ws2-eca/test_set/test_set/masks/before/before-video-006/frame_0030.jpg
before-video-006,frame_0031.jpg,strict_qmem_v2_T2K2_qmem_code,qmem,2,margin,0.05,0.0001,0.0,0.36244417664989015,0.5320499479708637,0.4828595712531873,0.5923994902097092,10589,8631,0.04741304088383913,0.0025895098224282265,0.6602913737297058,0.9963220953941345,0.002229768317192793,0.51806640625,1.0,/kaggle/input/datasets/shuvroahmedimaging/ws2-eca/test_set/test_set/images/before/before-video-006/frame_0031.jpg,/kaggle/input/datasets/shuvroahmedimaging/ws2-eca/test_set/test_set/masks/before/before-video-006/frame_0031.jpg
before-video-006,frame_0032.jpg,strict_qmem_v2_T2K2_qmem_code,qmem,2,margin,0.05,0.0001,0.0,0.4049256711781673,0.5764371446620341,0.4503578185407584,0.8005556367890042,12157,6839,0.04741304088383913,0.002885765628889203,0.6465692520141602,0.9959733486175537,0.0022430187091231346,0.498291015625,1.0,/kaggle/input/datasets/shuvroahmedimaging/ws2-eca/test_set/test_set/images/before/before-video-006/frame_0032.jpg,/kaggle/input/datasets/shuvroahmedimaging/ws2-eca/test_set/test_set/masks/before/before-video-006/frame_0032.jpg
before-video-006,frame_0033.jpg,strict_qmem_v2_T2K2_qmem_code,qmem,2,margin,0.05,0.0001,0.0,0.48511482846611853,0.6533027873234059,0.49608582197738477,0.956400223588597,10347,5367,0.04741304088383913,0.002651076763868332,0.6577480435371399,0.9962611794471741,0.0022327410988509655,0.5146484375,1.0,/kaggle/input/datasets/shuvroahmedimaging/ws2-eca/test_set/test_set/images/before/before-video-006/frame_0033.jpg,/kaggle/input/datasets/shuvroahmedimaging/ws2-eca/test_set/test_set/masks/before/before-video-006/frame_0033.jpg
before-video-006,frame_0034.jpg,strict_qmem_v2_T2K2_qmem_code,qmem,2,margin,0.05,0.0001,0.0,0.44076716173546954,0.6118506493506494,0.4620571288463896,0.9053567139082392,8157,4163,0.04741304088383913,0.002311652759090066,0.6844781637191772,0.9967766404151917,0.0022474213037639856,0.552490234375,1.0,/kaggle/input/datasets/shuvroahmedimaging/ws2-eca/test_set/test_set/images/before/before-video-006/frame_0034.jpg,/kaggle/input/datasets/shuvroahmedimaging/ws2-eca/test_set/test_set/masks/before/before-video-006/frame_0034.jpg
before-video-006,frame_0035.jpg,strict_qmem_v2_T2K2_qmem_code,qmem,2,margin,0.05,0.0001,0.0,0.3754627856504532,0.5459439391126787,0.4330731850979237,0.7383881496359528,6791,3983,0.04741304088383913,0.0022456631995737553,0.6891962885856628,0.9969632625579834,0.0022178306244313717,0.560302734375,1.0,/kaggle/input/datasets/shuvroahmedimaging/ws2-eca/test_set/test_set/images/before/before-video-006/frame_0035.jpg,/kaggle/input/datasets/shuvroahmedimaging/ws2-eca/test_set/test_set/masks/before/before-video-006/frame_0035.jpg
before-video-006,frame_0036.jpg,strict_qmem_v2_T2K2_qmem_code,qmem,2,margin,0.05,0.0001,0.0,0.484493041749503,0.6527387170215615,0.5392786014605001,0.826662143826323,9038,5896,0.04741304088383913,0.0028639398515224457,0.6743922829627991,0.9963347911834717,0.0022268183529376984,0.538818359375,1.0,/kaggle/input/datasets/shuvroahmedimaging/ws2-eca/test_set/test_set/images/before/before-video-006/frame_0036.jpg,/kaggle/input/datasets/shuvroahmedimaging/ws2-eca/test_set/test_set/masks/before/before-video-006/frame_0036.jpg
before-video-006,frame_0037.jpg,strict_qmem_v2_T2K2_qmem_code,qmem,2,margin,0.05,0.0001,0.0,0.46853459851400947,0.6380981408107285,0.5112826023248999,0.8485732814526589,10237,6168,0.04741304088383913,0.002752560656517744,0.6339434385299683,0.9962179660797119,0.0021699126809835434,0.4814453125,1.0,/kaggle/input/datasets/shuvroahmedimaging/ws2-eca/test_set/test_set/images/before/before-video-006/frame_0037.jpg,/kaggle/input/datasets/shuvroahmedimaging/ws2-eca/test_set/test_set/masks/before/before-video-006/frame_0037.jpg
before-video-006,frame_0038.jpg,strict_qmem_v2_T2K2_qmem_code,qmem,2,margin,0.05,0.0001,0.0,0.4611067089276281,0.6311745830885344,0.4898288439955107,0.8871807902426629,14256,7871,0.04741304088383913,0.0032689860090613365,0.6202890872955322,0.9954634308815002,0.002162754302844405,0.4619140625,1.0001392364501953,/kaggle/input/datasets/shuvroahmedimaging/ws2-eca/test_set/test_set/images/before/before-video-006/frame_0038.jpg,/kaggle/input/datasets/shuvroahmedimaging/ws2-eca/test_set/test_set/masks/before/before-video-006/frame_0038.jpg
before-video-007,frame_0001.jpg,strict_qmem_v2_T2K2_qmem_code,qmem,2,margin,0.05,0.0001,0.0,0.4393916728995263,0.6105241278969065,0.49273093267725343,0.8023308749886188,17884,10983,0.04741304088383913,0.0,0.0,0.0,0.0,0.0,0.0,/kaggle/input/datasets/shuvroahmedimaging/ws2-eca/test_set/test_set/images/before/before-video-007/frame_0001.jpg,/kaggle/input/datasets/shuvroahmedimaging/ws2-eca/test_set/test_set/masks/before/before-video-007/frame_0001.jpg
before-video-007,frame_0002.jpg,strict_qmem_v2_T2K2_qmem_code,qmem,2,margin,0.05,0.0001,0.0,0.41169462920679045,0.5832630098452883,0.5601026472177202,0.6084213615023474,14808,13632,0.04741304088383913,0.0028858284931629896,0.6170303821563721,0.9955489039421082,0.002401254139840603,0.4521484375,1.0,/kaggle/input/datasets/shuvroahmedimaging/ws2-eca/test_set/test_set/images/before/before-video-007/frame_0002.jpg,/kaggle/input/datasets/shuvroahmedimaging/ws2-eca/test_set/test_set/masks/before/before-video-007/frame_0002.jpg
before-video-007,frame_0003.jpg,strict_qmem_v2_T2K2_qmem_code,qmem,2,margin,0.05,0.0001,0.0,0.40084269662921346,0.572287948666533,0.5036301300796612,0.662620232172471,19834,15075,0.04741304088383913,0.003499019891023636,0.6149991750717163,0.9949477910995483,0.0024346692953258753,0.448974609375,1.0,/kaggle/input/datasets/shuvroahmedimaging/ws2-eca/test_set/test_set/images/before/before-video-007/frame_0003.jpg,/kaggle/input/datasets/shuvroahmedimaging/ws2-eca/test_set/test_set/masks/before/before-video-007/frame_0003.jpg
before-video-007,frame_0004.jpg,strict_qmem_v2_T2K2_qmem_code,qmem,2,margin,0.05,0.0001,0.0,0.40852206132556995,0.5800719385837763,0.47849962357734377,0.7363865603489402,22581,14673,0.04741304088383913,0.0040312884375452995,0.5662367343902588,0.9941434860229492,0.0024490917567163706,0.3779296875,1.0,/kaggle/input/datasets/shuvroahmedimaging/ws2-eca/test_set/test_set/images/before/before-video-007/frame_0004.jpg,/kaggle/input/datasets/shuvroahmedimaging/ws2-eca/test_set/test_set/masks/before/before-video-007/frame_0004.jpg
before-video-007,frame_0005.jpg,strict_qmem_v2_T2K2_qmem_code,qmem,2,margin,0.05,0.0001,0.0,0.44693819016205366,0.6177709499975221,0.5049007695423249,0.7956344140924176,24690,15668,0.04741304088383913,0.004912347532808781,0.5704971551895142,0.9930596947669983,0.002393930684775114,0.385498046875,1.0,/kaggle/input/datasets/shuvroahmedimaging/ws2-eca/test_set/test_set/images/before/before-video-007/frame_0005.jpg,/kaggle/input/datasets/shuvroahmedimaging/ws2-eca/test_set/test_set/masks/before/before-video-007/frame_0005.jpg
before-video-007,frame_0006.jpg,strict_qmem_v2_T2K2_qmem_code,qmem,2,margin,0.05,0.0001,0.0,0.4775776709478367,0.6464332540183557,0.5218345746765974,0.8491962235264098,25510,15676,0.04741304088383913,0.005256535951048136,0.5755665898323059,0.9924843907356262,0.0024771299213171005,0.39111328125,1.000244140625,/kaggle/input/datasets/shuvroahmedimaging/ws2-eca/test_set/test_set/images/before/before-video-007/frame_0006.jpg,/kaggle/input/datasets/shuvroahmedimaging/ws2-eca/test_set/test_set/masks/before/before-video-007/frame_0006.jpg
before-video-007,frame_0007.jpg,strict_qmem_v2_T2K2_qmem_code,qmem,2,margin,0.05,0.0001,0.0,0.6087198515769945,0.7567754584246338,0.6499346301652074,0.9056530860108204,25241,18114,0.04741304088383913,0.006034187041223049,0.5730181336402893,0.9915385842323303,0.0026412855368107557,0.38427734375,1.0007492303848267,/kaggle/input/datasets/shuvroahmedimaging/ws2-eca/test_set/test_set/images/before/before-video-007/frame_0007.jpg,/kaggle/input/datasets/shuvroahmedimaging/ws2-eca/test_set/test_set/masks/before/before-video-007/frame_0007.jpg
before-video-007,frame_0008.jpg,strict_qmem_v2_T2K2_qmem_code,qmem,2,margin,0.05,0.0001,0.0,0.5638086375364832,0.7210711387611577,0.600189121037464,0.902926432732692,22208,14762,0.04741304088383913,0.005024599842727184,0.5658612251281738,0.9926950931549072,0.0026541161350905895,0.373291015625,1.000244140625,/kaggle/input/datasets/shuvroahmedimaging/ws2-eca/test_set/test_set/images/before/before-video-007/frame_0008.jpg,/kaggle/input/datasets/shuvroahmedimaging/ws2-eca/test_set/test_set/masks/before/before-video-007/frame_0008.jpg
before-video-007,frame_0009.jpg,strict_qmem_v2_T2K2_qmem_code,qmem,2,margin,0.05,0.0001,0.0,0.5374893617021277,0.6991779911986936,0.5602821149751597,0.9296386251563995,22544,13587,0.04741304088383913,0.004857268184423447,0.607414722442627,0.9931235313415527,0.0026042722165584564,0.434326171875,1.000257134437561,/kaggle/input/datasets/shuvroahmedimaging/ws2-eca/test_set/test_set/images/before/before-video-007/frame_0009.jpg,/kaggle/input/datasets/shuvroahmedimaging/ws2-eca/test_set/test_set/masks/before/before-video-007/frame_0009.jpg
before-video-007,frame_0010.jpg,strict_qmem_v2_T2K2_qmem_code,qmem,2,margin,0.05,0.0001,0.0,0.40798733286418015,0.5795326752467824,0.4245956667683857,0.9125131164742917,16385,7624,0.04741304088383913,0.002938950899988413,0.6219744682312012,0.9952687621116638,0.0025248366873711348,0.457275390625,1.000244140625,/kaggle/input/datasets/shuvroahmedimaging/ws2-eca/test_set/test_set/images/before/before-video-007/frame_0010.jpg,/kaggle/input/datasets/shuvroahmedimaging/ws2-eca/test_set/test_set/masks/before/before-video-007/frame_0010.jpg
before-video-008,frame_0001.jpg,strict_qmem_v2_T2K2_qmem_code,qmem,2,margin,0.05,0.0001,0.0,0.5221441810555068,0.6860640240971577,0.5464801674409108,0.9214150456188672,19589,11618,0.04741304088383913,0.0,0.0,0.0,0.0,0.0,0.0,/kaggle/input/datasets/shuvroahmedimaging/ws2-eca/test_set/test_set/images/before/before-video-008/frame_0001.jpg,/kaggle/input/datasets/shuvroahmedimaging/ws2-eca/test_set/test_set/masks/before/before-video-008/frame_0001.jpg
before-video-008,frame_0002.jpg,strict_qmem_v2_T2K2_qmem_code,qmem,2,margin,0.05,0.0001,0.0,0.32041514188013676,0.4853248523398455,0.32768881526474014,0.9352127473297146,16299,5711,0.04741304088383913,0.003095872001722455,0.633826732635498,0.9952125549316406,0.0025139900390058756,0.474365234375,1.0,/kaggle/input/datasets/shuvroahmedimaging/ws2-eca/test_set/test_set/images/before/before-video-008/frame_0002.jpg,/kaggle/input/datasets/shuvroahmedimaging/ws2-eca/test_set/test_set/masks/before/before-video-008/frame_0002.jpg
before-video-008,frame_0003.jpg,strict_qmem_v2_T2K2_qmem_code,qmem,2,margin,0.05,0.0001,0.0,0.28502126130442595,0.4436055182699478,0.30162251235898085,0.8381472349418809,15778,5678,0.04741304088383913,0.0037180637009441853,0.6264507174491882,0.9947031736373901,0.0025031580589711666,0.46435546875,1.0001215934753418,/kaggle/input/datasets/shuvroahmedimaging/ws2-eca/test_set/test_set/images/before/before-video-008/frame_0003.jpg,/kaggle/input/datasets/shuvroahmedimaging/ws2-eca/test_set/test_set/masks/before/before-video-008/frame_0003.jpg
before-video-008,frame_0004.jpg,strict_qmem_v2_T2K2_qmem_code,qmem,2,margin,0.05,0.0001,0.0,0.2057797708021923,0.3413223140495868,0.21380500431406385,0.8457337883959044,17385,4395,0.04741304088383913,0.0034756369423121214,0.620081901550293,0.9949230551719666,0.002404732396826148,0.456787109375,1.0,/kaggle/input/datasets/shuvroahmedimaging/ws2-eca/test_set/test_set/images/before/before-video-008/frame_0004.jpg,/kaggle/input/datasets/shuvroahmedimaging/ws2-eca/test_set/test_set/masks/before/before-video-008/frame_0004.jpg
before-video-008,frame_0005.jpg,strict_qmem_v2_T2K2_qmem_code,qmem,2,margin,0.05,0.0001,0.0,0.2578288100208768,0.4099585062240664,0.2744167255832744,0.810077519379845,19802,6708,0.04741304088383913,0.003621645737439394,0.6092060208320618,0.994727611541748,0.002473251661285758,0.439208984375,1.0,/kaggle/input/datasets/shuvroahmedimaging/ws2-eca/test_set/test_set/images/before/before-video-008/frame_0005.jpg,/kaggle/input/datasets/shuvroahmedimaging/ws2-eca/test_set/test_set/masks/before/before-video-008/frame_0005.jpg
before-video-008,frame_0006.jpg,strict_qmem_v2_T2K2_qmem_code,qmem,2,margin,0.05,0.0001,0.0,0.20124525566122223,0.3350610621982391,0.24944497304154772,0.5101621621621621,18918,9250,0.04741304088383913,0.003975868225097656,0.5795756578445435,0.9940163493156433,0.002629706636071205,0.39404296875,1.0,/kaggle/input/datasets/shuvroahmedimaging/ws2-eca/test_set/test_set/images/before/before-video-008/frame_0006.jpg,/kaggle/input/datasets/shuvroahmedimaging/ws2-eca/test_set/test_set/masks/before/before-video-008/frame_0006.jpg
before-video-008,frame_0007.jpg,strict_qmem_v2_T2K2_qmem_code,qmem,2,margin,0.05,0.0001,0.0,0.2449251247920133,0.3934776797647688,0.32642199800421334,0.49520605550883096,18038,11890,0.04741304088383913,0.004133109003305435,0.578221321105957,0.993708610534668,0.0026541061233729124,0.39111328125,1.00022554397583,/kaggle/input/datasets/shuvroahmedimaging/ws2-eca/test_set/test_set/images/before/before-video-008/frame_0007.jpg,/kaggle/input/datasets/shuvroahmedimaging/ws2-eca/test_set/test_set/masks/before/before-video-008/frame_0007.jpg
before-video-008,frame_0008.jpg,strict_qmem_v2_T2K2_qmem_code,qmem,2,margin,0.05,0.0001,0.0,0.20930232558139536,0.34615384615384615,0.28684840347907303,0.4363733238611136,17131,11261,0.04741304088383913,0.004186773672699928,0.5878280401229858,0.9937769174575806,0.0026626475155353546,0.404296875,1.000112533569336,/kaggle/input/datasets/shuvroahmedimaging/ws2-eca/test_set/test_set/images/before/before-video-008/frame_0008.jpg,/kaggle/input/datasets/shuvroahmedimaging/ws2-eca/test_set/test_set/masks/before/before-video-008/frame_0008.jpg
before-video-008,frame_0009.jpg,strict_qmem_v2_T2K2_qmem_code,qmem,2,margin,0.05,0.0001,0.0,0.26641803840877915,0.4207426463121552,0.35246412975670616,0.5218303946263644,17633,11910,0.04741304088383913,0.004464758560061455,0.5890014171600342,0.9932996034622192,0.002661171369254589,0.406982421875,1.0004794597625732,/kaggle/input/datasets/shuvroahmedimaging/ws2-eca/test_set/test_set/images/before/before-video-008/frame_0009.jpg,/kaggle/input/datasets/shuvroahmedimaging/ws2-eca/test_set/test_set/masks/before/before-video-008/frame_0009.jpg
before-video-008,frame_0010.jpg,strict_qmem_v2_T2K2_qmem_code,qmem,2,margin,0.05,0.0001,0.0,0.32905023286759816,0.49516598354244235,0.38943845661695947,0.6796942106167325,20319,11642,0.04741304088383913,0.004116458352655172,0.5704324841499329,0.9936745762825012,0.0026144711300730705,0.380859375,1.0,/kaggle/input/datasets/shuvroahmedimaging/ws2-eca/test_set/test_set/images/before/before-video-008/frame_0010.jpg,/kaggle/input/datasets/shuvroahmedimaging/ws2-eca/test_set/test_set/masks/before/before-video-008/frame_0010.jpg
before-video-008,frame_0011.jpg,strict_qmem_v2_T2K2_qmem_code,qmem,2,margin,0.05,0.0001,0.0,0.3000195388823759,0.4615615841286541,0.33003761418592154,0.7673663168415792,18610,8004,0.04741304088383913,0.003567660693079233,0.586276650428772,0.9945972561836243,0.0024104637559503317,0.40771484375,1.0,/kaggle/input/datasets/shuvroahmedimaging/ws2-eca/test_set/test_set/images/before/before-video-008/frame_0011.jpg,/kaggle/input/datasets/shuvroahmedimaging/ws2-eca/test_set/test_set/masks/before/before-video-008/frame_0011.jpg
before-video-008,frame_0012.jpg,strict_qmem_v2_T2K2_qmem_code,qmem,2,margin,0.05,0.0001,0.0,0.2996677324305686,0.46114514495200426,0.31750249086682164,0.8421423537702607,15055,5676,0.04741304088383913,0.0029465826228260994,0.5961638689041138,0.9955409169197083,0.002257316606119275,0.425048828125,1.0,/kaggle/input/datasets/shuvroahmedimaging/ws2-eca/test_set/test_set/images/before/before-video-008/frame_0012.jpg,/kaggle/input/datasets/shuvroahmedimaging/ws2-eca/test_set/test_set/masks/before/before-video-008/frame_0012.jpg
before-video-008,frame_0013.jpg,strict_qmem_v2_T2K2_qmem_code,qmem,2,margin,0.05,0.0001,0.0,0.22237439013951896,0.3638400672221833,0.22797472797472798,0.9005199306759099,11396,2885,0.04741304088383913,0.0021811723709106445,0.639625608921051,0.9966197609901428,0.002276993589475751,0.487548828125,1.0,/kaggle/input/datasets/shuvroahmedimaging/ws2-eca/test_set/test_set/images/before/before-video-008/frame_0013.jpg,/kaggle/input/datasets/shuvroahmedimaging/ws2-eca/test_set/test_set/masks/before/before-video-008/frame_0013.jpg
before-video-008,frame_0014.jpg,strict_qmem_v2_T2K2_qmem_code,qmem,2,margin,0.05,0.0001,0.0,0.12606088038927238,0.22389709576926942,0.13127504124440253,0.7604095563139932,8486,1465,0.04741304088383913,0.0018611580599099398,0.7039369940757751,0.9973201751708984,0.0022591084707528353,0.58056640625,1.0,/kaggle/input/datasets/shuvroahmedimaging/ws2-eca/test_set/test_set/images/before/before-video-008/frame_0014.jpg,/kaggle/input/datasets/shuvroahmedimaging/ws2-eca/test_set/test_set/masks/before/before-video-008/frame_0014.jpg
before-video-008,frame_0015.jpg,strict_qmem_v2_T2K2_qmem_code,qmem,2,margin,0.05,0.0001,0.0,0.2398998148753131,0.38696645002634816,0.25111136441354154,0.8430922311519327,8773,2613,0.04741304088383913,0.0020665896590799093,0.733706533908844,0.9971834421157837,0.0022746582981199026,0.623291015625,1.0,/kaggle/input/datasets/shuvroahmedimaging/ws2-eca/test_set/test_set/images/before/before-video-008/frame_0015.jpg,/kaggle/input/datasets/shuvroahmedimaging/ws2-eca/test_set/test_set/masks/before/before-video-008/frame_0015.jpg
before-video-008,frame_0016.jpg,strict_qmem_v2_T2K2_qmem_code,qmem,2,margin,0.05,0.0001,0.0,0.2883188125201678,0.44758922980588606,0.3375519455987911,0.664065403195838,10588,5382,0.04741304088383913,0.002628510585054755,0.7453029155731201,0.9965969920158386,0.0023404196836054325,0.638427734375,1.0,/kaggle/input/datasets/shuvroahmedimaging/ws2-eca/test_set/test_set/images/before/before-video-008/frame_0016.jpg,/kaggle/input/datasets/shuvroahmedimaging/ws2-eca/test_set/test_set/masks/before/before-video-008/frame_0016.jpg
before-video-008,frame_0017.jpg,strict_qmem_v2_T2K2_qmem_code,qmem,2,margin,0.05,0.0001,0.0,0.38264589452177244,0.5534980374047564,0.47692185261817605,0.6593684673781494,12566,9089,0.04741304088383913,0.0034106415696442127,0.7102715969085693,0.9955869317054749,0.0023248204961419106,0.588623046875,1.000244140625,/kaggle/input/datasets/shuvroahmedimaging/ws2-eca/test_set/test_set/images/before/before-video-008/frame_0017.jpg,/kaggle/input/datasets/shuvroahmedimaging/ws2-eca/test_set/test_set/masks/before/before-video-008/frame_0017.jpg
before-video-008,frame_0018.jpg,strict_qmem_v2_T2K2_qmem_code,qmem,2,margin,0.05,0.0001,0.0,0.400675256666437,0.5721172766627312,0.4135846372688478,0.9277281429483089,14060,6268,0.04741304088383913,0.003001946024596691,0.6402175426483154,0.9957031607627869,0.0023111188784241676,0.487548828125,1.0,/kaggle/input/datasets/shuvroahmedimaging/ws2-eca/test_set/test_set/images/before/before-video-008/frame_0018.jpg,/kaggle/input/datasets/shuvroahmedimaging/ws2-eca/test_set/test_set/masks/before/before-video-008/frame_0018.jpg
before-video-008,frame_0019.jpg,strict_qmem_v2_T2K2_qmem_code,qmem,2,margin,0.05,0.0001,0.0,0.3302703065262593,0.49654616043967126,0.39620212423559703,0.6649561107359891,12428,7405,0.04741304088383913,0.0024515714030712843,0.6361748576164246,0.9963164329528809,0.0022507235407829285,0.48291015625,1.0,/kaggle/input/datasets/shuvroahmedimaging/ws2-eca/test_set/test_set/images/before/before-video-008/frame_0019.jpg,/kaggle/input/datasets/shuvroahmedimaging/ws2-eca/test_set/test_set/masks/before/before-video-008/frame_0019.jpg
before-video-008,frame_0020.jpg,strict_qmem_v2_T2K2_qmem_code,qmem,2,margin,0.05,0.0001,0.0,0.18544340913533588,0.31286758643434287,0.2146628450746719,0.5766970618034448,13258,4935,0.04741304088383913,0.0031407151836901903,0.6862348318099976,0.9958436489105225,0.00227960292249918,0.554931640625,1.0,/kaggle/input/datasets/shuvroahmedimaging/ws2-eca/test_set/test_set/images/before/before-video-008/frame_0020.jpg,/kaggle/input/datasets/shuvroahmedimaging/ws2-eca/test_set/test_set/masks/before/before-video-008/frame_0020.jpg
before-video-008,frame_0021.jpg,strict_qmem_v2_T2K2_qmem_code,qmem,2,margin,0.05,0.0001,0.0,0.196920737502376,0.32904557725901223,0.23814267105968892,0.5321917808219178,13051,5840,0.04741304088383913,0.003495430573821068,0.6421927809715271,0.9953374266624451,0.0022230271715670824,0.4921875,1.0,/kaggle/input/datasets/shuvroahmedimaging/ws2-eca/test_set/test_set/images/before/before-video-008/frame_0021.jpg,/kaggle/input/datasets/shuvroahmedimaging/ws2-eca/test_set/test_set/masks/before/before-video-008/frame_0021.jpg
before-video-008,frame_0022.jpg,strict_qmem_v2_T2K2_qmem_code,qmem,2,margin,0.05,0.0001,0.0,0.3551123595505618,0.5241076240620206,0.46426735218508997,0.6016561964591662,13615,10506,0.04741304088383913,0.004018797073513269,0.6213006973266602,0.9946192502975464,0.002312886528670788,0.46044921875,1.0,/kaggle/input/datasets/shuvroahmedimaging/ws2-eca/test_set/test_set/images/before/before-video-008/frame_0022.jpg,/kaggle/input/datasets/shuvroahmedimaging/ws2-eca/test_set/test_set/masks/before/before-video-008/frame_0022.jpg
before-video-008,frame_0023.jpg,strict_qmem_v2_T2K2_qmem_code,qmem,2,margin,0.05,0.0001,0.0,0.3145115753811406,0.47852233676975947,0.38820741566768885,0.6236005373936409,14348,8932,0.04741304088383913,0.004260209854692221,0.5910117626190186,0.9941686391830444,0.002254372462630272,0.41796875,1.0,/kaggle/input/datasets/shuvroahmedimaging/ws2-eca/test_set/test_set/images/before/before-video-008/frame_0023.jpg,/kaggle/input/datasets/shuvroahmedimaging/ws2-eca/test_set/test_set/masks/before/before-video-008/frame_0023.jpg
before-video-008,frame_0024.jpg,strict_qmem_v2_T2K2_qmem_code,qmem,2,margin,0.05,0.0001,0.0,0.4037569159378904,0.5752518991767586,0.4797985153764581,0.7181176097135148,18860,12601,0.04741304088383913,0.0054475595243275166,0.5862830281257629,0.9929457902908325,0.0022731786593794823,0.41064453125,1.0001163482666016,/kaggle/input/datasets/shuvroahmedimaging/ws2-eca/test_set/test_set/images/before/before-video-008/frame_0024.jpg,/kaggle/input/datasets/shuvroahmedimaging/ws2-eca/test_set/test_set/masks/before/before-video-008/frame_0024.jpg
before-video-008,frame_0025.jpg,strict_qmem_v2_T2K2_qmem_code,qmem,2,margin,0.05,0.0001,0.0,0.35860124596425813,0.5278977139605717,0.41557757166947723,0.7234198697367215,18976,10901,0.04741304088383913,0.004915190860629082,0.5614402890205383,0.9931130409240723,0.0023509692400693893,0.373291015625,1.0005314350128174,/kaggle/input/datasets/shuvroahmedimaging/ws2-eca/test_set/test_set/images/before/before-video-008/frame_0025.jpg,/kaggle/input/datasets/shuvroahmedimaging/ws2-eca/test_set/test_set/masks/before/before-video-008/frame_0025.jpg
before-video-008,frame_0026.jpg,strict_qmem_v2_T2K2_qmem_code,qmem,2,margin,0.05,0.0001,0.0,0.28524475218020073,0.4438761593016912,0.3142774371107141,0.755367297203203,20711,8617,0.04741304088383913,0.004764040932059288,0.5841849446296692,0.993346095085144,0.0023810232523828745,0.40576171875,1.0003594160079956,/kaggle/input/datasets/shuvroahmedimaging/ws2-eca/test_set/test_set/images/before/before-video-008/frame_0026.jpg,/kaggle/input/datasets/shuvroahmedimaging/ws2-eca/test_set/test_set/masks/before/before-video-008/frame_0026.jpg
before-video-008,frame_0027.jpg,strict_qmem_v2_T2K2_qmem_code,qmem,2,margin,0.05,0.0001,0.0,0.2787289611143355,0.43594689662997843,0.3090743322964711,0.739509816501989,18646,7793,0.04741304088383913,0.004273158498108387,0.6127344965934753,0.9938176870346069,0.0024443999864161015,0.445556640625,1.0001294612884521,/kaggle/input/datasets/shuvroahmedimaging/ws2-eca/test_set/test_set/images/before/before-video-008/frame_0027.jpg,/kaggle/input/datasets/shuvroahmedimaging/ws2-eca/test_set/test_set/masks/before/before-video-008/frame_0027.jpg
before-video-008,frame_0028.jpg,strict_qmem_v2_T2K2_qmem_code,qmem,2,margin,0.05,0.0001,0.0,0.37917222963951935,0.5498547918683446,0.43658724058416604,0.742483660130719,15612,9180,0.04741304088383913,0.004343440756201744,0.6259920001029968,0.9938961267471313,0.002511936007067561,0.462890625,1.0,/kaggle/input/datasets/shuvroahmedimaging/ws2-eca/test_set/test_set/images/before/before-video-008/frame_0028.jpg,/kaggle/input/datasets/shuvroahmedimaging/ws2-eca/test_set/test_set/masks/before/before-video-008/frame_0028.jpg
before-video-008,frame_0029.jpg,strict_qmem_v2_T2K2_qmem_code,qmem,2,margin,0.05,0.0001,0.0,0.5204554557418322,0.684604673917134,0.613599568267674,0.7741935483870968,14824,11749,0.04741304088383913,0.0038307111244648695,0.6305021643638611,0.9944503903388977,0.0024787704460322857,0.470458984375,1.0,/kaggle/input/datasets/shuvroahmedimaging/ws2-eca/test_set/test_set/images/before/before-video-008/frame_0029.jpg,/kaggle/input/datasets/shuvroahmedimaging/ws2-eca/test_set/test_set/masks/before/before-video-008/frame_0029.jpg
before-video-008,frame_0030.jpg,strict_qmem_v2_T2K2_qmem_code,qmem,2,margin,0.05,0.0001,0.0,0.49587952807256774,0.6629939360310729,0.5516058827408824,0.8307508939213349,15163,10068,0.04741304088383913,0.0036695164162665606,0.6103886961936951,0.9946938753128052,0.002479159738868475,0.44091796875,1.000244140625,/kaggle/input/datasets/shuvroahmedimaging/ws2-eca/test_set/test_set/images/before/before-video-008/frame_0030.jpg,/kaggle/input/datasets/shuvroahmedimaging/ws2-eca/test_set/test_set/masks/before/before-video-008/frame_0030.jpg
before-video-008,frame_0031.jpg,strict_qmem_v2_T2K2_qmem_code,qmem,2,margin,0.05,0.0001,0.0,0.3940600630496101,0.5653415853368245,0.44027683371439164,0.7896486756067826,16183,9023,0.04741304088383913,0.003828320885077119,0.6026471853256226,0.9945229291915894,0.002383309416472912,0.431884765625,1.0,/kaggle/input/datasets/shuvroahmedimaging/ws2-eca/test_set/test_set/images/before/before-video-008/frame_0031.jpg,/kaggle/input/datasets/shuvroahmedimaging/ws2-eca/test_set/test_set/masks/before/before-video-008/frame_0031.jpg
before-video-008,frame_0032.jpg,strict_qmem_v2_T2K2_qmem_code,qmem,2,margin,0.05,0.0001,0.0,0.25700309197471044,0.40891401718187825,0.31360513571348125,0.5874472573839662,17758,9480,0.04741304088383913,0.0042794328182935715,0.5998831391334534,0.9939408302307129,0.0024111238308250904,0.427001953125,1.0,/kaggle/input/datasets/shuvroahmedimaging/ws2-eca/test_set/test_set/images/before/before-video-008/frame_0032.jpg,/kaggle/input/datasets/shuvroahmedimaging/ws2-eca/test_set/test_set/masks/before/before-video-008/frame_0032.jpg
before-video-008,frame_0033.jpg,strict_qmem_v2_T2K2_qmem_code,qmem,2,margin,0.05,0.0001,0.0,0.2491378506850592,0.39889568721086405,0.296095264469676,0.6110412618584982,18055,8749,0.04741304088383913,0.00405931519344449,0.5777121782302856,0.9941631555557251,0.002469421364367008,0.394287109375,1.0,/kaggle/input/datasets/shuvroahmedimaging/ws2-eca/test_set/test_set/images/before/before-video-008/frame_0033.jpg,/kaggle/input/datasets/shuvroahmedimaging/ws2-eca/test_set/test_set/masks/before/before-video-008/frame_0033.jpg
before-video-008,frame_0034.jpg,strict_qmem_v2_T2K2_qmem_code,qmem,2,margin,0.05,0.0001,0.0,0.24168302139677372,0.38928296067848883,0.3076969955512219,0.5297450424929179,16409,9531,0.04741304088383913,0.0033366105053573847,0.577454686164856,0.9948116540908813,0.002412664471194148,0.395263671875,1.0,/kaggle/input/datasets/shuvroahmedimaging/ws2-eca/test_set/test_set/images/before/before-video-008/frame_0034.jpg,/kaggle/input/datasets/shuvroahmedimaging/ws2-eca/test_set/test_set/masks/before/before-video-008/frame_0034.jpg
before-video-008,frame_0035.jpg,strict_qmem_v2_T2K2_qmem_code,qmem,2,margin,0.05,0.0001,0.0,0.26222202993856536,0.41549271636675233,0.305293910240266,0.6501823642995066,19853,9322,0.04741304088383913,0.004038304556161165,0.6017535328865051,0.9941651225090027,0.0023878358770161867,0.430419921875,1.0,/kaggle/input/datasets/shuvroahmedimaging/ws2-eca/test_set/test_set/images/before/before-video-008/frame_0035.jpg,/kaggle/input/datasets/shuvroahmedimaging/ws2-eca/test_set/test_set/masks/before/before-video-008/frame_0035.jpg
before-video-008,frame_0036.jpg,strict_qmem_v2_T2K2_qmem_code,qmem,2,margin,0.05,0.0001,0.0,0.3614428466975384,0.530970282849982,0.42935726693688475,0.6955909943714822,13816,8528,0.04741304088383913,0.0031866994686424732,0.5989640951156616,0.9950067400932312,0.002410438610240817,0.42626953125,1.0001206398010254,/kaggle/input/datasets/shuvroahmedimaging/ws2-eca/test_set/test_set/images/before/before-video-008/frame_0036.jpg,/kaggle/input/datasets/shuvroahmedimaging/ws2-eca/test_set/test_set/masks/before/before-video-008/frame_0036.jpg
before-video-008,frame_0037.jpg,strict_qmem_v2_T2K2_qmem_code,qmem,2,margin,0.05,0.0001,0.0,0.37398926925111464,0.5443845561544385,0.4478733031674208,0.6939147504206393,11050,7132,0.04741304088383913,0.0029401767533272505,0.6572892665863037,0.9956707954406738,0.0024130053352564573,0.51025390625,1.0,/kaggle/input/datasets/shuvroahmedimaging/ws2-eca/test_set/test_set/images/before/before-video-008/frame_0037.jpg,/kaggle/input/datasets/shuvroahmedimaging/ws2-eca/test_set/test_set/masks/before/before-video-008/frame_0037.jpg
before-video-008,frame_0038.jpg,strict_qmem_v2_T2K2_qmem_code,qmem,2,margin,0.05,0.0001,0.0,0.44741474864706265,0.6182260462182981,0.5581130540870273,0.6928513731825525,12295,9904,0.04741304088383913,0.004064283799380064,0.6679449677467346,0.9946365356445312,0.002418345073238015,0.525634765625,1.000244140625,/kaggle/input/datasets/shuvroahmedimaging/ws2-eca/test_set/test_set/images/before/before-video-008/frame_0038.jpg,/kaggle/input/datasets/shuvroahmedimaging/ws2-eca/test_set/test_set/masks/before/before-video-008/frame_0038.jpg
before-video-008,frame_0039.jpg,strict_qmem_v2_T2K2_qmem_code,qmem,2,margin,0.05,0.0001,0.0,0.35787321063394684,0.5271084337349398,0.43243243243243246,0.6748614123885274,12950,8298,0.04741304088383913,0.003445107489824295,0.628555953502655,0.9951121211051941,0.0022864483762532473,0.471435546875,1.0001243352890015,/kaggle/input/datasets/shuvroahmedimaging/ws2-eca/test_set/test_set/images/before/before-video-008/frame_0039.jpg,/kaggle/input/datasets/shuvroahmedimaging/ws2-eca/test_set/test_set/masks/before/before-video-008/frame_0039.jpg
before-video-008,frame_0040.jpg,strict_qmem_v2_T2K2_qmem_code,qmem,2,margin,0.05,0.0001,0.0,0.4139202999334825,0.5854931143614747,0.459735375109141,0.8059578476392323,14889,8493,0.04741304088383913,0.0032834967132657766,0.6275266408920288,0.9953290224075317,0.0023410585708916187,0.468994140625,1.0001356601715088,/kaggle/input/datasets/shuvroahmedimaging/ws2-eca/test_set/test_set/images/before/before-video-008/frame_0040.jpg,/kaggle/input/datasets/shuvroahmedimaging/ws2-eca/test_set/test_set/masks/before/before-video-008/frame_0040.jpg
before-video-008,frame_0041.jpg,strict_qmem_v2_T2K2_qmem_code,qmem,2,margin,0.05,0.0001,0.0,0.3864062233831128,0.5574213630406291,0.40602625298329353,0.8888453500522466,16760,7656,0.04741304088383913,0.0034292314667254686,0.6629834175109863,0.9951620101928711,0.002415002789348364,0.518310546875,1.000244140625,/kaggle/input/datasets/shuvroahmedimaging/ws2-eca/test_set/test_set/images/before/before-video-008/frame_0041.jpg,/kaggle/input/datasets/shuvroahmedimaging/ws2-eca/test_set/test_set/masks/before/before-video-008/frame_0041.jpg
before-video-008,frame_0042.jpg,strict_qmem_v2_T2K2_qmem_code,qmem,2,margin,0.05,0.0001,0.0,0.3708997617738684,0.5411041304638418,0.40544871794871795,0.8131779831257533,14976,7467,0.04741304088383913,0.002750034909695387,0.6746214628219604,0.9958844184875488,0.0025786547921597958,0.53173828125,1.0,/kaggle/input/datasets/shuvroahmedimaging/ws2-eca/test_set/test_set/images/before/before-video-008/frame_0042.jpg,/kaggle/input/datasets/shuvroahmedimaging/ws2-eca/test_set/test_set/masks/before/before-video-008/frame_0042.jpg
before-video-008,frame_0043.jpg,strict_qmem_v2_T2K2_qmem_code,qmem,2,margin,0.05,0.0001,0.0,0.27936919091878715,0.4367295897099982,0.3397887323943662,0.6110648225295784,10792,6001,0.04741304088383913,0.0022837177384644747,0.6813920140266418,0.9964584112167358,0.0024409473408013582,0.54443359375,1.0,/kaggle/input/datasets/shuvroahmedimaging/ws2-eca/test_set/test_set/images/before/before-video-008/frame_0043.jpg,/kaggle/input/datasets/shuvroahmedimaging/ws2-eca/test_set/test_set/masks/before/before-video-008/frame_0043.jpg
before-video-008,frame_0044.jpg,strict_qmem_v2_T2K2_qmem_code,qmem,2,margin,0.05,0.0001,0.0,0.28349226923433013,0.44175142465555794,0.3315288003464703,0.6617678841582019,9236,4627,0.04741304088383913,0.0022333499509841204,0.6848823428153992,0.9967334866523743,0.0023478486109524965,0.551513671875,1.0,/kaggle/input/datasets/shuvroahmedimaging/ws2-eca/test_set/test_set/images/before/before-video-008/frame_0044.jpg,/kaggle/input/datasets/shuvroahmedimaging/ws2-eca/test_set/test_set/masks/before/before-video-008/frame_0044.jpg
before-video-008,frame_0045.jpg,strict_qmem_v2_T2K2_qmem_code,qmem,2,margin,0.05,0.0001,0.0,0.28155034863998996,0.4393902259693152,0.3292441048997282,0.6602828520919269,13613,6788,0.04741304088383913,0.0034737964160740376,0.6834248900413513,0.9954911470413208,0.0022504404187202454,0.55126953125,1.000126600265503,/kaggle/input/datasets/shuvroahmedimaging/ws2-eca/test_set/test_set/images/before/before-video-008/frame_0045.jpg,/kaggle/input/datasets/shuvroahmedimaging/ws2-eca/test_set/test_set/masks/before/before-video-008/frame_0045.jpg
before-video-008,frame_0046.jpg,strict_qmem_v2_T2K2_qmem_code,qmem,2,margin,0.05,0.0001,0.0,0.2774503973617343,0.43438148038427354,0.30031014102639125,0.7847094801223241,17089,6540,0.04741304088383913,0.0044584195129573345,0.6350617408752441,0.9942925572395325,0.002289324766024947,0.480712890625,1.0,/kaggle/input/datasets/shuvroahmedimaging/ws2-eca/test_set/test_set/images/before/before-video-008/frame_0046.jpg,/kaggle/input/datasets/shuvroahmedimaging/ws2-eca/test_set/test_set/masks/before/before-video-008/frame_0046.jpg
before-video-008,frame_0047.jpg,strict_qmem_v2_T2K2_qmem_code,qmem,2,margin,0.05,0.0001,0.0,0.22024056408129408,0.3609789259007478,0.22676560081140235,0.8844472204871955,18733,4803,0.04741304088383913,0.004034774843603373,0.613187849521637,0.9941621422767639,0.002448651473969221,0.44580078125,1.001347541809082,/kaggle/input/datasets/shuvroahmedimaging/ws2-eca/test_set/test_set/images/before/before-video-008/frame_0047.jpg,/kaggle/input/datasets/shuvroahmedimaging/ws2-eca/test_set/test_set/masks/before/before-video-008/frame_0047.jpg
before-video-008,frame_0048.jpg,strict_qmem_v2_T2K2_qmem_code,qmem,2,margin,0.05,0.0001,0.0,0.10405807892777365,0.18850109593660427,0.11315789473684211,0.5640766902119072,14820,2973,0.04741304088383913,0.004007232841104269,0.6319000124931335,0.9943813681602478,0.002449140651151538,0.47265625,1.0,/kaggle/input/datasets/shuvroahmedimaging/ws2-eca/test_set/test_set/images/before/before-video-008/frame_0048.jpg,/kaggle/input/datasets/shuvroahmedimaging/ws2-eca/test_set/test_set/masks/before/before-video-008/frame_0048.jpg
before-video-008,frame_0049.jpg,strict_qmem_v2_T2K2_qmem_code,qmem,2,margin,0.05,0.0001,0.0,0.035795157638042155,0.06911628689144875,0.04003896736483195,0.2524570024570025,10265,1628,0.04741304088383913,0.0031227334402501583,0.6477693915367126,0.9955390691757202,0.0024486640468239784,0.495849609375,1.0,/kaggle/input/datasets/shuvroahmedimaging/ws2-eca/test_set/test_set/images/before/before-video-008/frame_0049.jpg,/kaggle/input/datasets/shuvroahmedimaging/ws2-eca/test_set/test_set/masks/before/before-video-008/frame_0049.jpg
before-video-008,frame_0050.jpg,strict_qmem_v2_T2K2_qmem_code,qmem,2,margin,0.05,0.0001,0.0,0.14753601213040182,0.2571353065539112,0.17351761034329025,0.4963019637847488,11215,3921,0.04741304088383913,0.0034925632644444704,0.6936599612236023,0.9952641129493713,0.0024273914750665426,0.56201171875,1.000244140625,/kaggle/input/datasets/shuvroahmedimaging/ws2-eca/test_set/test_set/images/before/before-video-008/frame_0050.jpg,/kaggle/input/datasets/shuvroahmedimaging/ws2-eca/test_set/test_set/masks/before/before-video-008/frame_0050.jpg
before-video-008,frame_0051.jpg,strict_qmem_v2_T2K2_qmem_code,qmem,2,margin,0.05,0.0001,0.0,0.17716033647718582,0.3009961022087484,0.2024026210411358,0.586869326578003,13735,4737,0.04741304088383913,0.003730938769876957,0.6705598831176758,0.9947910308837891,0.0024816449731588364,0.52783203125,1.0016074180603027,/kaggle/input/datasets/shuvroahmedimaging/ws2-eca/test_set/test_set/images/before/before-video-008/frame_0051.jpg,/kaggle/input/datasets/shuvroahmedimaging/ws2-eca/test_set/test_set/masks/before/before-video-008/frame_0051.jpg
before-video-008,frame_0052.jpg,strict_qmem_v2_T2K2_qmem_code,qmem,2,margin,0.05,0.0001,0.0,0.18664548703693198,0.31457666013290625,0.20990174811790227,0.6275033377837116,15674,5243,0.04741304088383913,0.0036131704691797495,0.6170417070388794,0.9948827624320984,0.0023295320570468903,0.453857421875,1.000244140625,/kaggle/input/datasets/shuvroahmedimaging/ws2-eca/test_set/test_set/images/before/before-video-008/frame_0052.jpg,/kaggle/input/datasets/shuvroahmedimaging/ws2-eca/test_set/test_set/masks/before/before-video-008/frame_0052.jpg
before-video-008,frame_0053.jpg,strict_qmem_v2_T2K2_qmem_code,qmem,2,margin,0.05,0.0001,0.0,0.22578531172178776,0.36839291442420785,0.244534872716949,0.7464971833020367,21134,6923,0.04741304088383913,0.004480932839214802,0.5881486535072327,0.9938772320747375,0.0023452122695744038,0.411376953125,1.0,/kaggle/input/datasets/shuvroahmedimaging/ws2-eca/test_set/test_set/images/before/before-video-008/frame_0053.jpg,/kaggle/input/datasets/shuvroahmedimaging/ws2-eca/test_set/test_set/masks/before/before-video-008/frame_0053.jpg
before-video-008,frame_0054.jpg,strict_qmem_v2_T2K2_qmem_code,qmem,2,margin,0.05,0.0001,0.0,0.2276732249786142,0.3709019963070062,0.24585469493325943,0.7548213272830403,21651,7052,0.04741304088383913,0.0044455379247665405,0.5793453454971313,0.9936611652374268,0.0024615651927888393,0.396484375,1.0,/kaggle/input/datasets/shuvroahmedimaging/ws2-eca/test_set/test_set/images/before/before-video-008/frame_0054.jpg,/kaggle/input/datasets/shuvroahmedimaging/ws2-eca/test_set/test_set/masks/before/before-video-008/frame_0054.jpg
before-video-008,frame_0055.jpg,strict_qmem_v2_T2K2_qmem_code,qmem,2,margin,0.05,0.0001,0.0,0.2117728852838934,0.34952570379436965,0.22932142140132503,0.7345659163987138,19924,6220,0.04741304088383913,0.003725413465872407,0.550651490688324,0.9941404461860657,0.0024322655517607927,0.3564453125,1.0001193284988403,/kaggle/input/datasets/shuvroahmedimaging/ws2-eca/test_set/test_set/images/before/before-video-008/frame_0055.jpg,/kaggle/input/datasets/shuvroahmedimaging/ws2-eca/test_set/test_set/masks/before/before-video-008/frame_0055.jpg
before-video-008,frame_0056.jpg,strict_qmem_v2_T2K2_qmem_code,qmem,2,margin,0.05,0.0001,0.0,0.30177169531084236,0.46363228882278634,0.3294151708164447,0.7824233255398158,17270,7271,0.04741304088383913,0.003832952119410038,0.6053403615951538,0.9944047927856445,0.002465639030560851,0.43408203125,1.000124454498291,/kaggle/input/datasets/shuvroahmedimaging/ws2-eca/test_set/test_set/images/before/before-video-008/frame_0056.jpg,/kaggle/input/datasets/shuvroahmedimaging/ws2-eca/test_set/test_set/masks/before/before-video-008/frame_0056.jpg
before-video-008,frame_0057.jpg,strict_qmem_v2_T2K2_qmem_code,qmem,2,margin,0.05,0.0001,0.0,0.4069462310264986,0.5784815681685196,0.47447357369968207,0.7408899297423888,16669,10675,0.04741304088383913,0.004037872422486544,0.6457650661468506,0.9942354559898376,0.0025045040529221296,0.491455078125,1.0001204013824463,/kaggle/input/datasets/shuvroahmedimaging/ws2-eca/test_set/test_set/images/before/before-video-008/frame_0057.jpg,/kaggle/input/datasets/shuvroahmedimaging/ws2-eca/test_set/test_set/masks/before/before-video-008/frame_0057.jpg
before-video-008,frame_0058.jpg,strict_qmem_v2_T2K2_qmem_code,qmem,2,margin,0.05,0.0001,0.0,0.422018956717704,0.5935489885336068,0.4901085366792395,0.7523336878175588,12991,8463,0.04741304088383913,0.0037585324607789516,0.6559190154075623,0.9945869445800781,0.002335850615054369,0.509521484375,1.0001215934753418,/kaggle/input/datasets/shuvroahmedimaging/ws2-eca/test_set/test_set/images/before/before-video-008/frame_0058.jpg,/kaggle/input/datasets/shuvroahmedimaging/ws2-eca/test_set/test_set/masks/before/before-video-008/frame_0058.jpg
before-video-008,frame_0059.jpg,strict_qmem_v2_T2K2_qmem_code,qmem,2,margin,0.05,0.0001,0.0,0.4431334177506619,0.6141267498903202,0.5076486878544112,0.7771272837387706,15166,9907,0.04741304088383913,0.003759465180337429,0.6310670971870422,0.9947904348373413,0.002387243090197444,0.472900390625,1.0005050897598267,/kaggle/input/datasets/shuvroahmedimaging/ws2-eca/test_set/test_set/images/before/before-video-008/frame_0059.jpg,/kaggle/input/datasets/shuvroahmedimaging/ws2-eca/test_set/test_set/masks/before/before-video-008/frame_0059.jpg
before-video-008,frame_0060.jpg,strict_qmem_v2_T2K2_qmem_code,qmem,2,margin,0.05,0.0001,0.0,0.40151402701499184,0.5729718280025419,0.4400997884917837,0.8207747547284313,18439,9887,0.04741304088383913,0.0035695398692041636,0.601998507976532,0.9949033856391907,0.002376573858782649,0.431396484375,1.000244140625,/kaggle/input/datasets/shuvroahmedimaging/ws2-eca/test_set/test_set/images/before/before-video-008/frame_0060.jpg,/kaggle/input/datasets/shuvroahmedimaging/ws2-eca/test_set/test_set/masks/before/before-video-008/frame_0060.jpg
before-video-008,frame_0061.jpg,strict_qmem_v2_T2K2_qmem_code,qmem,2,margin,0.05,0.0001,0.0,0.3906490449895899,0.5618226200162734,0.42079859587538393,0.8450166438222049,20511,10214,0.04741304088383913,0.003414129838347435,0.5920296907424927,0.9948476552963257,0.00241316226311028,0.416015625,1.0,/kaggle/input/datasets/shuvroahmedimaging/ws2-eca/test_set/test_set/images/before/before-video-008/frame_0061.jpg,/kaggle/input/datasets/shuvroahmedimaging/ws2-eca/test_set/test_set/masks/before/before-video-008/frame_0061.jpg
before-video-008,frame_0062.jpg,strict_qmem_v2_T2K2_qmem_code,qmem,2,margin,0.05,0.0001,0.0,0.49874636040116466,0.665551388251801,0.5129986273449524,0.9472350230414747,24041,13020,0.04741304088383913,0.003672871273010969,0.5780805349349976,0.9943471550941467,0.0025740067940205336,0.39306640625,1.0,/kaggle/input/datasets/shuvroahmedimaging/ws2-eca/test_set/test_set/images/before/before-video-008/frame_0062.jpg,/kaggle/input/datasets/shuvroahmedimaging/ws2-eca/test_set/test_set/masks/before/before-video-008/frame_0062.jpg
before-video-008,frame_0063.jpg,strict_qmem_v2_T2K2_qmem_code,qmem,2,margin,0.05,0.0001,0.0,0.5334324519810335,0.6957364848929536,0.604123054518977,0.82010255143016,21974,16187,0.04741304088383913,0.003267701016739011,0.5884019732475281,0.9946898221969604,0.002537109423428774,0.408203125,1.0,/kaggle/input/datasets/shuvroahmedimaging/ws2-eca/test_set/test_set/images/before/before-video-008/frame_0063.jpg,/kaggle/input/datasets/shuvroahmedimaging/ws2-eca/test_set/test_set/masks/before/before-video-008/frame_0063.jpg
before-video-008,frame_0064.jpg,strict_qmem_v2_T2K2_qmem_code,qmem,2,margin,0.05,0.0001,0.0,0.5159794033788672,0.6807208623399955,0.590397818571359,0.8036720355272752,20537,15087,0.04741304088383913,0.0033874851651489735,0.61614990234375,0.9945674538612366,0.0026082689873874187,0.44677734375,1.0003761053085327,/kaggle/input/datasets/shuvroahmedimaging/ws2-eca/test_set/test_set/images/before/before-video-008/frame_0064.jpg,/kaggle/input/datasets/shuvroahmedimaging/ws2-eca/test_set/test_set/masks/before/before-video-008/frame_0064.jpg
before-video-008,frame_0065.jpg,strict_qmem_v2_T2K2_qmem_code,qmem,2,margin,0.05,0.0001,0.0,0.44373811464276014,0.6147072105976216,0.4822556834957189,0.8474629033931721,16935,9637,0.04741304088383913,0.002527575008571148,0.6261352300643921,0.9957300424575806,0.0025122996885329485,0.463623046875,1.0,/kaggle/input/datasets/shuvroahmedimaging/ws2-eca/test_set/test_set/images/before/before-video-008/frame_0065.jpg,/kaggle/input/datasets/shuvroahmedimaging/ws2-eca/test_set/test_set/masks/before/before-video-008/frame_0065.jpg
before-video-008,frame_0066.jpg,strict_qmem_v2_T2K2_qmem_code,qmem,2,margin,0.05,0.0001,0.0,0.3747659840018154,0.545206949201502,0.4084837991590403,0.8195013025679196,16172,8061,0.04741304088383913,0.003092908998951316,0.6727524399757385,0.9954516887664795,0.002484214026480913,0.531005859375,1.0,/kaggle/input/datasets/shuvroahmedimaging/ws2-eca/test_set/test_set/images/before/before-video-008/frame_0066.jpg,/kaggle/input/datasets/shuvroahmedimaging/ws2-eca/test_set/test_set/masks/before/before-video-008/frame_0066.jpg
before-video-008,frame_0067.jpg,strict_qmem_v2_T2K2_qmem_code,qmem,2,margin,0.05,0.0001,0.0,0.3885103260299822,0.5596073990184975,0.4183788665613005,0.8447686346022338,17716,8774,0.04741304088383913,0.0033412163611501455,0.643092930316925,0.995184063911438,0.002455825451761484,0.489013671875,1.0,/kaggle/input/datasets/shuvroahmedimaging/ws2-eca/test_set/test_set/images/before/before-video-008/frame_0067.jpg,/kaggle/input/datasets/shuvroahmedimaging/ws2-eca/test_set/test_set/masks/before/before-video-008/frame_0067.jpg
before-video-008,frame_0068.jpg,strict_qmem_v2_T2K2_qmem_code,qmem,2,margin,0.05,0.0001,0.0,0.364243263046487,0.5339857969803664,0.3795063194503351,0.9005636070853462,23578,9936,0.04741304088383913,0.004137646872550249,0.6163684129714966,0.9940338134765625,0.0024914301466196775,0.449462890625,1.0,/kaggle/input/datasets/shuvroahmedimaging/ws2-eca/test_set/test_set/images/before/before-video-008/frame_0068.jpg,/kaggle/input/datasets/shuvroahmedimaging/ws2-eca/test_set/test_set/masks/before/before-video-008/frame_0068.jpg
before-video-008,frame_0069.jpg,strict_qmem_v2_T2K2_qmem_code,qmem,2,margin,0.05,0.0001,0.0,0.3562049062049062,0.5252965898813641,0.3902458303691408,0.8032866905304263,25302,12292,0.04741304088383913,0.0045773242600262165,0.5768550634384155,0.9932270050048828,0.0025966400280594826,0.390380859375,1.0,/kaggle/input/datasets/shuvroahmedimaging/ws2-eca/test_set/test_set/images/before/before-video-008/frame_0069.jpg,/kaggle/input/datasets/shuvroahmedimaging/ws2-eca/test_set/test_set/masks/before/before-video-008/frame_0069.jpg
before-video-008,frame_0070.jpg,strict_qmem_v2_T2K2_qmem_code,qmem,2,margin,0.05,0.0001,0.0,0.3377533235364478,0.5049560596770897,0.3893857610023246,0.7180847199011844,25381,13763,0.04741304088383913,0.004421697463840246,0.5612683296203613,0.9933814406394958,0.002529635326936841,0.369384765625,1.0,/kaggle/input/datasets/shuvroahmedimaging/ws2-eca/test_set/test_set/images/before/before-video-008/frame_0070.jpg,/kaggle/input/datasets/shuvroahmedimaging/ws2-eca/test_set/test_set/masks/before/before-video-008/frame_0070.jpg
before-video-008,frame_0071.jpg,strict_qmem_v2_T2K2_qmem_code,qmem,2,margin,0.05,0.0001,0.0,0.37101839389860924,0.5412303664921466,0.43735576923076924,0.7098158551810237,20800,12816,0.04741304088383913,0.003768772818148136,0.5705140233039856,0.994073748588562,0.0025280392728745937,0.382568359375,1.000244140625,/kaggle/input/datasets/shuvroahmedimaging/ws2-eca/test_set/test_set/images/before/before-video-008/frame_0071.jpg,/kaggle/input/datasets/shuvroahmedimaging/ws2-eca/test_set/test_set/masks/before/before-video-008/frame_0071.jpg
before-video-008,frame_0072.jpg,strict_qmem_v2_T2K2_qmem_code,qmem,2,margin,0.05,0.0001,0.0,0.32482250738633855,0.4903638118696535,0.39062417139523786,0.6585016985517611,18857,11186,0.04741304088383913,0.00372707680799067,0.5728656053543091,0.9942564368247986,0.0025536748580634594,0.3857421875,1.000244140625,/kaggle/input/datasets/shuvroahmedimaging/ws2-eca/test_set/test_set/images/before/before-video-008/frame_0072.jpg,/kaggle/input/datasets/shuvroahmedimaging/ws2-eca/test_set/test_set/masks/before/before-video-008/frame_0072.jpg
before-video-008,frame_0073.jpg,strict_qmem_v2_T2K2_qmem_code,qmem,2,margin,0.05,0.0001,0.0,0.3594894611478136,0.5288595041322314,0.4292230092294484,0.6887377303254693,18636,11614,0.04741304088383913,0.003650337690487504,0.5760462880134583,0.9944629669189453,0.0025112838484346867,0.39111328125,1.0,/kaggle/input/datasets/shuvroahmedimaging/ws2-eca/test_set/test_set/images/before/before-video-008/frame_0073.jpg,/kaggle/input/datasets/shuvroahmedimaging/ws2-eca/test_set/test_set/masks/before/before-video-008/frame_0073.jpg
before-video-008,frame_0074.jpg,strict_qmem_v2_T2K2_qmem_code,qmem,2,margin,0.05,0.0001,0.0,0.41822930045380596,0.5897908050834667,0.44844840249724566,0.8612360045843251,21784,11343,0.04741304088383913,0.003663330804556608,0.5760117769241333,0.9943667054176331,0.0026819531340152025,0.387451171875,1.0,/kaggle/input/datasets/shuvroahmedimaging/ws2-eca/test_set/test_set/images/before/before-video-008/frame_0074.jpg,/kaggle/input/datasets/shuvroahmedimaging/ws2-eca/test_set/test_set/masks/before/before-video-008/frame_0074.jpg
before-video-008,frame_0075.jpg,strict_qmem_v2_T2K2_qmem_code,qmem,2,margin,0.05,0.0001,0.0,0.38272901634852496,0.5535849928993692,0.4250431078202657,0.7935801533945649,19718,10561,0.04741304088383913,0.0038779128808528185,0.5738534331321716,0.9940899014472961,0.002498345449566841,0.3876953125,1.0,/kaggle/input/datasets/shuvroahmedimaging/ws2-eca/test_set/test_set/images/before/before-video-008/frame_0075.jpg,/kaggle/input/datasets/shuvroahmedimaging/ws2-eca/test_set/test_set/masks/before/before-video-008/frame_0075.jpg
before-video-008,frame_0076.jpg,strict_qmem_v2_T2K2_qmem_code,qmem,2,margin,0.05,0.0001,0.0,0.3736051398483165,0.5439774925268156,0.4127001067235859,0.7977307890665292,18740,9695,0.04741304088383913,0.003522159531712532,0.5895205736160278,0.9946046471595764,0.002547117182984948,0.409912109375,1.0,/kaggle/input/datasets/shuvroahmedimaging/ws2-eca/test_set/test_set/images/before/before-video-008/frame_0076.jpg,/kaggle/input/datasets/shuvroahmedimaging/ws2-eca/test_set/test_set/masks/before/before-video-008/frame_0076.jpg
before-video-008,frame_0077.jpg,strict_qmem_v2_T2K2_qmem_code,qmem,2,margin,0.05,0.0001,0.0,0.33285755067085354,0.4994645534375669,0.38084661614841914,0.7253950479034466,15308,8037,0.04741304088383913,0.003217212622985244,0.6087841391563416,0.9951037764549255,0.002470557112246752,0.439208984375,1.0,/kaggle/input/datasets/shuvroahmedimaging/ws2-eca/test_set/test_set/images/before/before-video-008/frame_0077.jpg,/kaggle/input/datasets/shuvroahmedimaging/ws2-eca/test_set/test_set/masks/before/before-video-008/frame_0077.jpg
before-video-008,frame_0078.jpg,strict_qmem_v2_T2K2_qmem_code,qmem,2,margin,0.05,0.0001,0.0,0.35110879509003534,0.5197343046925219,0.3783143053216046,0.8300027374760471,16029,7306,0.04741304088383913,0.0026794029399752617,0.6020514369010925,0.9958565831184387,0.0023320959880948067,0.43212890625,1.0,/kaggle/input/datasets/shuvroahmedimaging/ws2-eca/test_set/test_set/images/before/before-video-008/frame_0078.jpg,/kaggle/input/datasets/shuvroahmedimaging/ws2-eca/test_set/test_set/masks/before/before-video-008/frame_0078.jpg
before-video-008,frame_0079.jpg,strict_qmem_v2_T2K2_qmem_code,qmem,2,margin,0.05,0.0001,0.0,0.3641218145289204,0.5338552769272509,0.4304913114139267,0.7025400387636438,15998,9803,0.04741304088383913,0.0028713634237647057,0.6187546253204346,0.9957202076911926,0.002338924678042531,0.4560546875,1.0,/kaggle/input/datasets/shuvroahmedimaging/ws2-eca/test_set/test_set/images/before/before-video-008/frame_0079.jpg,/kaggle/input/datasets/shuvroahmedimaging/ws2-eca/test_set/test_set/masks/before/before-video-008/frame_0079.jpg
before-video-008,frame_0080.jpg,strict_qmem_v2_T2K2_qmem_code,qmem,2,margin,0.05,0.0001,0.0,0.4014894419306184,0.5729467949149122,0.46521026761332607,0.7456232492997199,18310,11424,0.04741304088383913,0.003143741749227047,0.6159367561340332,0.9954038262367249,0.002402676036581397,0.451171875,1.0,/kaggle/input/datasets/shuvroahmedimaging/ws2-eca/test_set/test_set/images/before/before-video-008/frame_0080.jpg,/kaggle/input/datasets/shuvroahmedimaging/ws2-eca/test_set/test_set/masks/before/before-video-008/frame_0080.jpg
before-video-008,frame_0081.jpg,strict_qmem_v2_T2K2_qmem_code,qmem,2,margin,0.05,0.0001,0.0,0.4359167024474023,0.6071615459370562,0.5478953049109552,0.680804694048617,14824,11930,0.04741304088383913,0.0028164428658783436,0.5926106572151184,0.9955416917800903,0.0024010869674384594,0.4169921875,1.0,/kaggle/input/datasets/shuvroahmedimaging/ws2-eca/test_set/test_set/images/before/before-video-008/frame_0081.jpg,/kaggle/input/datasets/shuvroahmedimaging/ws2-eca/test_set/test_set/masks/before/before-video-008/frame_0081.jpg
before-video-008,frame_0082.jpg,strict_qmem_v2_T2K2_qmem_code,qmem,2,margin,0.05,0.0001,0.0,0.396181267701924,0.5675212479451576,0.5046025625077746,0.6483656996723408,16078,12513,0.04741304088383913,0.003131753532215953,0.6020140051841736,0.9952443838119507,0.002413269365206361,0.430419921875,1.0,/kaggle/input/datasets/shuvroahmedimaging/ws2-eca/test_set/test_set/images/before/before-video-008/frame_0082.jpg,/kaggle/input/datasets/shuvroahmedimaging/ws2-eca/test_set/test_set/masks/before/before-video-008/frame_0082.jpg
before-video-008,frame_0083.jpg,strict_qmem_v2_T2K2_qmem_code,qmem,2,margin,0.05,0.0001,0.0,0.39407721329267664,0.5653592348187143,0.45828825579997595,0.7377128482972136,16638,10336,0.04741304088383913,0.002931619994342327,0.5917720794677734,0.9953228235244751,0.00246701342985034,0.414794921875,1.0,/kaggle/input/datasets/shuvroahmedimaging/ws2-eca/test_set/test_set/images/before/before-video-008/frame_0083.jpg,/kaggle/input/datasets/shuvroahmedimaging/ws2-eca/test_set/test_set/masks/before/before-video-008/frame_0083.jpg
before-video-008,frame_0084.jpg,strict_qmem_v2_T2K2_qmem_code,qmem,2,margin,0.05,0.0001,0.0,0.3474083438685209,0.5156689810471008,0.35942711398862076,0.9121991701244814,15291,6025,0.04741304088383913,0.0025377674028277397,0.5823214054107666,0.99590665102005,0.0024304010439664125,0.402099609375,1.0,/kaggle/input/datasets/shuvroahmedimaging/ws2-eca/test_set/test_set/images/before/before-video-008/frame_0084.jpg,/kaggle/input/datasets/shuvroahmedimaging/ws2-eca/test_set/test_set/masks/before/before-video-008/frame_0084.jpg
before-video-008,frame_0085.jpg,strict_qmem_v2_T2K2_qmem_code,qmem,2,margin,0.05,0.0001,0.0,0.3825076720736519,0.5533534168384335,0.38849721706864565,0.9612559676827029,13475,5446,0.04741304088383913,0.002423780271783471,0.6674515008926392,0.9962721467018127,0.002481752308085561,0.523681640625,1.0,/kaggle/input/datasets/shuvroahmedimaging/ws2-eca/test_set/test_set/images/before/before-video-008/frame_0085.jpg,/kaggle/input/datasets/shuvroahmedimaging/ws2-eca/test_set/test_set/masks/before/before-video-008/frame_0085.jpg
before-video-008,frame_0086.jpg,strict_qmem_v2_T2K2_qmem_code,qmem,2,margin,0.05,0.0001,0.0,0.3077420546932742,0.47064641469445423,0.3279834580543521,0.83295823955989,10156,3999,0.04741304088383913,0.002251851838082075,0.7001972794532776,0.9965909719467163,0.0024421396665275097,0.571533203125,1.0,/kaggle/input/datasets/shuvroahmedimaging/ws2-eca/test_set/test_set/images/before/before-video-008/frame_0086.jpg,/kaggle/input/datasets/shuvroahmedimaging/ws2-eca/test_set/test_set/masks/before/before-video-008/frame_0086.jpg
before-video-008,frame_0087.jpg,strict_qmem_v2_T2K2_qmem_code,qmem,2,margin,0.05,0.0001,0.0,0.26668233082706766,0.4210721572992024,0.2875237492083597,0.7862833391063387,7895,2887,0.04741304088383913,0.0023636166006326675,0.7154794931411743,0.9967741966247559,0.0023664922919124365,0.594970703125,1.0,/kaggle/input/datasets/shuvroahmedimaging/ws2-eca/test_set/test_set/images/before/before-video-008/frame_0087.jpg,/kaggle/input/datasets/shuvroahmedimaging/ws2-eca/test_set/test_set/masks/before/before-video-008/frame_0087.jpg
before-video-008,frame_0088.jpg,strict_qmem_v2_T2K2_qmem_code,qmem,2,margin,0.05,0.0001,0.0,0.35710733114493187,0.526277211756945,0.3636547811993517,0.9520021214531954,9872,3771,0.04741304088383913,0.0026881531812250614,0.7134513854980469,0.9965261816978455,0.0023565362207591534,0.592529296875,1.0,/kaggle/input/datasets/shuvroahmedimaging/ws2-eca/test_set/test_set/images/before/before-video-008/frame_0088.jpg,/kaggle/input/datasets/shuvroahmedimaging/ws2-eca/test_set/test_set/masks/before/before-video-008/frame_0088.jpg
before-video-008,frame_0089.jpg,strict_qmem_v2_T2K2_qmem_code,qmem,2,margin,0.05,0.0001,0.0,0.3390193801911226,0.5063696391649436,0.34368492530556816,0.961499493414387,11045,3948,0.04741304088383913,0.0028987936675548553,0.7071004509925842,0.9961668848991394,0.002438855590298772,0.58154296875,1.0,/kaggle/input/datasets/shuvroahmedimaging/ws2-eca/test_set/test_set/images/before/before-video-008/frame_0089.jpg,/kaggle/input/datasets/shuvroahmedimaging/ws2-eca/test_set/test_set/masks/before/before-video-008/frame_0089.jpg
before-video-008,frame_0090.jpg,strict_qmem_v2_T2K2_qmem_code,qmem,2,margin,0.05,0.0001,0.0,0.2626761287668415,0.4160625559990226,0.26841828691539676,0.9246922519913107,9515,2762,0.04741304088383913,0.0025597538333386183,0.697644054889679,0.9965041875839233,0.00226786476559937,0.5712890625,1.0,/kaggle/input/datasets/shuvroahmedimaging/ws2-eca/test_set/test_set/images/before/before-video-008/frame_0090.jpg,/kaggle/input/datasets/shuvroahmedimaging/ws2-eca/test_set/test_set/masks/before/before-video-008/frame_0090.jpg
before-video-008,frame_0091.jpg,strict_qmem_v2_T2K2_qmem_code,qmem,2,margin,0.05,0.0001,0.0,0.31564180500350714,0.47982939399324687,0.3460355434039645,0.7823063550318717,11704,5177,0.04741304088383913,0.002910970477387309,0.6873615384101868,0.9961326122283936,0.0023535792715847492,0.554443359375,1.0,/kaggle/input/datasets/shuvroahmedimaging/ws2-eca/test_set/test_set/images/before/before-video-008/frame_0091.jpg,/kaggle/input/datasets/shuvroahmedimaging/ws2-eca/test_set/test_set/masks/before/before-video-008/frame_0091.jpg
before-video-009,frame_0001.jpg,strict_qmem_v2_T2K2_qmem_code,qmem,2,margin,0.05,0.0001,0.0,0.29570484581497797,0.4564385890352741,0.30379030737318496,0.9174259681093394,10606,3512,0.04741304088383913,0.0,0.0,0.0,0.0,0.0,0.0,/kaggle/input/datasets/shuvroahmedimaging/ws2-eca/test_set/test_set/images/before/before-video-009/frame_0001.jpg,/kaggle/input/datasets/shuvroahmedimaging/ws2-eca/test_set/test_set/masks/before/before-video-009/frame_0001.jpg
before-video-009,frame_0002.jpg,strict_qmem_v2_T2K2_qmem_code,qmem,2,margin,0.05,0.0001,0.0,0.30851627332117004,0.471551297620654,0.35426099885111845,0.7049488972565896,14797,7436,0.04741304088383913,0.003946599550545216,0.6753820776939392,0.995040774345398,0.0023153345100581646,0.538330078125,1.0,/kaggle/input/datasets/shuvroahmedimaging/ws2-eca/test_set/test_set/images/before/before-video-009/frame_0002.jpg,/kaggle/input/datasets/shuvroahmedimaging/ws2-eca/test_set/test_set/masks/before/before-video-009/frame_0002.jpg
before-video-009,frame_0003.jpg,strict_qmem_v2_T2K2_qmem_code,qmem,2,margin,0.05,0.0001,0.0,0.3164122706707105,0.4807191147033274,0.3737593234274975,0.6734391534391534,17027,9450,0.04741304088383913,0.00314011937007308,0.5841391086578369,0.9952674508094788,0.002342032501474023,0.406005859375,1.0,/kaggle/input/datasets/shuvroahmedimaging/ws2-eca/test_set/test_set/images/before/before-video-009/frame_0003.jpg,/kaggle/input/datasets/shuvroahmedimaging/ws2-eca/test_set/test_set/masks/before/before-video-009/frame_0003.jpg
before-video-009,frame_0004.jpg,strict_qmem_v2_T2K2_qmem_code,qmem,2,margin,0.05,0.0001,0.0,0.40641689916301316,0.5779465525547652,0.4495238934932111,0.8090930730778386,22684,12603,0.04741304088383913,0.00388551433570683,0.570533037185669,0.9942985773086548,0.00239746761508286,0.38525390625,1.0,/kaggle/input/datasets/shuvroahmedimaging/ws2-eca/test_set/test_set/images/before/before-video-009/frame_0004.jpg,/kaggle/input/datasets/shuvroahmedimaging/ws2-eca/test_set/test_set/masks/before/before-video-009/frame_0004.jpg
before-video-009,frame_0005.jpg,strict_qmem_v2_T2K2_qmem_code,qmem,2,margin,0.05,0.0001,0.0,0.3862060107885949,0.5572130084313908,0.4194838409672169,0.8295935258414567,21505,10874,0.04741304088383913,0.00372621463611722,0.5309895277023315,0.994266927242279,0.0023921963293105364,0.328369140625,1.0,/kaggle/input/datasets/shuvroahmedimaging/ws2-eca/test_set/test_set/images/before/before-video-009/frame_0005.jpg,/kaggle/input/datasets/shuvroahmedimaging/ws2-eca/test_set/test_set/masks/before/before-video-009/frame_0005.jpg
before-video-009,frame_0006.jpg,strict_qmem_v2_T2K2_qmem_code,qmem,2,margin,0.05,0.0001,0.0,0.3767681810617407,0.5473226157379427,0.41536203522504894,0.8021731427896539,16352,8467,0.04741304088383913,0.0029311475809663534,0.5548457503318787,0.9952674508094788,0.0023046552669256926,0.364501953125,1.0,/kaggle/input/datasets/shuvroahmedimaging/ws2-eca/test_set/test_set/images/before/before-video-009/frame_0006.jpg,/kaggle/input/datasets/shuvroahmedimaging/ws2-eca/test_set/test_set/masks/before/before-video-009/frame_0006.jpg
before-video-009,frame_0007.jpg,strict_qmem_v2_T2K2_qmem_code,qmem,2,margin,0.05,0.0001,0.0,0.38419231244592755,0.5551140675923032,0.44372278923702807,0.741177873152122,14011,8388,0.04741304088383913,0.003019789233803749,0.6242799162864685,0.9956201910972595,0.002398939337581396,0.462890625,1.0,/kaggle/input/datasets/shuvroahmedimaging/ws2-eca/test_set/test_set/images/before/before-video-009/frame_0007.jpg,/kaggle/input/datasets/shuvroahmedimaging/ws2-eca/test_set/test_set/masks/before/before-video-009/frame_0007.jpg
before-video-009,frame_0008.jpg,strict_qmem_v2_T2K2_qmem_code,qmem,2,margin,0.05,0.0001,0.0,0.38264893001735106,0.5535012130845812,0.48996519292009183,0.6359703931558205,13503,10403,0.04741304088383913,0.003582385368645191,0.6218264102935791,0.9951149225234985,0.0023543299175798893,0.46044921875,1.0,/kaggle/input/datasets/shuvroahmedimaging/ws2-eca/test_set/test_set/images/before/before-video-009/frame_0008.jpg,/kaggle/input/datasets/shuvroahmedimaging/ws2-eca/test_set/test_set/masks/before/before-video-009/frame_0008.jpg
before-video-009,frame_0009.jpg,strict_qmem_v2_T2K2_qmem_code,qmem,2,margin,0.05,0.0001,0.0,0.43369259606373006,0.6050008171269815,0.5563236354893003,0.6630131098216204,16636,13959,0.04741304088383913,0.0037210157606750727,0.5780082941055298,0.9947599172592163,0.002420512493699789,0.396240234375,1.000244140625,/kaggle/input/datasets/shuvroahmedimaging/ws2-eca/test_set/test_set/images/before/before-video-009/frame_0009.jpg,/kaggle/input/datasets/shuvroahmedimaging/ws2-eca/test_set/test_set/masks/before/before-video-009/frame_0009.jpg
before-video-009,frame_0010.jpg,strict_qmem_v2_T2K2_qmem_code,qmem,2,margin,0.05,0.0001,0.0,0.4732846715328467,0.6424891002774474,0.5752561770837954,0.7275175315568022,22543,17825,0.04741304088383913,0.00495570432394743,0.5739467144012451,0.9930657148361206,0.0025557023473083973,0.386962890625,1.0,/kaggle/input/datasets/shuvroahmedimaging/ws2-eca/test_set/test_set/images/before/before-video-009/frame_0010.jpg,/kaggle/input/datasets/shuvroahmedimaging/ws2-eca/test_set/test_set/masks/before/before-video-009/frame_0010.jpg
before-video-009,frame_0011.jpg,strict_qmem_v2_T2K2_qmem_code,qmem,2,margin,0.05,0.0001,0.0,0.5253395751321063,0.6888165542897001,0.609337721102427,0.7921390374331551,24310,18700,0.04741304088383913,0.0044881487265229225,0.5656765699386597,0.9931536912918091,0.0026719970628619194,0.372802734375,1.0,/kaggle/input/datasets/shuvroahmedimaging/ws2-eca/test_set/test_set/images/before/before-video-009/frame_0011.jpg,/kaggle/input/datasets/shuvroahmedimaging/ws2-eca/test_set/test_set/masks/before/before-video-009/frame_0011.jpg
before-video-009,frame_0012.jpg,strict_qmem_v2_T2K2_qmem_code,qmem,2,margin,0.05,0.0001,0.0,0.49216450216450214,0.6596652064173605,0.5850056601831841,0.756168939142002,19434,15035,0.04741304088383913,0.004059869330376387,0.5681074857711792,0.9935528039932251,0.002641476923599839,0.3779296875,1.0001168251037598,/kaggle/input/datasets/shuvroahmedimaging/ws2-eca/test_set/test_set/images/before/before-video-009/frame_0012.jpg,/kaggle/input/datasets/shuvroahmedimaging/ws2-eca/test_set/test_set/masks/before/before-video-009/frame_0012.jpg
before-video-009,frame_0013.jpg,strict_qmem_v2_T2K2_qmem_code,qmem,2,margin,0.05,0.0001,0.0,0.4920317799563258,0.6595459782642543,0.5614760617146493,0.7991246604286145,18861,13252,0.04741304088383913,0.003665731754153967,0.6040393114089966,0.9941482543945312,0.0027251793071627617,0.42724609375,1.0,/kaggle/input/datasets/shuvroahmedimaging/ws2-eca/test_set/test_set/images/before/before-video-009/frame_0013.jpg,/kaggle/input/datasets/shuvroahmedimaging/ws2-eca/test_set/test_set/masks/before/before-video-009/frame_0013.jpg
before-video-009,frame_0014.jpg,strict_qmem_v2_T2K2_qmem_code,qmem,2,margin,0.05,0.0001,0.0,0.4305059887558054,0.6018933050818496,0.4798387096774194,0.8072233935282794,18352,10909,0.04741304088383913,0.003912814427167177,0.6038191318511963,0.9939548373222351,0.002617783844470978,0.428466796875,1.0006108283996582,/kaggle/input/datasets/shuvroahmedimaging/ws2-eca/test_set/test_set/images/before/before-video-009/frame_0014.jpg,/kaggle/input/datasets/shuvroahmedimaging/ws2-eca/test_set/test_set/masks/before/before-video-009/frame_0014.jpg
before-video-010,frame_0001.jpg,strict_qmem_v2_T2K2_qmem_code,qmem,2,margin,0.05,0.0001,0.0,0.38636252386313574,0.5573758915330839,0.45711472751491283,0.7139755766621438,17267,11055,0.04741304088383913,0.0,0.0,0.0,0.0,0.0,0.0,/kaggle/input/datasets/shuvroahmedimaging/ws2-eca/test_set/test_set/images/before/before-video-010/frame_0001.jpg,/kaggle/input/datasets/shuvroahmedimaging/ws2-eca/test_set/test_set/masks/before/before-video-010/frame_0001.jpg
before-video-010,frame_0002.jpg,strict_qmem_v2_T2K2_qmem_code,qmem,2,margin,0.05,0.0001,0.0,0.45425584868093577,0.6247261774370209,0.5140829202343398,0.7960572226099093,17752,11464,0.04741304088383913,0.0030448981560766697,0.5956603288650513,0.9952652454376221,0.0023300028406083584,0.4228515625,1.0,/kaggle/input/datasets/shuvroahmedimaging/ws2-eca/test_set/test_set/images/before/before-video-010/frame_0002.jpg,/kaggle/input/datasets/shuvroahmedimaging/ws2-eca/test_set/test_set/masks/before/before-video-010/frame_0002.jpg
before-video-010,frame_0003.jpg,strict_qmem_v2_T2K2_qmem_code,qmem,2,margin,0.05,0.0001,0.0,0.3086201172955627,0.47167258582783694,0.34823323760769137,0.7306785433586587,16018,7634,0.04741304088383913,0.0029980966355651617,0.6298118233680725,0.9953960180282593,0.002432685112580657,0.470703125,1.0,/kaggle/input/datasets/shuvroahmedimaging/ws2-eca/test_set/test_set/images/before/before-video-010/frame_0003.jpg,/kaggle/input/datasets/shuvroahmedimaging/ws2-eca/test_set/test_set/masks/before/before-video-010/frame_0003.jpg
before-video-010,frame_0004.jpg,strict_qmem_v2_T2K2_qmem_code,qmem,2,margin,0.05,0.0001,0.0,0.3580559779241989,0.5273066556085424,0.3734946836632791,0.8965031020868585,17023,7092,0.04741304088383913,0.0037656882777810097,0.6272718906402588,0.9946590662002563,0.002452693646773696,0.466064453125,1.0,/kaggle/input/datasets/shuvroahmedimaging/ws2-eca/test_set/test_set/images/before/before-video-010/frame_0004.jpg,/kaggle/input/datasets/shuvroahmedimaging/ws2-eca/test_set/test_set/masks/before/before-video-010/frame_0004.jpg
before-video-010,frame_0005.jpg,strict_qmem_v2_T2K2_qmem_code,qmem,2,margin,0.05,0.0001,0.0,0.2533401557791802,0.4042640054434112,0.2566820276497696,0.9511205976520811,17360,4685,0.04741304088383913,0.0035574191715568304,0.5977738499641418,0.994734525680542,0.002395923249423504,0.42431640625,1.0,/kaggle/input/datasets/shuvroahmedimaging/ws2-eca/test_set/test_set/images/before/before-video-010/frame_0005.jpg,/kaggle/input/datasets/shuvroahmedimaging/ws2-eca/test_set/test_set/masks/before/before-video-010/frame_0005.jpg
before-video-010,frame_0006.jpg,strict_qmem_v2_T2K2_qmem_code,qmem,2,margin,0.05,0.0001,0.0,0.22042592880460127,0.3612278690612661,0.22196712757631099,0.9694621695533272,19165,4388,0.04741304088383913,0.003942855168133974,0.5869042277336121,0.9943541288375854,0.0023466197308152914,0.409912109375,1.0,/kaggle/input/datasets/shuvroahmedimaging/ws2-eca/test_set/test_set/images/before/before-video-010/frame_0006.jpg,/kaggle/input/datasets/shuvroahmedimaging/ws2-eca/test_set/test_set/masks/before/before-video-010/frame_0006.jpg
before-video-010,frame_0007.jpg,strict_qmem_v2_T2K2_qmem_code,qmem,2,margin,0.05,0.0001,0.0,0.22202038550812392,0.363366091337022,0.22479946865580136,0.9472551130247578,19573,4645,0.04741304088383913,0.00396916177123785,0.5745921730995178,0.9942008256912231,0.0024286294355988503,0.39013671875,1.0,/kaggle/input/datasets/shuvroahmedimaging/ws2-eca/test_set/test_set/images/before/before-video-010/frame_0007.jpg,/kaggle/input/datasets/shuvroahmedimaging/ws2-eca/test_set/test_set/masks/before/before-video-010/frame_0007.jpg
before-video-010,frame_0008.jpg,strict_qmem_v2_T2K2_qmem_code,qmem,2,margin,0.05,0.0001,0.0,0.2239138131606899,0.36589800809984296,0.23199874227020229,0.8653244722439406,19082,5116,0.04741304088383913,0.0037849510554224253,0.5560958385467529,0.9944312572479248,0.002345789223909378,0.36572265625,1.0,/kaggle/input/datasets/shuvroahmedimaging/ws2-eca/test_set/test_set/images/before/before-video-010/frame_0008.jpg,/kaggle/input/datasets/shuvroahmedimaging/ws2-eca/test_set/test_set/masks/before/before-video-010/frame_0008.jpg
before-video-010,frame_0009.jpg,strict_qmem_v2_T2K2_qmem_code,qmem,2,margin,0.05,0.0001,0.0,0.37353942887084096,0.5439078355077439,0.38182207701783516,0.9451146758584118,18671,7543,0.04741304088383913,0.004515988752245903,0.5694805383682251,0.9937057495117188,0.0023097828961908817,0.385498046875,1.0,/kaggle/input/datasets/shuvroahmedimaging/ws2-eca/test_set/test_set/images/before/before-video-010/frame_0009.jpg,/kaggle/input/datasets/shuvroahmedimaging/ws2-eca/test_set/test_set/masks/before/before-video-010/frame_0009.jpg
before-video-010,frame_0010.jpg,strict_qmem_v2_T2K2_qmem_code,qmem,2,margin,0.05,0.0001,0.0,0.46656544568861896,0.6362695194547494,0.472,0.9759163689294693,15625,7557,0.04741304088383913,0.004001810681074858,0.591760516166687,0.9941893815994263,0.002385225612670183,0.416015625,1.0009866952896118,/kaggle/input/datasets/shuvroahmedimaging/ws2-eca/test_set/test_set/images/before/before-video-010/frame_0010.jpg,/kaggle/input/datasets/shuvroahmedimaging/ws2-eca/test_set/test_set/masks/before/before-video-010/frame_0010.jpg
before-video-010,frame_0011.jpg,strict_qmem_v2_T2K2_qmem_code,qmem,2,margin,0.05,0.0001,0.0,0.4428032683846637,0.6138096275321281,0.4510965263326397,0.9601362862010221,12494,5870,0.04741304088383913,0.0032386905513703823,0.6542532444000244,0.9952811002731323,0.002326507121324539,0.507568359375,1.0,/kaggle/input/datasets/shuvroahmedimaging/ws2-eca/test_set/test_set/images/before/before-video-010/frame_0011.jpg,/kaggle/input/datasets/shuvroahmedimaging/ws2-eca/test_set/test_set/masks/before/before-video-010/frame_0011.jpg
before-video-011,frame_0001.jpg,strict_qmem_v2_T2K2_qmem_code,qmem,2,margin,0.05,0.0001,0.0,0.39581054473856925,0.5671407860193566,0.40263714253922334,0.9589240757917054,17974,7547,0.04741304088383913,0.0,0.0,0.0,0.0,0.0,0.0,/kaggle/input/datasets/shuvroahmedimaging/ws2-eca/test_set/test_set/images/before/before-video-011/frame_0001.jpg,/kaggle/input/datasets/shuvroahmedimaging/ws2-eca/test_set/test_set/masks/before/before-video-011/frame_0001.jpg
before-video-011,frame_0002.jpg,strict_qmem_v2_T2K2_qmem_code,qmem,2,margin,0.05,0.0001,0.0,0.2582384140509521,0.41047612466311933,0.28266869705910347,0.7492431886982845,10507,3964,0.04741304088383913,0.0029365182854235172,0.6001444458961487,0.9954785704612732,0.0022291094064712524,0.43115234375,1.0,/kaggle/input/datasets/shuvroahmedimaging/ws2-eca/test_set/test_set/images/before/before-video-011/frame_0002.jpg,/kaggle/input/datasets/shuvroahmedimaging/ws2-eca/test_set/test_set/masks/before/before-video-011/frame_0002.jpg
before-video-011,frame_0003.jpg,strict_qmem_v2_T2K2_qmem_code,qmem,2,margin,0.05,0.0001,0.0,0.3502434205884428,0.5187855985786696,0.3837649787398531,0.800386971944534,12935,6202,0.04741304088383913,0.0030902698636054993,0.6715225577354431,0.995662271976471,0.002310821320861578,0.532470703125,1.0,/kaggle/input/datasets/shuvroahmedimaging/ws2-eca/test_set/test_set/images/before/before-video-011/frame_0003.jpg,/kaggle/input/datasets/shuvroahmedimaging/ws2-eca/test_set/test_set/masks/before/before-video-011/frame_0003.jpg
before-video-011,frame_0004.jpg,strict_qmem_v2_T2K2_qmem_code,qmem,2,margin,0.05,0.0001,0.0,0.4236154004529545,0.5951261841058645,0.45977653631284915,0.8434105349456856,17900,9758,0.04741304088383913,0.004148425534367561,0.6529998183250427,0.9942667484283447,0.002402000594884157,0.504150390625,1.0,/kaggle/input/datasets/shuvroahmedimaging/ws2-eca/test_set/test_set/images/before/before-video-011/frame_0004.jpg,/kaggle/input/datasets/shuvroahmedimaging/ws2-eca/test_set/test_set/masks/before/before-video-011/frame_0004.jpg
before-video-011,frame_0005.jpg,strict_qmem_v2_T2K2_qmem_code,qmem,2,margin,0.05,0.0001,0.0,0.5187474619861933,0.6831253713606654,0.5510184519530313,0.8985541227041813,20865,12795,0.04741304088383913,0.00427311472594738,0.605883777141571,0.9937101602554321,0.0025877838488668203,0.43212890625,1.0,/kaggle/input/datasets/shuvroahmedimaging/ws2-eca/test_set/test_set/images/before/before-video-011/frame_0005.jpg,/kaggle/input/datasets/shuvroahmedimaging/ws2-eca/test_set/test_set/masks/before/before-video-011/frame_0005.jpg
before-video-011,frame_0006.jpg,strict_qmem_v2_T2K2_qmem_code,qmem,2,margin,0.05,0.0001,0.0,0.5548485508825453,0.7137010875658706,0.5900811123986095,0.902843769945394,21575,14101,0.04741304088383913,0.004097077064216137,0.5962353348731995,0.9937169551849365,0.0026899129152297974,0.41650390625,1.0,/kaggle/input/datasets/shuvroahmedimaging/ws2-eca/test_set/test_set/images/before/before-video-011/frame_0006.jpg,/kaggle/input/datasets/shuvroahmedimaging/ws2-eca/test_set/test_set/masks/before/before-video-011/frame_0006.jpg
before-video-011,frame_0007.jpg,strict_qmem_v2_T2K2_qmem_code,qmem,2,margin,0.05,0.0001,0.0,0.5141642425598568,0.6791393273038955,0.5513484979364622,0.8840412434595261,20838,12996,0.04741304088383913,0.0035627062898129225,0.6004381775856018,0.9943170547485352,0.002658243989571929,0.42333984375,1.0,/kaggle/input/datasets/shuvroahmedimaging/ws2-eca/test_set/test_set/images/before/before-video-011/frame_0007.jpg,/kaggle/input/datasets/shuvroahmedimaging/ws2-eca/test_set/test_set/masks/before/before-video-011/frame_0007.jpg
before-video-011,frame_0008.jpg,strict_qmem_v2_T2K2_qmem_code,qmem,2,margin,0.05,0.0001,0.0,0.5064881926584054,0.6724091103092383,0.5478282860213695,0.8703294495781438,15817,9956,0.04741304088383913,0.0027115093544125557,0.6304959058761597,0.9955047965049744,0.0025369676295667887,0.46923828125,1.0,/kaggle/input/datasets/shuvroahmedimaging/ws2-eca/test_set/test_set/images/before/before-video-011/frame_0008.jpg,/kaggle/input/datasets/shuvroahmedimaging/ws2-eca/test_set/test_set/masks/before/before-video-011/frame_0008.jpg
before-video-011,frame_0009.jpg,strict_qmem_v2_T2K2_qmem_code,qmem,2,margin,0.05,0.0001,0.0,0.4034134988363072,0.5749032614704257,0.49547403525488326,0.684660961158657,10495,7595,0.04741304088383913,0.0021749353036284447,0.6705943942070007,0.9964605569839478,0.002397544914856553,0.529541015625,1.0,/kaggle/input/datasets/shuvroahmedimaging/ws2-eca/test_set/test_set/images/before/before-video-011/frame_0009.jpg,/kaggle/input/datasets/shuvroahmedimaging/ws2-eca/test_set/test_set/masks/before/before-video-011/frame_0009.jpg
before-video-011,frame_0010.jpg,strict_qmem_v2_T2K2_qmem_code,qmem,2,margin,0.05,0.0001,0.0,0.4170463519834761,0.5886135642630541,0.5471427432852475,0.636886538639948,12547,10779,0.04741304088383913,0.0031367973424494267,0.695487380027771,0.9957985281944275,0.00230621499940753,0.5673828125,1.0,/kaggle/input/datasets/shuvroahmedimaging/ws2-eca/test_set/test_set/images/before/before-video-011/frame_0010.jpg,/kaggle/input/datasets/shuvroahmedimaging/ws2-eca/test_set/test_set/masks/before/before-video-011/frame_0010.jpg
before-video-011,frame_0011.jpg,strict_qmem_v2_T2K2_qmem_code,qmem,2,margin,0.05,0.0001,0.0,0.40058885617465695,0.5720291924480406,0.49505698201290677,0.6773436032312605,14566,10646,0.04741304088383913,0.003339578863233328,0.6383659839630127,0.9953638315200806,0.00235103745944798,0.48388671875,1.0,/kaggle/input/datasets/shuvroahmedimaging/ws2-eca/test_set/test_set/images/before/before-video-011/frame_0011.jpg,/kaggle/input/datasets/shuvroahmedimaging/ws2-eca/test_set/test_set/masks/before/before-video-011/frame_0011.jpg
before-video-011,frame_0012.jpg,strict_qmem_v2_T2K2_qmem_code,qmem,2,margin,0.05,0.0001,0.0,0.4110819917633845,0.5826479172194216,0.48927366477815265,0.7200674536256324,15709,10674,0.04741304088383913,0.003064231015741825,0.6403606534004211,0.9954271912574768,0.0023904587142169476,0.486328125,1.0001301765441895,/kaggle/input/datasets/shuvroahmedimaging/ws2-eca/test_set/test_set/images/before/before-video-011/frame_0012.jpg,/kaggle/input/datasets/shuvroahmedimaging/ws2-eca/test_set/test_set/masks/before/before-video-011/frame_0012.jpg
before-video-011,frame_0013.jpg,strict_qmem_v2_T2K2_qmem_code,qmem,2,margin,0.05,0.0001,0.0,0.39170100058858154,0.5629097060689363,0.44806194094450325,0.7569258266309205,20794,12309,0.04741304088383913,0.004416057374328375,0.6558405160903931,0.9939571619033813,0.0025377259589731693,0.505126953125,1.0,/kaggle/input/datasets/shuvroahmedimaging/ws2-eca/test_set/test_set/images/before/before-video-011/frame_0013.jpg,/kaggle/input/datasets/shuvroahmedimaging/ws2-eca/test_set/test_set/masks/before/before-video-011/frame_0013.jpg
before-video-011,frame_0014.jpg,strict_qmem_v2_T2K2_qmem_code,qmem,2,margin,0.05,0.0001,0.0,0.5318320146074255,0.6943738080101717,0.569820015650813,0.8886101694915254,23002,14750,0.04741304088383913,0.004774302709847689,0.6026713848114014,0.9931642413139343,0.002718895673751831,0.42578125,1.0,/kaggle/input/datasets/shuvroahmedimaging/ws2-eca/test_set/test_set/images/before/before-video-011/frame_0014.jpg,/kaggle/input/datasets/shuvroahmedimaging/ws2-eca/test_set/test_set/masks/before/before-video-011/frame_0014.jpg
before-video-012,frame_0001.jpg,strict_qmem_v2_T2K2_qmem_code,qmem,2,margin,0.05,0.0001,0.0,0.5022922783701643,0.6687011383897956,0.5365061898211829,0.8873418873418873,18175,10989,0.04741304088383913,0.0,0.0,0.0,0.0,0.0,0.0,/kaggle/input/datasets/shuvroahmedimaging/ws2-eca/test_set/test_set/images/before/before-video-012/frame_0001.jpg,/kaggle/input/datasets/shuvroahmedimaging/ws2-eca/test_set/test_set/masks/before/before-video-012/frame_0001.jpg
before-video-012,frame_0002.jpg,strict_qmem_v2_T2K2_qmem_code,qmem,2,margin,0.05,0.0001,0.0,0.39618353344768437,0.5675235725912958,0.44598378065263566,0.7801232795744322,20716,11843,0.04741304088383913,0.004812229424715042,0.6257769465446472,0.9933741688728333,0.0025297757238149643,0.46240234375,1.0,/kaggle/input/datasets/shuvroahmedimaging/ws2-eca/test_set/test_set/images/before/before-video-012/frame_0002.jpg,/kaggle/input/datasets/shuvroahmedimaging/ws2-eca/test_set/test_set/masks/before/before-video-012/frame_0002.jpg
before-video-012,frame_0003.jpg,strict_qmem_v2_T2K2_qmem_code,qmem,2,margin,0.05,0.0001,0.0,0.3543870997551171,0.5233172994916931,0.36600496277915634,0.9177934665549838,20956,8357,0.04741304088383913,0.0040609524585306644,0.614060640335083,0.9940319061279297,0.002544256392866373,0.44482421875,1.000101923942566,/kaggle/input/datasets/shuvroahmedimaging/ws2-eca/test_set/test_set/images/before/before-video-012/frame_0003.jpg,/kaggle/input/datasets/shuvroahmedimaging/ws2-eca/test_set/test_set/masks/before/before-video-012/frame_0003.jpg
before-video-012,frame_0004.jpg,strict_qmem_v2_T2K2_qmem_code,qmem,2,margin,0.05,0.0001,0.0,0.385235248245386,0.5562019140551698,0.4255970899344278,0.8024546521072106,20893,11081,0.04741304088383913,0.004223756026476622,0.5922052264213562,0.9938600659370422,0.0024699687492102385,0.415283203125,1.0,/kaggle/input/datasets/shuvroahmedimaging/ws2-eca/test_set/test_set/images/before/before-video-012/frame_0004.jpg,/kaggle/input/datasets/shuvroahmedimaging/ws2-eca/test_set/test_set/masks/before/before-video-012/frame_0004.jpg
before-video-012,frame_0005.jpg,strict_qmem_v2_T2K2_qmem_code,qmem,2,margin,0.05,0.0001,0.0,0.3687624555507796,0.5388260819915496,0.4272455632017385,0.7292890262751159,22088,12940,0.04741304088383913,0.00409746402874589,0.5711295008659363,0.9938862323760986,0.002526461146771908,0.3837890625,1.0,/kaggle/input/datasets/shuvroahmedimaging/ws2-eca/test_set/test_set/images/before/before-video-012/frame_0005.jpg,/kaggle/input/datasets/shuvroahmedimaging/ws2-eca/test_set/test_set/masks/before/before-video-012/frame_0005.jpg
before-video-012,frame_0006.jpg,strict_qmem_v2_T2K2_qmem_code,qmem,2,margin,0.05,0.0001,0.0,0.35011337868480724,0.5186429291232785,0.407798693814829,0.7122368531409881,20824,11923,0.04741304088383913,0.00393608957529068,0.5721380710601807,0.9939299821853638,0.0024021321441978216,0.387939453125,1.0003626346588135,/kaggle/input/datasets/shuvroahmedimaging/ws2-eca/test_set/test_set/images/before/before-video-012/frame_0006.jpg,/kaggle/input/datasets/shuvroahmedimaging/ws2-eca/test_set/test_set/masks/before/before-video-012/frame_0006.jpg
before-video-012,frame_0007.jpg,strict_qmem_v2_T2K2_qmem_code,qmem,2,margin,0.05,0.0001,0.0,0.3732128760635032,0.5435615738375064,0.421433169910365,0.7653565968162604,20193,11119,0.04741304088383913,0.0033804536797106266,0.5853989720344543,0.9947799444198608,0.002442152239382267,0.406005859375,1.0,/kaggle/input/datasets/shuvroahmedimaging/ws2-eca/test_set/test_set/images/before/before-video-012/frame_0007.jpg,/kaggle/input/datasets/shuvroahmedimaging/ws2-eca/test_set/test_set/masks/before/before-video-012/frame_0007.jpg
before-video-012,frame_0008.jpg,strict_qmem_v2_T2K2_qmem_code,qmem,2,margin,0.05,0.0001,0.0,0.37459421312632324,0.5450251565869185,0.43262334275157577,0.7363358919818737,18404,10813,0.04741304088383913,0.0035529134329408407,0.6247948408126831,0.9947072267532349,0.002505214884877205,0.461669921875,1.0,/kaggle/input/datasets/shuvroahmedimaging/ws2-eca/test_set/test_set/images/before/before-video-012/frame_0008.jpg,/kaggle/input/datasets/shuvroahmedimaging/ws2-eca/test_set/test_set/masks/before/before-video-012/frame_0008.jpg
before-video-012,frame_0009.jpg,strict_qmem_v2_T2K2_qmem_code,qmem,2,margin,0.05,0.0001,0.0,0.32981267437225986,0.49602877266596734,0.3589827015888509,0.8023269906677979,18441,8251,0.04741304088383913,0.0037406468763947487,0.5975855588912964,0.9945681691169739,0.00248082191683352,0.422607421875,1.0001276731491089,/kaggle/input/datasets/shuvroahmedimaging/ws2-eca/test_set/test_set/images/before/before-video-012/frame_0009.jpg,/kaggle/input/datasets/shuvroahmedimaging/ws2-eca/test_set/test_set/masks/before/before-video-012/frame_0009.jpg
before-video-012,frame_0010.jpg,strict_qmem_v2_T2K2_qmem_code,qmem,2,margin,0.05,0.0001,0.0,0.2800998128509046,0.43762183235867447,0.30541249635603923,0.7716670758654555,20582,8146,0.04741304088383913,0.004353778436779976,0.5961576700210571,0.9938108921051025,0.0024875844828784466,0.42041015625,1.000244140625,/kaggle/input/datasets/shuvroahmedimaging/ws2-eca/test_set/test_set/images/before/before-video-012/frame_0010.jpg,/kaggle/input/datasets/shuvroahmedimaging/ws2-eca/test_set/test_set/masks/before/before-video-012/frame_0010.jpg
before-video-012,frame_0011.jpg,strict_qmem_v2_T2K2_qmem_code,qmem,2,margin,0.05,0.0001,0.0,0.3702984283948437,0.5404639175257732,0.4191066253622464,0.7607473245057138,20014,11026,0.04741304088383913,0.004061421379446983,0.5629919171333313,0.9939773082733154,0.0024321782402694225,0.373779296875,1.000990390777588,/kaggle/input/datasets/shuvroahmedimaging/ws2-eca/test_set/test_set/images/before/before-video-012/frame_0011.jpg,/kaggle/input/datasets/shuvroahmedimaging/ws2-eca/test_set/test_set/masks/before/before-video-012/frame_0011.jpg
before-video-012,frame_0012.jpg,strict_qmem_v2_T2K2_qmem_code,qmem,2,margin,0.05,0.0001,0.0,0.4224476166624927,0.5939728278411925,0.4754991778247592,0.7910739409098014,21285,12794,0.04741304088383913,0.0037481356412172318,0.5551092028617859,0.9944408535957336,0.00229500699788332,0.365234375,1.0,/kaggle/input/datasets/shuvroahmedimaging/ws2-eca/test_set/test_set/images/before/before-video-012/frame_0012.jpg,/kaggle/input/datasets/shuvroahmedimaging/ws2-eca/test_set/test_set/masks/before/before-video-012/frame_0012.jpg
before-video-012,frame_0013.jpg,strict_qmem_v2_T2K2_qmem_code,qmem,2,margin,0.05,0.0001,0.0,0.4493807986267217,0.6201003891489482,0.5026285714285714,0.8092294104658865,21875,13587,0.04741304088383913,0.0038378885947167873,0.5908273458480835,0.9943087697029114,0.002470592502504587,0.413330078125,1.0,/kaggle/input/datasets/shuvroahmedimaging/ws2-eca/test_set/test_set/images/before/before-video-012/frame_0013.jpg,/kaggle/input/datasets/shuvroahmedimaging/ws2-eca/test_set/test_set/masks/before/before-video-012/frame_0013.jpg
before-video-012,frame_0014.jpg,strict_qmem_v2_T2K2_qmem_code,qmem,2,margin,0.05,0.0001,0.0,0.47456136493557893,0.6436644499448305,0.5175026373837154,0.8511712280148277,20854,12679,0.04741304088383913,0.003332375781610608,0.6008590459823608,0.9947347640991211,0.0026196863036602736,0.425048828125,1.0001243352890015,/kaggle/input/datasets/shuvroahmedimaging/ws2-eca/test_set/test_set/images/before/before-video-012/frame_0014.jpg,/kaggle/input/datasets/shuvroahmedimaging/ws2-eca/test_set/test_set/masks/before/before-video-012/frame_0014.jpg
before-video-012,frame_0015.jpg,strict_qmem_v2_T2K2_qmem_code,qmem,2,margin,0.05,0.0001,0.0,0.5033890412376468,0.6696723568281938,0.5440970862927129,0.8706040268456375,17881,11175,0.04741304088383913,0.0028788053896278143,0.6278815865516663,0.9952574968338013,0.0026769274845719337,0.46240234375,1.0,/kaggle/input/datasets/shuvroahmedimaging/ws2-eca/test_set/test_set/images/before/before-video-012/frame_0015.jpg,/kaggle/input/datasets/shuvroahmedimaging/ws2-eca/test_set/test_set/masks/before/before-video-012/frame_0015.jpg
before-video-012,frame_0016.jpg,strict_qmem_v2_T2K2_qmem_code,qmem,2,margin,0.05,0.0001,0.0,0.3795180722891566,0.5502183406113537,0.4154289372599232,0.8144847495920673,15620,7967,0.04741304088383913,0.002950392896309495,0.6307275891304016,0.995308518409729,0.002541195135563612,0.46923828125,1.0,/kaggle/input/datasets/shuvroahmedimaging/ws2-eca/test_set/test_set/images/before/before-video-012/frame_0016.jpg,/kaggle/input/datasets/shuvroahmedimaging/ws2-eca/test_set/test_set/masks/before/before-video-012/frame_0016.jpg
before-video-012,frame_0017.jpg,strict_qmem_v2_T2K2_qmem_code,qmem,2,margin,0.05,0.0001,0.0,0.31949868842902945,0.48427283972433294,0.3411127707244212,0.8345006090133983,16068,6568,0.04741304088383913,0.0029218329582363367,0.6290895342826843,0.9954062104225159,0.0024609845131635666,0.468505859375,1.0,/kaggle/input/datasets/shuvroahmedimaging/ws2-eca/test_set/test_set/images/before/before-video-012/frame_0017.jpg,/kaggle/input/datasets/shuvroahmedimaging/ws2-eca/test_set/test_set/masks/before/before-video-012/frame_0017.jpg
before-video-012,frame_0018.jpg,strict_qmem_v2_T2K2_qmem_code,qmem,2,margin,0.05,0.0001,0.0,0.27153978786770466,0.42710387902695596,0.28603665584236887,0.8427112047997406,18169,6167,0.04741304088383913,0.003482830710709095,0.6326269507408142,0.9948740005493164,0.002497079549357295,0.472900390625,1.0001217126846313,/kaggle/input/datasets/shuvroahmedimaging/ws2-eca/test_set/test_set/images/before/before-video-012/frame_0018.jpg,/kaggle/input/datasets/shuvroahmedimaging/ws2-eca/test_set/test_set/masks/before/before-video-012/frame_0018.jpg
before-video-012,frame_0019.jpg,strict_qmem_v2_T2K2_qmem_code,qmem,2,margin,0.05,0.0001,0.0,0.27140845070422537,0.4269413980281378,0.30233774384184925,0.7262562814070351,19121,7960,0.04741304088383913,0.0033644663635641336,0.5867855548858643,0.9949191808700562,0.0025018895976245403,0.40673828125,1.0,/kaggle/input/datasets/shuvroahmedimaging/ws2-eca/test_set/test_set/images/before/before-video-012/frame_0019.jpg,/kaggle/input/datasets/shuvroahmedimaging/ws2-eca/test_set/test_set/masks/before/before-video-012/frame_0019.jpg
before-video-012,frame_0020.jpg,strict_qmem_v2_T2K2_qmem_code,qmem,2,margin,0.05,0.0001,0.0,0.322063675708103,0.48721356107995983,0.34061452007613524,0.8553545009673381,22066,8787,0.04741304088383913,0.003628412028774619,0.5742806196212769,0.9945380091667175,0.0025432344991713762,0.387939453125,1.0,/kaggle/input/datasets/shuvroahmedimaging/ws2-eca/test_set/test_set/images/before/before-video-012/frame_0020.jpg,/kaggle/input/datasets/shuvroahmedimaging/ws2-eca/test_set/test_set/masks/before/before-video-012/frame_0020.jpg
before-video-012,frame_0021.jpg,strict_qmem_v2_T2K2_qmem_code,qmem,2,margin,0.05,0.0001,0.0,0.30261364078993497,0.46462532145206625,0.31411474548174506,0.8920656791824549,24733,8709,0.04741304088383913,0.0036345869302749634,0.5627233386039734,0.9943442344665527,0.0025784578174352646,0.370849609375,1.0,/kaggle/input/datasets/shuvroahmedimaging/ws2-eca/test_set/test_set/images/before/before-video-012/frame_0021.jpg,/kaggle/input/datasets/shuvroahmedimaging/ws2-eca/test_set/test_set/masks/before/before-video-012/frame_0021.jpg
before-video-012,frame_0022.jpg,strict_qmem_v2_T2K2_qmem_code,qmem,2,margin,0.05,0.0001,0.0,0.3136891793754539,0.47756986096907045,0.32071128930467385,0.9347543821683618,26937,9242,0.04741304088383913,0.0035252540837973356,0.5501953959465027,0.9944673776626587,0.002499314723536372,0.354248046875,1.0,/kaggle/input/datasets/shuvroahmedimaging/ws2-eca/test_set/test_set/images/before/before-video-012/frame_0022.jpg,/kaggle/input/datasets/shuvroahmedimaging/ws2-eca/test_set/test_set/masks/before/before-video-012/frame_0022.jpg
before-video-012,frame_0023.jpg,strict_qmem_v2_T2K2_qmem_code,qmem,2,margin,0.05,0.0001,0.0,0.29544625116580836,0.4561304660844524,0.312851560822706,0.8415338415338416,23289,8658,0.04741304088383913,0.004149715881794691,0.5753128528594971,0.993878185749054,0.0025406163185834885,0.389404296875,1.0,/kaggle/input/datasets/shuvroahmedimaging/ws2-eca/test_set/test_set/images/before/before-video-012/frame_0023.jpg,/kaggle/input/datasets/shuvroahmedimaging/ws2-eca/test_set/test_set/masks/before/before-video-012/frame_0023.jpg
before-video-012,frame_0024.jpg,strict_qmem_v2_T2K2_qmem_code,qmem,2,margin,0.05,0.0001,0.0,0.36437866802755803,0.5341312885730316,0.38438761776581426,0.875,22290,9792,0.04741304088383913,0.004319794476032257,0.5426809191703796,0.9934744834899902,0.002453212859109044,0.34375,1.0,/kaggle/input/datasets/shuvroahmedimaging/ws2-eca/test_set/test_set/images/before/before-video-012/frame_0024.jpg,/kaggle/input/datasets/shuvroahmedimaging/ws2-eca/test_set/test_set/masks/before/before-video-012/frame_0024.jpg
before-video-012,frame_0025.jpg,strict_qmem_v2_T2K2_qmem_code,qmem,2,margin,0.05,0.0001,0.0,0.4232437921166805,0.5947593721624076,0.45472577605871267,0.85941893158388,20166,10670,0.04741304088383913,0.00431683287024498,0.5375336408615112,0.9936162829399109,0.0024472298100590706,0.336669921875,1.000076174736023,/kaggle/input/datasets/shuvroahmedimaging/ws2-eca/test_set/test_set/images/before/before-video-012/frame_0025.jpg,/kaggle/input/datasets/shuvroahmedimaging/ws2-eca/test_set/test_set/masks/before/before-video-012/frame_0025.jpg
before-video-012,frame_0026.jpg,strict_qmem_v2_T2K2_qmem_code,qmem,2,margin,0.05,0.0001,0.0,0.279650374240217,0.4370730941351967,0.2917103332634668,0.8712050078247261,19084,6390,0.04741304088383913,0.0038134511560201645,0.5512761473655701,0.9940767288208008,0.0025128833949565887,0.355224609375,1.000558853149414,/kaggle/input/datasets/shuvroahmedimaging/ws2-eca/test_set/test_set/images/before/before-video-012/frame_0026.jpg,/kaggle/input/datasets/shuvroahmedimaging/ws2-eca/test_set/test_set/masks/before/before-video-012/frame_0026.jpg
before-video-012,frame_0027.jpg,strict_qmem_v2_T2K2_qmem_code,qmem,2,margin,0.05,0.0001,0.0,0.41795782000417625,0.589520808176008,0.43050716221447927,0.9348029142536896,23247,10706,0.04741304088383913,0.005259559489786625,0.5755842924118042,0.9926978349685669,0.002541389549151063,0.39013671875,1.0007113218307495,/kaggle/input/datasets/shuvroahmedimaging/ws2-eca/test_set/test_set/images/before/before-video-012/frame_0027.jpg,/kaggle/input/datasets/shuvroahmedimaging/ws2-eca/test_set/test_set/masks/before/before-video-012/frame_0027.jpg
before-video-012,frame_0028.jpg,strict_qmem_v2_T2K2_qmem_code,qmem,2,margin,0.05,0.0001,0.0,0.36646711398609827,0.5363716553954719,0.38452782462057333,0.8863945578231293,23720,10290,0.04741304088383913,0.004853063262999058,0.5364964604377747,0.9930175542831421,0.0024560533929616213,0.335205078125,1.0,/kaggle/input/datasets/shuvroahmedimaging/ws2-eca/test_set/test_set/images/before/before-video-012/frame_0028.jpg,/kaggle/input/datasets/shuvroahmedimaging/ws2-eca/test_set/test_set/masks/before/before-video-012/frame_0028.jpg
before-video-012,frame_0029.jpg,strict_qmem_v2_T2K2_qmem_code,qmem,2,margin,0.05,0.0001,0.0,0.4593492685266608,0.6295261572172007,0.464529689963216,0.9762976807408037,24739,11771,0.04741304088383913,0.005253373645246029,0.5475791096687317,0.992371678352356,0.0027079216670244932,0.3466796875,1.0,/kaggle/input/datasets/shuvroahmedimaging/ws2-eca/test_set/test_set/images/before/before-video-012/frame_0029.jpg,/kaggle/input/datasets/shuvroahmedimaging/ws2-eca/test_set/test_set/masks/before/before-video-012/frame_0029.jpg
before-video-012,frame_0030.jpg,strict_qmem_v2_T2K2_qmem_code,qmem,2,margin,0.05,0.0001,0.0,0.4141389630348621,0.5857118343533718,0.43075887598855794,0.914775772735394,23772,11194,0.04741304088383913,0.004842021502554417,0.5442543625831604,0.9928377866744995,0.002536935731768608,0.345458984375,1.0001280307769775,/kaggle/input/datasets/shuvroahmedimaging/ws2-eca/test_set/test_set/images/before/before-video-012/frame_0030.jpg,/kaggle/input/datasets/shuvroahmedimaging/ws2-eca/test_set/test_set/masks/before/before-video-012/frame_0030.jpg
before-video-012,frame_0031.jpg,strict_qmem_v2_T2K2_qmem_code,qmem,2,margin,0.05,0.0001,0.0,0.40179586269606726,0.5732587367226141,0.4240982164280573,0.8842658217293421,25006,11993,0.04741304088383913,0.00426661828532815,0.5328973531723022,0.9934941530227661,0.002578593324869871,0.32763671875,1.000235915184021,/kaggle/input/datasets/shuvroahmedimaging/ws2-eca/test_set/test_set/images/before/before-video-012/frame_0031.jpg,/kaggle/input/datasets/shuvroahmedimaging/ws2-eca/test_set/test_set/masks/before/before-video-012/frame_0031.jpg
before-video-012,frame_0032.jpg,strict_qmem_v2_T2K2_qmem_code,qmem,2,margin,0.05,0.0001,0.0,0.3509810491827693,0.5195943339028827,0.3755178457616316,0.8430513324986586,25104,11182,0.04741304088383913,0.0037270362954586744,0.5318781733512878,0.9941266775131226,0.0025401157326996326,0.32666015625,1.0,/kaggle/input/datasets/shuvroahmedimaging/ws2-eca/test_set/test_set/images/before/before-video-012/frame_0032.jpg,/kaggle/input/datasets/shuvroahmedimaging/ws2-eca/test_set/test_set/masks/before/before-video-012/frame_0032.jpg
before-video-012,frame_0033.jpg,strict_qmem_v2_T2K2_qmem_code,qmem,2,margin,0.05,0.0001,0.0,0.37694789592915495,0.5475122145777246,0.4029352412401394,0.8538993857398336,27255,12861,0.04741304088383913,0.004268828779459,0.5409719944000244,0.9935555458068848,0.002779742470011115,0.335205078125,1.0,/kaggle/input/datasets/shuvroahmedimaging/ws2-eca/test_set/test_set/images/before/before-video-012/frame_0033.jpg,/kaggle/input/datasets/shuvroahmedimaging/ws2-eca/test_set/test_set/masks/before/before-video-012/frame_0033.jpg
before-video-012,frame_0034.jpg,strict_qmem_v2_T2K2_qmem_code,qmem,2,margin,0.05,0.0001,0.0,0.4430929349040641,0.6140878722180434,0.4765976443116651,0.8630682171506747,29121,16081,0.04741304088383913,0.004124942235648632,0.5112965106964111,0.9934046268463135,0.002679361728951335,0.294189453125,1.0,/kaggle/input/datasets/shuvroahmedimaging/ws2-eca/test_set/test_set/images/before/before-video-012/frame_0034.jpg,/kaggle/input/datasets/shuvroahmedimaging/ws2-eca/test_set/test_set/masks/before/before-video-012/frame_0034.jpg
before-video-012,frame_0035.jpg,strict_qmem_v2_T2K2_qmem_code,qmem,2,margin,0.05,0.0001,0.0,0.395508873596523,0.5668310407474695,0.4667754721380275,0.7214847738602919,25734,16649,0.04741304088383913,0.004553915932774544,0.5429378747940063,0.9930662512779236,0.0026451873127371073,0.340576171875,1.0,/kaggle/input/datasets/shuvroahmedimaging/ws2-eca/test_set/test_set/images/before/before-video-012/frame_0035.jpg,/kaggle/input/datasets/shuvroahmedimaging/ws2-eca/test_set/test_set/masks/before/before-video-012/frame_0035.jpg
before-video-012,frame_0036.jpg,strict_qmem_v2_T2K2_qmem_code,qmem,2,margin,0.05,0.0001,0.0,0.34069787234042553,0.50823959576467,0.4492929292929293,0.5849894786064999,22275,17108,0.04741304088383913,0.0039924378506839275,0.522165060043335,0.9937167167663574,0.0025280071422457695,0.313232421875,1.0,/kaggle/input/datasets/shuvroahmedimaging/ws2-eca/test_set/test_set/images/before/before-video-012/frame_0036.jpg,/kaggle/input/datasets/shuvroahmedimaging/ws2-eca/test_set/test_set/masks/before/before-video-012/frame_0036.jpg
before-video-012,frame_0037.jpg,strict_qmem_v2_T2K2_qmem_code,qmem,2,margin,0.05,0.0001,0.0,0.40316712290793166,0.5746530350175335,0.5224282699474653,0.6384788454151347,22271,18223,0.04741304088383913,0.0037866944912821054,0.4940180778503418,0.994015634059906,0.002460033865645528,0.274169921875,1.0,/kaggle/input/datasets/shuvroahmedimaging/ws2-eca/test_set/test_set/images/before/before-video-012/frame_0037.jpg,/kaggle/input/datasets/shuvroahmedimaging/ws2-eca/test_set/test_set/masks/before/before-video-012/frame_0037.jpg
before-video-012,frame_0038.jpg,strict_qmem_v2_T2K2_qmem_code,qmem,2,margin,0.05,0.0001,0.0,0.37379868487607487,0.5441826215022091,0.45059258412408065,0.6868428695904735,26241,17215,0.04741304088383913,0.0041469382122159,0.5172897577285767,0.9935380816459656,0.002505327109247446,0.306396484375,1.000244140625,/kaggle/input/datasets/shuvroahmedimaging/ws2-eca/test_set/test_set/images/before/before-video-012/frame_0038.jpg,/kaggle/input/datasets/shuvroahmedimaging/ws2-eca/test_set/test_set/masks/before/before-video-012/frame_0038.jpg
before-video-012,frame_0039.jpg,strict_qmem_v2_T2K2_qmem_code,qmem,2,margin,0.05,0.0001,0.0,0.4386873920552677,0.60984393757503,0.49609375,0.7912772585669782,25088,15729,0.04741304088383913,0.003402045229449868,0.5381717681884766,0.9944664239883423,0.002518699737265706,0.336669921875,1.0,/kaggle/input/datasets/shuvroahmedimaging/ws2-eca/test_set/test_set/images/before/before-video-012/frame_0039.jpg,/kaggle/input/datasets/shuvroahmedimaging/ws2-eca/test_set/test_set/masks/before/before-video-012/frame_0039.jpg
before-video-012,frame_0040.jpg,strict_qmem_v2_T2K2_qmem_code,qmem,2,margin,0.05,0.0001,0.0,0.5457641227439555,0.7061415318336475,0.5798826083460642,0.9026847737655673,24874,15979,0.04741304088383913,0.004040894098579884,0.5656806826591492,0.9939407110214233,0.002605034504085779,0.373779296875,1.0,/kaggle/input/datasets/shuvroahmedimaging/ws2-eca/test_set/test_set/images/before/before-video-012/frame_0040.jpg,/kaggle/input/datasets/shuvroahmedimaging/ws2-eca/test_set/test_set/masks/before/before-video-012/frame_0040.jpg
before-video-012,frame_0041.jpg,strict_qmem_v2_T2K2_qmem_code,qmem,2,margin,0.05,0.0001,0.0,0.5127835144519096,0.6779337685176905,0.5249988458519921,0.9565948855989233,21661,11888,0.04741304088383913,0.004337661899626255,0.5581112504005432,0.9934709668159485,0.002573895500972867,0.3642578125,1.000244140625,/kaggle/input/datasets/shuvroahmedimaging/ws2-eca/test_set/test_set/images/before/before-video-012/frame_0041.jpg,/kaggle/input/datasets/shuvroahmedimaging/ws2-eca/test_set/test_set/masks/before/before-video-012/frame_0041.jpg
before-video-012,frame_0042.jpg,strict_qmem_v2_T2K2_qmem_code,qmem,2,margin,0.05,0.0001,0.0,0.3368667959763634,0.5039646387960994,0.3673027739523903,0.8025792584631918,20332,9305,0.04741304088383913,0.0037651110906153917,0.5544835329055786,0.9941011071205139,0.002458492061123252,0.361328125,1.000108003616333,/kaggle/input/datasets/shuvroahmedimaging/ws2-eca/test_set/test_set/images/before/before-video-012/frame_0042.jpg,/kaggle/input/datasets/shuvroahmedimaging/ws2-eca/test_set/test_set/masks/before/before-video-012/frame_0042.jpg
before-video-012,frame_0043.jpg,strict_qmem_v2_T2K2_qmem_code,qmem,2,margin,0.05,0.0001,0.0,0.2787853749225367,0.43601589506671407,0.28845002992220226,0.8927106760153459,23394,7559,0.04741304088383913,0.003919070120900869,0.5568536520004272,0.9940292239189148,0.0024924075696617365,0.364013671875,1.0000673532485962,/kaggle/input/datasets/shuvroahmedimaging/ws2-eca/test_set/test_set/images/before/before-video-012/frame_0043.jpg,/kaggle/input/datasets/shuvroahmedimaging/ws2-eca/test_set/test_set/masks/before/before-video-012/frame_0043.jpg
before-video-012,frame_0044.jpg,strict_qmem_v2_T2K2_qmem_code,qmem,2,margin,0.05,0.0001,0.0,0.296361285555966,0.45722020374723943,0.3217203869868164,0.7899076923076923,19949,8125,0.04741304088383913,0.003519610036164522,0.5623055696487427,0.994516134262085,0.0025945433881133795,0.36962890625,1.0002219676971436,/kaggle/input/datasets/shuvroahmedimaging/ws2-eca/test_set/test_set/images/before/before-video-012/frame_0044.jpg,/kaggle/input/datasets/shuvroahmedimaging/ws2-eca/test_set/test_set/masks/before/before-video-012/frame_0044.jpg
before-video-012,frame_0045.jpg,strict_qmem_v2_T2K2_qmem_code,qmem,2,margin,0.05,0.0001,0.0,0.4146,0.5861727696875442,0.4395907331813603,0.8794145720649061,18863,9429,0.04741304088383913,0.003804944921284914,0.600862979888916,0.994414210319519,0.002439141273498535,0.428466796875,1.0,/kaggle/input/datasets/shuvroahmedimaging/ws2-eca/test_set/test_set/images/before/before-video-012/frame_0045.jpg,/kaggle/input/datasets/shuvroahmedimaging/ws2-eca/test_set/test_set/masks/before/before-video-012/frame_0045.jpg
before-video-012,frame_0046.jpg,strict_qmem_v2_T2K2_qmem_code,qmem,2,margin,0.05,0.0001,0.0,0.414145522957238,0.585718394937437,0.4475520633001813,0.847290127951732,18199,9613,0.04741304088383913,0.004191897343844175,0.5902683138847351,0.9939883947372437,0.002422892488539219,0.413330078125,1.0,/kaggle/input/datasets/shuvroahmedimaging/ws2-eca/test_set/test_set/images/before/before-video-012/frame_0046.jpg,/kaggle/input/datasets/shuvroahmedimaging/ws2-eca/test_set/test_set/masks/before/before-video-012/frame_0046.jpg
before-video-012,frame_0047.jpg,strict_qmem_v2_T2K2_qmem_code,qmem,2,margin,0.05,0.0001,0.0,0.4770938115022961,0.6459898589881194,0.521762525409542,0.8478577674147478,16726,10293,0.04741304088383913,0.003683052258566022,0.5954474806785583,0.9944532513618469,0.002421016339212656,0.420654296875,1.0001157522201538,/kaggle/input/datasets/shuvroahmedimaging/ws2-eca/test_set/test_set/images/before/before-video-012/frame_0047.jpg,/kaggle/input/datasets/shuvroahmedimaging/ws2-eca/test_set/test_set/masks/before/before-video-012/frame_0047.jpg
before-video-012,frame_0048.jpg,strict_qmem_v2_T2K2_qmem_code,qmem,2,margin,0.05,0.0001,0.0,0.41930573967692836,0.5908603452450963,0.45168456127360235,0.854,18907,10000,0.04741304088383913,0.004124438390135765,0.6144673228263855,0.9940821528434753,0.002460106974467635,0.447509765625,1.0,/kaggle/input/datasets/shuvroahmedimaging/ws2-eca/test_set/test_set/images/before/before-video-012/frame_0048.jpg,/kaggle/input/datasets/shuvroahmedimaging/ws2-eca/test_set/test_set/masks/before/before-video-012/frame_0048.jpg
before-video-012,frame_0049.jpg,strict_qmem_v2_T2K2_qmem_code,qmem,2,margin,0.05,0.0001,0.0,0.2956015264109259,0.45631549575246483,0.3091497227356747,0.870887573964497,23804,8450,0.04741304088383913,0.00379981379956007,0.5836717486381531,0.9942376613616943,0.002535101491957903,0.402099609375,1.0,/kaggle/input/datasets/shuvroahmedimaging/ws2-eca/test_set/test_set/images/before/before-video-012/frame_0049.jpg,/kaggle/input/datasets/shuvroahmedimaging/ws2-eca/test_set/test_set/masks/before/before-video-012/frame_0049.jpg
before-video-012,frame_0050.jpg,strict_qmem_v2_T2K2_qmem_code,qmem,2,margin,0.05,0.0001,0.0,0.24421930292306945,0.3925663303073986,0.2520386212416829,0.887284255019373,19989,5678,0.04741304088383913,0.003251757938414812,0.5584602355957031,0.9948781728744507,0.002397275995463133,0.36767578125,1.0,/kaggle/input/datasets/shuvroahmedimaging/ws2-eca/test_set/test_set/images/before/before-video-012/frame_0050.jpg,/kaggle/input/datasets/shuvroahmedimaging/ws2-eca/test_set/test_set/masks/before/before-video-012/frame_0050.jpg
before-video-012,frame_0051.jpg,strict_qmem_v2_T2K2_qmem_code,qmem,2,margin,0.05,0.0001,0.0,0.13961071536069028,0.2450147466654928,0.14450386832130432,0.8048004626951996,19259,3458,0.04741304088383913,0.003437123028561473,0.5902725458145142,0.9949178695678711,0.0023554686922580004,0.414794921875,1.000108003616333,/kaggle/input/datasets/shuvroahmedimaging/ws2-eca/test_set/test_set/images/before/before-video-012/frame_0051.jpg,/kaggle/input/datasets/shuvroahmedimaging/ws2-eca/test_set/test_set/masks/before/before-video-012/frame_0051.jpg
before-video-012,frame_0052.jpg,strict_qmem_v2_T2K2_qmem_code,qmem,2,margin,0.05,0.0001,0.0,0.13063747315488974,0.23108640259439425,0.13566144473455177,0.7791315213995627,18384,3201,0.04741304088383913,0.003978274296969175,0.6095285415649414,0.9945422410964966,0.002333478070795536,0.442626953125,1.0,/kaggle/input/datasets/shuvroahmedimaging/ws2-eca/test_set/test_set/images/before/before-video-012/frame_0052.jpg,/kaggle/input/datasets/shuvroahmedimaging/ws2-eca/test_set/test_set/masks/before/before-video-012/frame_0052.jpg
before-video-012,frame_0053.jpg,strict_qmem_v2_T2K2_qmem_code,qmem,2,margin,0.05,0.0001,0.0,0.1876387146579176,0.3159861872841763,0.2110719131614654,0.6282714054927302,18425,6190,0.04741304088383913,0.003963081631809473,0.5718716382980347,0.9943795800209045,0.0023549175821244717,0.38818359375,1.0,/kaggle/input/datasets/shuvroahmedimaging/ws2-eca/test_set/test_set/images/before/before-video-012/frame_0053.jpg,/kaggle/input/datasets/shuvroahmedimaging/ws2-eca/test_set/test_set/masks/before/before-video-012/frame_0053.jpg
before-video-012,frame_0054.jpg,strict_qmem_v2_T2K2_qmem_code,qmem,2,margin,0.05,0.0001,0.0,0.21559844846693757,0.3547198480531814,0.22259833134684148,0.8727102803738318,20975,5350,0.04741304088383913,0.00367249664850533,0.5577143430709839,0.9944393634796143,0.002364776097238064,0.36767578125,1.0001317262649536,/kaggle/input/datasets/shuvroahmedimaging/ws2-eca/test_set/test_set/images/before/before-video-012/frame_0054.jpg,/kaggle/input/datasets/shuvroahmedimaging/ws2-eca/test_set/test_set/masks/before/before-video-012/frame_0054.jpg
before-video-012,frame_0055.jpg,strict_qmem_v2_T2K2_qmem_code,qmem,2,margin,0.05,0.0001,0.0,0.33161403338037077,0.4980632902141343,0.3465371707515509,0.8850649350649351,19666,7700,0.04741304088383913,0.003947697579860687,0.5814375877380371,0.9943139553070068,0.002361823571845889,0.401611328125,1.0,/kaggle/input/datasets/shuvroahmedimaging/ws2-eca/test_set/test_set/images/before/before-video-012/frame_0055.jpg,/kaggle/input/datasets/shuvroahmedimaging/ws2-eca/test_set/test_set/masks/before/before-video-012/frame_0055.jpg
before-video-012,frame_0056.jpg,strict_qmem_v2_T2K2_qmem_code,qmem,2,margin,0.05,0.0001,0.0,0.34401463669628857,0.5119209676792035,0.3789588851779339,0.7886159376872379,17366,8345,0.04741304088383913,0.004057909362018108,0.5960219502449036,0.9941012859344482,0.0023996022064238787,0.42236328125,1.0,/kaggle/input/datasets/shuvroahmedimaging/ws2-eca/test_set/test_set/images/before/before-video-012/frame_0056.jpg,/kaggle/input/datasets/shuvroahmedimaging/ws2-eca/test_set/test_set/masks/before/before-video-012/frame_0056.jpg
before-video-012,frame_0057.jpg,strict_qmem_v2_T2K2_qmem_code,qmem,2,margin,0.05,0.0001,0.0,0.3439092172301992,0.5118042391866277,0.3947106120007974,0.7276736493936052,15049,8163,0.04741304088383913,0.0039040250703692436,0.6007863283157349,0.9944034218788147,0.0023544104769825935,0.429443359375,1.0,/kaggle/input/datasets/shuvroahmedimaging/ws2-eca/test_set/test_set/images/before/before-video-012/frame_0057.jpg,/kaggle/input/datasets/shuvroahmedimaging/ws2-eca/test_set/test_set/masks/before/before-video-012/frame_0057.jpg
before-video-012,frame_0058.jpg,strict_qmem_v2_T2K2_qmem_code,qmem,2,margin,0.05,0.0001,0.0,0.4192090395480226,0.5907643312101911,0.48282144716293596,0.7608695652173914,15368,9752,0.04741304088383913,0.0039826445281505585,0.6047810912132263,0.9942327737808228,0.0023504518903791904,0.43603515625,1.0003795623779297,/kaggle/input/datasets/shuvroahmedimaging/ws2-eca/test_set/test_set/images/before/before-video-012/frame_0058.jpg,/kaggle/input/datasets/shuvroahmedimaging/ws2-eca/test_set/test_set/masks/before/before-video-012/frame_0058.jpg
before-video-012,frame_0059.jpg,strict_qmem_v2_T2K2_qmem_code,qmem,2,margin,0.05,0.0001,0.0,0.382544271774485,0.5533917135015031,0.4421470342522974,0.7394341599720573,14364,8589,0.04741304088383913,0.003813882591202855,0.6171029210090637,0.9944077730178833,0.002427718136459589,0.451904296875,1.0003786087036133,/kaggle/input/datasets/shuvroahmedimaging/ws2-eca/test_set/test_set/images/before/before-video-012/frame_0059.jpg,/kaggle/input/datasets/shuvroahmedimaging/ws2-eca/test_set/test_set/masks/before/before-video-012/frame_0059.jpg
before-video-012,frame_0060.jpg,strict_qmem_v2_T2K2_qmem_code,qmem,2,margin,0.05,0.0001,0.0,0.31367421007685736,0.47755251289968714,0.3545059717698154,0.7314250155569384,16578,8035,0.04741304088383913,0.0042906105518341064,0.6314185261726379,0.9941136837005615,0.002443392761051655,0.472412109375,1.0,/kaggle/input/datasets/shuvroahmedimaging/ws2-eca/test_set/test_set/images/before/before-video-012/frame_0060.jpg,/kaggle/input/datasets/shuvroahmedimaging/ws2-eca/test_set/test_set/masks/before/before-video-012/frame_0060.jpg
before-video-012,frame_0061.jpg,strict_qmem_v2_T2K2_qmem_code,qmem,2,margin,0.05,0.0001,0.0,0.303355272241911,0.4654989759163783,0.3598493120768727,0.6589682063587282,18316,10002,0.04741304088383913,0.005629665218293667,0.6153698563575745,0.9925336241722107,0.00249703461304307,0.447998046875,1.0001168251037598,/kaggle/input/datasets/shuvroahmedimaging/ws2-eca/test_set/test_set/images/before/before-video-012/frame_0061.jpg,/kaggle/input/datasets/shuvroahmedimaging/ws2-eca/test_set/test_set/masks/before/before-video-012/frame_0061.jpg
before-video-012,frame_0062.jpg,strict_qmem_v2_T2K2_qmem_code,qmem,2,margin,0.05,0.0001,0.0,0.2916059059423988,0.4515400628021028,0.32764976958525344,0.7260864631793941,19530,8813,0.04741304088383913,0.0050110709853470325,0.5626133680343628,0.9927438497543335,0.002544900868088007,0.37109375,1.0007208585739136,/kaggle/input/datasets/shuvroahmedimaging/ws2-eca/test_set/test_set/images/before/before-video-012/frame_0062.jpg,/kaggle/input/datasets/shuvroahmedimaging/ws2-eca/test_set/test_set/masks/before/before-video-012/frame_0062.jpg
before-video-012,frame_0063.jpg,strict_qmem_v2_T2K2_qmem_code,qmem,2,margin,0.05,0.0001,0.0,0.3112946569712298,0.47478978933727134,0.37599045346062054,0.6440192952334233,20950,12231,0.04741304088383913,0.005116159562021494,0.5664933919906616,0.9927959442138672,0.0025193444453179836,0.376953125,1.0002244710922241,/kaggle/input/datasets/shuvroahmedimaging/ws2-eca/test_set/test_set/images/before/before-video-012/frame_0063.jpg,/kaggle/input/datasets/shuvroahmedimaging/ws2-eca/test_set/test_set/masks/before/before-video-012/frame_0063.jpg
before-video-012,frame_0064.jpg,strict_qmem_v2_T2K2_qmem_code,qmem,2,margin,0.05,0.0001,0.0,0.3283550396375991,0.4943784302232642,0.3968179290877208,0.6555500600579383,23381,14153,0.04741304088383913,0.0051673417910933495,0.5646625757217407,0.992538332939148,0.0025314893573522568,0.374267578125,1.000968098640442,/kaggle/input/datasets/shuvroahmedimaging/ws2-eca/test_set/test_set/images/before/before-video-012/frame_0064.jpg,/kaggle/input/datasets/shuvroahmedimaging/ws2-eca/test_set/test_set/masks/before/before-video-012/frame_0064.jpg
before-video-012,frame_0065.jpg,strict_qmem_v2_T2K2_qmem_code,qmem,2,margin,0.05,0.0001,0.0,0.3196308329801761,0.48442462087421945,0.37022088901009,0.7005159958720331,18335,9690,0.04741304088383913,0.003299679607152939,0.5389639139175415,0.9946008920669556,0.002486725337803364,0.33837890625,1.0,/kaggle/input/datasets/shuvroahmedimaging/ws2-eca/test_set/test_set/images/before/before-video-012/frame_0065.jpg,/kaggle/input/datasets/shuvroahmedimaging/ws2-eca/test_set/test_set/masks/before/before-video-012/frame_0065.jpg
before-video-012,frame_0066.jpg,strict_qmem_v2_T2K2_qmem_code,qmem,2,margin,0.05,0.0001,0.0,0.2674846625766871,0.4220716360116166,0.31520714151002704,0.6385634233316353,15907,7852,0.04741304088383913,0.003050209255889058,0.5944256782531738,0.9953493475914001,0.002318334300071001,0.421875,1.0,/kaggle/input/datasets/shuvroahmedimaging/ws2-eca/test_set/test_set/images/before/before-video-012/frame_0066.jpg,/kaggle/input/datasets/shuvroahmedimaging/ws2-eca/test_set/test_set/masks/before/before-video-012/frame_0066.jpg
before-video-012,frame_0067.jpg,strict_qmem_v2_T2K2_qmem_code,qmem,2,margin,0.05,0.0001,0.0,0.3800947867298578,0.5508241758241759,0.4241142252776309,0.7855044074436827,15128,8168,0.04741304088383913,0.0028915097936987877,0.6530123949050903,0.9957872033119202,0.002367774723097682,0.5048828125,1.0,/kaggle/input/datasets/shuvroahmedimaging/ws2-eca/test_set/test_set/images/before/before-video-012/frame_0067.jpg,/kaggle/input/datasets/shuvroahmedimaging/ws2-eca/test_set/test_set/masks/before/before-video-012/frame_0067.jpg
before-video-012,frame_0068.jpg,strict_qmem_v2_T2K2_qmem_code,qmem,2,margin,0.05,0.0001,0.0,0.57996953541508,0.7341528079055194,0.6481770463895588,0.846424601704335,14098,10796,0.04741304088383913,0.0032475697807967663,0.6425579190254211,0.9954994916915894,0.00234367698431015,0.49072265625,1.0,/kaggle/input/datasets/shuvroahmedimaging/ws2-eca/test_set/test_set/images/before/before-video-012/frame_0068.jpg,/kaggle/input/datasets/shuvroahmedimaging/ws2-eca/test_set/test_set/masks/before/before-video-012/frame_0068.jpg
before-video-012,frame_0069.jpg,strict_qmem_v2_T2K2_qmem_code,qmem,2,margin,0.05,0.0001,0.0,0.5299286373124908,0.692749484372521,0.5860310302249423,0.8469894475481068,18627,12888,0.04741304088383913,0.004553534556180239,0.6567090153694153,0.993966817855835,0.0024576776195317507,0.50830078125,1.0001285076141357,/kaggle/input/datasets/shuvroahmedimaging/ws2-eca/test_set/test_set/images/before/before-video-012/frame_0069.jpg,/kaggle/input/datasets/shuvroahmedimaging/ws2-eca/test_set/test_set/masks/before/before-video-012/frame_0069.jpg
before-video-012,frame_0070.jpg,strict_qmem_v2_T2K2_qmem_code,qmem,2,margin,0.05,0.0001,0.0,0.4382926442612555,0.6094624011462897,0.4526626007940731,0.9324620573355817,24431,11860,0.04741304088383913,0.005286362953484058,0.6165481209754944,0.9929099678993225,0.0025699359830468893,0.4482421875,1.0,/kaggle/input/datasets/shuvroahmedimaging/ws2-eca/test_set/test_set/images/before/before-video-012/frame_0070.jpg,/kaggle/input/datasets/shuvroahmedimaging/ws2-eca/test_set/test_set/masks/before/before-video-012/frame_0070.jpg
before-video-012,frame_0071.jpg,strict_qmem_v2_T2K2_qmem_code,qmem,2,margin,0.05,0.0001,0.0,0.3595605700712589,0.5289364490063333,0.37220023819585846,0.9137036687729888,26029,10603,0.04741304088383913,0.0053838519379496574,0.5700036883354187,0.9924375414848328,0.002668265951797366,0.37890625,1.000119924545288,/kaggle/input/datasets/shuvroahmedimaging/ws2-eca/test_set/test_set/images/before/before-video-012/frame_0071.jpg,/kaggle/input/datasets/shuvroahmedimaging/ws2-eca/test_set/test_set/masks/before/before-video-012/frame_0071.jpg
before-video-012,frame_0072.jpg,strict_qmem_v2_T2K2_qmem_code,qmem,2,margin,0.05,0.0001,0.0,0.3507614626598257,0.5193536717713735,0.3588120131628275,0.9398799781778505,24007,9165,0.04741304088383913,0.004794108681380749,0.5622179508209229,0.9928433895111084,0.0026229179929941893,0.369384765625,1.0,/kaggle/input/datasets/shuvroahmedimaging/ws2-eca/test_set/test_set/images/before/before-video-012/frame_0072.jpg,/kaggle/input/datasets/shuvroahmedimaging/ws2-eca/test_set/test_set/masks/before/before-video-012/frame_0072.jpg
before-video-013,frame_0001.jpg,strict_qmem_v2_T2K2_qmem_code,qmem,2,margin,0.05,0.0001,0.0,0.39018078568091147,0.561338193851961,0.41009368389241463,0.8893257966740394,26472,12207,0.04741304088383913,0.0,0.0,0.0,0.0,0.0,0.0,/kaggle/input/datasets/shuvroahmedimaging/ws2-eca/test_set/test_set/images/before/before-video-013/frame_0001.jpg,/kaggle/input/datasets/shuvroahmedimaging/ws2-eca/test_set/test_set/masks/before/before-video-013/frame_0001.jpg
before-video-013,frame_0002.jpg,strict_qmem_v2_T2K2_qmem_code,qmem,2,margin,0.05,0.0001,0.0,0.29934185056136275,0.4607591919432692,0.3136713995943205,0.8675942549371634,24650,8912,0.04741304088383913,0.003930029924958944,0.5123746395111084,0.9934130907058716,0.002574496204033494,0.298095703125,1.0,/kaggle/input/datasets/shuvroahmedimaging/ws2-eca/test_set/test_set/images/before/before-video-013/frame_0002.jpg,/kaggle/input/datasets/shuvroahmedimaging/ws2-eca/test_set/test_set/masks/before/before-video-013/frame_0002.jpg
before-video-013,frame_0003.jpg,strict_qmem_v2_T2K2_qmem_code,qmem,2,margin,0.05,0.0001,0.0,0.34493001151004343,0.5129337713607377,0.3845994618091492,0.769804441498177,24155,12068,0.04741304088383913,0.004214705899357796,0.5121812224388123,0.9932729005813599,0.0025352477096021175,0.2978515625,1.0002604722976685,/kaggle/input/datasets/shuvroahmedimaging/ws2-eca/test_set/test_set/images/before/before-video-013/frame_0003.jpg,/kaggle/input/datasets/shuvroahmedimaging/ws2-eca/test_set/test_set/masks/before/before-video-013/frame_0003.jpg
before-video-013,frame_0004.jpg,strict_qmem_v2_T2K2_qmem_code,qmem,2,margin,0.05,0.0001,0.0,0.2857744107744108,0.44451718494271686,0.31385136870217245,0.7615902293120638,19471,8024,0.04741304088383913,0.004267267417162657,0.5436097979545593,0.9934849143028259,0.0024764707777649164,0.3447265625,1.0,/kaggle/input/datasets/shuvroahmedimaging/ws2-eca/test_set/test_set/images/before/before-video-013/frame_0004.jpg,/kaggle/input/datasets/shuvroahmedimaging/ws2-eca/test_set/test_set/masks/before/before-video-013/frame_0004.jpg
before-video-013,frame_0005.jpg,strict_qmem_v2_T2K2_qmem_code,qmem,2,margin,0.05,0.0001,0.0,0.30666821023385044,0.46938956321431735,0.35062872270019857,0.7098070739549839,15110,7464,0.04741304088383913,0.003514491021633148,0.556756854057312,0.9945969581604004,0.0022921389900147915,0.367431640625,1.0,/kaggle/input/datasets/shuvroahmedimaging/ws2-eca/test_set/test_set/images/before/before-video-013/frame_0005.jpg,/kaggle/input/datasets/shuvroahmedimaging/ws2-eca/test_set/test_set/masks/before/before-video-013/frame_0005.jpg
before-video-013,frame_0006.jpg,strict_qmem_v2_T2K2_qmem_code,qmem,2,margin,0.05,0.0001,0.0,0.31984172387490467,0.48466678706880983,0.3579851662131156,0.7501118067978533,18741,8944,0.04741304088383913,0.003992636688053608,0.5857384204864502,0.9944344162940979,0.0022357022389769554,0.410888671875,1.0,/kaggle/input/datasets/shuvroahmedimaging/ws2-eca/test_set/test_set/images/before/before-video-013/frame_0006.jpg,/kaggle/input/datasets/shuvroahmedimaging/ws2-eca/test_set/test_set/masks/before/before-video-013/frame_0006.jpg
before-video-013,frame_0007.jpg,strict_qmem_v2_T2K2_qmem_code,qmem,2,margin,0.05,0.0001,0.0,0.31610102604577744,0.48035982008995504,0.3418693982074264,0.8074596774193549,21087,8928,0.04741304088383913,0.0048181903548538685,0.5651986598968506,0.9934049844741821,0.002328147878870368,0.37890625,1.0,/kaggle/input/datasets/shuvroahmedimaging/ws2-eca/test_set/test_set/images/before/before-video-013/frame_0007.jpg,/kaggle/input/datasets/shuvroahmedimaging/ws2-eca/test_set/test_set/masks/before/before-video-013/frame_0007.jpg
before-video-013,frame_0008.jpg,strict_qmem_v2_T2K2_qmem_code,qmem,2,margin,0.05,0.0001,0.0,0.21692121212121213,0.3565082274194191,0.2285334831690249,0.8102136906917783,19577,5522,0.04741304088383913,0.004268702585250139,0.5329011678695679,0.9936913847923279,0.002303913002833724,0.3330078125,1.0001236200332642,/kaggle/input/datasets/shuvroahmedimaging/ws2-eca/test_set/test_set/images/before/before-video-013/frame_0008.jpg,/kaggle/input/datasets/shuvroahmedimaging/ws2-eca/test_set/test_set/masks/before/before-video-013/frame_0008.jpg
before-video-013,frame_0009.jpg,strict_qmem_v2_T2K2_qmem_code,qmem,2,margin,0.05,0.0001,0.0,0.2480642551716168,0.3975184036297977,0.2664308322472538,0.7825373678454247,16113,5486,0.04741304088383913,0.00344778667204082,0.5912311673164368,0.994822084903717,0.00235052895732224,0.416015625,1.0,/kaggle/input/datasets/shuvroahmedimaging/ws2-eca/test_set/test_set/images/before/before-video-013/frame_0009.jpg,/kaggle/input/datasets/shuvroahmedimaging/ws2-eca/test_set/test_set/masks/before/before-video-013/frame_0009.jpg
