video,frame,method,kind,memory_frames,confidence_mode,lambda_qmem,lambda_code,lambda_clean,iou,dice,precision,recall,pred_pixels,gt_pixels,threshold,mean_qmem_mismatch,mean_qmem_confidence,mean_top_similarity,mean_score_margin,same_code_rate,mean_selected_age,img_path,mask_path
before-video-000,frame_0001.jpg,strict_qmem_v2_T2K2_full,qmem,2,margin,0.05,0.0001,0.1,0.23918229873228236,0.3860324650811627,0.24657600308641975,0.8885992353145638,20736,5754,0.04464666452258825,0.0,0.0,0.0,0.0,0.0,0.0,/kaggle/input/datasets/shuvroahmedimaging/ws2-eca/test_set/test_set/images/before/before-video-000/frame_0001.jpg,/kaggle/input/datasets/shuvroahmedimaging/ws2-eca/test_set/test_set/masks/before/before-video-000/frame_0001.jpg
before-video-000,frame_0002.jpg,strict_qmem_v2_T2K2_full,qmem,2,margin,0.05,0.0001,0.1,0.2809110629067245,0.4386113463166808,0.2868217054263566,0.9316546762589928,20769,6394,0.04464666452258825,0.004317546263337135,0.6120502948760986,0.993897020816803,0.002401075093075633,0.44482421875,1.0,/kaggle/input/datasets/shuvroahmedimaging/ws2-eca/test_set/test_set/images/before/before-video-000/frame_0002.jpg,/kaggle/input/datasets/shuvroahmedimaging/ws2-eca/test_set/test_set/masks/before/before-video-000/frame_0002.jpg
before-video-000,frame_0003.jpg,strict_qmem_v2_T2K2_full,qmem,2,margin,0.05,0.0001,0.1,0.3223059606538123,0.48749074759437455,0.3298112073714257,0.9340519075308467,19969,7051,0.04464666452258825,0.003854834008961916,0.6135307550430298,0.994494616985321,0.0023721333127468824,0.447509765625,1.0,/kaggle/input/datasets/shuvroahmedimaging/ws2-eca/test_set/test_set/images/before/before-video-000/frame_0003.jpg,/kaggle/input/datasets/shuvroahmedimaging/ws2-eca/test_set/test_set/masks/before/before-video-000/frame_0003.jpg
before-video-000,frame_0004.jpg,strict_qmem_v2_T2K2_full,qmem,2,margin,0.05,0.0001,0.1,0.28358747993579453,0.44186700847219185,0.30117195823567017,0.8292654306500822,23465,8522,0.04464666452258825,0.004681810270994902,0.6097230911254883,0.9936052560806274,0.002338858786970377,0.443115234375,1.0001327991485596,/kaggle/input/datasets/shuvroahmedimaging/ws2-eca/test_set/test_set/images/before/before-video-000/frame_0004.jpg,/kaggle/input/datasets/shuvroahmedimaging/ws2-eca/test_set/test_set/masks/before/before-video-000/frame_0004.jpg
before-video-000,frame_0005.jpg,strict_qmem_v2_T2K2_full,qmem,2,margin,0.05,0.0001,0.1,0.2756697371756951,0.43219609142100035,0.30740234651086085,0.7275565964090555,21223,8967,0.04464666452258825,0.004456356167793274,0.5513483285903931,0.9936517477035522,0.0023123386781662703,0.359619140625,1.0,/kaggle/input/datasets/shuvroahmedimaging/ws2-eca/test_set/test_set/images/before/before-video-000/frame_0005.jpg,/kaggle/input/datasets/shuvroahmedimaging/ws2-eca/test_set/test_set/masks/before/before-video-000/frame_0005.jpg
before-video-000,frame_0006.jpg,strict_qmem_v2_T2K2_full,qmem,2,margin,0.05,0.0001,0.1,0.24477043246332636,0.39327803116103954,0.2725614154185583,0.7059340659340659,23569,9100,0.04464666452258825,0.004506413824856281,0.5415371656417847,0.9934991002082825,0.002327095251530409,0.344970703125,1.0002471208572388,/kaggle/input/datasets/shuvroahmedimaging/ws2-eca/test_set/test_set/images/before/before-video-000/frame_0006.jpg,/kaggle/input/datasets/shuvroahmedimaging/ws2-eca/test_set/test_set/masks/before/before-video-000/frame_0006.jpg
before-video-000,frame_0007.jpg,strict_qmem_v2_T2K2_full,qmem,2,margin,0.05,0.0001,0.1,0.23542001070090957,0.38111736682546554,0.2557796360059026,0.7473216618761432,22363,7654,0.04464666452258825,0.003645210061222315,0.566020131111145,0.9942977428436279,0.002388009801506996,0.37939453125,1.0,/kaggle/input/datasets/shuvroahmedimaging/ws2-eca/test_set/test_set/images/before/before-video-000/frame_0007.jpg,/kaggle/input/datasets/shuvroahmedimaging/ws2-eca/test_set/test_set/masks/before/before-video-000/frame_0007.jpg
before-video-000,frame_0008.jpg,strict_qmem_v2_T2K2_full,qmem,2,margin,0.05,0.0001,0.1,0.1998188331205995,0.33308167467398764,0.21641990724224044,0.7226027397260274,22424,6716,0.04464666452258825,0.003330139210447669,0.5730103850364685,0.994732141494751,0.0025114286690950394,0.386474609375,1.0001235008239746,/kaggle/input/datasets/shuvroahmedimaging/ws2-eca/test_set/test_set/images/before/before-video-000/frame_0008.jpg,/kaggle/input/datasets/shuvroahmedimaging/ws2-eca/test_set/test_set/masks/before/before-video-000/frame_0008.jpg
before-video-000,frame_0009.jpg,strict_qmem_v2_T2K2_full,qmem,2,margin,0.05,0.0001,0.1,0.29392663860493085,0.45431731573566314,0.3072281583909491,0.8716119828815977,23865,8412,0.04464666452258825,0.003423471702262759,0.5582570433616638,0.9944815039634705,0.002439866540953517,0.36669921875,1.0,/kaggle/input/datasets/shuvroahmedimaging/ws2-eca/test_set/test_set/images/before/before-video-000/frame_0009.jpg,/kaggle/input/datasets/shuvroahmedimaging/ws2-eca/test_set/test_set/masks/before/before-video-000/frame_0009.jpg
before-video-000,frame_0010.jpg,strict_qmem_v2_T2K2_full,qmem,2,margin,0.05,0.0001,0.1,0.33950227830354013,0.5069081013188194,0.3770925796153547,0.773024740622506,25686,12530,0.04464666452258825,0.004435648676007986,0.5532371997833252,0.9933329820632935,0.0025228760205209255,0.35791015625,1.0,/kaggle/input/datasets/shuvroahmedimaging/ws2-eca/test_set/test_set/images/before/before-video-000/frame_0010.jpg,/kaggle/input/datasets/shuvroahmedimaging/ws2-eca/test_set/test_set/masks/before/before-video-000/frame_0010.jpg
before-video-000,frame_0011.jpg,strict_qmem_v2_T2K2_full,qmem,2,margin,0.05,0.0001,0.1,0.37667939471079054,0.5472289280394473,0.3902564102564103,0.9154493899295412,27300,11638,0.04464666452258825,0.004508832469582558,0.5645937919616699,0.993201732635498,0.0025577200576663017,0.37353515625,1.0,/kaggle/input/datasets/shuvroahmedimaging/ws2-eca/test_set/test_set/images/before/before-video-000/frame_0011.jpg,/kaggle/input/datasets/shuvroahmedimaging/ws2-eca/test_set/test_set/masks/before/before-video-000/frame_0011.jpg
before-video-000,frame_0012.jpg,strict_qmem_v2_T2K2_full,qmem,2,margin,0.05,0.0001,0.1,0.44341248900615654,0.6143946964342294,0.45761173437897107,0.9345988432448465,27543,13486,0.04464666452258825,0.004025688394904137,0.580180823802948,0.9938071370124817,0.0026698855217546225,0.3935546875,1.0,/kaggle/input/datasets/shuvroahmedimaging/ws2-eca/test_set/test_set/images/before/before-video-000/frame_0012.jpg,/kaggle/input/datasets/shuvroahmedimaging/ws2-eca/test_set/test_set/masks/before/before-video-000/frame_0012.jpg
before-video-000,frame_0013.jpg,strict_qmem_v2_T2K2_full,qmem,2,margin,0.05,0.0001,0.1,0.3871444116275455,0.5581890513811845,0.41014450986043066,0.8734765453748355,24289,11405,0.04464666452258825,0.003492271527647972,0.612951934337616,0.9944413900375366,0.0026571876369416714,0.442138671875,1.000244140625,/kaggle/input/datasets/shuvroahmedimaging/ws2-eca/test_set/test_set/images/before/before-video-000/frame_0013.jpg,/kaggle/input/datasets/shuvroahmedimaging/ws2-eca/test_set/test_set/masks/before/before-video-000/frame_0013.jpg
before-video-000,frame_0014.jpg,strict_qmem_v2_T2K2_full,qmem,2,margin,0.05,0.0001,0.1,0.35447943864229764,0.5234179693382729,0.37849022084767175,0.8482038266302225,22957,10244,0.04464666452258825,0.0032194664236158133,0.6165610551834106,0.9949523210525513,0.002578773070126772,0.447998046875,1.0001139640808105,/kaggle/input/datasets/shuvroahmedimaging/ws2-eca/test_set/test_set/images/before/before-video-000/frame_0014.jpg,/kaggle/input/datasets/shuvroahmedimaging/ws2-eca/test_set/test_set/masks/before/before-video-000/frame_0014.jpg
before-video-000,frame_0015.jpg,strict_qmem_v2_T2K2_full,qmem,2,margin,0.05,0.0001,0.1,0.34077995240639114,0.5083309185743263,0.36071557086310596,0.860453709380748,19453,8155,0.04464666452258825,0.0032707033678889275,0.6199911236763,0.9949444532394409,0.0023731791879981756,0.456787109375,1.0,/kaggle/input/datasets/shuvroahmedimaging/ws2-eca/test_set/test_set/images/before/before-video-000/frame_0015.jpg,/kaggle/input/datasets/shuvroahmedimaging/ws2-eca/test_set/test_set/masks/before/before-video-000/frame_0015.jpg
before-video-000,frame_0016.jpg,strict_qmem_v2_T2K2_full,qmem,2,margin,0.05,0.0001,0.1,0.3105254452224734,0.4738945685556818,0.33974784339747843,0.7830923248053393,16577,7192,0.04464666452258825,0.00282601872459054,0.6421696543693542,0.9955698847770691,0.0023861851077526808,0.489013671875,1.0,/kaggle/input/datasets/shuvroahmedimaging/ws2-eca/test_set/test_set/images/before/before-video-000/frame_0016.jpg,/kaggle/input/datasets/shuvroahmedimaging/ws2-eca/test_set/test_set/masks/before/before-video-000/frame_0016.jpg
before-video-000,frame_0017.jpg,strict_qmem_v2_T2K2_full,qmem,2,margin,0.05,0.0001,0.1,0.25224100760240553,0.40286335628851033,0.28266259774938013,0.7009301592306479,15729,6343,0.04464666452258825,0.0029712917748838663,0.6331847310066223,0.9955533742904663,0.002383347600698471,0.475830078125,1.000124216079712,/kaggle/input/datasets/shuvroahmedimaging/ws2-eca/test_set/test_set/images/before/before-video-000/frame_0017.jpg,/kaggle/input/datasets/shuvroahmedimaging/ws2-eca/test_set/test_set/masks/before/before-video-000/frame_0017.jpg
before-video-000,frame_0018.jpg,strict_qmem_v2_T2K2_full,qmem,2,margin,0.05,0.0001,0.1,0.3988467083133109,0.5702507729302645,0.4485139597718403,0.7826906957250629,16655,9544,0.04464666452258825,0.0038076499477028847,0.6129413843154907,0.994689404964447,0.0023817128967493773,0.44677734375,1.0,/kaggle/input/datasets/shuvroahmedimaging/ws2-eca/test_set/test_set/images/before/before-video-000/frame_0018.jpg,/kaggle/input/datasets/shuvroahmedimaging/ws2-eca/test_set/test_set/masks/before/before-video-000/frame_0018.jpg
before-video-000,frame_0019.jpg,strict_qmem_v2_T2K2_full,qmem,2,margin,0.05,0.0001,0.1,0.4876268728854519,0.6555768543487442,0.517225469086435,0.8949702829770247,19506,11273,0.04464666452258825,0.003811056260019541,0.621661901473999,0.9945141673088074,0.0024747319985181093,0.45703125,1.000244140625,/kaggle/input/datasets/shuvroahmedimaging/ws2-eca/test_set/test_set/images/before/before-video-000/frame_0019.jpg,/kaggle/input/datasets/shuvroahmedimaging/ws2-eca/test_set/test_set/masks/before/before-video-000/frame_0019.jpg
before-video-000,frame_0020.jpg,strict_qmem_v2_T2K2_full,qmem,2,margin,0.05,0.0001,0.1,0.5239513205592957,0.6876221221646419,0.5516880992411506,0.9124455133022696,22007,13306,0.04464666452258825,0.004260756075382233,0.618144154548645,0.9939150810241699,0.002597102429717779,0.45068359375,1.0,/kaggle/input/datasets/shuvroahmedimaging/ws2-eca/test_set/test_set/images/before/before-video-000/frame_0020.jpg,/kaggle/input/datasets/shuvroahmedimaging/ws2-eca/test_set/test_set/masks/before/before-video-000/frame_0020.jpg
before-video-000,frame_0021.jpg,strict_qmem_v2_T2K2_full,qmem,2,margin,0.05,0.0001,0.1,0.5376444354348267,0.6993091810367558,0.6221732194801539,0.7982783529978329,21314,16612,0.04464666452258825,0.004544266499578953,0.602473258972168,0.9933626651763916,0.0026998049579560757,0.4248046875,1.0,/kaggle/input/datasets/shuvroahmedimaging/ws2-eca/test_set/test_set/images/before/before-video-000/frame_0021.jpg,/kaggle/input/datasets/shuvroahmedimaging/ws2-eca/test_set/test_set/masks/before/before-video-000/frame_0021.jpg
before-video-000,frame_0022.jpg,strict_qmem_v2_T2K2_full,qmem,2,margin,0.05,0.0001,0.1,0.5276556187207265,0.6908044093898472,0.6462036955950609,0.7420182010156368,22838,19889,0.04464666452258825,0.004368063993752003,0.6009465456008911,0.9936832189559937,0.002661952283233404,0.424072265625,1.0,/kaggle/input/datasets/shuvroahmedimaging/ws2-eca/test_set/test_set/images/before/before-video-000/frame_0022.jpg,/kaggle/input/datasets/shuvroahmedimaging/ws2-eca/test_set/test_set/masks/before/before-video-000/frame_0022.jpg
before-video-000,frame_0023.jpg,strict_qmem_v2_T2K2_full,qmem,2,margin,0.05,0.0001,0.1,0.40241889296903954,0.573892572307101,0.5059296908089792,0.662948162948163,23610,18018,0.04464666452258825,0.004552184604108334,0.5777615904808044,0.9934142231941223,0.0025362884625792503,0.393310546875,1.0,/kaggle/input/datasets/shuvroahmedimaging/ws2-eca/test_set/test_set/images/before/before-video-000/frame_0023.jpg,/kaggle/input/datasets/shuvroahmedimaging/ws2-eca/test_set/test_set/masks/before/before-video-000/frame_0023.jpg
before-video-000,frame_0024.jpg,strict_qmem_v2_T2K2_full,qmem,2,margin,0.05,0.0001,0.1,0.4182184572899951,0.5897800231554573,0.5654960137248966,0.6162432640492687,19818,18186,0.04464666452258825,0.004788544960319996,0.5722021460533142,0.9931800365447998,0.0025500364135950804,0.38427734375,1.0,/kaggle/input/datasets/shuvroahmedimaging/ws2-eca/test_set/test_set/images/before/before-video-000/frame_0024.jpg,/kaggle/input/datasets/shuvroahmedimaging/ws2-eca/test_set/test_set/masks/before/before-video-000/frame_0024.jpg
before-video-000,frame_0025.jpg,strict_qmem_v2_T2K2_full,qmem,2,margin,0.05,0.0001,0.1,0.4290502342109514,0.600469072310605,0.5502045466314536,0.6608409006095286,19311,16078,0.04464666452258825,0.004821190144866705,0.5713889002799988,0.9930951595306396,0.002468482591211796,0.38525390625,1.0,/kaggle/input/datasets/shuvroahmedimaging/ws2-eca/test_set/test_set/images/before/before-video-000/frame_0025.jpg,/kaggle/input/datasets/shuvroahmedimaging/ws2-eca/test_set/test_set/masks/before/before-video-000/frame_0025.jpg
before-video-000,frame_0026.jpg,strict_qmem_v2_T2K2_full,qmem,2,margin,0.05,0.0001,0.1,0.4294869320155966,0.6008966187749811,0.47449458329779065,0.8190988072448829,23446,13582,0.04464666452258825,0.005657777190208435,0.5981708765029907,0.992238461971283,0.0025990374851971865,0.4208984375,1.0001288652420044,/kaggle/input/datasets/shuvroahmedimaging/ws2-eca/test_set/test_set/images/before/before-video-000/frame_0026.jpg,/kaggle/input/datasets/shuvroahmedimaging/ws2-eca/test_set/test_set/masks/before/before-video-000/frame_0026.jpg
before-video-000,frame_0027.jpg,strict_qmem_v2_T2K2_full,qmem,2,margin,0.05,0.0001,0.1,0.3639315489249671,0.5336507527988675,0.38494384108419194,0.8695743342419795,21546,9538,0.04464666452258825,0.004168338607996702,0.578123152256012,0.9937529563903809,0.002524492098018527,0.3935546875,1.0,/kaggle/input/datasets/shuvroahmedimaging/ws2-eca/test_set/test_set/images/before/before-video-000/frame_0027.jpg,/kaggle/input/datasets/shuvroahmedimaging/ws2-eca/test_set/test_set/masks/before/before-video-000/frame_0027.jpg
before-video-000,frame_0028.jpg,strict_qmem_v2_T2K2_full,qmem,2,margin,0.05,0.0001,0.1,0.2041000225275963,0.33900841908325535,0.2128459333740544,0.8324145534729879,21283,5442,0.04464666452258825,0.003613221226260066,0.5857969522476196,0.994521975517273,0.0023465966805815697,0.408203125,1.0,/kaggle/input/datasets/shuvroahmedimaging/ws2-eca/test_set/test_set/images/before/before-video-000/frame_0028.jpg,/kaggle/input/datasets/shuvroahmedimaging/ws2-eca/test_set/test_set/masks/before/before-video-000/frame_0028.jpg
before-video-000,frame_0029.jpg,strict_qmem_v2_T2K2_full,qmem,2,margin,0.05,0.0001,0.1,0.18781094527363185,0.3162303664921466,0.19948038222731077,0.7624978959771083,22709,5941,0.04464666452258825,0.0038956282660365105,0.5763322710990906,0.9942073822021484,0.0024828880559653044,0.39208984375,1.0001300573349,/kaggle/input/datasets/shuvroahmedimaging/ws2-eca/test_set/test_set/images/before/before-video-000/frame_0029.jpg,/kaggle/input/datasets/shuvroahmedimaging/ws2-eca/test_set/test_set/masks/before/before-video-000/frame_0029.jpg
before-video-000,frame_0030.jpg,strict_qmem_v2_T2K2_full,qmem,2,margin,0.05,0.0001,0.1,0.21496130696474636,0.35385704175513094,0.22693513781152005,0.8029197080291971,24236,6850,0.04464666452258825,0.0036778070498257875,0.5683978796005249,0.9942820072174072,0.0025684793945401907,0.379150390625,1.0,/kaggle/input/datasets/shuvroahmedimaging/ws2-eca/test_set/test_set/images/before/before-video-000/frame_0030.jpg,/kaggle/input/datasets/shuvroahmedimaging/ws2-eca/test_set/test_set/masks/before/before-video-000/frame_0030.jpg
before-video-000,frame_0031.jpg,strict_qmem_v2_T2K2_full,qmem,2,margin,0.05,0.0001,0.1,0.24995615573482988,0.39994387737205794,0.26298551526893627,0.8345776606646171,21678,6831,0.04464666452258825,0.0035249339416623116,0.5964670181274414,0.9945621490478516,0.002532440470531583,0.420166015625,1.000244140625,/kaggle/input/datasets/shuvroahmedimaging/ws2-eca/test_set/test_set/images/before/before-video-000/frame_0031.jpg,/kaggle/input/datasets/shuvroahmedimaging/ws2-eca/test_set/test_set/masks/before/before-video-000/frame_0031.jpg
before-video-000,frame_0032.jpg,strict_qmem_v2_T2K2_full,qmem,2,margin,0.05,0.0001,0.1,0.2759152055307984,0.4324977151064108,0.29700529005648707,0.7953181272509003,22306,8330,0.04464666452258825,0.0038049547001719475,0.6092035174369812,0.9944203495979309,0.002515403088182211,0.438720703125,1.0,/kaggle/input/datasets/shuvroahmedimaging/ws2-eca/test_set/test_set/images/before/before-video-000/frame_0032.jpg,/kaggle/input/datasets/shuvroahmedimaging/ws2-eca/test_set/test_set/masks/before/before-video-000/frame_0032.jpg
before-video-000,frame_0033.jpg,strict_qmem_v2_T2K2_full,qmem,2,margin,0.05,0.0001,0.1,0.2881101845779069,0.44733779458830375,0.30811623246492986,0.8160828025477707,19960,7536,0.04464666452258825,0.0038755128625780344,0.5847671627998352,0.9942831993103027,0.002485881093889475,0.404541015625,1.0002379417419434,/kaggle/input/datasets/shuvroahmedimaging/ws2-eca/test_set/test_set/images/before/before-video-000/frame_0033.jpg,/kaggle/input/datasets/shuvroahmedimaging/ws2-eca/test_set/test_set/masks/before/before-video-000/frame_0033.jpg
before-video-000,frame_0034.jpg,strict_qmem_v2_T2K2_full,qmem,2,margin,0.05,0.0001,0.1,0.2165120793787748,0.35595549448113833,0.23102595086023361,0.775096525096525,17379,5180,0.04464666452258825,0.0034850584343075752,0.6035537123680115,0.9948635697364807,0.0023513822816312313,0.43408203125,1.0006134510040283,/kaggle/input/datasets/shuvroahmedimaging/ws2-eca/test_set/test_set/images/before/before-video-000/frame_0034.jpg,/kaggle/input/datasets/shuvroahmedimaging/ws2-eca/test_set/test_set/masks/before/before-video-000/frame_0034.jpg
before-video-000,frame_0035.jpg,strict_qmem_v2_T2K2_full,qmem,2,margin,0.05,0.0001,0.1,0.18553741252467254,0.31300136219161495,0.1916707859614434,0.8529007423700853,16184,3637,0.04464666452258825,0.0031714073847979307,0.6411348581314087,0.9952972531318665,0.0024121596943587065,0.487060546875,1.000736951828003,/kaggle/input/datasets/shuvroahmedimaging/ws2-eca/test_set/test_set/images/before/before-video-000/frame_0035.jpg,/kaggle/input/datasets/shuvroahmedimaging/ws2-eca/test_set/test_set/masks/before/before-video-000/frame_0035.jpg
before-video-000,frame_0036.jpg,strict_qmem_v2_T2K2_full,qmem,2,margin,0.05,0.0001,0.1,0.2143250688705234,0.352994555353902,0.22225749111223972,0.8572477962781586,15752,4084,0.04464666452258825,0.0034973665606230497,0.6823323369026184,0.9951687455177307,0.0023449291475117207,0.547607421875,1.0,/kaggle/input/datasets/shuvroahmedimaging/ws2-eca/test_set/test_set/images/before/before-video-000/frame_0036.jpg,/kaggle/input/datasets/shuvroahmedimaging/ws2-eca/test_set/test_set/masks/before/before-video-000/frame_0036.jpg
before-video-000,frame_0037.jpg,strict_qmem_v2_T2K2_full,qmem,2,margin,0.05,0.0001,0.1,0.18419248697559637,0.31108538350217074,0.19217565441281648,0.8159732766474339,13982,3293,0.04464666452258825,0.0031086334493011236,0.6777569651603699,0.9956282377243042,0.0023842742666602135,0.54052734375,1.0,/kaggle/input/datasets/shuvroahmedimaging/ws2-eca/test_set/test_set/images/before/before-video-000/frame_0037.jpg,/kaggle/input/datasets/shuvroahmedimaging/ws2-eca/test_set/test_set/masks/before/before-video-000/frame_0037.jpg
before-video-000,frame_0038.jpg,strict_qmem_v2_T2K2_full,qmem,2,margin,0.05,0.0001,0.1,0.22807110639426903,0.37142980598885195,0.23925629035849477,0.8298899401428848,17964,5179,0.04464666452258825,0.003311491571366787,0.6424287557601929,0.9953294992446899,0.0024531162343919277,0.487548828125,1.000105381011963,/kaggle/input/datasets/shuvroahmedimaging/ws2-eca/test_set/test_set/images/before/before-video-000/frame_0038.jpg,/kaggle/input/datasets/shuvroahmedimaging/ws2-eca/test_set/test_set/masks/before/before-video-000/frame_0038.jpg
before-video-000,frame_0039.jpg,strict_qmem_v2_T2K2_full,qmem,2,margin,0.05,0.0001,0.1,0.270390779455685,0.4256812688321579,0.2863761917490867,0.8288845905867183,22446,7755,0.04464666452258825,0.0034150381106883287,0.6117578148841858,0.9948551058769226,0.0025438822340220213,0.441650390625,1.0,/kaggle/input/datasets/shuvroahmedimaging/ws2-eca/test_set/test_set/images/before/before-video-000/frame_0039.jpg,/kaggle/input/datasets/shuvroahmedimaging/ws2-eca/test_set/test_set/masks/before/before-video-000/frame_0039.jpg
before-video-000,frame_0040.jpg,strict_qmem_v2_T2K2_full,qmem,2,margin,0.05,0.0001,0.1,0.23991949721064895,0.386992055129994,0.25727916398470335,0.7804962095106823,26411,8706,0.04464666452258825,0.004652621690183878,0.5954115986824036,0.9933772087097168,0.0024764437694102526,0.41943359375,1.000244140625,/kaggle/input/datasets/shuvroahmedimaging/ws2-eca/test_set/test_set/images/before/before-video-000/frame_0040.jpg,/kaggle/input/datasets/shuvroahmedimaging/ws2-eca/test_set/test_set/masks/before/before-video-000/frame_0040.jpg
before-video-000,frame_0041.jpg,strict_qmem_v2_T2K2_full,qmem,2,margin,0.05,0.0001,0.1,0.2855694963827631,0.44426924749891256,0.3146686178611314,0.7553850420634187,25967,10817,0.04464666452258825,0.00407125148922205,0.5491428971290588,0.9935532212257385,0.002684815553948283,0.3486328125,1.0,/kaggle/input/datasets/shuvroahmedimaging/ws2-eca/test_set/test_set/images/before/before-video-000/frame_0041.jpg,/kaggle/input/datasets/shuvroahmedimaging/ws2-eca/test_set/test_set/masks/before/before-video-000/frame_0041.jpg
before-video-000,frame_0042.jpg,strict_qmem_v2_T2K2_full,qmem,2,margin,0.05,0.0001,0.1,0.30981490335359607,0.47306669447775984,0.3397243858597963,0.7787124463519314,26704,11650,0.04464666452258825,0.004737006966024637,0.5498591661453247,0.9928178787231445,0.002720425371080637,0.3486328125,1.0003429651260376,/kaggle/input/datasets/shuvroahmedimaging/ws2-eca/test_set/test_set/images/before/before-video-000/frame_0042.jpg,/kaggle/input/datasets/shuvroahmedimaging/ws2-eca/test_set/test_set/masks/before/before-video-000/frame_0042.jpg
before-video-000,frame_0043.jpg,strict_qmem_v2_T2K2_full,qmem,2,margin,0.05,0.0001,0.1,0.30123961121284687,0.4630040595399188,0.3435755311884966,0.7096988301667635,24897,12053,0.04464666452258825,0.004643374588340521,0.5412348508834839,0.9927515387535095,0.002679351018741727,0.337890625,1.000234603881836,/kaggle/input/datasets/shuvroahmedimaging/ws2-eca/test_set/test_set/images/before/before-video-000/frame_0043.jpg,/kaggle/input/datasets/shuvroahmedimaging/ws2-eca/test_set/test_set/masks/before/before-video-000/frame_0043.jpg
before-video-000,frame_0044.jpg,strict_qmem_v2_T2K2_full,qmem,2,margin,0.05,0.0001,0.1,0.3080433542498574,0.4709986916703009,0.3298045602605863,0.8235892221657346,29472,11802,0.04464666452258825,0.005538783501833677,0.553766131401062,0.9920359253883362,0.0027108103968203068,0.35498046875,1.0003467798233032,/kaggle/input/datasets/shuvroahmedimaging/ws2-eca/test_set/test_set/images/before/before-video-000/frame_0044.jpg,/kaggle/input/datasets/shuvroahmedimaging/ws2-eca/test_set/test_set/masks/before/before-video-000/frame_0044.jpg
before-video-000,frame_0045.jpg,strict_qmem_v2_T2K2_full,qmem,2,margin,0.05,0.0001,0.1,0.35120258465956683,0.5198370527807297,0.37612533239355395,0.8412755284844142,31213,13955,0.04464666452258825,0.0055103241465985775,0.5287571549415588,0.9918588399887085,0.0026353872381150723,0.320068359375,1.0001277923583984,/kaggle/input/datasets/shuvroahmedimaging/ws2-eca/test_set/test_set/images/before/before-video-000/frame_0045.jpg,/kaggle/input/datasets/shuvroahmedimaging/ws2-eca/test_set/test_set/masks/before/before-video-000/frame_0045.jpg
before-video-000,frame_0046.jpg,strict_qmem_v2_T2K2_full,qmem,2,margin,0.05,0.0001,0.1,0.35554613194402374,0.5245799070432606,0.3690034580320654,0.9069695564827692,31810,12942,0.04464666452258825,0.005318171810358763,0.5210867524147034,0.9918879866600037,0.002810640726238489,0.3056640625,1.000244140625,/kaggle/input/datasets/shuvroahmedimaging/ws2-eca/test_set/test_set/images/before/before-video-000/frame_0046.jpg,/kaggle/input/datasets/shuvroahmedimaging/ws2-eca/test_set/test_set/masks/before/before-video-000/frame_0046.jpg
before-video-000,frame_0047.jpg,strict_qmem_v2_T2K2_full,qmem,2,margin,0.05,0.0001,0.1,0.29660665923211726,0.45751216395537425,0.31425967186550535,0.8407695086705202,29622,11072,0.04464666452258825,0.0045545040629804134,0.538017213344574,0.992730975151062,0.0027155166026204824,0.332275390625,1.0,/kaggle/input/datasets/shuvroahmedimaging/ws2-eca/test_set/test_set/images/before/before-video-000/frame_0047.jpg,/kaggle/input/datasets/shuvroahmedimaging/ws2-eca/test_set/test_set/masks/before/before-video-000/frame_0047.jpg
before-video-000,frame_0048.jpg,strict_qmem_v2_T2K2_full,qmem,2,margin,0.05,0.0001,0.1,0.21706586826347304,0.35670356703567035,0.2344711217351566,0.7451681376382527,28447,8951,0.04464666452258825,0.004198658745735884,0.5610281229019165,0.9933580756187439,0.0027517378330230713,0.364501953125,1.0000755786895752,/kaggle/input/datasets/shuvroahmedimaging/ws2-eca/test_set/test_set/images/before/before-video-000/frame_0048.jpg,/kaggle/input/datasets/shuvroahmedimaging/ws2-eca/test_set/test_set/masks/before/before-video-000/frame_0048.jpg
before-video-000,frame_0049.jpg,strict_qmem_v2_T2K2_full,qmem,2,margin,0.05,0.0001,0.1,0.27909905371856225,0.43639943741209564,0.29922079925937356,0.8058383544566798,25924,9626,0.04464666452258825,0.003675338812172413,0.5595967769622803,0.9939162135124207,0.0025595910847187042,0.3662109375,1.0,/kaggle/input/datasets/shuvroahmedimaging/ws2-eca/test_set/test_set/images/before/before-video-000/frame_0049.jpg,/kaggle/input/datasets/shuvroahmedimaging/ws2-eca/test_set/test_set/masks/before/before-video-000/frame_0049.jpg
before-video-000,frame_0050.jpg,strict_qmem_v2_T2K2_full,qmem,2,margin,0.05,0.0001,0.1,0.2601760176017602,0.41292012221737234,0.2883605327330707,0.7269180754226268,21324,8459,0.04464666452258825,0.003232564078643918,0.5558006763458252,0.9945574402809143,0.0024364234413951635,0.363037109375,1.0,/kaggle/input/datasets/shuvroahmedimaging/ws2-eca/test_set/test_set/images/before/before-video-000/frame_0050.jpg,/kaggle/input/datasets/shuvroahmedimaging/ws2-eca/test_set/test_set/masks/before/before-video-000/frame_0050.jpg
before-video-000,frame_0051.jpg,strict_qmem_v2_T2K2_full,qmem,2,margin,0.05,0.0001,0.1,0.2601015775989932,0.41282636610072765,0.28104511679860134,0.7773002014775017,20591,7445,0.04464666452258825,0.002848754171282053,0.5760656595230103,0.9952796101570129,0.0023891739547252655,0.3935546875,1.0,/kaggle/input/datasets/shuvroahmedimaging/ws2-eca/test_set/test_set/images/before/before-video-000/frame_0051.jpg,/kaggle/input/datasets/shuvroahmedimaging/ws2-eca/test_set/test_set/masks/before/before-video-000/frame_0051.jpg
before-video-000,frame_0052.jpg,strict_qmem_v2_T2K2_full,qmem,2,margin,0.05,0.0001,0.1,0.31425114027738993,0.4782208371697712,0.3321363569285258,0.8537109621949678,20329,7909,0.04464666452258825,0.0028041708283126354,0.6049534678459167,0.9954253435134888,0.0024221434723585844,0.4345703125,1.0003803968429565,/kaggle/input/datasets/shuvroahmedimaging/ws2-eca/test_set/test_set/images/before/before-video-000/frame_0052.jpg,/kaggle/input/datasets/shuvroahmedimaging/ws2-eca/test_set/test_set/masks/before/before-video-000/frame_0052.jpg
before-video-000,frame_0053.jpg,strict_qmem_v2_T2K2_full,qmem,2,margin,0.05,0.0001,0.1,0.3373132837088475,0.5044641189435541,0.35832935307541264,0.8518798889730003,18843,7926,0.04464666452258825,0.0027214265428483486,0.6242451667785645,0.9956396818161011,0.002431324915960431,0.4619140625,1.0,/kaggle/input/datasets/shuvroahmedimaging/ws2-eca/test_set/test_set/images/before/before-video-000/frame_0053.jpg,/kaggle/input/datasets/shuvroahmedimaging/ws2-eca/test_set/test_set/masks/before/before-video-000/frame_0053.jpg
before-video-000,frame_0054.jpg,strict_qmem_v2_T2K2_full,qmem,2,margin,0.05,0.0001,0.1,0.2981564889494082,0.45935369346835037,0.32093128135746096,0.8077468785471056,17739,7048,0.04464666452258825,0.0025180671364068985,0.6279788017272949,0.9959293007850647,0.002459559589624405,0.467041015625,1.0,/kaggle/input/datasets/shuvroahmedimaging/ws2-eca/test_set/test_set/images/before/before-video-000/frame_0054.jpg,/kaggle/input/datasets/shuvroahmedimaging/ws2-eca/test_set/test_set/masks/before/before-video-000/frame_0054.jpg
before-video-000,frame_0055.jpg,strict_qmem_v2_T2K2_full,qmem,2,margin,0.05,0.0001,0.1,0.31052100041584985,0.4738893925657298,0.32059617271835134,0.9080958999305073,16304,5756,0.04464666452258825,0.002284920308738947,0.6433383822441101,0.9962682723999023,0.002459525130689144,0.4892578125,1.0001211166381836,/kaggle/input/datasets/shuvroahmedimaging/ws2-eca/test_set/test_set/images/before/before-video-000/frame_0055.jpg,/kaggle/input/datasets/shuvroahmedimaging/ws2-eca/test_set/test_set/masks/before/before-video-000/frame_0055.jpg
before-video-000,frame_0056.jpg,strict_qmem_v2_T2K2_full,qmem,2,margin,0.05,0.0001,0.1,0.3311624477758663,0.497553770885258,0.3387806411062225,0.9364141765114663,15910,5756,0.04464666452258825,0.0020517902448773384,0.6495000123977661,0.9965758323669434,0.0024913970846682787,0.498046875,1.0,/kaggle/input/datasets/shuvroahmedimaging/ws2-eca/test_set/test_set/images/before/before-video-000/frame_0056.jpg,/kaggle/input/datasets/shuvroahmedimaging/ws2-eca/test_set/test_set/masks/before/before-video-000/frame_0056.jpg
before-video-000,frame_0057.jpg,strict_qmem_v2_T2K2_full,qmem,2,margin,0.05,0.0001,0.1,0.25717017208413,0.4091254752851711,0.26567901234567903,0.8892561983471075,16200,4840,0.04464666452258825,0.0018692401936277747,0.6618874073028564,0.996781587600708,0.0025499870534986258,0.513916015625,1.0,/kaggle/input/datasets/shuvroahmedimaging/ws2-eca/test_set/test_set/images/before/before-video-000/frame_0057.jpg,/kaggle/input/datasets/shuvroahmedimaging/ws2-eca/test_set/test_set/masks/before/before-video-000/frame_0057.jpg
before-video-000,frame_0058.jpg,strict_qmem_v2_T2K2_full,qmem,2,margin,0.05,0.0001,0.1,0.20860645787812576,0.3452016270777884,0.21325308680275484,0.9054267650158061,16117,3796,0.04464666452258825,0.0016505628591403365,0.6708351373672485,0.9970073103904724,0.002500079572200775,0.528564453125,1.0,/kaggle/input/datasets/shuvroahmedimaging/ws2-eca/test_set/test_set/images/before/before-video-000/frame_0058.jpg,/kaggle/input/datasets/shuvroahmedimaging/ws2-eca/test_set/test_set/masks/before/before-video-000/frame_0058.jpg
before-video-000,frame_0059.jpg,strict_qmem_v2_T2K2_full,qmem,2,margin,0.05,0.0001,0.1,0.2065238750245628,0.3423452768729642,0.2097943974981702,0.9298142140961368,15029,3391,0.04464666452258825,0.0012917056446895003,0.67457115650177,0.9974024295806885,0.0024382739793509245,0.534912109375,1.0,/kaggle/input/datasets/shuvroahmedimaging/ws2-eca/test_set/test_set/images/before/before-video-000/frame_0059.jpg,/kaggle/input/datasets/shuvroahmedimaging/ws2-eca/test_set/test_set/masks/before/before-video-000/frame_0059.jpg
before-video-000,frame_0060.jpg,strict_qmem_v2_T2K2_full,qmem,2,margin,0.05,0.0001,0.1,0.2134541606032544,0.35181248296538564,0.21688285503058002,0.9310444316214657,14879,3466,0.04464666452258825,0.0011881474638357759,0.7003092765808105,0.9976332783699036,0.0024676464963704348,0.5712890625,1.0,/kaggle/input/datasets/shuvroahmedimaging/ws2-eca/test_set/test_set/images/before/before-video-000/frame_0060.jpg,/kaggle/input/datasets/shuvroahmedimaging/ws2-eca/test_set/test_set/masks/before/before-video-000/frame_0060.jpg
before-video-000,frame_0061.jpg,strict_qmem_v2_T2K2_full,qmem,2,margin,0.05,0.0001,0.1,0.20664977834072198,0.34251823859759617,0.2100418410041841,0.927515633882888,15535,3518,0.04464666452258825,0.000946401443798095,0.7028853893280029,0.9978712797164917,0.0024163045454770327,0.57568359375,1.0,/kaggle/input/datasets/shuvroahmedimaging/ws2-eca/test_set/test_set/images/before/before-video-000/frame_0061.jpg,/kaggle/input/datasets/shuvroahmedimaging/ws2-eca/test_set/test_set/masks/before/before-video-000/frame_0061.jpg
before-video-000,frame_0062.jpg,strict_qmem_v2_T2K2_full,qmem,2,margin,0.05,0.0001,0.1,0.20134940963328543,0.33520540821632866,0.2056009186016841,0.9068655036578503,15676,3554,0.04464666452258825,0.0006640369538217783,0.7077651619911194,0.9985167384147644,0.002584903035312891,0.579345703125,1.0,/kaggle/input/datasets/shuvroahmedimaging/ws2-eca/test_set/test_set/images/before/before-video-000/frame_0062.jpg,/kaggle/input/datasets/shuvroahmedimaging/ws2-eca/test_set/test_set/masks/before/before-video-000/frame_0062.jpg
before-video-000,frame_0063.jpg,strict_qmem_v2_T2K2_full,qmem,2,margin,0.05,0.0001,0.1,0.19724257856166935,0.3294947608673099,0.20220283949831286,0.8893867264071689,15707,3571,0.04464666452258825,0.0007520671933889389,0.7290766835212708,0.9985449910163879,0.0025852073449641466,0.6103515625,1.0,/kaggle/input/datasets/shuvroahmedimaging/ws2-eca/test_set/test_set/images/before/before-video-000/frame_0063.jpg,/kaggle/input/datasets/shuvroahmedimaging/ws2-eca/test_set/test_set/masks/before/before-video-000/frame_0063.jpg
before-video-000,frame_0064.jpg,strict_qmem_v2_T2K2_full,qmem,2,margin,0.05,0.0001,0.1,0.19975046787273862,0.33298668885191346,0.20437863024190975,0.8981767180925666,15667,3565,0.04464666452258825,0.00034799292916432023,0.7882300615310669,0.999779224395752,0.0036614732816815376,0.67431640625,1.0,/kaggle/input/datasets/shuvroahmedimaging/ws2-eca/test_set/test_set/images/before/before-video-000/frame_0064.jpg,/kaggle/input/datasets/shuvroahmedimaging/ws2-eca/test_set/test_set/masks/before/before-video-000/frame_0064.jpg
before-video-000,frame_0065.jpg,strict_qmem_v2_T2K2_full,qmem,2,margin,0.05,0.0001,0.1,0.19428922321154438,0.3253637719162939,0.19924433249370277,0.8865228355281591,15880,3569,0.04464666452258825,0.00031748352921567857,0.7858633399009705,0.9998375177383423,0.0037370214704424143,0.669921875,1.0000543594360352,/kaggle/input/datasets/shuvroahmedimaging/ws2-eca/test_set/test_set/images/before/before-video-000/frame_0065.jpg,/kaggle/input/datasets/shuvroahmedimaging/ws2-eca/test_set/test_set/masks/before/before-video-000/frame_0065.jpg
before-video-000,frame_0066.jpg,strict_qmem_v2_T2K2_full,qmem,2,margin,0.05,0.0001,0.1,0.2009524406291121,0.3346551184389022,0.20560328247211182,0.8988228699551569,15598,3568,0.04464666452258825,0.0003142945934087038,0.7892206907272339,0.9998208284378052,0.003698494052514434,0.67529296875,1.0,/kaggle/input/datasets/shuvroahmedimaging/ws2-eca/test_set/test_set/images/before/before-video-000/frame_0066.jpg,/kaggle/input/datasets/shuvroahmedimaging/ws2-eca/test_set/test_set/masks/before/before-video-000/frame_0066.jpg
before-video-001,frame_0001.jpg,strict_qmem_v2_T2K2_full,qmem,2,margin,0.05,0.0001,0.1,0.2571904682552908,0.40915115847516037,0.2847496402346777,0.7265794181338857,27101,10621,0.04464666452258825,0.0,0.0,0.0,0.0,0.0,0.0,/kaggle/input/datasets/shuvroahmedimaging/ws2-eca/test_set/test_set/images/before/before-video-001/frame_0001.jpg,/kaggle/input/datasets/shuvroahmedimaging/ws2-eca/test_set/test_set/masks/before/before-video-001/frame_0001.jpg
before-video-001,frame_0002.jpg,strict_qmem_v2_T2K2_full,qmem,2,margin,0.05,0.0001,0.1,0.23295182835464023,0.37787660960852254,0.2537328981179249,0.7398744430943702,28798,9876,0.04464666452258825,0.004964873194694519,0.545599102973938,0.992547333240509,0.0027042864821851254,0.34326171875,1.0,/kaggle/input/datasets/shuvroahmedimaging/ws2-eca/test_set/test_set/images/before/before-video-001/frame_0002.jpg,/kaggle/input/datasets/shuvroahmedimaging/ws2-eca/test_set/test_set/masks/before/before-video-001/frame_0002.jpg
before-video-001,frame_0003.jpg,strict_qmem_v2_T2K2_full,qmem,2,margin,0.05,0.0001,0.1,0.19055782671765792,0.3201151971643775,0.2152379533775229,0.6243249081875135,26854,9258,0.04464666452258825,0.005047567654401064,0.5282406806945801,0.9923415184020996,0.002632004674524069,0.319091796875,1.000489592552185,/kaggle/input/datasets/shuvroahmedimaging/ws2-eca/test_set/test_set/images/before/before-video-001/frame_0003.jpg,/kaggle/input/datasets/shuvroahmedimaging/ws2-eca/test_set/test_set/masks/before/before-video-001/frame_0003.jpg
before-video-001,frame_0004.jpg,strict_qmem_v2_T2K2_full,qmem,2,margin,0.05,0.0001,0.1,0.2409097546728972,0.3882792503898091,0.28169555195082385,0.624609559867487,23426,10565,0.04464666452258825,0.005121329799294472,0.512157678604126,0.9924134016036987,0.002547882730141282,0.298095703125,1.0004889965057373,/kaggle/input/datasets/shuvroahmedimaging/ws2-eca/test_set/test_set/images/before/before-video-001/frame_0004.jpg,/kaggle/input/datasets/shuvroahmedimaging/ws2-eca/test_set/test_set/masks/before/before-video-001/frame_0004.jpg
before-video-001,frame_0005.jpg,strict_qmem_v2_T2K2_full,qmem,2,margin,0.05,0.0001,0.1,0.21371110013407663,0.35216140004069885,0.2519445946508049,0.5847653987256227,24041,10358,0.04464666452258825,0.0047541288658976555,0.530036211013794,0.9930418729782104,0.002552233636379242,0.323974609375,1.0,/kaggle/input/datasets/shuvroahmedimaging/ws2-eca/test_set/test_set/images/before/before-video-001/frame_0005.jpg,/kaggle/input/datasets/shuvroahmedimaging/ws2-eca/test_set/test_set/masks/before/before-video-001/frame_0005.jpg
before-video-001,frame_0006.jpg,strict_qmem_v2_T2K2_full,qmem,2,margin,0.05,0.0001,0.1,0.28170173178760555,0.43957455124089223,0.33763616090573806,0.6296888746700792,23318,12503,0.04464666452258825,0.0045968457125127316,0.5431858897209167,0.9932907223701477,0.0025175188202410936,0.34326171875,1.0002233982086182,/kaggle/input/datasets/shuvroahmedimaging/ws2-eca/test_set/test_set/images/before/before-video-001/frame_0006.jpg,/kaggle/input/datasets/shuvroahmedimaging/ws2-eca/test_set/test_set/masks/before/before-video-001/frame_0006.jpg
before-video-001,frame_0007.jpg,strict_qmem_v2_T2K2_full,qmem,2,margin,0.05,0.0001,0.1,0.27395203666390106,0.4300821832842301,0.3238371006912012,0.6400812332687159,21412,10833,0.04464666452258825,0.0043800934217870235,0.5410237908363342,0.9934300184249878,0.002509391400963068,0.340576171875,1.0004678964614868,/kaggle/input/datasets/shuvroahmedimaging/ws2-eca/test_set/test_set/images/before/before-video-001/frame_0007.jpg,/kaggle/input/datasets/shuvroahmedimaging/ws2-eca/test_set/test_set/masks/before/before-video-001/frame_0007.jpg
before-video-001,frame_0008.jpg,strict_qmem_v2_T2K2_full,qmem,2,margin,0.05,0.0001,0.1,0.31475256039402705,0.4788012130582149,0.36070420642386775,0.7118733975775794,22323,11311,0.04464666452258825,0.0036950053181499243,0.5536031723022461,0.9942307472229004,0.0023306491784751415,0.36181640625,1.0,/kaggle/input/datasets/shuvroahmedimaging/ws2-eca/test_set/test_set/images/before/before-video-001/frame_0008.jpg,/kaggle/input/datasets/shuvroahmedimaging/ws2-eca/test_set/test_set/masks/before/before-video-001/frame_0008.jpg
before-video-001,frame_0009.jpg,strict_qmem_v2_T2K2_full,qmem,2,margin,0.05,0.0001,0.1,0.3897990931056168,0.5609430816861157,0.4453899099916799,0.757460766658091,26442,15548,0.04464666452258825,0.004093769006431103,0.5419734716415405,0.9937463402748108,0.0024586855433881283,0.3427734375,1.0,/kaggle/input/datasets/shuvroahmedimaging/ws2-eca/test_set/test_set/images/before/before-video-001/frame_0009.jpg,/kaggle/input/datasets/shuvroahmedimaging/ws2-eca/test_set/test_set/masks/before/before-video-001/frame_0009.jpg
before-video-001,frame_0010.jpg,strict_qmem_v2_T2K2_full,qmem,2,margin,0.05,0.0001,0.1,0.4793133101888715,0.6480213581363303,0.5583837334421728,0.7719415234675557,26951,19495,0.04464666452258825,0.005419185850769281,0.5314233303070068,0.9921151399612427,0.002659926423802972,0.323974609375,1.0,/kaggle/input/datasets/shuvroahmedimaging/ws2-eca/test_set/test_set/images/before/before-video-001/frame_0010.jpg,/kaggle/input/datasets/shuvroahmedimaging/ws2-eca/test_set/test_set/masks/before/before-video-001/frame_0010.jpg
before-video-001,frame_0011.jpg,strict_qmem_v2_T2K2_full,qmem,2,margin,0.05,0.0001,0.1,0.4439202365226143,0.6148819377886208,0.5203893518177125,0.751304162674332,27122,18786,0.04464666452258825,0.004862471949309111,0.5374934077262878,0.9924545884132385,0.0026987972669303417,0.331298828125,1.0,/kaggle/input/datasets/shuvroahmedimaging/ws2-eca/test_set/test_set/images/before/before-video-001/frame_0011.jpg,/kaggle/input/datasets/shuvroahmedimaging/ws2-eca/test_set/test_set/masks/before/before-video-001/frame_0011.jpg
before-video-002,frame_0001.jpg,strict_qmem_v2_T2K2_full,qmem,2,margin,0.05,0.0001,0.1,0.43302858308126296,0.604354425576321,0.4876751129143382,0.7944257388701833,26126,16038,0.04464666452258825,0.0,0.0,0.0,0.0,0.0,0.0,/kaggle/input/datasets/shuvroahmedimaging/ws2-eca/test_set/test_set/images/before/before-video-002/frame_0001.jpg,/kaggle/input/datasets/shuvroahmedimaging/ws2-eca/test_set/test_set/masks/before/before-video-002/frame_0001.jpg
before-video-002,frame_0002.jpg,strict_qmem_v2_T2K2_full,qmem,2,margin,0.05,0.0001,0.1,0.35978234666115644,0.5291763752406038,0.40051372488882075,0.7796268656716417,26084,13400,0.04464666452258825,0.004470330663025379,0.5335519313812256,0.9930657148361206,0.002665675710886717,0.326416015625,1.0,/kaggle/input/datasets/shuvroahmedimaging/ws2-eca/test_set/test_set/images/before/before-video-002/frame_0002.jpg,/kaggle/input/datasets/shuvroahmedimaging/ws2-eca/test_set/test_set/masks/before/before-video-002/frame_0002.jpg
before-video-002,frame_0003.jpg,strict_qmem_v2_T2K2_full,qmem,2,margin,0.05,0.0001,0.1,0.332287558264611,0.49882257955998116,0.3550199521149242,0.838434861278649,31325,13264,0.04464666452258825,0.005271827336400747,0.5303139090538025,0.9920732975006104,0.002719595329836011,0.3212890625,1.0,/kaggle/input/datasets/shuvroahmedimaging/ws2-eca/test_set/test_set/images/before/before-video-002/frame_0003.jpg,/kaggle/input/datasets/shuvroahmedimaging/ws2-eca/test_set/test_set/masks/before/before-video-002/frame_0003.jpg
before-video-002,frame_0004.jpg,strict_qmem_v2_T2K2_full,qmem,2,margin,0.05,0.0001,0.1,0.36805840892569297,0.5380741151464744,0.38261869558074585,0.906296209821776,30435,12849,0.04464666452258825,0.005085682962089777,0.5251747369766235,0.9921031594276428,0.0026976896915584803,0.31396484375,1.0,/kaggle/input/datasets/shuvroahmedimaging/ws2-eca/test_set/test_set/images/before/before-video-002/frame_0004.jpg,/kaggle/input/datasets/shuvroahmedimaging/ws2-eca/test_set/test_set/masks/before/before-video-002/frame_0004.jpg
before-video-002,frame_0005.jpg,strict_qmem_v2_T2K2_full,qmem,2,margin,0.05,0.0001,0.1,0.3712403100775194,0.5414664480750749,0.3971856684728519,0.8503699319325244,36172,16895,0.04464666452258825,0.005185180343687534,0.5064132213592529,0.9919743537902832,0.00293893669731915,0.28271484375,1.0001187324523926,/kaggle/input/datasets/shuvroahmedimaging/ws2-eca/test_set/test_set/images/before/before-video-002/frame_0005.jpg,/kaggle/input/datasets/shuvroahmedimaging/ws2-eca/test_set/test_set/masks/before/before-video-002/frame_0005.jpg
before-video-002,frame_0006.jpg,strict_qmem_v2_T2K2_full,qmem,2,margin,0.05,0.0001,0.1,0.42509101858695353,0.5965808682289666,0.4627924303382506,0.8391786003782762,33555,18505,0.04464666452258825,0.0042698862962424755,0.5214565396308899,0.9929630160331726,0.0029119865503162146,0.303955078125,1.0,/kaggle/input/datasets/shuvroahmedimaging/ws2-eca/test_set/test_set/images/before/before-video-002/frame_0006.jpg,/kaggle/input/datasets/shuvroahmedimaging/ws2-eca/test_set/test_set/masks/before/before-video-002/frame_0006.jpg
before-video-002,frame_0007.jpg,strict_qmem_v2_T2K2_full,qmem,2,margin,0.05,0.0001,0.1,0.45871252472987367,0.6289279305596127,0.5025844532630807,0.84012486760689,29987,17939,0.04464666452258825,0.004208368714898825,0.531387209892273,0.9931384325027466,0.0027964136097580194,0.321044921875,1.0002527236938477,/kaggle/input/datasets/shuvroahmedimaging/ws2-eca/test_set/test_set/images/before/before-video-002/frame_0007.jpg,/kaggle/input/datasets/shuvroahmedimaging/ws2-eca/test_set/test_set/masks/before/before-video-002/frame_0007.jpg
before-video-002,frame_0008.jpg,strict_qmem_v2_T2K2_full,qmem,2,margin,0.05,0.0001,0.1,0.34327566075788135,0.511102331094429,0.3769230769230769,0.7936196319018405,34320,16300,0.04464666452258825,0.004772971849888563,0.5399625301361084,0.9925892353057861,0.002834669779986143,0.3330078125,1.0001311302185059,/kaggle/input/datasets/shuvroahmedimaging/ws2-eca/test_set/test_set/images/before/before-video-002/frame_0008.jpg,/kaggle/input/datasets/shuvroahmedimaging/ws2-eca/test_set/test_set/masks/before/before-video-002/frame_0008.jpg
before-video-002,frame_0009.jpg,strict_qmem_v2_T2K2_full,qmem,2,margin,0.05,0.0001,0.1,0.39408402242077806,0.5653662420382166,0.412285540105089,0.8992591654530488,34447,15793,0.04464666452258825,0.0046581001952290535,0.5223243832588196,0.9924353361129761,0.002887452021241188,0.306396484375,1.0003552436828613,/kaggle/input/datasets/shuvroahmedimaging/ws2-eca/test_set/test_set/images/before/before-video-002/frame_0009.jpg,/kaggle/input/datasets/shuvroahmedimaging/ws2-eca/test_set/test_set/masks/before/before-video-002/frame_0009.jpg
before-video-002,frame_0010.jpg,strict_qmem_v2_T2K2_full,qmem,2,margin,0.05,0.0001,0.1,0.25843429636533083,0.41072354291638896,0.2722898664571877,0.8354926182585116,30552,9957,0.04464666452258825,0.004583781585097313,0.5501410961151123,0.9926041960716248,0.0028603854589164257,0.34716796875,1.0003750324249268,/kaggle/input/datasets/shuvroahmedimaging/ws2-eca/test_set/test_set/images/before/before-video-002/frame_0010.jpg,/kaggle/input/datasets/shuvroahmedimaging/ws2-eca/test_set/test_set/masks/before/before-video-002/frame_0010.jpg
before-video-002,frame_0011.jpg,strict_qmem_v2_T2K2_full,qmem,2,margin,0.05,0.0001,0.1,0.17946610659604906,0.30431753077498774,0.18928984204443303,0.7756874095513748,31148,7601,0.04464666452258825,0.004835519473999739,0.5401121377944946,0.9924295544624329,0.002871490316465497,0.33203125,1.0,/kaggle/input/datasets/shuvroahmedimaging/ws2-eca/test_set/test_set/images/before/before-video-002/frame_0011.jpg,/kaggle/input/datasets/shuvroahmedimaging/ws2-eca/test_set/test_set/masks/before/before-video-002/frame_0011.jpg
before-video-002,frame_0012.jpg,strict_qmem_v2_T2K2_full,qmem,2,margin,0.05,0.0001,0.1,0.22253065001156605,0.3640491958372753,0.23492063492063492,0.8084033613445378,28665,8330,0.04464666452258825,0.004281234461814165,0.5262942910194397,0.9929234385490417,0.002910941606387496,0.31103515625,1.000123381614685,/kaggle/input/datasets/shuvroahmedimaging/ws2-eca/test_set/test_set/images/before/before-video-002/frame_0012.jpg,/kaggle/input/datasets/shuvroahmedimaging/ws2-eca/test_set/test_set/masks/before/before-video-002/frame_0012.jpg
before-video-002,frame_0013.jpg,strict_qmem_v2_T2K2_full,qmem,2,margin,0.05,0.0001,0.1,0.1817938579540387,0.307657476353391,0.2046177011878869,0.6197425762643154,29885,9867,0.04464666452258825,0.00424239132553339,0.5419651865959167,0.9932596683502197,0.002730246400460601,0.337158203125,1.0,/kaggle/input/datasets/shuvroahmedimaging/ws2-eca/test_set/test_set/images/before/before-video-002/frame_0013.jpg,/kaggle/input/datasets/shuvroahmedimaging/ws2-eca/test_set/test_set/masks/before/before-video-002/frame_0013.jpg
before-video-002,frame_0014.jpg,strict_qmem_v2_T2K2_full,qmem,2,margin,0.05,0.0001,0.1,0.17678190354246692,0.30044973161178007,0.20105494789981232,0.5942042846212701,30902,10456,0.04464666452258825,0.004497313406318426,0.5329139828681946,0.9928206205368042,0.002704516751691699,0.325439453125,1.0010813474655151,/kaggle/input/datasets/shuvroahmedimaging/ws2-eca/test_set/test_set/images/before/before-video-002/frame_0014.jpg,/kaggle/input/datasets/shuvroahmedimaging/ws2-eca/test_set/test_set/masks/before/before-video-002/frame_0014.jpg
before-video-002,frame_0015.jpg,strict_qmem_v2_T2K2_full,qmem,2,margin,0.05,0.0001,0.1,0.29129237700586813,0.4511640929551377,0.32128834355828223,0.7572843612175547,32600,13831,0.04464666452258825,0.0042182342149317265,0.5312949419021606,0.9933197498321533,0.00273399637080729,0.321533203125,1.0,/kaggle/input/datasets/shuvroahmedimaging/ws2-eca/test_set/test_set/images/before/before-video-002/frame_0015.jpg,/kaggle/input/datasets/shuvroahmedimaging/ws2-eca/test_set/test_set/masks/before/before-video-002/frame_0015.jpg
before-video-002,frame_0016.jpg,strict_qmem_v2_T2K2_full,qmem,2,margin,0.05,0.0001,0.1,0.27002686048348873,0.4252301567554118,0.2828439972195558,0.8562982262751778,30211,9979,0.04464666452258825,0.004144181031733751,0.5344243049621582,0.993359386920929,0.002572737168520689,0.32958984375,1.000622034072876,/kaggle/input/datasets/shuvroahmedimaging/ws2-eca/test_set/test_set/images/before/before-video-002/frame_0016.jpg,/kaggle/input/datasets/shuvroahmedimaging/ws2-eca/test_set/test_set/masks/before/before-video-002/frame_0016.jpg
before-video-002,frame_0017.jpg,strict_qmem_v2_T2K2_full,qmem,2,margin,0.05,0.0001,0.1,0.3420717060585392,0.509766660774262,0.36197320111714315,0.8615281200985884,31867,13389,0.04464666452258825,0.00442032516002655,0.5292903184890747,0.9931623935699463,0.0027205925434827805,0.319580078125,1.0001121759414673,/kaggle/input/datasets/shuvroahmedimaging/ws2-eca/test_set/test_set/images/before/before-video-002/frame_0017.jpg,/kaggle/input/datasets/shuvroahmedimaging/ws2-eca/test_set/test_set/masks/before/before-video-002/frame_0017.jpg
before-video-002,frame_0018.jpg,strict_qmem_v2_T2K2_full,qmem,2,margin,0.05,0.0001,0.1,0.33589649700964236,0.5028780264961169,0.37661226863731223,0.7565115799601402,29229,14551,0.04464666452258825,0.004999773111194372,0.5368576645851135,0.9924559593200684,0.0028080944903194904,0.3291015625,1.000270128250122,/kaggle/input/datasets/shuvroahmedimaging/ws2-eca/test_set/test_set/images/before/before-video-002/frame_0018.jpg,/kaggle/input/datasets/shuvroahmedimaging/ws2-eca/test_set/test_set/masks/before/before-video-002/frame_0018.jpg
before-video-002,frame_0019.jpg,strict_qmem_v2_T2K2_full,qmem,2,margin,0.05,0.0001,0.1,0.3207624633431085,0.48572316710333496,0.3691902656360752,0.7097527739926027,29627,15411,0.04464666452258825,0.005023311823606491,0.5202686786651611,0.992282509803772,0.0028410288505256176,0.303466796875,1.0,/kaggle/input/datasets/shuvroahmedimaging/ws2-eca/test_set/test_set/images/before/before-video-002/frame_0019.jpg,/kaggle/input/datasets/shuvroahmedimaging/ws2-eca/test_set/test_set/masks/before/before-video-002/frame_0019.jpg
before-video-002,frame_0020.jpg,strict_qmem_v2_T2K2_full,qmem,2,margin,0.05,0.0001,0.1,0.4697409756386699,0.6392160025810615,0.5145435657706792,0.8436235895252289,30804,18788,0.04464666452258825,0.005848813336342573,0.5145773887634277,0.9913719892501831,0.0028282362036406994,0.296142578125,1.000262975692749,/kaggle/input/datasets/shuvroahmedimaging/ws2-eca/test_set/test_set/images/before/before-video-002/frame_0020.jpg,/kaggle/input/datasets/shuvroahmedimaging/ws2-eca/test_set/test_set/masks/before/before-video-002/frame_0020.jpg
before-video-002,frame_0021.jpg,strict_qmem_v2_T2K2_full,qmem,2,margin,0.05,0.0001,0.1,0.4951181983494195,0.6623131186497764,0.5303089323704792,0.8818136522172396,33373,20070,0.04464666452258825,0.005607562605291605,0.5040310621261597,0.9914369583129883,0.0029901263769716024,0.27880859375,1.000016689300537,/kaggle/input/datasets/shuvroahmedimaging/ws2-eca/test_set/test_set/images/before/before-video-002/frame_0021.jpg,/kaggle/input/datasets/shuvroahmedimaging/ws2-eca/test_set/test_set/masks/before/before-video-002/frame_0021.jpg
before-video-002,frame_0022.jpg,strict_qmem_v2_T2K2_full,qmem,2,margin,0.05,0.0001,0.1,0.3515338606984372,0.5201998572448251,0.3844113569232624,0.8043135523743458,33178,15857,0.04464666452258825,0.0046653649769723415,0.508292019367218,0.9924378395080566,0.002788677578791976,0.28759765625,1.000113606452942,/kaggle/input/datasets/shuvroahmedimaging/ws2-eca/test_set/test_set/images/before/before-video-002/frame_0022.jpg,/kaggle/input/datasets/shuvroahmedimaging/ws2-eca/test_set/test_set/masks/before/before-video-002/frame_0022.jpg
before-video-002,frame_0023.jpg,strict_qmem_v2_T2K2_full,qmem,2,margin,0.05,0.0001,0.1,0.34841689004485255,0.5167791839707127,0.3615134658809275,0.905816601117781,36314,14493,0.04464666452258825,0.004448330961167812,0.5194604396820068,0.992876410484314,0.002786059398204088,0.304443359375,1.0,/kaggle/input/datasets/shuvroahmedimaging/ws2-eca/test_set/test_set/images/before/before-video-002/frame_0023.jpg,/kaggle/input/datasets/shuvroahmedimaging/ws2-eca/test_set/test_set/masks/before/before-video-002/frame_0023.jpg
before-video-002,frame_0024.jpg,strict_qmem_v2_T2K2_full,qmem,2,margin,0.05,0.0001,0.1,0.3285433822326444,0.49459187652648645,0.34326657360189167,0.8845250330347967,35101,13622,0.04464666452258825,0.0043954006396234035,0.5338461399078369,0.9928722381591797,0.002844654954969883,0.3232421875,1.0001184940338135,/kaggle/input/datasets/shuvroahmedimaging/ws2-eca/test_set/test_set/images/before/before-video-002/frame_0024.jpg,/kaggle/input/datasets/shuvroahmedimaging/ws2-eca/test_set/test_set/masks/before/before-video-002/frame_0024.jpg
before-video-002,frame_0025.jpg,strict_qmem_v2_T2K2_full,qmem,2,margin,0.05,0.0001,0.1,0.2619325572862813,0.41512924882380925,0.2731193266789552,0.8647726021363286,28753,9081,0.04464666452258825,0.0037517778109759092,0.5442979335784912,0.9937185645103455,0.0027966992929577827,0.339599609375,1.0001161098480225,/kaggle/input/datasets/shuvroahmedimaging/ws2-eca/test_set/test_set/images/before/before-video-002/frame_0025.jpg,/kaggle/input/datasets/shuvroahmedimaging/ws2-eca/test_set/test_set/masks/before/before-video-002/frame_0025.jpg
before-video-002,frame_0026.jpg,strict_qmem_v2_T2K2_full,qmem,2,margin,0.05,0.0001,0.1,0.2793122171945701,0.436659970006508,0.30377952755905513,0.776179458806961,25400,9941,0.04464666452258825,0.003579795593395829,0.551681637763977,0.9941653609275818,0.00262241018936038,0.353271484375,1.0,/kaggle/input/datasets/shuvroahmedimaging/ws2-eca/test_set/test_set/images/before/before-video-002/frame_0026.jpg,/kaggle/input/datasets/shuvroahmedimaging/ws2-eca/test_set/test_set/masks/before/before-video-002/frame_0026.jpg
before-video-002,frame_0027.jpg,strict_qmem_v2_T2K2_full,qmem,2,margin,0.05,0.0001,0.1,0.28393695378391787,0.4422911155366644,0.29735022581031934,0.8629088378566457,25021,8622,0.04464666452258825,0.0035908534191548824,0.5487379431724548,0.9942476153373718,0.0025070994161069393,0.3515625,1.0001217126846313,/kaggle/input/datasets/shuvroahmedimaging/ws2-eca/test_set/test_set/images/before/before-video-002/frame_0027.jpg,/kaggle/input/datasets/shuvroahmedimaging/ws2-eca/test_set/test_set/masks/before/before-video-002/frame_0027.jpg
before-video-002,frame_0028.jpg,strict_qmem_v2_T2K2_full,qmem,2,margin,0.05,0.0001,0.1,0.2721196813677871,0.4278208809334718,0.2919376354844089,0.8003428571428571,23988,8750,0.04464666452258825,0.0030522807501256466,0.5936529040336609,0.9949876070022583,0.0025586537085473537,0.415283203125,1.0,/kaggle/input/datasets/shuvroahmedimaging/ws2-eca/test_set/test_set/images/before/before-video-002/frame_0028.jpg,/kaggle/input/datasets/shuvroahmedimaging/ws2-eca/test_set/test_set/masks/before/before-video-002/frame_0028.jpg
before-video-002,frame_0029.jpg,strict_qmem_v2_T2K2_full,qmem,2,margin,0.05,0.0001,0.1,0.2952683647432741,0.4559184378780024,0.300597001321606,0.9433638443935927,21943,6992,0.04464666452258825,0.003216492012143135,0.6069076061248779,0.9950114488601685,0.0025871056132018566,0.43408203125,1.0,/kaggle/input/datasets/shuvroahmedimaging/ws2-eca/test_set/test_set/images/before/before-video-002/frame_0029.jpg,/kaggle/input/datasets/shuvroahmedimaging/ws2-eca/test_set/test_set/masks/before/before-video-002/frame_0029.jpg
before-video-002,frame_0030.jpg,strict_qmem_v2_T2K2_full,qmem,2,margin,0.05,0.0001,0.1,0.2905887492112799,0.4503196690485145,0.3043721403152008,0.8651734104046243,19670,6920,0.04464666452258825,0.003119907807558775,0.5946755409240723,0.9949830174446106,0.002469087718054652,0.418701171875,1.0,/kaggle/input/datasets/shuvroahmedimaging/ws2-eca/test_set/test_set/images/before/before-video-002/frame_0030.jpg,/kaggle/input/datasets/shuvroahmedimaging/ws2-eca/test_set/test_set/masks/before/before-video-002/frame_0030.jpg
before-video-002,frame_0031.jpg,strict_qmem_v2_T2K2_full,qmem,2,margin,0.05,0.0001,0.1,0.1966302204696182,0.3286399041342121,0.2082483033553225,0.778981004793183,21071,5633,0.04464666452258825,0.003077967092394829,0.6066928505897522,0.9952107071876526,0.002569258213043213,0.433837890625,1.0001068115234375,/kaggle/input/datasets/shuvroahmedimaging/ws2-eca/test_set/test_set/images/before/before-video-002/frame_0031.jpg,/kaggle/input/datasets/shuvroahmedimaging/ws2-eca/test_set/test_set/masks/before/before-video-002/frame_0031.jpg
before-video-002,frame_0032.jpg,strict_qmem_v2_T2K2_full,qmem,2,margin,0.05,0.0001,0.1,0.1037393917963225,0.18797805454327018,0.10963703461484561,0.6585297418630752,21407,3564,0.04464666452258825,0.003463068511337042,0.5877898335456848,0.9946956038475037,0.002557652536779642,0.4072265625,1.0,/kaggle/input/datasets/shuvroahmedimaging/ws2-eca/test_set/test_set/images/before/before-video-002/frame_0032.jpg,/kaggle/input/datasets/shuvroahmedimaging/ws2-eca/test_set/test_set/masks/before/before-video-002/frame_0032.jpg
before-video-002,frame_0033.jpg,strict_qmem_v2_T2K2_full,qmem,2,margin,0.05,0.0001,0.1,0.17456797675485547,0.2972462730290997,0.188257606992661,0.7059369202226345,24254,6468,0.04464666452258825,0.0038433505687862635,0.5888919830322266,0.9942957758903503,0.0025518888141959906,0.408447265625,1.0001492500305176,/kaggle/input/datasets/shuvroahmedimaging/ws2-eca/test_set/test_set/images/before/before-video-002/frame_0033.jpg,/kaggle/input/datasets/shuvroahmedimaging/ws2-eca/test_set/test_set/masks/before/before-video-002/frame_0033.jpg
before-video-002,frame_0034.jpg,strict_qmem_v2_T2K2_full,qmem,2,margin,0.05,0.0001,0.1,0.2601738648564403,0.41291741102102514,0.29296829296829296,0.699180938198064,25641,10744,0.04464666452258825,0.004121933598071337,0.5628883838653564,0.9938468933105469,0.0024981992319226265,0.372802734375,1.0,/kaggle/input/datasets/shuvroahmedimaging/ws2-eca/test_set/test_set/images/before/before-video-002/frame_0034.jpg,/kaggle/input/datasets/shuvroahmedimaging/ws2-eca/test_set/test_set/masks/before/before-video-002/frame_0034.jpg
before-video-002,frame_0035.jpg,strict_qmem_v2_T2K2_full,qmem,2,margin,0.05,0.0001,0.1,0.24157120445194327,0.3891378981499142,0.26075148571793727,0.7665789968063123,31298,10646,0.04464666452258825,0.004409459885209799,0.5646390318870544,0.9933583736419678,0.0025636721402406693,0.373291015625,1.000244140625,/kaggle/input/datasets/shuvroahmedimaging/ws2-eca/test_set/test_set/images/before/before-video-002/frame_0035.jpg,/kaggle/input/datasets/shuvroahmedimaging/ws2-eca/test_set/test_set/masks/before/before-video-002/frame_0035.jpg
before-video-002,frame_0036.jpg,strict_qmem_v2_T2K2_full,qmem,2,margin,0.05,0.0001,0.1,0.32320174020400366,0.48851468432043366,0.3573053425191733,0.7720123578149136,30772,14242,0.04464666452258825,0.004011885728687048,0.5435426235198975,0.993640661239624,0.002758272923529148,0.3388671875,1.000110387802124,/kaggle/input/datasets/shuvroahmedimaging/ws2-eca/test_set/test_set/images/before/before-video-002/frame_0036.jpg,/kaggle/input/datasets/shuvroahmedimaging/ws2-eca/test_set/test_set/masks/before/before-video-002/frame_0036.jpg
before-video-002,frame_0037.jpg,strict_qmem_v2_T2K2_full,qmem,2,margin,0.05,0.0001,0.1,0.36236797496414136,0.5319678407350689,0.4239350139201403,0.7138912080148995,26221,15571,0.04464666452258825,0.003970940597355366,0.545003354549408,0.9936683177947998,0.0025653191842138767,0.3447265625,1.0002429485321045,/kaggle/input/datasets/shuvroahmedimaging/ws2-eca/test_set/test_set/images/before/before-video-002/frame_0037.jpg,/kaggle/input/datasets/shuvroahmedimaging/ws2-eca/test_set/test_set/masks/before/before-video-002/frame_0037.jpg
before-video-002,frame_0038.jpg,strict_qmem_v2_T2K2_full,qmem,2,margin,0.05,0.0001,0.1,0.38763254521121443,0.5586962435393328,0.4422519771356981,0.7583752937227257,25542,14895,0.04464666452258825,0.004826653748750687,0.5361654758453369,0.9925816059112549,0.0027360976673662663,0.3291015625,1.0001118183135986,/kaggle/input/datasets/shuvroahmedimaging/ws2-eca/test_set/test_set/images/before/before-video-002/frame_0038.jpg,/kaggle/input/datasets/shuvroahmedimaging/ws2-eca/test_set/test_set/masks/before/before-video-002/frame_0038.jpg
before-video-002,frame_0039.jpg,strict_qmem_v2_T2K2_full,qmem,2,margin,0.05,0.0001,0.1,0.34388144696822626,0.5117734867819136,0.379625660808687,0.7850494903235338,27996,13538,0.04464666452258825,0.003962092101573944,0.5231757164001465,0.9934418797492981,0.0026554034557193518,0.31201171875,1.0002224445343018,/kaggle/input/datasets/shuvroahmedimaging/ws2-eca/test_set/test_set/images/before/before-video-002/frame_0039.jpg,/kaggle/input/datasets/shuvroahmedimaging/ws2-eca/test_set/test_set/masks/before/before-video-002/frame_0039.jpg
before-video-002,frame_0040.jpg,strict_qmem_v2_T2K2_full,qmem,2,margin,0.05,0.0001,0.1,0.31646493118885755,0.4807798881555746,0.3471317885853552,0.781764561317277,27491,12207,0.04464666452258825,0.00386924110352993,0.5610126256942749,0.9937595129013062,0.0027700415812432766,0.363525390625,1.000713586807251,/kaggle/input/datasets/shuvroahmedimaging/ws2-eca/test_set/test_set/images/before/before-video-002/frame_0040.jpg,/kaggle/input/datasets/shuvroahmedimaging/ws2-eca/test_set/test_set/masks/before/before-video-002/frame_0040.jpg
before-video-002,frame_0041.jpg,strict_qmem_v2_T2K2_full,qmem,2,margin,0.05,0.0001,0.1,0.3180339718106252,0.4825884288456265,0.3320754716981132,0.8826479438314945,23850,8973,0.04464666452258825,0.0037135162856429815,0.5628710389137268,0.9939570426940918,0.002634317148476839,0.369384765625,1.0002202987670898,/kaggle/input/datasets/shuvroahmedimaging/ws2-eca/test_set/test_set/images/before/before-video-002/frame_0041.jpg,/kaggle/input/datasets/shuvroahmedimaging/ws2-eca/test_set/test_set/masks/before/before-video-002/frame_0041.jpg
before-video-002,frame_0042.jpg,strict_qmem_v2_T2K2_full,qmem,2,margin,0.05,0.0001,0.1,0.3250463469125826,0.4906188340807175,0.3356732610082961,0.9112473347547975,20371,7504,0.04464666452258825,0.0037055721040815115,0.5857451558113098,0.9942209720611572,0.002490395912900567,0.405517578125,1.0000784397125244,/kaggle/input/datasets/shuvroahmedimaging/ws2-eca/test_set/test_set/images/before/before-video-002/frame_0042.jpg,/kaggle/input/datasets/shuvroahmedimaging/ws2-eca/test_set/test_set/masks/before/before-video-002/frame_0042.jpg
before-video-002,frame_0043.jpg,strict_qmem_v2_T2K2_full,qmem,2,margin,0.05,0.0001,0.1,0.3171869571690903,0.4816126601356443,0.3385960264900662,0.8337899543378996,18875,7665,0.04464666452258825,0.00391356460750103,0.6068699955940247,0.9942286014556885,0.0024760467931628227,0.435546875,1.000116229057312,/kaggle/input/datasets/shuvroahmedimaging/ws2-eca/test_set/test_set/images/before/before-video-002/frame_0043.jpg,/kaggle/input/datasets/shuvroahmedimaging/ws2-eca/test_set/test_set/masks/before/before-video-002/frame_0043.jpg
before-video-002,frame_0044.jpg,strict_qmem_v2_T2K2_full,qmem,2,margin,0.05,0.0001,0.1,0.28607769585650844,0.44488400160922625,0.2979210632661308,0.8779939129284108,22271,7557,0.04464666452258825,0.004596080631017685,0.5886491537094116,0.9934036135673523,0.0025272690691053867,0.408447265625,1.000368595123291,/kaggle/input/datasets/shuvroahmedimaging/ws2-eca/test_set/test_set/images/before/before-video-002/frame_0044.jpg,/kaggle/input/datasets/shuvroahmedimaging/ws2-eca/test_set/test_set/masks/before/before-video-002/frame_0044.jpg
before-video-002,frame_0045.jpg,strict_qmem_v2_T2K2_full,qmem,2,margin,0.05,0.0001,0.1,0.30069124423963134,0.46235606731620904,0.3248854809798845,0.8014985873971257,20084,8141,0.04464666452258825,0.00400937395170331,0.5693689584732056,0.9938803315162659,0.0025224422570317984,0.381103515625,1.0001386404037476,/kaggle/input/datasets/shuvroahmedimaging/ws2-eca/test_set/test_set/images/before/before-video-002/frame_0045.jpg,/kaggle/input/datasets/shuvroahmedimaging/ws2-eca/test_set/test_set/masks/before/before-video-002/frame_0045.jpg
before-video-002,frame_0046.jpg,strict_qmem_v2_T2K2_full,qmem,2,margin,0.05,0.0001,0.1,0.3619718309859155,0.531540847983454,0.42225695279313935,0.7171442183352617,24954,14693,0.04464666452258825,0.004235693719238043,0.6106667518615723,0.9939102530479431,0.0025992211885750294,0.43896484375,1.0,/kaggle/input/datasets/shuvroahmedimaging/ws2-eca/test_set/test_set/images/before/before-video-002/frame_0046.jpg,/kaggle/input/datasets/shuvroahmedimaging/ws2-eca/test_set/test_set/masks/before/before-video-002/frame_0046.jpg
before-video-002,frame_0047.jpg,strict_qmem_v2_T2K2_full,qmem,2,margin,0.05,0.0001,0.1,0.4485691299850592,0.6193271977150111,0.4741829668327056,0.8925222959067002,24693,13119,0.04464666452258825,0.004001596011221409,0.594558835029602,0.9938768148422241,0.0026060976088047028,0.415283203125,1.0,/kaggle/input/datasets/shuvroahmedimaging/ws2-eca/test_set/test_set/images/before/before-video-002/frame_0047.jpg,/kaggle/input/datasets/shuvroahmedimaging/ws2-eca/test_set/test_set/masks/before/before-video-002/frame_0047.jpg
before-video-002,frame_0048.jpg,strict_qmem_v2_T2K2_full,qmem,2,margin,0.05,0.0001,0.1,0.35587092414259164,0.5249333366561169,0.38056007226738936,0.8458079023450048,27675,12452,0.04464666452258825,0.004579382948577404,0.5707519054412842,0.9932430982589722,0.0026657746639102697,0.381103515625,1.0,/kaggle/input/datasets/shuvroahmedimaging/ws2-eca/test_set/test_set/images/before/before-video-002/frame_0048.jpg,/kaggle/input/datasets/shuvroahmedimaging/ws2-eca/test_set/test_set/masks/before/before-video-002/frame_0048.jpg
before-video-002,frame_0049.jpg,strict_qmem_v2_T2K2_full,qmem,2,margin,0.05,0.0001,0.1,0.3425628904271484,0.5103118712273642,0.375893882692949,0.7943778874011432,26989,12771,0.04464666452258825,0.004374146461486816,0.5510233640670776,0.993398904800415,0.0025056975428014994,0.35498046875,1.0,/kaggle/input/datasets/shuvroahmedimaging/ws2-eca/test_set/test_set/images/before/before-video-002/frame_0049.jpg,/kaggle/input/datasets/shuvroahmedimaging/ws2-eca/test_set/test_set/masks/before/before-video-002/frame_0049.jpg
before-video-003,frame_0001.jpg,strict_qmem_v2_T2K2_full,qmem,2,margin,0.05,0.0001,0.1,0.18811074918566775,0.31665524331734063,0.20364982808780746,0.7114259316291962,22686,6494,0.04464666452258825,0.0,0.0,0.0,0.0,0.0,0.0,/kaggle/input/datasets/shuvroahmedimaging/ws2-eca/test_set/test_set/images/before/before-video-003/frame_0001.jpg,/kaggle/input/datasets/shuvroahmedimaging/ws2-eca/test_set/test_set/masks/before/before-video-003/frame_0001.jpg
before-video-003,frame_0002.jpg,strict_qmem_v2_T2K2_full,qmem,2,margin,0.05,0.0001,0.1,0.24921231832503304,0.39899113172239853,0.2595258255715495,0.862469222652128,9448,2843,0.04464666452258825,0.0021623929496854544,0.6080268025398254,0.9962623715400696,0.00236441008746624,0.4404296875,1.0,/kaggle/input/datasets/shuvroahmedimaging/ws2-eca/test_set/test_set/images/before/before-video-003/frame_0002.jpg,/kaggle/input/datasets/shuvroahmedimaging/ws2-eca/test_set/test_set/masks/before/before-video-003/frame_0002.jpg
before-video-003,frame_0003.jpg,strict_qmem_v2_T2K2_full,qmem,2,margin,0.05,0.0001,0.1,0.21049387472070266,0.34778180892368404,0.2199500845342565,0.8303951367781155,12421,3290,0.04464666452258825,0.00244608661159873,0.743868887424469,0.996691107749939,0.002367947716265917,0.6357421875,1.0,/kaggle/input/datasets/shuvroahmedimaging/ws2-eca/test_set/test_set/images/before/before-video-003/frame_0003.jpg,/kaggle/input/datasets/shuvroahmedimaging/ws2-eca/test_set/test_set/masks/before/before-video-003/frame_0003.jpg
before-video-003,frame_0004.jpg,strict_qmem_v2_T2K2_full,qmem,2,margin,0.05,0.0001,0.1,0.24289250117064687,0.3908503767491927,0.2995133217850367,0.562335449899334,12123,6457,0.04464666452258825,0.002934532007202506,0.7050020694732666,0.9960769414901733,0.0023228416685014963,0.580810546875,1.0,/kaggle/input/datasets/shuvroahmedimaging/ws2-eca/test_set/test_set/images/before/before-video-003/frame_0004.jpg,/kaggle/input/datasets/shuvroahmedimaging/ws2-eca/test_set/test_set/masks/before/before-video-003/frame_0004.jpg
before-video-003,frame_0005.jpg,strict_qmem_v2_T2K2_full,qmem,2,margin,0.05,0.0001,0.1,0.34231993057564364,0.5100422377381261,0.5014831765403848,0.5188985354731211,11799,11403,0.04464666452258825,0.00295540364459157,0.6640651226043701,0.9958997368812561,0.0022695704828947783,0.522705078125,1.0,/kaggle/input/datasets/shuvroahmedimaging/ws2-eca/test_set/test_set/images/before/before-video-003/frame_0005.jpg,/kaggle/input/datasets/shuvroahmedimaging/ws2-eca/test_set/test_set/masks/before/before-video-003/frame_0005.jpg
before-video-003,frame_0006.jpg,strict_qmem_v2_T2K2_full,qmem,2,margin,0.05,0.0001,0.1,0.48186221211821684,0.6503468516542156,0.6311496633868462,0.6707484865162355,15448,14536,0.04464666452258825,0.003925672732293606,0.6301013827323914,0.9947770237922668,0.0022611026652157307,0.47412109375,1.0,/kaggle/input/datasets/shuvroahmedimaging/ws2-eca/test_set/test_set/images/before/before-video-003/frame_0006.jpg,/kaggle/input/datasets/shuvroahmedimaging/ws2-eca/test_set/test_set/masks/before/before-video-003/frame_0006.jpg
before-video-003,frame_0007.jpg,strict_qmem_v2_T2K2_full,qmem,2,margin,0.05,0.0001,0.1,0.5517891527599487,0.7111651112891968,0.682935306092051,0.7418293603710495,20141,18542,0.04464666452258825,0.004925025627017021,0.6312015056610107,0.9934645295143127,0.002408674918115139,0.47265625,1.0,/kaggle/input/datasets/shuvroahmedimaging/ws2-eca/test_set/test_set/images/before/before-video-003/frame_0007.jpg,/kaggle/input/datasets/shuvroahmedimaging/ws2-eca/test_set/test_set/masks/before/before-video-003/frame_0007.jpg
before-video-003,frame_0008.jpg,strict_qmem_v2_T2K2_full,qmem,2,margin,0.05,0.0001,0.1,0.6450537861210714,0.7842342804390194,0.7605949064862714,0.8093902180817277,20104,18892,0.04464666452258825,0.004655939992517233,0.618836522102356,0.9933774471282959,0.0025241896510124207,0.452880859375,1.0,/kaggle/input/datasets/shuvroahmedimaging/ws2-eca/test_set/test_set/images/before/before-video-003/frame_0008.jpg,/kaggle/input/datasets/shuvroahmedimaging/ws2-eca/test_set/test_set/masks/before/before-video-003/frame_0008.jpg
before-video-003,frame_0009.jpg,strict_qmem_v2_T2K2_full,qmem,2,margin,0.05,0.0001,0.1,0.6329140682803086,0.7751958055537576,0.6926146550228442,0.8801352245167928,17291,13607,0.04464666452258825,0.004151311703026295,0.6572038531303406,0.993915855884552,0.0025589975994080305,0.507080078125,1.0,/kaggle/input/datasets/shuvroahmedimaging/ws2-eca/test_set/test_set/images/before/before-video-003/frame_0009.jpg,/kaggle/input/datasets/shuvroahmedimaging/ws2-eca/test_set/test_set/masks/before/before-video-003/frame_0009.jpg
before-video-003,frame_0010.jpg,strict_qmem_v2_T2K2_full,qmem,2,margin,0.05,0.0001,0.1,0.472321999704768,0.6416014972261213,0.5060094886663152,0.8764609203798392,18970,10952,0.04464666452258825,0.004482255782932043,0.6632996797561646,0.9938851594924927,0.0025602623354643583,0.515625,1.0,/kaggle/input/datasets/shuvroahmedimaging/ws2-eca/test_set/test_set/images/before/before-video-003/frame_0010.jpg,/kaggle/input/datasets/shuvroahmedimaging/ws2-eca/test_set/test_set/masks/before/before-video-003/frame_0010.jpg
before-video-003,frame_0011.jpg,strict_qmem_v2_T2K2_full,qmem,2,margin,0.05,0.0001,0.1,0.5008965350133269,0.6674631106519001,0.5117591721542804,0.9593465750881752,20197,10774,0.04464666452258825,0.004329155199229717,0.6319763660430908,0.9938242435455322,0.0025613070465624332,0.470458984375,1.0,/kaggle/input/datasets/shuvroahmedimaging/ws2-eca/test_set/test_set/images/before/before-video-003/frame_0011.jpg,/kaggle/input/datasets/shuvroahmedimaging/ws2-eca/test_set/test_set/masks/before/before-video-003/frame_0011.jpg
before-video-003,frame_0012.jpg,strict_qmem_v2_T2K2_full,qmem,2,margin,0.05,0.0001,0.1,0.42838250718227006,0.5998148325511605,0.4514826741000625,0.893305439330544,20807,10516,0.04464666452258825,0.004479814786463976,0.5995368957519531,0.993607759475708,0.00245396769605577,0.426025390625,1.0,/kaggle/input/datasets/shuvroahmedimaging/ws2-eca/test_set/test_set/images/before/before-video-003/frame_0012.jpg,/kaggle/input/datasets/shuvroahmedimaging/ws2-eca/test_set/test_set/masks/before/before-video-003/frame_0012.jpg
before-video-003,frame_0013.jpg,strict_qmem_v2_T2K2_full,qmem,2,margin,0.05,0.0001,0.1,0.38682144076476616,0.5578532742491383,0.40334638661445354,0.9042298483639266,22472,10024,0.04464666452258825,0.004732874687761068,0.6089608669281006,0.9934325814247131,0.002487522317096591,0.438720703125,1.0,/kaggle/input/datasets/shuvroahmedimaging/ws2-eca/test_set/test_set/images/before/before-video-003/frame_0013.jpg,/kaggle/input/datasets/shuvroahmedimaging/ws2-eca/test_set/test_set/masks/before/before-video-003/frame_0013.jpg
before-video-003,frame_0014.jpg,strict_qmem_v2_T2K2_full,qmem,2,margin,0.05,0.0001,0.1,0.3815783115063065,0.5523802861240337,0.4113999895795342,0.8403575989782887,19193,9396,0.04464666452258825,0.004281583242118359,0.5977728366851807,0.9937557578086853,0.0024321507662534714,0.423583984375,1.0,/kaggle/input/datasets/shuvroahmedimaging/ws2-eca/test_set/test_set/images/before/before-video-003/frame_0014.jpg,/kaggle/input/datasets/shuvroahmedimaging/ws2-eca/test_set/test_set/masks/before/before-video-003/frame_0014.jpg
before-video-003,frame_0015.jpg,strict_qmem_v2_T2K2_full,qmem,2,margin,0.05,0.0001,0.1,0.33070914951648894,0.49704197139795964,0.3747278218725855,0.7378976486860305,14237,7230,0.04464666452258825,0.0032676877453923225,0.6286014318466187,0.9950795769691467,0.0023937381338328123,0.468994140625,1.0,/kaggle/input/datasets/shuvroahmedimaging/ws2-eca/test_set/test_set/images/before/before-video-003/frame_0015.jpg,/kaggle/input/datasets/shuvroahmedimaging/ws2-eca/test_set/test_set/masks/before/before-video-003/frame_0015.jpg
before-video-003,frame_0016.jpg,strict_qmem_v2_T2K2_full,qmem,2,margin,0.05,0.0001,0.1,0.22723683411285914,0.3703227083745793,0.2599360755975542,0.6436682725395733,14392,5812,0.04464666452258825,0.003333768807351589,0.6618419885635376,0.9953501224517822,0.0023983546998351812,0.516845703125,1.0,/kaggle/input/datasets/shuvroahmedimaging/ws2-eca/test_set/test_set/images/before/before-video-003/frame_0016.jpg,/kaggle/input/datasets/shuvroahmedimaging/ws2-eca/test_set/test_set/masks/before/before-video-003/frame_0016.jpg
before-video-003,frame_0017.jpg,strict_qmem_v2_T2K2_full,qmem,2,margin,0.05,0.0001,0.1,0.25386688539957813,0.4049343488622027,0.306478992785401,0.5965854330166598,14138,7263,0.04464666452258825,0.0033078209962695837,0.6445997357368469,0.9954220056533813,0.00227903900668025,0.494384765625,1.0,/kaggle/input/datasets/shuvroahmedimaging/ws2-eca/test_set/test_set/images/before/before-video-003/frame_0017.jpg,/kaggle/input/datasets/shuvroahmedimaging/ws2-eca/test_set/test_set/masks/before/before-video-003/frame_0017.jpg
before-video-003,frame_0018.jpg,strict_qmem_v2_T2K2_full,qmem,2,margin,0.05,0.0001,0.1,0.33776690618152166,0.5049712391908879,0.4144313136997436,0.6461298498732696,15993,10258,0.04464666452258825,0.003129528369754553,0.643977165222168,0.9955652952194214,0.002270300406962633,0.493896484375,1.0,/kaggle/input/datasets/shuvroahmedimaging/ws2-eca/test_set/test_set/images/before/before-video-003/frame_0018.jpg,/kaggle/input/datasets/shuvroahmedimaging/ws2-eca/test_set/test_set/masks/before/before-video-003/frame_0018.jpg
before-video-003,frame_0019.jpg,strict_qmem_v2_T2K2_full,qmem,2,margin,0.05,0.0001,0.1,0.4448669201520912,0.6157894736842106,0.49415830179364817,0.8168464956025024,18231,11029,0.04464666452258825,0.003450285643339157,0.6472446918487549,0.9951366186141968,0.0024292096495628357,0.495361328125,1.0,/kaggle/input/datasets/shuvroahmedimaging/ws2-eca/test_set/test_set/images/before/before-video-003/frame_0019.jpg,/kaggle/input/datasets/shuvroahmedimaging/ws2-eca/test_set/test_set/masks/before/before-video-003/frame_0019.jpg
before-video-003,frame_0020.jpg,strict_qmem_v2_T2K2_full,qmem,2,margin,0.05,0.0001,0.1,0.45680468005986125,0.6271323620968746,0.5268305439330544,0.7746078129806213,19120,13004,0.04464666452258825,0.0038242843002080917,0.6719899773597717,0.9946831464767456,0.002453522989526391,0.5302734375,1.0,/kaggle/input/datasets/shuvroahmedimaging/ws2-eca/test_set/test_set/images/before/before-video-003/frame_0020.jpg,/kaggle/input/datasets/shuvroahmedimaging/ws2-eca/test_set/test_set/masks/before/before-video-003/frame_0020.jpg
before-video-003,frame_0021.jpg,strict_qmem_v2_T2K2_full,qmem,2,margin,0.05,0.0001,0.1,0.48776764552283775,0.6557040637235048,0.5562835020845741,0.7983955812730142,21827,15208,0.04464666452258825,0.0034942273050546646,0.6592125296592712,0.9948712587356567,0.0024561332538723946,0.511962890625,1.0,/kaggle/input/datasets/shuvroahmedimaging/ws2-eca/test_set/test_set/images/before/before-video-003/frame_0021.jpg,/kaggle/input/datasets/shuvroahmedimaging/ws2-eca/test_set/test_set/masks/before/before-video-003/frame_0021.jpg
before-video-003,frame_0022.jpg,strict_qmem_v2_T2K2_full,qmem,2,margin,0.05,0.0001,0.1,0.4375399361022364,0.6087343038115346,0.4890853086915763,0.8058845163663112,22401,13595,0.04464666452258825,0.003712314646691084,0.6358518600463867,0.9946827292442322,0.0024251157883554697,0.478759765625,1.0001331567764282,/kaggle/input/datasets/shuvroahmedimaging/ws2-eca/test_set/test_set/images/before/before-video-003/frame_0022.jpg,/kaggle/input/datasets/shuvroahmedimaging/ws2-eca/test_set/test_set/masks/before/before-video-003/frame_0022.jpg
before-video-003,frame_0023.jpg,strict_qmem_v2_T2K2_full,qmem,2,margin,0.05,0.0001,0.1,0.4577627005067638,0.6280345907432413,0.5016983383824475,0.8394132555103294,21786,13021,0.04464666452258825,0.003259032964706421,0.6118313670158386,0.9951103925704956,0.0024662609212100506,0.4453125,1.0003288984298706,/kaggle/input/datasets/shuvroahmedimaging/ws2-eca/test_set/test_set/images/before/before-video-003/frame_0023.jpg,/kaggle/input/datasets/shuvroahmedimaging/ws2-eca/test_set/test_set/masks/before/before-video-003/frame_0023.jpg
before-video-003,frame_0024.jpg,strict_qmem_v2_T2K2_full,qmem,2,margin,0.05,0.0001,0.1,0.46031311154598825,0.6304307040819062,0.49874899283321317,0.8565914056809906,23581,13730,0.04464666452258825,0.0038089861627668142,0.632520318031311,0.9946253299713135,0.002424386329948902,0.474609375,1.0001481771469116,/kaggle/input/datasets/shuvroahmedimaging/ws2-eca/test_set/test_set/images/before/before-video-003/frame_0024.jpg,/kaggle/input/datasets/shuvroahmedimaging/ws2-eca/test_set/test_set/masks/before/before-video-003/frame_0024.jpg
before-video-003,frame_0025.jpg,strict_qmem_v2_T2K2_full,qmem,2,margin,0.05,0.0001,0.1,0.3733105947559156,0.5436652075377977,0.3923818059601165,0.8848019401778496,22315,9896,0.04464666452258825,0.003958888817578554,0.6430584192276001,0.9944552779197693,0.0025749916676431894,0.487060546875,1.0,/kaggle/input/datasets/shuvroahmedimaging/ws2-eca/test_set/test_set/images/before/before-video-003/frame_0025.jpg,/kaggle/input/datasets/shuvroahmedimaging/ws2-eca/test_set/test_set/masks/before/before-video-003/frame_0025.jpg
before-video-003,frame_0026.jpg,strict_qmem_v2_T2K2_full,qmem,2,margin,0.05,0.0001,0.1,0.31192434615574055,0.4755218501276468,0.3291922237238798,0.8560421735604218,19238,7398,0.04464666452258825,0.0040385788306593895,0.6453188061714172,0.994297444820404,0.00243201176635921,0.492431640625,1.0,/kaggle/input/datasets/shuvroahmedimaging/ws2-eca/test_set/test_set/images/before/before-video-003/frame_0026.jpg,/kaggle/input/datasets/shuvroahmedimaging/ws2-eca/test_set/test_set/masks/before/before-video-003/frame_0026.jpg
before-video-003,frame_0027.jpg,strict_qmem_v2_T2K2_full,qmem,2,margin,0.05,0.0001,0.1,0.2946367239101717,0.45516509530223254,0.3095026642984014,0.8598303777949113,18016,6485,0.04464666452258825,0.0045903632417321205,0.6307926774024963,0.9938851594924927,0.0023809943813830614,0.47265625,1.0000808238983154,/kaggle/input/datasets/shuvroahmedimaging/ws2-eca/test_set/test_set/images/before/before-video-003/frame_0027.jpg,/kaggle/input/datasets/shuvroahmedimaging/ws2-eca/test_set/test_set/masks/before/before-video-003/frame_0027.jpg
before-video-003,frame_0028.jpg,strict_qmem_v2_T2K2_full,qmem,2,margin,0.05,0.0001,0.1,0.2613067572398999,0.41434291180951704,0.27762214519728406,0.8163920692543982,21061,7162,0.04464666452258825,0.005129075143486261,0.5946961641311646,0.9930246472358704,0.002445391844958067,0.419189453125,1.0,/kaggle/input/datasets/shuvroahmedimaging/ws2-eca/test_set/test_set/images/before/before-video-003/frame_0028.jpg,/kaggle/input/datasets/shuvroahmedimaging/ws2-eca/test_set/test_set/masks/before/before-video-003/frame_0028.jpg
before-video-003,frame_0029.jpg,strict_qmem_v2_T2K2_full,qmem,2,margin,0.05,0.0001,0.1,0.2369875065986275,0.3831687956983129,0.2448905374936359,0.8801463860933212,27498,7651,0.04464666452258825,0.005836552008986473,0.5780845880508423,0.9920059442520142,0.002664469415321946,0.39111328125,1.0,/kaggle/input/datasets/shuvroahmedimaging/ws2-eca/test_set/test_set/images/before/before-video-003/frame_0029.jpg,/kaggle/input/datasets/shuvroahmedimaging/ws2-eca/test_set/test_set/masks/before/before-video-003/frame_0029.jpg
before-video-003,frame_0030.jpg,strict_qmem_v2_T2K2_full,qmem,2,margin,0.05,0.0001,0.1,0.3098152050575458,0.4730670461928777,0.3237486236978064,0.8780291719306306,23614,8707,0.04464666452258825,0.004784028045833111,0.5471708178520203,0.9926334619522095,0.0027036445681005716,0.34521484375,1.0,/kaggle/input/datasets/shuvroahmedimaging/ws2-eca/test_set/test_set/images/before/before-video-003/frame_0030.jpg,/kaggle/input/datasets/shuvroahmedimaging/ws2-eca/test_set/test_set/masks/before/before-video-003/frame_0030.jpg
before-video-003,frame_0031.jpg,strict_qmem_v2_T2K2_full,qmem,2,margin,0.05,0.0001,0.1,0.40046432928028963,0.5719022197246417,0.42104174423896407,0.8912339083982835,24171,11419,0.04464666452258825,0.0045689488761126995,0.5481364727020264,0.9929690957069397,0.002674761228263378,0.34765625,1.0001144409179688,/kaggle/input/datasets/shuvroahmedimaging/ws2-eca/test_set/test_set/images/before/before-video-003/frame_0031.jpg,/kaggle/input/datasets/shuvroahmedimaging/ws2-eca/test_set/test_set/masks/before/before-video-003/frame_0031.jpg
before-video-003,frame_0032.jpg,strict_qmem_v2_T2K2_full,qmem,2,margin,0.05,0.0001,0.1,0.42835428477528553,0.5997871667289827,0.44922665977338333,0.9021456999480879,23211,11558,0.04464666452258825,0.005019613076001406,0.5644605755805969,0.9926080107688904,0.002583743305876851,0.372802734375,1.0001415014266968,/kaggle/input/datasets/shuvroahmedimaging/ws2-eca/test_set/test_set/images/before/before-video-003/frame_0032.jpg,/kaggle/input/datasets/shuvroahmedimaging/ws2-eca/test_set/test_set/masks/before/before-video-003/frame_0032.jpg
before-video-003,frame_0033.jpg,strict_qmem_v2_T2K2_full,qmem,2,margin,0.05,0.0001,0.1,0.3658318788813573,0.5356909361069837,0.38382590920705223,0.8864083398898505,23482,10168,0.04464666452258825,0.005055740475654602,0.5788133144378662,0.9926010370254517,0.0025408565998077393,0.39453125,1.0,/kaggle/input/datasets/shuvroahmedimaging/ws2-eca/test_set/test_set/images/before/before-video-003/frame_0033.jpg,/kaggle/input/datasets/shuvroahmedimaging/ws2-eca/test_set/test_set/masks/before/before-video-003/frame_0033.jpg
before-video-003,frame_0034.jpg,strict_qmem_v2_T2K2_full,qmem,2,margin,0.05,0.0001,0.1,0.35665612613013853,0.5257870719936969,0.37988614800759013,0.853640336851082,21080,9381,0.04464666452258825,0.0048118168488144875,0.5810378193855286,0.9930397868156433,0.002466046717017889,0.399169921875,1.0005030632019043,/kaggle/input/datasets/shuvroahmedimaging/ws2-eca/test_set/test_set/images/before/before-video-003/frame_0034.jpg,/kaggle/input/datasets/shuvroahmedimaging/ws2-eca/test_set/test_set/masks/before/before-video-003/frame_0034.jpg
before-video-003,frame_0035.jpg,strict_qmem_v2_T2K2_full,qmem,2,margin,0.05,0.0001,0.1,0.32672973316930387,0.4925339728217426,0.3369056471720397,0.9153791300213929,22861,8414,0.04464666452258825,0.004833207465708256,0.593076229095459,0.993122935295105,0.002593785058706999,0.413818359375,1.00048828125,/kaggle/input/datasets/shuvroahmedimaging/ws2-eca/test_set/test_set/images/before/before-video-003/frame_0035.jpg,/kaggle/input/datasets/shuvroahmedimaging/ws2-eca/test_set/test_set/masks/before/before-video-003/frame_0035.jpg
before-video-003,frame_0036.jpg,strict_qmem_v2_T2K2_full,qmem,2,margin,0.05,0.0001,0.1,0.2418539579384421,0.3895046698404623,0.25154900488171233,0.8625462739417351,21304,6213,0.04464666452258825,0.00411915872246027,0.5793247222900391,0.9937986135482788,0.0025324446614831686,0.395263671875,1.00048828125,/kaggle/input/datasets/shuvroahmedimaging/ws2-eca/test_set/test_set/images/before/before-video-003/frame_0036.jpg,/kaggle/input/datasets/shuvroahmedimaging/ws2-eca/test_set/test_set/masks/before/before-video-003/frame_0036.jpg
before-video-003,frame_0037.jpg,strict_qmem_v2_T2K2_full,qmem,2,margin,0.05,0.0001,0.1,0.21660416397258503,0.35607993197278914,0.22930546682486083,0.7963549920760697,21914,6310,0.04464666452258825,0.004983361344784498,0.6301923394203186,0.993235170841217,0.002592010423541069,0.467529296875,1.0001133680343628,/kaggle/input/datasets/shuvroahmedimaging/ws2-eca/test_set/test_set/images/before/before-video-003/frame_0037.jpg,/kaggle/input/datasets/shuvroahmedimaging/ws2-eca/test_set/test_set/masks/before/before-video-003/frame_0037.jpg
before-video-003,frame_0038.jpg,strict_qmem_v2_T2K2_full,qmem,2,margin,0.05,0.0001,0.1,0.24165870278805002,0.38925141384733797,0.24895128841708758,0.8918877472780249,23362,6521,0.04464666452258825,0.00486377440392971,0.6062776446342468,0.993133008480072,0.002641289494931698,0.431884765625,1.0,/kaggle/input/datasets/shuvroahmedimaging/ws2-eca/test_set/test_set/images/before/before-video-003/frame_0038.jpg,/kaggle/input/datasets/shuvroahmedimaging/ws2-eca/test_set/test_set/masks/before/before-video-003/frame_0038.jpg
before-video-003,frame_0039.jpg,strict_qmem_v2_T2K2_full,qmem,2,margin,0.05,0.0001,0.1,0.30729093216753633,0.47011866235167205,0.3503497065680521,0.7143091296508769,24878,12202,0.04464666452258825,0.005346354562789202,0.5897502303123474,0.992384135723114,0.0027795808855444193,0.405029296875,1.0005686283111572,/kaggle/input/datasets/shuvroahmedimaging/ws2-eca/test_set/test_set/images/before/before-video-003/frame_0039.jpg,/kaggle/input/datasets/shuvroahmedimaging/ws2-eca/test_set/test_set/masks/before/before-video-003/frame_0039.jpg
before-video-003,frame_0040.jpg,strict_qmem_v2_T2K2_full,qmem,2,margin,0.05,0.0001,0.1,0.29498269896193774,0.45557782231128924,0.32826095005368583,0.7442289935364728,27009,11913,0.04464666452258825,0.0055193910375237465,0.5653384923934937,0.992152214050293,0.002803442534059286,0.3701171875,1.000447154045105,/kaggle/input/datasets/shuvroahmedimaging/ws2-eca/test_set/test_set/images/before/before-video-003/frame_0040.jpg,/kaggle/input/datasets/shuvroahmedimaging/ws2-eca/test_set/test_set/masks/before/before-video-003/frame_0040.jpg
before-video-003,frame_0041.jpg,strict_qmem_v2_T2K2_full,qmem,2,margin,0.05,0.0001,0.1,0.28499887463425616,0.4435784034680562,0.2966064474570316,0.8792639527818765,34153,11521,0.04464666452258825,0.005374150350689888,0.5598400831222534,0.9920763373374939,0.002844038652256131,0.361572265625,1.0,/kaggle/input/datasets/shuvroahmedimaging/ws2-eca/test_set/test_set/images/before/before-video-003/frame_0041.jpg,/kaggle/input/datasets/shuvroahmedimaging/ws2-eca/test_set/test_set/masks/before/before-video-003/frame_0041.jpg
before-video-003,frame_0042.jpg,strict_qmem_v2_T2K2_full,qmem,2,margin,0.05,0.0001,0.1,0.298632345582921,0.4599182310507952,0.3200464742157476,0.8169581749049429,33567,13150,0.04464666452258825,0.00473228981718421,0.5350973010063171,0.9925278425216675,0.0028694048523902893,0.32421875,1.0003368854522705,/kaggle/input/datasets/shuvroahmedimaging/ws2-eca/test_set/test_set/images/before/before-video-003/frame_0042.jpg,/kaggle/input/datasets/shuvroahmedimaging/ws2-eca/test_set/test_set/masks/before/before-video-003/frame_0042.jpg
before-video-003,frame_0043.jpg,strict_qmem_v2_T2K2_full,qmem,2,margin,0.05,0.0001,0.1,0.27811675227743565,0.4351977263139197,0.3059536074427898,0.7534983853606028,32031,13006,0.04464666452258825,0.004236285109072924,0.521672248840332,0.9931227564811707,0.0026485815178602934,0.31005859375,1.0,/kaggle/input/datasets/shuvroahmedimaging/ws2-eca/test_set/test_set/images/before/before-video-003/frame_0043.jpg,/kaggle/input/datasets/shuvroahmedimaging/ws2-eca/test_set/test_set/masks/before/before-video-003/frame_0043.jpg
before-video-003,frame_0044.jpg,strict_qmem_v2_T2K2_full,qmem,2,margin,0.05,0.0001,0.1,0.25529905164922356,0.40675415362388634,0.2797929606625259,0.7446550584086401,24150,9074,0.04464666452258825,0.003314020112156868,0.5347616076469421,0.9944272041320801,0.0025739064440131187,0.330322265625,1.0,/kaggle/input/datasets/shuvroahmedimaging/ws2-eca/test_set/test_set/images/before/before-video-003/frame_0044.jpg,/kaggle/input/datasets/shuvroahmedimaging/ws2-eca/test_set/test_set/masks/before/before-video-003/frame_0044.jpg
before-video-003,frame_0045.jpg,strict_qmem_v2_T2K2_full,qmem,2,margin,0.05,0.0001,0.1,0.2271915618122171,0.37026258798050893,0.2559292697759274,0.6692354740061162,21377,8175,0.04464666452258825,0.003086094744503498,0.5549931526184082,0.9949705600738525,0.002364332089200616,0.36328125,1.0,/kaggle/input/datasets/shuvroahmedimaging/ws2-eca/test_set/test_set/images/before/before-video-003/frame_0045.jpg,/kaggle/input/datasets/shuvroahmedimaging/ws2-eca/test_set/test_set/masks/before/before-video-003/frame_0045.jpg
before-video-003,frame_0046.jpg,strict_qmem_v2_T2K2_full,qmem,2,margin,0.05,0.0001,0.1,0.18802335581405874,0.31653141311387967,0.20886967015285599,0.6532473659380406,19888,6359,0.04464666452258825,0.0033763765823096037,0.5985625386238098,0.9948652386665344,0.0023709675297141075,0.426025390625,1.0,/kaggle/input/datasets/shuvroahmedimaging/ws2-eca/test_set/test_set/images/before/before-video-003/frame_0046.jpg,/kaggle/input/datasets/shuvroahmedimaging/ws2-eca/test_set/test_set/masks/before/before-video-003/frame_0046.jpg
before-video-004,frame_0001.jpg,strict_qmem_v2_T2K2_full,qmem,2,margin,0.05,0.0001,0.1,0.20820625238276783,0.34465349268331164,0.24832329203137432,0.5630880268075783,17594,7759,0.04464666452258825,0.0,0.0,0.0,0.0,0.0,0.0,/kaggle/input/datasets/shuvroahmedimaging/ws2-eca/test_set/test_set/images/before/before-video-004/frame_0001.jpg,/kaggle/input/datasets/shuvroahmedimaging/ws2-eca/test_set/test_set/masks/before/before-video-004/frame_0001.jpg
before-video-004,frame_0002.jpg,strict_qmem_v2_T2K2_full,qmem,2,margin,0.05,0.0001,0.1,0.24013085186331284,0.3872669589705201,0.289691216468455,0.5839604386153515,18751,9302,0.04464666452258825,0.003517177188768983,0.6078746318817139,0.9948453903198242,0.002366999164223671,0.439697265625,1.0,/kaggle/input/datasets/shuvroahmedimaging/ws2-eca/test_set/test_set/images/before/before-video-004/frame_0002.jpg,/kaggle/input/datasets/shuvroahmedimaging/ws2-eca/test_set/test_set/masks/before/before-video-004/frame_0002.jpg
before-video-004,frame_0003.jpg,strict_qmem_v2_T2K2_full,qmem,2,margin,0.05,0.0001,0.1,0.2264572924101832,0.3692868782493986,0.25369156138386906,0.6784034212401996,18759,7015,0.04464666452258825,0.0033210054971277714,0.6165500283241272,0.9950553178787231,0.002397665986791253,0.451904296875,1.0,/kaggle/input/datasets/shuvroahmedimaging/ws2-eca/test_set/test_set/images/before/before-video-004/frame_0003.jpg,/kaggle/input/datasets/shuvroahmedimaging/ws2-eca/test_set/test_set/masks/before/before-video-004/frame_0003.jpg
before-video-004,frame_0004.jpg,strict_qmem_v2_T2K2_full,qmem,2,margin,0.05,0.0001,0.1,0.271105220228385,0.42656613459533166,0.2851780351780352,0.8460069996818327,18648,6286,0.04464666452258825,0.0033052735961973667,0.6392956376075745,0.9950993061065674,0.0025100577622652054,0.482421875,1.0,/kaggle/input/datasets/shuvroahmedimaging/ws2-eca/test_set/test_set/images/before/before-video-004/frame_0004.jpg,/kaggle/input/datasets/shuvroahmedimaging/ws2-eca/test_set/test_set/masks/before/before-video-004/frame_0004.jpg
before-video-004,frame_0005.jpg,strict_qmem_v2_T2K2_full,qmem,2,margin,0.05,0.0001,0.1,0.32450780719619826,0.4900051255766274,0.3382655687081832,0.8886259929018083,15544,5917,0.04464666452258825,0.002819342538714409,0.6458587050437927,0.9955505728721619,0.002479459159076214,0.491943359375,1.0001391172409058,/kaggle/input/datasets/shuvroahmedimaging/ws2-eca/test_set/test_set/images/before/before-video-004/frame_0005.jpg,/kaggle/input/datasets/shuvroahmedimaging/ws2-eca/test_set/test_set/masks/before/before-video-004/frame_0005.jpg
before-video-004,frame_0006.jpg,strict_qmem_v2_T2K2_full,qmem,2,margin,0.05,0.0001,0.1,0.18824994340049808,0.3168524340287701,0.20073631480475587,0.751638418079096,16569,4425,0.04464666452258825,0.003307976992800832,0.6566845178604126,0.9951406121253967,0.0024600359611213207,0.50830078125,1.0,/kaggle/input/datasets/shuvroahmedimaging/ws2-eca/test_set/test_set/images/before/before-video-004/frame_0006.jpg,/kaggle/input/datasets/shuvroahmedimaging/ws2-eca/test_set/test_set/masks/before/before-video-004/frame_0006.jpg
before-video-004,frame_0007.jpg,strict_qmem_v2_T2K2_full,qmem,2,margin,0.05,0.0001,0.1,0.20919390686832548,0.3460055590424101,0.22810024825629507,0.7162212323682257,16918,5388,0.04464666452258825,0.0035931372549384832,0.6253295540809631,0.9947647452354431,0.0023574389051645994,0.465087890625,1.000244140625,/kaggle/input/datasets/shuvroahmedimaging/ws2-eca/test_set/test_set/images/before/before-video-004/frame_0007.jpg,/kaggle/input/datasets/shuvroahmedimaging/ws2-eca/test_set/test_set/masks/before/before-video-004/frame_0007.jpg
before-video-004,frame_0008.jpg,strict_qmem_v2_T2K2_full,qmem,2,margin,0.05,0.0001,0.1,0.23212983223924144,0.3767944354003256,0.24550407405621716,0.809925242564021,20741,6287,0.04464666452258825,0.004357070196419954,0.605632483959198,0.993810772895813,0.002469268161803484,0.43505859375,1.0010366439819336,/kaggle/input/datasets/shuvroahmedimaging/ws2-eca/test_set/test_set/images/before/before-video-004/frame_0008.jpg,/kaggle/input/datasets/shuvroahmedimaging/ws2-eca/test_set/test_set/masks/before/before-video-004/frame_0008.jpg
before-video-004,frame_0009.jpg,strict_qmem_v2_T2K2_full,qmem,2,margin,0.05,0.0001,0.1,0.3636643368939294,0.5333634195087358,0.382177668961057,0.8824533333333333,21647,9375,0.04464666452258825,0.004300168249756098,0.6229922771453857,0.9938594698905945,0.002539810724556446,0.45849609375,1.0006084442138672,/kaggle/input/datasets/shuvroahmedimaging/ws2-eca/test_set/test_set/images/before/before-video-004/frame_0009.jpg,/kaggle/input/datasets/shuvroahmedimaging/ws2-eca/test_set/test_set/masks/before/before-video-004/frame_0009.jpg
before-video-004,frame_0010.jpg,strict_qmem_v2_T2K2_full,qmem,2,margin,0.05,0.0001,0.1,0.36716729659836883,0.5371212396784402,0.39277544288982286,0.8492063492063492,18797,8694,0.04464666452258825,0.0036453467328101397,0.6356669664382935,0.9945491552352905,0.0025919706095010042,0.47509765625,1.0005731582641602,/kaggle/input/datasets/shuvroahmedimaging/ws2-eca/test_set/test_set/images/before/before-video-004/frame_0010.jpg,/kaggle/input/datasets/shuvroahmedimaging/ws2-eca/test_set/test_set/masks/before/before-video-004/frame_0010.jpg
before-video-005,frame_0001.jpg,strict_qmem_v2_T2K2_full,qmem,2,margin,0.05,0.0001,0.1,0.4231152297232928,0.5946324245374879,0.4296644826524779,0.9652276992986268,22741,10123,0.04464666452258825,0.0,0.0,0.0,0.0,0.0,0.0,/kaggle/input/datasets/shuvroahmedimaging/ws2-eca/test_set/test_set/images/before/before-video-005/frame_0001.jpg,/kaggle/input/datasets/shuvroahmedimaging/ws2-eca/test_set/test_set/masks/before/before-video-005/frame_0001.jpg
before-video-005,frame_0002.jpg,strict_qmem_v2_T2K2_full,qmem,2,margin,0.05,0.0001,0.1,0.20899192132068845,0.34572922719349214,0.2113140537798072,0.9500456204379562,19710,4384,0.04464666452258825,0.0038158996030688286,0.6482883095741272,0.9944270253181458,0.002486312063410878,0.49609375,1.0,/kaggle/input/datasets/shuvroahmedimaging/ws2-eca/test_set/test_set/images/before/before-video-005/frame_0002.jpg,/kaggle/input/datasets/shuvroahmedimaging/ws2-eca/test_set/test_set/masks/before/before-video-005/frame_0002.jpg
before-video-005,frame_0003.jpg,strict_qmem_v2_T2K2_full,qmem,2,margin,0.05,0.0001,0.1,0.1205181460428509,0.21511145797765963,0.12396694214876033,0.8124539425202653,17787,2714,0.04464666452258825,0.003657137043774128,0.6260165572166443,0.9947658777236938,0.0023960398975759745,0.465087890625,1.0,/kaggle/input/datasets/shuvroahmedimaging/ws2-eca/test_set/test_set/images/before/before-video-005/frame_0003.jpg,/kaggle/input/datasets/shuvroahmedimaging/ws2-eca/test_set/test_set/masks/before/before-video-005/frame_0003.jpg
before-video-005,frame_0004.jpg,strict_qmem_v2_T2K2_full,qmem,2,margin,0.05,0.0001,0.1,0.08823178728985334,0.16215623972827872,0.08975680756868215,0.8385269121813032,16489,1765,0.04464666452258825,0.0032110854517668486,0.6578533053398132,0.995427131652832,0.002457597991451621,0.51025390625,1.0,/kaggle/input/datasets/shuvroahmedimaging/ws2-eca/test_set/test_set/images/before/before-video-005/frame_0004.jpg,/kaggle/input/datasets/shuvroahmedimaging/ws2-eca/test_set/test_set/masks/before/before-video-005/frame_0004.jpg
before-video-005,frame_0005.jpg,strict_qmem_v2_T2K2_full,qmem,2,margin,0.05,0.0001,0.1,0.06819758033443785,0.12768720242389264,0.06859933338500891,0.9209157127991675,12901,961,0.04464666452258825,0.002471751533448696,0.6923531293869019,0.9964159727096558,0.002426581922918558,0.560546875,1.0,/kaggle/input/datasets/shuvroahmedimaging/ws2-eca/test_set/test_set/images/before/before-video-005/frame_0005.jpg,/kaggle/input/datasets/shuvroahmedimaging/ws2-eca/test_set/test_set/masks/before/before-video-005/frame_0005.jpg
before-video-005,frame_0006.jpg,strict_qmem_v2_T2K2_full,qmem,2,margin,0.05,0.0001,0.1,0.10351988370885681,0.187617613850207,0.10821665038532509,0.7045936395759718,9213,1415,0.04464666452258825,0.0019884887151420116,0.7157949209213257,0.9970738291740417,0.0024216147139668465,0.5947265625,1.0,/kaggle/input/datasets/shuvroahmedimaging/ws2-eca/test_set/test_set/images/before/before-video-005/frame_0006.jpg,/kaggle/input/datasets/shuvroahmedimaging/ws2-eca/test_set/test_set/masks/before/before-video-005/frame_0006.jpg
before-video-005,frame_0007.jpg,strict_qmem_v2_T2K2_full,qmem,2,margin,0.05,0.0001,0.1,0.03231114435302917,0.06259962324300826,0.033312769895126465,0.5179856115107914,6484,417,0.04464666452258825,0.0018014422385022044,0.7354029417037964,0.9975521564483643,0.0023096485529094934,0.625,1.0,/kaggle/input/datasets/shuvroahmedimaging/ws2-eca/test_set/test_set/images/before/before-video-005/frame_0007.jpg,/kaggle/input/datasets/shuvroahmedimaging/ws2-eca/test_set/test_set/masks/before/before-video-005/frame_0007.jpg
before-video-005,frame_0008.jpg,strict_qmem_v2_T2K2_full,qmem,2,margin,0.05,0.0001,0.1,0.049101384469859836,0.09360655737704918,0.049777700287681984,0.7832647462277091,11471,729,0.04464666452258825,0.002395590068772435,0.7437015771865845,0.9969727993011475,0.002279101638123393,0.637451171875,1.0,/kaggle/input/datasets/shuvroahmedimaging/ws2-eca/test_set/test_set/images/before/before-video-005/frame_0008.jpg,/kaggle/input/datasets/shuvroahmedimaging/ws2-eca/test_set/test_set/masks/before/before-video-005/frame_0008.jpg
before-video-005,frame_0009.jpg,strict_qmem_v2_T2K2_full,qmem,2,margin,0.05,0.0001,0.1,0.06913020118201899,0.12932045340331677,0.07031819285887782,0.8036086051353227,16468,1441,0.04464666452258825,0.00271811755374074,0.6941699981689453,0.9963604211807251,0.002276240848004818,0.566162109375,1.0,/kaggle/input/datasets/shuvroahmedimaging/ws2-eca/test_set/test_set/images/before/before-video-005/frame_0009.jpg,/kaggle/input/datasets/shuvroahmedimaging/ws2-eca/test_set/test_set/masks/before/before-video-005/frame_0009.jpg
before-video-005,frame_0010.jpg,strict_qmem_v2_T2K2_full,qmem,2,margin,0.05,0.0001,0.1,0.14756661228928766,0.25718178048924956,0.1500138197899392,0.9004562422231439,14472,2411,0.04464666452258825,0.0025052018463611603,0.6540002822875977,0.9962459206581116,0.0022566127590835094,0.508544921875,1.0001249313354492,/kaggle/input/datasets/shuvroahmedimaging/ws2-eca/test_set/test_set/images/before/before-video-005/frame_0010.jpg,/kaggle/input/datasets/shuvroahmedimaging/ws2-eca/test_set/test_set/masks/before/before-video-005/frame_0010.jpg
before-video-005,frame_0011.jpg,strict_qmem_v2_T2K2_full,qmem,2,margin,0.05,0.0001,0.1,0.13468194295261965,0.23739153300026294,0.13614428761008565,0.926138695116947,16578,2437,0.04464666452258825,0.0026973027270287275,0.664648175239563,0.9961174726486206,0.0022701225243508816,0.523681640625,1.0,/kaggle/input/datasets/shuvroahmedimaging/ws2-eca/test_set/test_set/images/before/before-video-005/frame_0011.jpg,/kaggle/input/datasets/shuvroahmedimaging/ws2-eca/test_set/test_set/masks/before/before-video-005/frame_0011.jpg
before-video-005,frame_0012.jpg,strict_qmem_v2_T2K2_full,qmem,2,margin,0.05,0.0001,0.1,0.16842488177519097,0.28829389788293897,0.1717359050445104,0.8972868217054264,13480,2580,0.04464666452258825,0.0022251487243920565,0.676810622215271,0.9965642094612122,0.002393752569332719,0.5390625,1.0001122951507568,/kaggle/input/datasets/shuvroahmedimaging/ws2-eca/test_set/test_set/images/before/before-video-005/frame_0012.jpg,/kaggle/input/datasets/shuvroahmedimaging/ws2-eca/test_set/test_set/masks/before/before-video-005/frame_0012.jpg
before-video-005,frame_0013.jpg,strict_qmem_v2_T2K2_full,qmem,2,margin,0.05,0.0001,0.1,0.3064183774708082,0.4690968571094754,0.31148176881303336,0.9496215704824976,12890,4228,0.04464666452258825,0.0024569095112383366,0.7070851922035217,0.9965246319770813,0.002354176715016365,0.5830078125,1.0,/kaggle/input/datasets/shuvroahmedimaging/ws2-eca/test_set/test_set/images/before/before-video-005/frame_0013.jpg,/kaggle/input/datasets/shuvroahmedimaging/ws2-eca/test_set/test_set/masks/before/before-video-005/frame_0013.jpg
before-video-005,frame_0014.jpg,strict_qmem_v2_T2K2_full,qmem,2,margin,0.05,0.0001,0.1,0.3685078318219291,0.5385542168674698,0.37673830594184576,0.9440337909186906,14238,5682,0.04464666452258825,0.0025332686491310596,0.6963286399841309,0.9964414238929749,0.0023772348649799824,0.567138671875,1.0,/kaggle/input/datasets/shuvroahmedimaging/ws2-eca/test_set/test_set/images/before/before-video-005/frame_0014.jpg,/kaggle/input/datasets/shuvroahmedimaging/ws2-eca/test_set/test_set/masks/before/before-video-005/frame_0014.jpg
before-video-005,frame_0015.jpg,strict_qmem_v2_T2K2_full,qmem,2,margin,0.05,0.0001,0.1,0.37794582275858496,0.5485641256953842,0.4014855570839065,0.8657017439791197,18175,8429,0.04464666452258825,0.0034371118526905775,0.658225417137146,0.9953195452690125,0.0024361824616789818,0.51123046875,1.0,/kaggle/input/datasets/shuvroahmedimaging/ws2-eca/test_set/test_set/images/before/before-video-005/frame_0015.jpg,/kaggle/input/datasets/shuvroahmedimaging/ws2-eca/test_set/test_set/masks/before/before-video-005/frame_0015.jpg
before-video-005,frame_0016.jpg,strict_qmem_v2_T2K2_full,qmem,2,margin,0.05,0.0001,0.1,0.4232199027738061,0.5947357846092023,0.4454923995384538,0.8943498841776614,19933,9929,0.04464666452258825,0.004173289053142071,0.616584300994873,0.9940896034240723,0.002474140841513872,0.4501953125,1.0,/kaggle/input/datasets/shuvroahmedimaging/ws2-eca/test_set/test_set/images/before/before-video-005/frame_0016.jpg,/kaggle/input/datasets/shuvroahmedimaging/ws2-eca/test_set/test_set/masks/before/before-video-005/frame_0016.jpg
before-video-005,frame_0017.jpg,strict_qmem_v2_T2K2_full,qmem,2,margin,0.05,0.0001,0.1,0.3466009782377543,0.514779038243887,0.3618769196610295,0.8914311759343665,27023,10970,0.04464666452258825,0.005225961562246084,0.6118336915969849,0.9927999973297119,0.002606742549687624,0.440673828125,1.0,/kaggle/input/datasets/shuvroahmedimaging/ws2-eca/test_set/test_set/images/before/before-video-005/frame_0017.jpg,/kaggle/input/datasets/shuvroahmedimaging/ws2-eca/test_set/test_set/masks/before/before-video-005/frame_0017.jpg
before-video-005,frame_0018.jpg,strict_qmem_v2_T2K2_full,qmem,2,margin,0.05,0.0001,0.1,0.334353988446605,0.5011473587092806,0.3508214096449391,0.8768937825978972,30192,12079,0.04464666452258825,0.005522065795958042,0.5770912170410156,0.9920973777770996,0.0026714305859059095,0.388916015625,1.000105381011963,/kaggle/input/datasets/shuvroahmedimaging/ws2-eca/test_set/test_set/images/before/before-video-005/frame_0018.jpg,/kaggle/input/datasets/shuvroahmedimaging/ws2-eca/test_set/test_set/masks/before/before-video-005/frame_0018.jpg
before-video-005,frame_0019.jpg,strict_qmem_v2_T2K2_full,qmem,2,margin,0.05,0.0001,0.1,0.3678501608122596,0.5378515444905486,0.3774183112261404,0.9355252606255012,30910,12470,0.04464666452258825,0.005292537156492472,0.5765226483345032,0.9922259449958801,0.0026774248108267784,0.388427734375,1.0001118183135986,/kaggle/input/datasets/shuvroahmedimaging/ws2-eca/test_set/test_set/images/before/before-video-005/frame_0019.jpg,/kaggle/input/datasets/shuvroahmedimaging/ws2-eca/test_set/test_set/masks/before/before-video-005/frame_0019.jpg
before-video-005,frame_0020.jpg,strict_qmem_v2_T2K2_full,qmem,2,margin,0.05,0.0001,0.1,0.4306995470558631,0.6020824539186718,0.43245519471769306,0.9906621392190152,29684,12958,0.04464666452258825,0.004416240844875574,0.5670704245567322,0.9931925535202026,0.0027148101944476366,0.3740234375,1.0000989437103271,/kaggle/input/datasets/shuvroahmedimaging/ws2-eca/test_set/test_set/images/before/before-video-005/frame_0020.jpg,/kaggle/input/datasets/shuvroahmedimaging/ws2-eca/test_set/test_set/masks/before/before-video-005/frame_0020.jpg
before-video-005,frame_0021.jpg,strict_qmem_v2_T2K2_full,qmem,2,margin,0.05,0.0001,0.1,0.4518523362652454,0.6224494392144498,0.4692997351083339,0.9239769991976464,29446,14956,0.04464666452258825,0.004431356210261583,0.587634801864624,0.9933640956878662,0.0027526444755494595,0.40283203125,1.0,/kaggle/input/datasets/shuvroahmedimaging/ws2-eca/test_set/test_set/images/before/before-video-005/frame_0021.jpg,/kaggle/input/datasets/shuvroahmedimaging/ws2-eca/test_set/test_set/masks/before/before-video-005/frame_0021.jpg
before-video-005,frame_0022.jpg,strict_qmem_v2_T2K2_full,qmem,2,margin,0.05,0.0001,0.1,0.4400444938820912,0.6111540244090838,0.49312336394232764,0.8034662514386297,24067,14771,0.04464666452258825,0.004002129193395376,0.5924097299575806,0.9936501979827881,0.0026469402946531773,0.412109375,1.0,/kaggle/input/datasets/shuvroahmedimaging/ws2-eca/test_set/test_set/images/before/before-video-005/frame_0022.jpg,/kaggle/input/datasets/shuvroahmedimaging/ws2-eca/test_set/test_set/masks/before/before-video-005/frame_0022.jpg
before-video-005,frame_0023.jpg,strict_qmem_v2_T2K2_full,qmem,2,margin,0.05,0.0001,0.1,0.41260873099747986,0.584179783040313,0.4809532834265138,0.7438264820106983,21106,13647,0.04464666452258825,0.003922116477042437,0.5890398025512695,0.9941132664680481,0.0025034951977431774,0.41015625,1.0,/kaggle/input/datasets/shuvroahmedimaging/ws2-eca/test_set/test_set/images/before/before-video-005/frame_0023.jpg,/kaggle/input/datasets/shuvroahmedimaging/ws2-eca/test_set/test_set/masks/before/before-video-005/frame_0023.jpg
before-video-005,frame_0024.jpg,strict_qmem_v2_T2K2_full,qmem,2,margin,0.05,0.0001,0.1,0.4555783609441431,0.6259757264440752,0.5535022487420403,0.7202874195978444,22457,17257,0.04464666452258825,0.00477019464597106,0.5712830424308777,0.9932528734207153,0.0024836156517267227,0.385009765625,1.0002574920654297,/kaggle/input/datasets/shuvroahmedimaging/ws2-eca/test_set/test_set/images/before/before-video-005/frame_0024.jpg,/kaggle/input/datasets/shuvroahmedimaging/ws2-eca/test_set/test_set/masks/before/before-video-005/frame_0024.jpg
before-video-005,frame_0025.jpg,strict_qmem_v2_T2K2_full,qmem,2,margin,0.05,0.0001,0.1,0.49633717058319854,0.6634028484231943,0.5307942752492708,0.8843372132444344,29486,17698,0.04464666452258825,0.004799311980605125,0.5467769503593445,0.9929975271224976,0.0025602849200367928,0.347900390625,1.0,/kaggle/input/datasets/shuvroahmedimaging/ws2-eca/test_set/test_set/images/before/before-video-005/frame_0025.jpg,/kaggle/input/datasets/shuvroahmedimaging/ws2-eca/test_set/test_set/masks/before/before-video-005/frame_0025.jpg
before-video-005,frame_0026.jpg,strict_qmem_v2_T2K2_full,qmem,2,margin,0.05,0.0001,0.1,0.5164914510166358,0.6811663206810521,0.5356115969809513,0.9353522673780009,33388,19119,0.04464666452258825,0.005215507932007313,0.557204008102417,0.9923051595687866,0.002775004133582115,0.359130859375,1.0,/kaggle/input/datasets/shuvroahmedimaging/ws2-eca/test_set/test_set/images/before/before-video-005/frame_0026.jpg,/kaggle/input/datasets/shuvroahmedimaging/ws2-eca/test_set/test_set/masks/before/before-video-005/frame_0026.jpg
before-video-005,frame_0027.jpg,strict_qmem_v2_T2K2_full,qmem,2,margin,0.05,0.0001,0.1,0.505689358217805,0.6717047649408368,0.5079266044638553,0.9913649950182664,35261,18066,0.04464666452258825,0.0056029073894023895,0.5417073369026184,0.9915237426757812,0.002860062289983034,0.334716796875,1.000244140625,/kaggle/input/datasets/shuvroahmedimaging/ws2-eca/test_set/test_set/images/before/before-video-005/frame_0027.jpg,/kaggle/input/datasets/shuvroahmedimaging/ws2-eca/test_set/test_set/masks/before/before-video-005/frame_0027.jpg
before-video-005,frame_0028.jpg,strict_qmem_v2_T2K2_full,qmem,2,margin,0.05,0.0001,0.1,0.4477269792070257,0.6185240527219608,0.4575963569165787,0.9540419676642586,30304,14535,0.04464666452258825,0.0046948837116360664,0.5493550300598145,0.9924560189247131,0.002893799915909767,0.344970703125,1.0001304149627686,/kaggle/input/datasets/shuvroahmedimaging/ws2-eca/test_set/test_set/images/before/before-video-005/frame_0028.jpg,/kaggle/input/datasets/shuvroahmedimaging/ws2-eca/test_set/test_set/masks/before/before-video-005/frame_0028.jpg
before-video-005,frame_0029.jpg,strict_qmem_v2_T2K2_full,qmem,2,margin,0.05,0.0001,0.1,0.2976306906016342,0.45872942549415285,0.3076070298998989,0.9017396291340088,30669,10462,0.04464666452258825,0.0041160136461257935,0.5644341707229614,0.9933986663818359,0.0027756018098443747,0.368896484375,1.000131607055664,/kaggle/input/datasets/shuvroahmedimaging/ws2-eca/test_set/test_set/images/before/before-video-005/frame_0029.jpg,/kaggle/input/datasets/shuvroahmedimaging/ws2-eca/test_set/test_set/masks/before/before-video-005/frame_0029.jpg
before-video-005,frame_0030.jpg,strict_qmem_v2_T2K2_full,qmem,2,margin,0.05,0.0001,0.1,0.3120136186770428,0.47562557924003707,0.33515102040816325,0.8188272836059035,30625,12535,0.04464666452258825,0.004315835889428854,0.5772963762283325,0.9933016896247864,0.0027680685743689537,0.3876953125,1.0,/kaggle/input/datasets/shuvroahmedimaging/ws2-eca/test_set/test_set/images/before/before-video-005/frame_0030.jpg,/kaggle/input/datasets/shuvroahmedimaging/ws2-eca/test_set/test_set/masks/before/before-video-005/frame_0030.jpg
before-video-005,frame_0031.jpg,strict_qmem_v2_T2K2_full,qmem,2,margin,0.05,0.0001,0.1,0.29486230381995854,0.4554342233148476,0.3221970554926387,0.7765646324819653,24724,10258,0.04464666452258825,0.0038461103104054928,0.5687194466590881,0.9938139915466309,0.0026321278419345617,0.377685546875,1.0001260042190552,/kaggle/input/datasets/shuvroahmedimaging/ws2-eca/test_set/test_set/images/before/before-video-005/frame_0031.jpg,/kaggle/input/datasets/shuvroahmedimaging/ws2-eca/test_set/test_set/masks/before/before-video-005/frame_0031.jpg
before-video-005,frame_0032.jpg,strict_qmem_v2_T2K2_full,qmem,2,margin,0.05,0.0001,0.1,0.3708786375312291,0.5410816499396802,0.4042806183115339,0.8178150217256362,26071,12888,0.04464666452258825,0.004376695491373539,0.5565383434295654,0.9933512806892395,0.002608104608952999,0.361328125,1.0,/kaggle/input/datasets/shuvroahmedimaging/ws2-eca/test_set/test_set/images/before/before-video-005/frame_0032.jpg,/kaggle/input/datasets/shuvroahmedimaging/ws2-eca/test_set/test_set/masks/before/before-video-005/frame_0032.jpg
before-video-005,frame_0033.jpg,strict_qmem_v2_T2K2_full,qmem,2,margin,0.05,0.0001,0.1,0.4563991157862642,0.6267500588804857,0.5086869716664543,0.816180479825518,23541,14672,0.04464666452258825,0.004304297734051943,0.5541259050369263,0.9934641718864441,0.002606219844892621,0.357666015625,1.00009024143219,/kaggle/input/datasets/shuvroahmedimaging/ws2-eca/test_set/test_set/images/before/before-video-005/frame_0033.jpg,/kaggle/input/datasets/shuvroahmedimaging/ws2-eca/test_set/test_set/masks/before/before-video-005/frame_0033.jpg
before-video-005,frame_0034.jpg,strict_qmem_v2_T2K2_full,qmem,2,margin,0.05,0.0001,0.1,0.47250252270433907,0.6417680315230426,0.5005726939523518,0.893911502011318,26192,14667,0.04464666452258825,0.004566368646919727,0.5900214314460754,0.9933444261550903,0.00258700386621058,0.40966796875,1.0001262426376343,/kaggle/input/datasets/shuvroahmedimaging/ws2-eca/test_set/test_set/images/before/before-video-005/frame_0034.jpg,/kaggle/input/datasets/shuvroahmedimaging/ws2-eca/test_set/test_set/masks/before/before-video-005/frame_0034.jpg
before-video-005,frame_0035.jpg,strict_qmem_v2_T2K2_full,qmem,2,margin,0.05,0.0001,0.1,0.4080200683487239,0.5795657001213561,0.42898096475804604,0.8930532346622105,26162,12567,0.04464666452258825,0.005427430849522352,0.5933509469032288,0.9924498796463013,0.002584511647000909,0.41455078125,1.0002573728561401,/kaggle/input/datasets/shuvroahmedimaging/ws2-eca/test_set/test_set/images/before/before-video-005/frame_0035.jpg,/kaggle/input/datasets/shuvroahmedimaging/ws2-eca/test_set/test_set/masks/before/before-video-005/frame_0035.jpg
before-video-005,frame_0036.jpg,strict_qmem_v2_T2K2_full,qmem,2,margin,0.05,0.0001,0.1,0.30774962742175854,0.47065527065527063,0.3337302768681155,0.7981082180634662,23513,9832,0.04464666452258825,0.00432439474388957,0.5761087536811829,0.9934430122375488,0.0026361693162471056,0.388427734375,1.000382661819458,/kaggle/input/datasets/shuvroahmedimaging/ws2-eca/test_set/test_set/images/before/before-video-005/frame_0036.jpg,/kaggle/input/datasets/shuvroahmedimaging/ws2-eca/test_set/test_set/masks/before/before-video-005/frame_0036.jpg
before-video-005,frame_0037.jpg,strict_qmem_v2_T2K2_full,qmem,2,margin,0.05,0.0001,0.1,0.30357267706075647,0.46575489407347814,0.32384859220585493,0.8290214797136038,26815,10475,0.04464666452258825,0.004636494908481836,0.5714167952537537,0.9932851791381836,0.002594133373349905,0.382568359375,1.0002602338790894,/kaggle/input/datasets/shuvroahmedimaging/ws2-eca/test_set/test_set/images/before/before-video-005/frame_0037.jpg,/kaggle/input/datasets/shuvroahmedimaging/ws2-eca/test_set/test_set/masks/before/before-video-005/frame_0037.jpg
before-video-005,frame_0038.jpg,strict_qmem_v2_T2K2_full,qmem,2,margin,0.05,0.0001,0.1,0.31088660740643553,0.4743150256474415,0.33322785922722636,0.8226002430133658,28443,11522,0.04464666452258825,0.004581292625516653,0.5717027187347412,0.993192732334137,0.0027398911770433187,0.380126953125,1.0,/kaggle/input/datasets/shuvroahmedimaging/ws2-eca/test_set/test_set/images/before/before-video-005/frame_0038.jpg,/kaggle/input/datasets/shuvroahmedimaging/ws2-eca/test_set/test_set/masks/before/before-video-005/frame_0038.jpg
before-video-005,frame_0039.jpg,strict_qmem_v2_T2K2_full,qmem,2,margin,0.05,0.0001,0.1,0.4264812400405621,0.5979486137910023,0.4532891951191347,0.8782161234991424,25979,13409,0.04464666452258825,0.003770160721614957,0.5795392394065857,0.9939077496528625,0.002725115744397044,0.391357421875,1.0,/kaggle/input/datasets/shuvroahmedimaging/ws2-eca/test_set/test_set/images/before/before-video-005/frame_0039.jpg,/kaggle/input/datasets/shuvroahmedimaging/ws2-eca/test_set/test_set/masks/before/before-video-005/frame_0039.jpg
before-video-005,frame_0040.jpg,strict_qmem_v2_T2K2_full,qmem,2,margin,0.05,0.0001,0.1,0.5649164677804296,0.7219765136495349,0.6213685684284215,0.8614582069634842,22856,16486,0.04464666452258825,0.00355333648622036,0.6098600625991821,0.9945223331451416,0.0027034925296902657,0.435546875,1.0001016855239868,/kaggle/input/datasets/shuvroahmedimaging/ws2-eca/test_set/test_set/images/before/before-video-005/frame_0040.jpg,/kaggle/input/datasets/shuvroahmedimaging/ws2-eca/test_set/test_set/masks/before/before-video-005/frame_0040.jpg
before-video-005,frame_0041.jpg,strict_qmem_v2_T2K2_full,qmem,2,margin,0.05,0.0001,0.1,0.5292213473315835,0.6921448595457406,0.5733377565044311,0.8730605470159486,21101,13857,0.04464666452258825,0.0035058835055679083,0.6242309212684631,0.9945961236953735,0.0025645834393799305,0.459228515625,1.000256896018982,/kaggle/input/datasets/shuvroahmedimaging/ws2-eca/test_set/test_set/images/before/before-video-005/frame_0041.jpg,/kaggle/input/datasets/shuvroahmedimaging/ws2-eca/test_set/test_set/masks/before/before-video-005/frame_0041.jpg
before-video-005,frame_0042.jpg,strict_qmem_v2_T2K2_full,qmem,2,margin,0.05,0.0001,0.1,0.5096193392130878,0.6751627062206751,0.5722495894909688,0.8232080903521075,19488,13547,0.04464666452258825,0.0037740159314125776,0.6212756633758545,0.9943816661834717,0.0024939710274338722,0.456298828125,1.000380039215088,/kaggle/input/datasets/shuvroahmedimaging/ws2-eca/test_set/test_set/images/before/before-video-005/frame_0042.jpg,/kaggle/input/datasets/shuvroahmedimaging/ws2-eca/test_set/test_set/masks/before/before-video-005/frame_0042.jpg
before-video-005,frame_0043.jpg,strict_qmem_v2_T2K2_full,qmem,2,margin,0.05,0.0001,0.1,0.46551355054159355,0.6352906806894537,0.5156501944418097,0.8272215459525258,21086,13144,0.04464666452258825,0.004194092005491257,0.6223775148391724,0.993874192237854,0.002557564526796341,0.45654296875,1.0,/kaggle/input/datasets/shuvroahmedimaging/ws2-eca/test_set/test_set/images/before/before-video-005/frame_0043.jpg,/kaggle/input/datasets/shuvroahmedimaging/ws2-eca/test_set/test_set/masks/before/before-video-005/frame_0043.jpg
before-video-005,frame_0044.jpg,strict_qmem_v2_T2K2_full,qmem,2,margin,0.05,0.0001,0.1,0.4029813036887317,0.5744642535566361,0.44125783843600147,0.822871883061049,21688,11630,0.04464666452258825,0.004304021131247282,0.6231639385223389,0.9936457872390747,0.0026011273730546236,0.456787109375,1.0000559091567993,/kaggle/input/datasets/shuvroahmedimaging/ws2-eca/test_set/test_set/images/before/before-video-005/frame_0044.jpg,/kaggle/input/datasets/shuvroahmedimaging/ws2-eca/test_set/test_set/masks/before/before-video-005/frame_0044.jpg
before-video-005,frame_0045.jpg,strict_qmem_v2_T2K2_full,qmem,2,margin,0.05,0.0001,0.1,0.31618973962361435,0.48046224659680736,0.3372903107525896,0.834826999432785,21818,8815,0.04464666452258825,0.004441205412149429,0.6049554944038391,0.9934072494506836,0.002596688224002719,0.4306640625,1.0,/kaggle/input/datasets/shuvroahmedimaging/ws2-eca/test_set/test_set/images/before/before-video-005/frame_0045.jpg,/kaggle/input/datasets/shuvroahmedimaging/ws2-eca/test_set/test_set/masks/before/before-video-005/frame_0045.jpg
before-video-005,frame_0046.jpg,strict_qmem_v2_T2K2_full,qmem,2,margin,0.05,0.0001,0.1,0.311647855530474,0.47520049564588857,0.33539014673015255,0.8148978869082752,20582,8471,0.04464666452258825,0.00379542144946754,0.5948049426078796,0.9941592812538147,0.002626770408824086,0.41650390625,1.0,/kaggle/input/datasets/shuvroahmedimaging/ws2-eca/test_set/test_set/images/before/before-video-005/frame_0046.jpg,/kaggle/input/datasets/shuvroahmedimaging/ws2-eca/test_set/test_set/masks/before/before-video-005/frame_0046.jpg
before-video-005,frame_0047.jpg,strict_qmem_v2_T2K2_full,qmem,2,margin,0.05,0.0001,0.1,0.29960914010823814,0.4610757663389242,0.33055064130915524,0.7619472409838155,18088,7847,0.04464666452258825,0.0033699464984238148,0.6180614829063416,0.9948358535766602,0.0024287542328238487,0.453125,1.0,/kaggle/input/datasets/shuvroahmedimaging/ws2-eca/test_set/test_set/images/before/before-video-005/frame_0047.jpg,/kaggle/input/datasets/shuvroahmedimaging/ws2-eca/test_set/test_set/masks/before/before-video-005/frame_0047.jpg
before-video-005,frame_0048.jpg,strict_qmem_v2_T2K2_full,qmem,2,margin,0.05,0.0001,0.1,0.3469865418373318,0.5152041702867072,0.3838933126173367,0.7830450283903341,15447,7573,0.04464666452258825,0.0028081440832465887,0.6392105221748352,0.9956639409065247,0.0023647311609238386,0.485107421875,1.0,/kaggle/input/datasets/shuvroahmedimaging/ws2-eca/test_set/test_set/images/before/before-video-005/frame_0048.jpg,/kaggle/input/datasets/shuvroahmedimaging/ws2-eca/test_set/test_set/masks/before/before-video-005/frame_0048.jpg
before-video-005,frame_0049.jpg,strict_qmem_v2_T2K2_full,qmem,2,margin,0.05,0.0001,0.1,0.3504398005490504,0.5190009956853634,0.4351607068317796,0.6428571428571429,14374,9730,0.04464666452258825,0.0025993280578404665,0.6458852291107178,0.996049702167511,0.002342240884900093,0.4951171875,1.0,/kaggle/input/datasets/shuvroahmedimaging/ws2-eca/test_set/test_set/images/before/before-video-005/frame_0049.jpg,/kaggle/input/datasets/shuvroahmedimaging/ws2-eca/test_set/test_set/masks/before/before-video-005/frame_0049.jpg
before-video-005,frame_0050.jpg,strict_qmem_v2_T2K2_full,qmem,2,margin,0.05,0.0001,0.1,0.40120956855121764,0.5726617596053798,0.46339029562180367,0.7493696419566314,16034,9915,0.04464666452258825,0.002525846241042018,0.635839581489563,0.9961733222007751,0.002252202481031418,0.482421875,1.0,/kaggle/input/datasets/shuvroahmedimaging/ws2-eca/test_set/test_set/images/before/before-video-005/frame_0050.jpg,/kaggle/input/datasets/shuvroahmedimaging/ws2-eca/test_set/test_set/masks/before/before-video-005/frame_0050.jpg
before-video-005,frame_0051.jpg,strict_qmem_v2_T2K2_full,qmem,2,margin,0.05,0.0001,0.1,0.418939476257742,0.5904966114025347,0.4565693646752324,0.8356090160381447,16889,9228,0.04464666452258825,0.002451348816975951,0.6524574160575867,0.996210515499115,0.0023320794571191072,0.504638671875,1.000124216079712,/kaggle/input/datasets/shuvroahmedimaging/ws2-eca/test_set/test_set/images/before/before-video-005/frame_0051.jpg,/kaggle/input/datasets/shuvroahmedimaging/ws2-eca/test_set/test_set/masks/before/before-video-005/frame_0051.jpg
before-video-005,frame_0052.jpg,strict_qmem_v2_T2K2_full,qmem,2,margin,0.05,0.0001,0.1,0.40218066775888367,0.5736502820306205,0.4449375,0.8071428571428572,16000,8820,0.04464666452258825,0.002689309883862734,0.6708378791809082,0.996130645275116,0.00235388963483274,0.53076171875,1.0,/kaggle/input/datasets/shuvroahmedimaging/ws2-eca/test_set/test_set/images/before/before-video-005/frame_0052.jpg,/kaggle/input/datasets/shuvroahmedimaging/ws2-eca/test_set/test_set/masks/before/before-video-005/frame_0052.jpg
before-video-005,frame_0053.jpg,strict_qmem_v2_T2K2_full,qmem,2,margin,0.05,0.0001,0.1,0.4336474142271452,0.6049568533012242,0.4900829133474232,0.7901703800786369,12302,7630,0.04464666452258825,0.0026221240404993296,0.6721279621124268,0.996188759803772,0.0023123780265450478,0.533447265625,1.0,/kaggle/input/datasets/shuvroahmedimaging/ws2-eca/test_set/test_set/images/before/before-video-005/frame_0053.jpg,/kaggle/input/datasets/shuvroahmedimaging/ws2-eca/test_set/test_set/masks/before/before-video-005/frame_0053.jpg
before-video-005,frame_0054.jpg,strict_qmem_v2_T2K2_full,qmem,2,margin,0.05,0.0001,0.1,0.46898090059947023,0.6385119104109329,0.5099674069582354,0.8536987691917269,13193,7881,0.04464666452258825,0.0035709040239453316,0.6852046251296997,0.9954147934913635,0.0022960605565458536,0.552490234375,1.0,/kaggle/input/datasets/shuvroahmedimaging/ws2-eca/test_set/test_set/images/before/before-video-005/frame_0054.jpg,/kaggle/input/datasets/shuvroahmedimaging/ws2-eca/test_set/test_set/masks/before/before-video-005/frame_0054.jpg
before-video-005,frame_0055.jpg,strict_qmem_v2_T2K2_full,qmem,2,margin,0.05,0.0001,0.1,0.5355319442527943,0.6975197699496765,0.5565753621109996,0.9340553549939832,13946,8310,0.04464666452258825,0.003946463577449322,0.6696024537086487,0.994721531867981,0.0023625660687685013,0.529296875,1.000244140625,/kaggle/input/datasets/shuvroahmedimaging/ws2-eca/test_set/test_set/images/before/before-video-005/frame_0055.jpg,/kaggle/input/datasets/shuvroahmedimaging/ws2-eca/test_set/test_set/masks/before/before-video-005/frame_0055.jpg
before-video-006,frame_0001.jpg,strict_qmem_v2_T2K2_full,qmem,2,margin,0.05,0.0001,0.1,0.2585391487125591,0.41085594989561586,0.260438033481109,0.9725722757598221,15113,4047,0.04464666452258825,0.0,0.0,0.0,0.0,0.0,0.0,/kaggle/input/datasets/shuvroahmedimaging/ws2-eca/test_set/test_set/images/before/before-video-006/frame_0001.jpg,/kaggle/input/datasets/shuvroahmedimaging/ws2-eca/test_set/test_set/masks/before/before-video-006/frame_0001.jpg
before-video-006,frame_0002.jpg,strict_qmem_v2_T2K2_full,qmem,2,margin,0.05,0.0001,0.1,0.25745454545454544,0.40948525159051474,0.2582832618025751,0.9876907927129492,23300,6093,0.04464666452258825,0.004543351009488106,0.6257033348083496,0.9936052560806274,0.002590158022940159,0.4609375,1.0,/kaggle/input/datasets/shuvroahmedimaging/ws2-eca/test_set/test_set/images/before/before-video-006/frame_0002.jpg,/kaggle/input/datasets/shuvroahmedimaging/ws2-eca/test_set/test_set/masks/before/before-video-006/frame_0002.jpg
before-video-006,frame_0003.jpg,strict_qmem_v2_T2K2_full,qmem,2,margin,0.05,0.0001,0.1,0.32443232028278324,0.4899190624002785,0.33207487808714803,0.9337609200486564,25428,9043,0.04464666452258825,0.0046474081464111805,0.5875503420829773,0.993105411529541,0.0028338858392089605,0.40185546875,1.0,/kaggle/input/datasets/shuvroahmedimaging/ws2-eca/test_set/test_set/images/before/before-video-006/frame_0003.jpg,/kaggle/input/datasets/shuvroahmedimaging/ws2-eca/test_set/test_set/masks/before/before-video-006/frame_0003.jpg
before-video-006,frame_0004.jpg,strict_qmem_v2_T2K2_full,qmem,2,margin,0.05,0.0001,0.1,0.39214724851959415,0.5633703603359523,0.3956842746232303,0.9777129960504044,26276,10634,0.04464666452258825,0.004812508821487427,0.5602401494979858,0.9925113916397095,0.00282855867408216,0.361572265625,1.0002501010894775,/kaggle/input/datasets/shuvroahmedimaging/ws2-eca/test_set/test_set/images/before/before-video-006/frame_0004.jpg,/kaggle/input/datasets/shuvroahmedimaging/ws2-eca/test_set/test_set/masks/before/before-video-006/frame_0004.jpg
before-video-006,frame_0005.jpg,strict_qmem_v2_T2K2_full,qmem,2,margin,0.05,0.0001,0.1,0.41487421144637837,0.5864467782224491,0.43048107255520507,0.9196360879454132,25360,11871,0.04464666452258825,0.005101663526147604,0.5932712554931641,0.9924130439758301,0.00279581849463284,0.409912109375,1.000130295753479,/kaggle/input/datasets/shuvroahmedimaging/ws2-eca/test_set/test_set/images/before/before-video-006/frame_0005.jpg,/kaggle/input/datasets/shuvroahmedimaging/ws2-eca/test_set/test_set/masks/before/before-video-006/frame_0005.jpg
before-video-006,frame_0006.jpg,strict_qmem_v2_T2K2_full,qmem,2,margin,0.05,0.0001,0.1,0.45858840475333096,0.6288112578693988,0.4778387505276488,0.9192456915997473,21321,11083,0.04464666452258825,0.004493555054068565,0.5982542037963867,0.9930739402770996,0.002707364968955517,0.4189453125,1.0003725290298462,/kaggle/input/datasets/shuvroahmedimaging/ws2-eca/test_set/test_set/images/before/before-video-006/frame_0006.jpg,/kaggle/input/datasets/shuvroahmedimaging/ws2-eca/test_set/test_set/masks/before/before-video-006/frame_0006.jpg
before-video-006,frame_0007.jpg,strict_qmem_v2_T2K2_full,qmem,2,margin,0.05,0.0001,0.1,0.42774335398760743,0.5991880162396752,0.4603140460314046,0.8580593424218124,18596,9976,0.04464666452258825,0.004170638974756002,0.5932222008705139,0.9938755035400391,0.0024510747753083706,0.4169921875,1.000244140625,/kaggle/input/datasets/shuvroahmedimaging/ws2-eca/test_set/test_set/images/before/before-video-006/frame_0007.jpg,/kaggle/input/datasets/shuvroahmedimaging/ws2-eca/test_set/test_set/masks/before/before-video-006/frame_0007.jpg
before-video-006,frame_0008.jpg,strict_qmem_v2_T2K2_full,qmem,2,margin,0.05,0.0001,0.1,0.3440583205437404,0.5119693324089556,0.38625315365208296,0.7590084643288997,16251,8270,0.04464666452258825,0.00333029986359179,0.5833238363265991,0.9948039054870605,0.0024946762714535,0.40234375,1.000244140625,/kaggle/input/datasets/shuvroahmedimaging/ws2-eca/test_set/test_set/images/before/before-video-006/frame_0008.jpg,/kaggle/input/datasets/shuvroahmedimaging/ws2-eca/test_set/test_set/masks/before/before-video-006/frame_0008.jpg
before-video-006,frame_0009.jpg,strict_qmem_v2_T2K2_full,qmem,2,margin,0.05,0.0001,0.1,0.4014886358601746,0.5729459741409287,0.4305192645731389,0.8561980347694633,21049,10584,0.04464666452258825,0.004125214647501707,0.6160932183265686,0.9942449331283569,0.0024879295378923416,0.44873046875,1.0,/kaggle/input/datasets/shuvroahmedimaging/ws2-eca/test_set/test_set/images/before/before-video-006/frame_0009.jpg,/kaggle/input/datasets/shuvroahmedimaging/ws2-eca/test_set/test_set/masks/before/before-video-006/frame_0009.jpg
before-video-006,frame_0010.jpg,strict_qmem_v2_T2K2_full,qmem,2,margin,0.05,0.0001,0.1,0.43947211006430387,0.6106017712905488,0.4855632202899748,0.8223730236462852,24209,14294,0.04464666452258825,0.004280270077288151,0.5880720615386963,0.9938690662384033,0.0024852161295711994,0.408935546875,1.0,/kaggle/input/datasets/shuvroahmedimaging/ws2-eca/test_set/test_set/images/before/before-video-006/frame_0010.jpg,/kaggle/input/datasets/shuvroahmedimaging/ws2-eca/test_set/test_set/masks/before/before-video-006/frame_0010.jpg
before-video-006,frame_0011.jpg,strict_qmem_v2_T2K2_full,qmem,2,margin,0.05,0.0001,0.1,0.40811463532442444,0.5796610944682019,0.49686372902618786,0.6955710443993195,25508,18221,0.04464666452258825,0.004337174352258444,0.5375305414199829,0.9935144186019897,0.002468411112204194,0.336181640625,1.0002199411392212,/kaggle/input/datasets/shuvroahmedimaging/ws2-eca/test_set/test_set/images/before/before-video-006/frame_0011.jpg,/kaggle/input/datasets/shuvroahmedimaging/ws2-eca/test_set/test_set/masks/before/before-video-006/frame_0011.jpg
before-video-006,frame_0012.jpg,strict_qmem_v2_T2K2_full,qmem,2,margin,0.05,0.0001,0.1,0.4373332397135234,0.6085342321877825,0.5115390932982917,0.7509192838628006,24352,16589,0.04464666452258825,0.004255611915141344,0.5268133282661438,0.9934367537498474,0.0024132556281983852,0.322265625,1.0002110004425049,/kaggle/input/datasets/shuvroahmedimaging/ws2-eca/test_set/test_set/images/before/before-video-006/frame_0012.jpg,/kaggle/input/datasets/shuvroahmedimaging/ws2-eca/test_set/test_set/masks/before/before-video-006/frame_0012.jpg
before-video-006,frame_0013.jpg,strict_qmem_v2_T2K2_full,qmem,2,margin,0.05,0.0001,0.1,0.41702127659574467,0.5885885885885885,0.4943144108667758,0.72729639997396,22601,15361,0.04464666452258825,0.004141262732446194,0.5495489835739136,0.993704080581665,0.0025165120605379343,0.35302734375,1.0,/kaggle/input/datasets/shuvroahmedimaging/ws2-eca/test_set/test_set/images/before/before-video-006/frame_0013.jpg,/kaggle/input/datasets/shuvroahmedimaging/ws2-eca/test_set/test_set/masks/before/before-video-006/frame_0013.jpg
before-video-006,frame_0014.jpg,strict_qmem_v2_T2K2_full,qmem,2,margin,0.05,0.0001,0.1,0.31316578279916996,0.4769630566090743,0.3735834525250303,0.659448436589629,18178,10298,0.04464666452258825,0.003359281923621893,0.5981485843658447,0.9948368072509766,0.0024277798365801573,0.425048828125,1.0,/kaggle/input/datasets/shuvroahmedimaging/ws2-eca/test_set/test_set/images/before/before-video-006/frame_0014.jpg,/kaggle/input/datasets/shuvroahmedimaging/ws2-eca/test_set/test_set/masks/before/before-video-006/frame_0014.jpg
before-video-006,frame_0015.jpg,strict_qmem_v2_T2K2_full,qmem,2,margin,0.05,0.0001,0.1,0.3539803707742639,0.5228737113402062,0.39752617720898903,0.763674861780967,16331,8501,0.04464666452258825,0.0032684786710888147,0.6310051679611206,0.99513840675354,0.0024271009024232626,0.4716796875,1.0,/kaggle/input/datasets/shuvroahmedimaging/ws2-eca/test_set/test_set/images/before/before-video-006/frame_0015.jpg,/kaggle/input/datasets/shuvroahmedimaging/ws2-eca/test_set/test_set/masks/before/before-video-006/frame_0015.jpg
before-video-006,frame_0016.jpg,strict_qmem_v2_T2K2_full,qmem,2,margin,0.05,0.0001,0.1,0.40910790398564273,0.5806622797707494,0.4253284614786597,0.9147299782645043,12863,5981,0.04464666452258825,0.002706389408558607,0.6577390432357788,0.995804488658905,0.0024075170513242483,0.510986328125,1.0,/kaggle/input/datasets/shuvroahmedimaging/ws2-eca/test_set/test_set/images/before/before-video-006/frame_0016.jpg,/kaggle/input/datasets/shuvroahmedimaging/ws2-eca/test_set/test_set/masks/before/before-video-006/frame_0016.jpg
before-video-006,frame_0017.jpg,strict_qmem_v2_T2K2_full,qmem,2,margin,0.05,0.0001,0.1,0.4504843487310864,0.621150237333039,0.4784050331576263,0.8853052234109503,11762,6356,0.04464666452258825,0.0033680335618555546,0.7090674638748169,0.9956176280975342,0.002319078193977475,0.5869140625,1.0,/kaggle/input/datasets/shuvroahmedimaging/ws2-eca/test_set/test_set/images/before/before-video-006/frame_0017.jpg,/kaggle/input/datasets/shuvroahmedimaging/ws2-eca/test_set/test_set/masks/before/before-video-006/frame_0017.jpg
before-video-006,frame_0018.jpg,strict_qmem_v2_T2K2_full,qmem,2,margin,0.05,0.0001,0.1,0.3276940428586076,0.49362885164877596,0.34306569343065696,0.8797137352050647,9316,3633,0.04464666452258825,0.002314845332875848,0.7085188627243042,0.9967629909515381,0.0022367907222360373,0.587646484375,1.0,/kaggle/input/datasets/shuvroahmedimaging/ws2-eca/test_set/test_set/images/before/before-video-006/frame_0018.jpg,/kaggle/input/datasets/shuvroahmedimaging/ws2-eca/test_set/test_set/masks/before/before-video-006/frame_0018.jpg
before-video-006,frame_0019.jpg,strict_qmem_v2_T2K2_full,qmem,2,margin,0.05,0.0001,0.1,0.4209218879381728,0.5924630924630925,0.43115634718688156,0.946617008069522,10611,4833,0.04464666452258825,0.0023903092369437218,0.740990936756134,0.996859073638916,0.0023270288947969675,0.632568359375,1.000120759010315,/kaggle/input/datasets/shuvroahmedimaging/ws2-eca/test_set/test_set/images/before/before-video-006/frame_0019.jpg,/kaggle/input/datasets/shuvroahmedimaging/ws2-eca/test_set/test_set/masks/before/before-video-006/frame_0019.jpg
before-video-006,frame_0020.jpg,strict_qmem_v2_T2K2_full,qmem,2,margin,0.05,0.0001,0.1,0.24016658954187875,0.38731343283582087,0.24568047337278107,0.9145374449339208,8450,2270,0.04464666452258825,0.0020162162836641073,0.7552398443222046,0.9971705675125122,0.002355727134272456,0.652587890625,1.0,/kaggle/input/datasets/shuvroahmedimaging/ws2-eca/test_set/test_set/images/before/before-video-006/frame_0020.jpg,/kaggle/input/datasets/shuvroahmedimaging/ws2-eca/test_set/test_set/masks/before/before-video-006/frame_0020.jpg
before-video-006,frame_0021.jpg,strict_qmem_v2_T2K2_full,qmem,2,margin,0.05,0.0001,0.1,0.24097191261703077,0.3883599784444045,0.24468085106382978,0.9408181026979983,8836,2298,0.04464666452258825,0.002234136685729027,0.7725756764411926,0.9970393180847168,0.002427130239084363,0.67626953125,1.0,/kaggle/input/datasets/shuvroahmedimaging/ws2-eca/test_set/test_set/images/before/before-video-006/frame_0021.jpg,/kaggle/input/datasets/shuvroahmedimaging/ws2-eca/test_set/test_set/masks/before/before-video-006/frame_0021.jpg
before-video-006,frame_0022.jpg,strict_qmem_v2_T2K2_full,qmem,2,margin,0.05,0.0001,0.1,0.1888553390063135,0.3177095359039483,0.19173246632605667,0.926391382405745,10765,2228,0.04464666452258825,0.001921328715980053,0.7414659857749939,0.9971847534179688,0.002381532220169902,0.63232421875,1.0001236200332642,/kaggle/input/datasets/shuvroahmedimaging/ws2-eca/test_set/test_set/images/before/before-video-006/frame_0022.jpg,/kaggle/input/datasets/shuvroahmedimaging/ws2-eca/test_set/test_set/masks/before/before-video-006/frame_0022.jpg
before-video-006,frame_0023.jpg,strict_qmem_v2_T2K2_full,qmem,2,margin,0.05,0.0001,0.1,0.06734854445318647,0.12619784756007665,0.07163779395765336,0.5293753865182437,11949,1617,0.04464666452258825,0.002122261794283986,0.6986123323440552,0.9968370795249939,0.0023112245835363865,0.571533203125,1.0,/kaggle/input/datasets/shuvroahmedimaging/ws2-eca/test_set/test_set/images/before/before-video-006/frame_0023.jpg,/kaggle/input/datasets/shuvroahmedimaging/ws2-eca/test_set/test_set/masks/before/before-video-006/frame_0023.jpg
before-video-006,frame_0024.jpg,strict_qmem_v2_T2K2_full,qmem,2,margin,0.05,0.0001,0.1,0.1893483206209019,0.3184068406840684,0.1929107021131561,0.9111397295556987,14670,3106,0.04464666452258825,0.0022760918363928795,0.6701235175132751,0.9965285658836365,0.002330395393073559,0.530029296875,1.0,/kaggle/input/datasets/shuvroahmedimaging/ws2-eca/test_set/test_set/images/before/before-video-006/frame_0024.jpg,/kaggle/input/datasets/shuvroahmedimaging/ws2-eca/test_set/test_set/masks/before/before-video-006/frame_0024.jpg
before-video-006,frame_0025.jpg,strict_qmem_v2_T2K2_full,qmem,2,margin,0.05,0.0001,0.1,0.244487965127298,0.39291334585511956,0.25463876825898146,0.8598089313485892,15198,4501,0.04464666452258825,0.0025806045159697533,0.6714045405387878,0.9961768984794617,0.002284664660692215,0.532958984375,1.0,/kaggle/input/datasets/shuvroahmedimaging/ws2-eca/test_set/test_set/images/before/before-video-006/frame_0025.jpg,/kaggle/input/datasets/shuvroahmedimaging/ws2-eca/test_set/test_set/masks/before/before-video-006/frame_0025.jpg
before-video-006,frame_0026.jpg,strict_qmem_v2_T2K2_full,qmem,2,margin,0.05,0.0001,0.1,0.25126710593005575,0.40162025316455696,0.2722779074557188,0.7650462962962963,14566,5184,0.04464666452258825,0.002551423152908683,0.6670485138893127,0.9960849285125732,0.002375363139435649,0.52490234375,1.0,/kaggle/input/datasets/shuvroahmedimaging/ws2-eca/test_set/test_set/images/before/before-video-006/frame_0026.jpg,/kaggle/input/datasets/shuvroahmedimaging/ws2-eca/test_set/test_set/masks/before/before-video-006/frame_0026.jpg
before-video-006,frame_0027.jpg,strict_qmem_v2_T2K2_full,qmem,2,margin,0.05,0.0001,0.1,0.3183775057177452,0.4829838257053931,0.39809908318613846,0.6138780804150454,11889,7710,0.04464666452258825,0.002495285589247942,0.6726875305175781,0.9963279962539673,0.0023433570750057697,0.53369140625,1.0001219511032104,/kaggle/input/datasets/shuvroahmedimaging/ws2-eca/test_set/test_set/images/before/before-video-006/frame_0027.jpg,/kaggle/input/datasets/shuvroahmedimaging/ws2-eca/test_set/test_set/masks/before/before-video-006/frame_0027.jpg
before-video-006,frame_0028.jpg,strict_qmem_v2_T2K2_full,qmem,2,margin,0.05,0.0001,0.1,0.3355596033191662,0.5025003788452795,0.4557449147883452,0.5599459642012834,10914,8883,0.04464666452258825,0.0023304172791540623,0.6917940378189087,0.9966645836830139,0.0023310729302465916,0.56201171875,1.0,/kaggle/input/datasets/shuvroahmedimaging/ws2-eca/test_set/test_set/images/before/before-video-006/frame_0028.jpg,/kaggle/input/datasets/shuvroahmedimaging/ws2-eca/test_set/test_set/masks/before/before-video-006/frame_0028.jpg
before-video-006,frame_0029.jpg,strict_qmem_v2_T2K2_full,qmem,2,margin,0.05,0.0001,0.1,0.3614705882352941,0.53100021602938,0.49248647565618114,0.5760487461917038,9982,8534,0.04464666452258825,0.002470130566507578,0.7040243148803711,0.9965555667877197,0.002255439991131425,0.58056640625,1.0,/kaggle/input/datasets/shuvroahmedimaging/ws2-eca/test_set/test_set/images/before/before-video-006/frame_0029.jpg,/kaggle/input/datasets/shuvroahmedimaging/ws2-eca/test_set/test_set/masks/before/before-video-006/frame_0029.jpg
before-video-006,frame_0030.jpg,strict_qmem_v2_T2K2_full,qmem,2,margin,0.05,0.0001,0.1,0.39285965282170215,0.5641051516221808,0.5208721580320537,0.6151645207439199,10732,9087,0.04464666452258825,0.002657628618180752,0.6802592873573303,0.9962689280509949,0.0022661867551505566,0.546142578125,1.0,/kaggle/input/datasets/shuvroahmedimaging/ws2-eca/test_set/test_set/images/before/before-video-006/frame_0030.jpg,/kaggle/input/datasets/shuvroahmedimaging/ws2-eca/test_set/test_set/masks/before/before-video-006/frame_0030.jpg
before-video-006,frame_0031.jpg,strict_qmem_v2_T2K2_full,qmem,2,margin,0.05,0.0001,0.1,0.3456441305079045,0.5137229415587662,0.4518114667604643,0.5952960259529603,11372,8631,0.04464666452258825,0.0027102823369205,0.6838254928588867,0.996187686920166,0.002276183571666479,0.55078125,1.0,/kaggle/input/datasets/shuvroahmedimaging/ws2-eca/test_set/test_set/images/before/before-video-006/frame_0031.jpg,/kaggle/input/datasets/shuvroahmedimaging/ws2-eca/test_set/test_set/masks/before/before-video-006/frame_0031.jpg
before-video-006,frame_0032.jpg,strict_qmem_v2_T2K2_full,qmem,2,margin,0.05,0.0001,0.1,0.3743103216256224,0.5447246022031824,0.40946562638009715,0.8134230150606814,13586,6839,0.04464666452258825,0.0030086601618677378,0.6655986309051514,0.9958696365356445,0.0022127137053757906,0.526123046875,1.0,/kaggle/input/datasets/shuvroahmedimaging/ws2-eca/test_set/test_set/images/before/before-video-006/frame_0032.jpg,/kaggle/input/datasets/shuvroahmedimaging/ws2-eca/test_set/test_set/masks/before/before-video-006/frame_0032.jpg
before-video-006,frame_0033.jpg,strict_qmem_v2_T2K2_full,qmem,2,margin,0.05,0.0001,0.1,0.450637777389481,0.621296073235365,0.45901931120405803,0.9610583193590461,11237,5367,0.04464666452258825,0.002734624780714512,0.6730391979217529,0.9961642026901245,0.002293856581673026,0.535400390625,1.0,/kaggle/input/datasets/shuvroahmedimaging/ws2-eca/test_set/test_set/images/before/before-video-006/frame_0033.jpg,/kaggle/input/datasets/shuvroahmedimaging/ws2-eca/test_set/test_set/masks/before/before-video-006/frame_0033.jpg
before-video-006,frame_0034.jpg,strict_qmem_v2_T2K2_full,qmem,2,margin,0.05,0.0001,0.1,0.4155885812038918,0.5871601208459214,0.4282251845323345,0.9337016574585635,9077,4163,0.04464666452258825,0.002389234025031328,0.6966189742088318,0.9967148900032043,0.0022928020916879177,0.5693359375,1.0,/kaggle/input/datasets/shuvroahmedimaging/ws2-eca/test_set/test_set/images/before/before-video-006/frame_0034.jpg,/kaggle/input/datasets/shuvroahmedimaging/ws2-eca/test_set/test_set/masks/before/before-video-006/frame_0034.jpg
before-video-006,frame_0035.jpg,strict_qmem_v2_T2K2_full,qmem,2,margin,0.05,0.0001,0.1,0.362910481331534,0.5325521907748164,0.3966322517207473,0.8101933216168717,8136,3983,0.04464666452258825,0.0022768971975892782,0.6979468464851379,0.9969460368156433,0.0022632861509919167,0.572021484375,1.0,/kaggle/input/datasets/shuvroahmedimaging/ws2-eca/test_set/test_set/images/before/before-video-006/frame_0035.jpg,/kaggle/input/datasets/shuvroahmedimaging/ws2-eca/test_set/test_set/masks/before/before-video-006/frame_0035.jpg
before-video-006,frame_0036.jpg,strict_qmem_v2_T2K2_full,qmem,2,margin,0.05,0.0001,0.1,0.4670237990691139,0.6366956001197246,0.49199740956610233,0.9019674355495251,10809,5896,0.04464666452258825,0.002946625230833888,0.6961297988891602,0.9962112903594971,0.0022637827787548304,0.569091796875,1.000132441520691,/kaggle/input/datasets/shuvroahmedimaging/ws2-eca/test_set/test_set/images/before/before-video-006/frame_0036.jpg,/kaggle/input/datasets/shuvroahmedimaging/ws2-eca/test_set/test_set/masks/before/before-video-006/frame_0036.jpg
before-video-006,frame_0037.jpg,strict_qmem_v2_T2K2_full,qmem,2,margin,0.05,0.0001,0.1,0.4362339046994177,0.6074691640018273,0.46888222849083216,0.8623540856031129,11344,6168,0.04464666452258825,0.002920989179983735,0.6551694273948669,0.996010422706604,0.002207841258496046,0.51123046875,1.0,/kaggle/input/datasets/shuvroahmedimaging/ws2-eca/test_set/test_set/images/before/before-video-006/frame_0037.jpg,/kaggle/input/datasets/shuvroahmedimaging/ws2-eca/test_set/test_set/masks/before/before-video-006/frame_0037.jpg
before-video-006,frame_0038.jpg,strict_qmem_v2_T2K2_full,qmem,2,margin,0.05,0.0001,0.1,0.44097927046810603,0.6120549816443268,0.4608807457409193,0.9108118409350782,15555,7871,0.04464666452258825,0.003384231822565198,0.6428046822547913,0.9953622817993164,0.0022533340379595757,0.4921875,1.0,/kaggle/input/datasets/shuvroahmedimaging/ws2-eca/test_set/test_set/images/before/before-video-006/frame_0038.jpg,/kaggle/input/datasets/shuvroahmedimaging/ws2-eca/test_set/test_set/masks/before/before-video-006/frame_0038.jpg
before-video-007,frame_0001.jpg,strict_qmem_v2_T2K2_full,qmem,2,margin,0.05,0.0001,0.1,0.4505415851505464,0.6212046448896346,0.48629995879686855,0.859692251661659,19416,10983,0.04464666452258825,0.0,0.0,0.0,0.0,0.0,0.0,/kaggle/input/datasets/shuvroahmedimaging/ws2-eca/test_set/test_set/images/before/before-video-007/frame_0001.jpg,/kaggle/input/datasets/shuvroahmedimaging/ws2-eca/test_set/test_set/masks/before/before-video-007/frame_0001.jpg
before-video-007,frame_0002.jpg,strict_qmem_v2_T2K2_full,qmem,2,margin,0.05,0.0001,0.1,0.43052120981548414,0.6019081812439746,0.5503678035138915,0.6640991784037559,16449,13632,0.04464666452258825,0.003022441640496254,0.6374813914299011,0.9953809380531311,0.0024667782709002495,0.48095703125,1.0,/kaggle/input/datasets/shuvroahmedimaging/ws2-eca/test_set/test_set/images/before/before-video-007/frame_0002.jpg,/kaggle/input/datasets/shuvroahmedimaging/ws2-eca/test_set/test_set/masks/before/before-video-007/frame_0002.jpg
before-video-007,frame_0003.jpg,strict_qmem_v2_T2K2_full,qmem,2,margin,0.05,0.0001,0.1,0.4169981238273921,0.5885655271032492,0.4898184062059238,0.7371807628524046,22688,15075,0.04464666452258825,0.003801458515226841,0.6309946775436401,0.9945608377456665,0.0024134868290275335,0.47265625,1.0,/kaggle/input/datasets/shuvroahmedimaging/ws2-eca/test_set/test_set/images/before/before-video-007/frame_0003.jpg,/kaggle/input/datasets/shuvroahmedimaging/ws2-eca/test_set/test_set/masks/before/before-video-007/frame_0003.jpg
before-video-007,frame_0004.jpg,strict_qmem_v2_T2K2_full,qmem,2,margin,0.05,0.0001,0.1,0.4079290558163798,0.5794738792145239,0.47367282481720246,0.7461323519389355,23113,14673,0.04464666452258825,0.00436574500054121,0.5766135454177856,0.9937360882759094,0.002411486115306616,0.39404296875,1.0,/kaggle/input/datasets/shuvroahmedimaging/ws2-eca/test_set/test_set/images/before/before-video-007/frame_0004.jpg,/kaggle/input/datasets/shuvroahmedimaging/ws2-eca/test_set/test_set/masks/before/before-video-007/frame_0004.jpg
before-video-007,frame_0005.jpg,strict_qmem_v2_T2K2_full,qmem,2,margin,0.05,0.0001,0.1,0.44642605881525255,0.6172815486757947,0.4986444540489568,0.8099948940515701,25451,15668,0.04464666452258825,0.005195542238652706,0.5919197797775269,0.9927588105201721,0.0025065098889172077,0.413818359375,1.0,/kaggle/input/datasets/shuvroahmedimaging/ws2-eca/test_set/test_set/images/before/before-video-007/frame_0005.jpg,/kaggle/input/datasets/shuvroahmedimaging/ws2-eca/test_set/test_set/masks/before/before-video-007/frame_0005.jpg
before-video-007,frame_0006.jpg,strict_qmem_v2_T2K2_full,qmem,2,margin,0.05,0.0001,0.1,0.46863481588092815,0.6381910748858666,0.5103015939757655,0.851620311303904,26161,15676,0.04464666452258825,0.005426227580755949,0.5974029302597046,0.9922515153884888,0.0025818683207035065,0.420654296875,1.0,/kaggle/input/datasets/shuvroahmedimaging/ws2-eca/test_set/test_set/images/before/before-video-007/frame_0006.jpg,/kaggle/input/datasets/shuvroahmedimaging/ws2-eca/test_set/test_set/masks/before/before-video-007/frame_0006.jpg
before-video-007,frame_0007.jpg,strict_qmem_v2_T2K2_full,qmem,2,margin,0.05,0.0001,0.1,0.5945984567019148,0.7457657496191415,0.6275544830706583,0.9188473004306061,26522,18114,0.04464666452258825,0.006229788530617952,0.5845163464546204,0.9913284182548523,0.0028264266438782215,0.3974609375,1.0002501010894775,/kaggle/input/datasets/shuvroahmedimaging/ws2-eca/test_set/test_set/images/before/before-video-007/frame_0007.jpg,/kaggle/input/datasets/shuvroahmedimaging/ws2-eca/test_set/test_set/masks/before/before-video-007/frame_0007.jpg
before-video-007,frame_0008.jpg,strict_qmem_v2_T2K2_full,qmem,2,margin,0.05,0.0001,0.1,0.5537855081887267,0.7128210493278234,0.5805640763462849,0.9231133992683919,23472,14762,0.04464666452258825,0.005356386303901672,0.5968769192695618,0.992222249507904,0.002722699660807848,0.4169921875,1.000244140625,/kaggle/input/datasets/shuvroahmedimaging/ws2-eca/test_set/test_set/images/before/before-video-007/frame_0008.jpg,/kaggle/input/datasets/shuvroahmedimaging/ws2-eca/test_set/test_set/masks/before/before-video-007/frame_0008.jpg
before-video-007,frame_0009.jpg,strict_qmem_v2_T2K2_full,qmem,2,margin,0.05,0.0001,0.1,0.5098243227019889,0.675342574677304,0.5277110429956093,0.9376609994848016,24142,13587,0.04464666452258825,0.005002972204238176,0.6122903227806091,0.9929360747337341,0.0026169163174927235,0.44140625,1.0004113912582397,/kaggle/input/datasets/shuvroahmedimaging/ws2-eca/test_set/test_set/images/before/before-video-007/frame_0009.jpg,/kaggle/input/datasets/shuvroahmedimaging/ws2-eca/test_set/test_set/masks/before/before-video-007/frame_0009.jpg
before-video-007,frame_0010.jpg,strict_qmem_v2_T2K2_full,qmem,2,margin,0.05,0.0001,0.1,0.38963649561672903,0.5607747016514646,0.4042171117418757,0.9152675760755509,17263,7624,0.04464666452258825,0.0030410245526582003,0.6445225477218628,0.9950962066650391,0.0026439912617206573,0.4873046875,1.0003609657287598,/kaggle/input/datasets/shuvroahmedimaging/ws2-eca/test_set/test_set/images/before/before-video-007/frame_0010.jpg,/kaggle/input/datasets/shuvroahmedimaging/ws2-eca/test_set/test_set/masks/before/before-video-007/frame_0010.jpg
before-video-008,frame_0001.jpg,strict_qmem_v2_T2K2_full,qmem,2,margin,0.05,0.0001,0.1,0.5034623785843751,0.6697372488408037,0.522525564344974,0.9324324324324325,20732,11618,0.04464666452258825,0.0,0.0,0.0,0.0,0.0,0.0,/kaggle/input/datasets/shuvroahmedimaging/ws2-eca/test_set/test_set/images/before/before-video-008/frame_0001.jpg,/kaggle/input/datasets/shuvroahmedimaging/ws2-eca/test_set/test_set/masks/before/before-video-008/frame_0001.jpg
before-video-008,frame_0002.jpg,strict_qmem_v2_T2K2_full,qmem,2,margin,0.05,0.0001,0.1,0.2996660644878743,0.46114317004338484,0.3036051026067665,0.9585011381544388,18030,5711,0.04464666452258825,0.003338608890771866,0.6428511142730713,0.9949578642845154,0.0024905807804316282,0.48779296875,1.0,/kaggle/input/datasets/shuvroahmedimaging/ws2-eca/test_set/test_set/images/before/before-video-008/frame_0002.jpg,/kaggle/input/datasets/shuvroahmedimaging/ws2-eca/test_set/test_set/masks/before/before-video-008/frame_0002.jpg
before-video-008,frame_0003.jpg,strict_qmem_v2_T2K2_full,qmem,2,margin,0.05,0.0001,0.1,0.27542675229156377,0.4318974050006455,0.2857793724016174,0.8837618879887285,17559,5678,0.04464666452258825,0.0036582257598638535,0.6523145437240601,0.994718074798584,0.0025850797537714243,0.50048828125,1.0003576278686523,/kaggle/input/datasets/shuvroahmedimaging/ws2-eca/test_set/test_set/images/before/before-video-008/frame_0003.jpg,/kaggle/input/datasets/shuvroahmedimaging/ws2-eca/test_set/test_set/masks/before/before-video-008/frame_0003.jpg
before-video-008,frame_0004.jpg,strict_qmem_v2_T2K2_full,qmem,2,margin,0.05,0.0001,0.1,0.1978173993237012,0.3302964198639805,0.20338179519595448,0.8784982935153584,18984,4395,0.04464666452258825,0.0036415953654795885,0.6311050653457642,0.9947499632835388,0.0025285249575972557,0.469970703125,1.0,/kaggle/input/datasets/shuvroahmedimaging/ws2-eca/test_set/test_set/images/before/before-video-008/frame_0004.jpg,/kaggle/input/datasets/shuvroahmedimaging/ws2-eca/test_set/test_set/masks/before/before-video-008/frame_0004.jpg
before-video-008,frame_0005.jpg,strict_qmem_v2_T2K2_full,qmem,2,margin,0.05,0.0001,0.1,0.25704571888700006,0.4089679715302491,0.268605086013463,0.8565891472868217,21392,6708,0.04464666452258825,0.00388521421700716,0.6201460361480713,0.9943830370903015,0.002575766062363982,0.453369140625,1.0002251863479614,/kaggle/input/datasets/shuvroahmedimaging/ws2-eca/test_set/test_set/images/before/before-video-008/frame_0005.jpg,/kaggle/input/datasets/shuvroahmedimaging/ws2-eca/test_set/test_set/masks/before/before-video-008/frame_0005.jpg
before-video-008,frame_0006.jpg,strict_qmem_v2_T2K2_full,qmem,2,margin,0.05,0.0001,0.1,0.2597278965530919,0.4123555527566989,0.2909058598782709,0.707891891891892,22509,9250,0.04464666452258825,0.004367986228317022,0.5897846221923828,0.9936172366142273,0.0027431203052401543,0.406005859375,1.000096082687378,/kaggle/input/datasets/shuvroahmedimaging/ws2-eca/test_set/test_set/images/before/before-video-008/frame_0006.jpg,/kaggle/input/datasets/shuvroahmedimaging/ws2-eca/test_set/test_set/masks/before/before-video-008/frame_0006.jpg
before-video-008,frame_0007.jpg,strict_qmem_v2_T2K2_full,qmem,2,margin,0.05,0.0001,0.1,0.33988927174880945,0.507339343504392,0.3864336649352936,0.7383515559293524,22718,11890,0.04464666452258825,0.004184233956038952,0.5748934149742126,0.9935075640678406,0.0026717858854681253,0.385986328125,1.0004818439483643,/kaggle/input/datasets/shuvroahmedimaging/ws2-eca/test_set/test_set/images/before/before-video-008/frame_0007.jpg,/kaggle/input/datasets/shuvroahmedimaging/ws2-eca/test_set/test_set/masks/before/before-video-008/frame_0007.jpg
before-video-008,frame_0008.jpg,strict_qmem_v2_T2K2_full,qmem,2,margin,0.05,0.0001,0.1,0.3794757920615409,0.5501739055448561,0.40674940496429784,0.8498357161886155,23528,11261,0.04464666452258825,0.004332735203206539,0.5979318022727966,0.9935349225997925,0.0026535445358604193,0.4189453125,1.0001190900802612,/kaggle/input/datasets/shuvroahmedimaging/ws2-eca/test_set/test_set/images/before/before-video-008/frame_0008.jpg,/kaggle/input/datasets/shuvroahmedimaging/ws2-eca/test_set/test_set/masks/before/before-video-008/frame_0008.jpg
before-video-008,frame_0009.jpg,strict_qmem_v2_T2K2_full,qmem,2,margin,0.05,0.0001,0.1,0.3258210422812193,0.49150078614019993,0.3800174319922932,0.6955499580184719,21799,11910,0.04464666452258825,0.004680878948420286,0.599942147731781,0.9930641651153564,0.00267738732509315,0.421630859375,1.000244379043579,/kaggle/input/datasets/shuvroahmedimaging/ws2-eca/test_set/test_set/images/before/before-video-008/frame_0009.jpg,/kaggle/input/datasets/shuvroahmedimaging/ws2-eca/test_set/test_set/masks/before/before-video-008/frame_0009.jpg
before-video-008,frame_0010.jpg,strict_qmem_v2_T2K2_full,qmem,2,margin,0.05,0.0001,0.1,0.31185810929229907,0.4754448778923743,0.3450589512876202,0.7642157704861707,25784,11642,0.04464666452258825,0.004447503015398979,0.6034170389175415,0.993343710899353,0.0026425793766975403,0.427734375,1.0,/kaggle/input/datasets/shuvroahmedimaging/ws2-eca/test_set/test_set/images/before/before-video-008/frame_0010.jpg,/kaggle/input/datasets/shuvroahmedimaging/ws2-eca/test_set/test_set/masks/before/before-video-008/frame_0010.jpg
before-video-008,frame_0011.jpg,strict_qmem_v2_T2K2_full,qmem,2,margin,0.05,0.0001,0.1,0.3021552528456802,0.4640848350231075,0.32533025264955545,0.8092203898050975,19909,8004,0.04464666452258825,0.0037540881894528866,0.5983660817146301,0.9943955540657043,0.002496747300028801,0.423095703125,1.0,/kaggle/input/datasets/shuvroahmedimaging/ws2-eca/test_set/test_set/images/before/before-video-008/frame_0011.jpg,/kaggle/input/datasets/shuvroahmedimaging/ws2-eca/test_set/test_set/masks/before/before-video-008/frame_0011.jpg
before-video-008,frame_0012.jpg,strict_qmem_v2_T2K2_full,qmem,2,margin,0.05,0.0001,0.1,0.2702210070631123,0.4254708520179372,0.28537054860442734,0.835799859055673,16624,5676,0.04464666452258825,0.00310904229991138,0.6264444589614868,0.9953124523162842,0.0022984554525464773,0.4677734375,1.0,/kaggle/input/datasets/shuvroahmedimaging/ws2-eca/test_set/test_set/images/before/before-video-008/frame_0012.jpg,/kaggle/input/datasets/shuvroahmedimaging/ws2-eca/test_set/test_set/masks/before/before-video-008/frame_0012.jpg
before-video-008,frame_0013.jpg,strict_qmem_v2_T2K2_full,qmem,2,margin,0.05,0.0001,0.1,0.18561025803387685,0.3131050136858268,0.19389780056226227,0.8128249566724437,12094,2885,0.04464666452258825,0.0022165586706250906,0.6616130471229553,0.9966135025024414,0.002324547152966261,0.51806640625,1.0,/kaggle/input/datasets/shuvroahmedimaging/ws2-eca/test_set/test_set/images/before/before-video-008/frame_0013.jpg,/kaggle/input/datasets/shuvroahmedimaging/ws2-eca/test_set/test_set/masks/before/before-video-008/frame_0013.jpg
before-video-008,frame_0014.jpg,strict_qmem_v2_T2K2_full,qmem,2,margin,0.05,0.0001,0.1,0.11822304679447537,0.2114480597290073,0.12222932651321398,0.7829351535836178,9384,1465,0.04464666452258825,0.001923724659718573,0.7130972743034363,0.9972379207611084,0.0022673015482723713,0.593505859375,1.0001325607299805,/kaggle/input/datasets/shuvroahmedimaging/ws2-eca/test_set/test_set/images/before/before-video-008/frame_0014.jpg,/kaggle/input/datasets/shuvroahmedimaging/ws2-eca/test_set/test_set/masks/before/before-video-008/frame_0014.jpg
before-video-008,frame_0015.jpg,strict_qmem_v2_T2K2_full,qmem,2,margin,0.05,0.0001,0.1,0.23161726469058763,0.3761188988346563,0.24130458337848087,0.8522770761576731,9229,2613,0.04464666452258825,0.0021400025580078363,0.74241042137146,0.9971218705177307,0.002286710776388645,0.635498046875,1.0,/kaggle/input/datasets/shuvroahmedimaging/ws2-eca/test_set/test_set/images/before/before-video-008/frame_0015.jpg,/kaggle/input/datasets/shuvroahmedimaging/ws2-eca/test_set/test_set/masks/before/before-video-008/frame_0015.jpg
before-video-008,frame_0016.jpg,strict_qmem_v2_T2K2_full,qmem,2,margin,0.05,0.0001,0.1,0.29481332611888383,0.4553757984597934,0.33547365643416305,0.7086584912671869,11369,5382,0.04464666452258825,0.0029164745938032866,0.7457501888275146,0.9962844848632812,0.0023332773707807064,0.63916015625,1.000118613243103,/kaggle/input/datasets/shuvroahmedimaging/ws2-eca/test_set/test_set/images/before/before-video-008/frame_0016.jpg,/kaggle/input/datasets/shuvroahmedimaging/ws2-eca/test_set/test_set/masks/before/before-video-008/frame_0016.jpg
before-video-008,frame_0017.jpg,strict_qmem_v2_T2K2_full,qmem,2,margin,0.05,0.0001,0.1,0.38124319748458096,0.5520290679858162,0.45841209829867674,0.6936956760919794,13754,9089,0.04464666452258825,0.003494522999972105,0.7174699306488037,0.9954677224159241,0.0023621104191988707,0.597900390625,1.0003700256347656,/kaggle/input/datasets/shuvroahmedimaging/ws2-eca/test_set/test_set/images/before/before-video-008/frame_0017.jpg,/kaggle/input/datasets/shuvroahmedimaging/ws2-eca/test_set/test_set/masks/before/before-video-008/frame_0017.jpg
before-video-008,frame_0018.jpg,strict_qmem_v2_T2K2_full,qmem,2,margin,0.05,0.0001,0.1,0.3614656760017781,0.5309949158076402,0.3751895062949048,0.9081046585832802,15171,6268,0.04464666452258825,0.0030345595441758633,0.6599674820899963,0.9956583976745605,0.002337510697543621,0.515380859375,1.0,/kaggle/input/datasets/shuvroahmedimaging/ws2-eca/test_set/test_set/images/before/before-video-008/frame_0018.jpg,/kaggle/input/datasets/shuvroahmedimaging/ws2-eca/test_set/test_set/masks/before/before-video-008/frame_0018.jpg
before-video-008,frame_0019.jpg,strict_qmem_v2_T2K2_full,qmem,2,margin,0.05,0.0001,0.1,0.32976296108505515,0.4959725465897717,0.3832498526812021,0.7026333558406482,13576,7405,0.04464666452258825,0.0025345892645418644,0.6772353649139404,0.9962493777275085,0.002335362136363983,0.540283203125,1.0,/kaggle/input/datasets/shuvroahmedimaging/ws2-eca/test_set/test_set/images/before/before-video-008/frame_0019.jpg,/kaggle/input/datasets/shuvroahmedimaging/ws2-eca/test_set/test_set/masks/before/before-video-008/frame_0019.jpg
before-video-008,frame_0020.jpg,strict_qmem_v2_T2K2_full,qmem,2,margin,0.05,0.0001,0.1,0.17086534452980764,0.29186164801627673,0.19483870967741934,0.5813576494427558,14725,4935,0.04464666452258825,0.0034315462689846754,0.7019273638725281,0.9955693483352661,0.0023009823635220528,0.576904296875,1.0,/kaggle/input/datasets/shuvroahmedimaging/ws2-eca/test_set/test_set/images/before/before-video-008/frame_0020.jpg,/kaggle/input/datasets/shuvroahmedimaging/ws2-eca/test_set/test_set/masks/before/before-video-008/frame_0020.jpg
before-video-008,frame_0021.jpg,strict_qmem_v2_T2K2_full,qmem,2,margin,0.05,0.0001,0.1,0.19794841735052754,0.3304790331261927,0.23134890730972119,0.5782534246575343,14597,5840,0.04464666452258825,0.003738519037142396,0.6579741835594177,0.9951364994049072,0.0022877773735672235,0.513671875,1.0,/kaggle/input/datasets/shuvroahmedimaging/ws2-eca/test_set/test_set/images/before/before-video-008/frame_0021.jpg,/kaggle/input/datasets/shuvroahmedimaging/ws2-eca/test_set/test_set/masks/before/before-video-008/frame_0021.jpg
before-video-008,frame_0022.jpg,strict_qmem_v2_T2K2_full,qmem,2,margin,0.05,0.0001,0.1,0.35966359716825463,0.5290479173191356,0.4493283681340604,0.6431562916428707,15038,10506,0.04464666452258825,0.0041429027915000916,0.6232669353485107,0.9945045113563538,0.002358275931328535,0.46240234375,1.0,/kaggle/input/datasets/shuvroahmedimaging/ws2-eca/test_set/test_set/images/before/before-video-008/frame_0022.jpg,/kaggle/input/datasets/shuvroahmedimaging/ws2-eca/test_set/test_set/masks/before/before-video-008/frame_0022.jpg
before-video-008,frame_0023.jpg,strict_qmem_v2_T2K2_full,qmem,2,margin,0.05,0.0001,0.1,0.30993250783865656,0.47320378108645383,0.3710631799961825,0.6529332736229287,15717,8932,0.04464666452258825,0.0045019034296274185,0.6087723970413208,0.9938839673995972,0.0023380806669592857,0.44189453125,1.0,/kaggle/input/datasets/shuvroahmedimaging/ws2-eca/test_set/test_set/images/before/before-video-008/frame_0023.jpg,/kaggle/input/datasets/shuvroahmedimaging/ws2-eca/test_set/test_set/masks/before/before-video-008/frame_0023.jpg
before-video-008,frame_0024.jpg,strict_qmem_v2_T2K2_full,qmem,2,margin,0.05,0.0001,0.1,0.391429053484056,0.5626288347277798,0.45519203413940257,0.7364494881358622,20387,12601,0.04464666452258825,0.00571888592094183,0.6143929958343506,0.9926356673240662,0.002322467276826501,0.449951171875,1.0001220703125,/kaggle/input/datasets/shuvroahmedimaging/ws2-eca/test_set/test_set/images/before/before-video-008/frame_0024.jpg,/kaggle/input/datasets/shuvroahmedimaging/ws2-eca/test_set/test_set/masks/before/before-video-008/frame_0024.jpg
before-video-008,frame_0025.jpg,strict_qmem_v2_T2K2_full,qmem,2,margin,0.05,0.0001,0.1,0.33743482794577684,0.5046000311866521,0.38225288225288223,0.7421337491973213,21164,10901,0.04464666452258825,0.005294543690979481,0.5846655964851379,0.9926769733428955,0.0023971658665686846,0.4052734375,1.0001212358474731,/kaggle/input/datasets/shuvroahmedimaging/ws2-eca/test_set/test_set/images/before/before-video-008/frame_0025.jpg,/kaggle/input/datasets/shuvroahmedimaging/ws2-eca/test_set/test_set/masks/before/before-video-008/frame_0025.jpg
before-video-008,frame_0026.jpg,strict_qmem_v2_T2K2_full,qmem,2,margin,0.05,0.0001,0.1,0.311066549692944,0.47452442405123796,0.3270666783800404,0.8641058372983637,22766,8617,0.04464666452258825,0.005132986232638359,0.5984761118888855,0.9928641319274902,0.002382798120379448,0.42578125,1.0006979703903198,/kaggle/input/datasets/shuvroahmedimaging/ws2-eca/test_set/test_set/images/before/before-video-008/frame_0026.jpg,/kaggle/input/datasets/shuvroahmedimaging/ws2-eca/test_set/test_set/masks/before/before-video-008/frame_0026.jpg
before-video-008,frame_0027.jpg,strict_qmem_v2_T2K2_full,qmem,2,margin,0.05,0.0001,0.1,0.31313933392498483,0.476932380037705,0.3299212598425197,0.8602592069806236,20320,7793,0.04464666452258825,0.004463944584131241,0.6231387853622437,0.9936087727546692,0.0024836270604282618,0.459228515625,1.000244140625,/kaggle/input/datasets/shuvroahmedimaging/ws2-eca/test_set/test_set/images/before/before-video-008/frame_0027.jpg,/kaggle/input/datasets/shuvroahmedimaging/ws2-eca/test_set/test_set/masks/before/before-video-008/frame_0027.jpg
before-video-008,frame_0028.jpg,strict_qmem_v2_T2K2_full,qmem,2,margin,0.05,0.0001,0.1,0.35342760679160345,0.5222704266088214,0.39085497835497834,0.7868191721132898,18480,9180,0.04464666452258825,0.004629593808203936,0.6358369588851929,0.9935615658760071,0.002518930472433567,0.47705078125,1.0,/kaggle/input/datasets/shuvroahmedimaging/ws2-eca/test_set/test_set/images/before/before-video-008/frame_0028.jpg,/kaggle/input/datasets/shuvroahmedimaging/ws2-eca/test_set/test_set/masks/before/before-video-008/frame_0028.jpg
before-video-008,frame_0029.jpg,strict_qmem_v2_T2K2_full,qmem,2,margin,0.05,0.0001,0.1,0.5359783688334621,0.6978983294413508,0.6038169837125451,0.8267086560558345,16086,11749,0.04464666452258825,0.0038824821822345257,0.6447839140892029,0.9943392872810364,0.002558163134381175,0.4892578125,1.000142216682434,/kaggle/input/datasets/shuvroahmedimaging/ws2-eca/test_set/test_set/images/before/before-video-008/frame_0029.jpg,/kaggle/input/datasets/shuvroahmedimaging/ws2-eca/test_set/test_set/masks/before/before-video-008/frame_0029.jpg
before-video-008,frame_0030.jpg,strict_qmem_v2_T2K2_full,qmem,2,margin,0.05,0.0001,0.1,0.46831083708270843,0.63789059544526,0.5151533667359159,0.8374056416368693,16366,10068,0.04464666452258825,0.003720723558217287,0.6292696595191956,0.9945802092552185,0.002540151122957468,0.46728515625,1.0001217126846313,/kaggle/input/datasets/shuvroahmedimaging/ws2-eca/test_set/test_set/images/before/before-video-008/frame_0030.jpg,/kaggle/input/datasets/shuvroahmedimaging/ws2-eca/test_set/test_set/masks/before/before-video-008/frame_0030.jpg
before-video-008,frame_0031.jpg,strict_qmem_v2_T2K2_full,qmem,2,margin,0.05,0.0001,0.1,0.3614476075105996,0.5309754198643087,0.39894150417827295,0.7936384794414275,17950,9023,0.04464666452258825,0.004049823619425297,0.6276288032531738,0.9942728281021118,0.002501913346350193,0.465576171875,1.0,/kaggle/input/datasets/shuvroahmedimaging/ws2-eca/test_set/test_set/images/before/before-video-008/frame_0031.jpg,/kaggle/input/datasets/shuvroahmedimaging/ws2-eca/test_set/test_set/masks/before/before-video-008/frame_0031.jpg
before-video-008,frame_0032.jpg,strict_qmem_v2_T2K2_full,qmem,2,margin,0.05,0.0001,0.1,0.260386960909051,0.41318574213311055,0.30834372402327515,0.6260548523206751,19248,9480,0.04464666452258825,0.004618943203240633,0.6106454133987427,0.9936169385910034,0.0024356101639568806,0.442626953125,1.0,/kaggle/input/datasets/shuvroahmedimaging/ws2-eca/test_set/test_set/images/before/before-video-008/frame_0032.jpg,/kaggle/input/datasets/shuvroahmedimaging/ws2-eca/test_set/test_set/masks/before/before-video-008/frame_0032.jpg
before-video-008,frame_0033.jpg,strict_qmem_v2_T2K2_full,qmem,2,margin,0.05,0.0001,0.1,0.24048351648351649,0.3877254526770844,0.28096754313886607,0.6253286089838839,19472,8749,0.04464666452258825,0.003943960182368755,0.5924445986747742,0.9942107200622559,0.0025031764525920153,0.414794921875,1.0001134872436523,/kaggle/input/datasets/shuvroahmedimaging/ws2-eca/test_set/test_set/images/before/before-video-008/frame_0033.jpg,/kaggle/input/datasets/shuvroahmedimaging/ws2-eca/test_set/test_set/masks/before/before-video-008/frame_0033.jpg
before-video-008,frame_0034.jpg,strict_qmem_v2_T2K2_full,qmem,2,margin,0.05,0.0001,0.1,0.2422052446830477,0.38996010638297873,0.28541534867876783,0.6153604028958136,20549,9531,0.04464666452258825,0.00351250940002501,0.6058700084686279,0.9946918487548828,0.0025091879069805145,0.434326171875,1.0,/kaggle/input/datasets/shuvroahmedimaging/ws2-eca/test_set/test_set/images/before/before-video-008/frame_0034.jpg,/kaggle/input/datasets/shuvroahmedimaging/ws2-eca/test_set/test_set/masks/before/before-video-008/frame_0034.jpg
before-video-008,frame_0035.jpg,strict_qmem_v2_T2K2_full,qmem,2,margin,0.05,0.0001,0.1,0.2637059340107891,0.4173533207584632,0.30176580370388095,0.6764642780519202,20897,9322,0.04464666452258825,0.004295125138014555,0.6272597312927246,0.9939130544662476,0.0024778752122074366,0.46533203125,1.000244140625,/kaggle/input/datasets/shuvroahmedimaging/ws2-eca/test_set/test_set/images/before/before-video-008/frame_0035.jpg,/kaggle/input/datasets/shuvroahmedimaging/ws2-eca/test_set/test_set/masks/before/before-video-008/frame_0035.jpg
before-video-008,frame_0036.jpg,strict_qmem_v2_T2K2_full,qmem,2,margin,0.05,0.0001,0.1,0.34871591360054427,0.5171080285834384,0.40302712619578035,0.7212711069418386,15262,8528,0.04464666452258825,0.003313107183203101,0.63773512840271,0.9948827028274536,0.0025223717093467712,0.479736328125,1.0001353025436401,/kaggle/input/datasets/shuvroahmedimaging/ws2-eca/test_set/test_set/images/before/before-video-008/frame_0036.jpg,/kaggle/input/datasets/shuvroahmedimaging/ws2-eca/test_set/test_set/masks/before/before-video-008/frame_0036.jpg
before-video-008,frame_0037.jpg,strict_qmem_v2_T2K2_full,qmem,2,margin,0.05,0.0001,0.1,0.3477496483825598,0.516044873467258,0.4109532120003324,0.6933538979248458,12033,7132,0.04464666452258825,0.0031352725345641375,0.6678223609924316,0.9954609870910645,0.0023701670579612255,0.5263671875,1.0001225471496582,/kaggle/input/datasets/shuvroahmedimaging/ws2-eca/test_set/test_set/images/before/before-video-008/frame_0037.jpg,/kaggle/input/datasets/shuvroahmedimaging/ws2-eca/test_set/test_set/masks/before/before-video-008/frame_0037.jpg
before-video-008,frame_0038.jpg,strict_qmem_v2_T2K2_full,qmem,2,margin,0.05,0.0001,0.1,0.45300036814333045,0.6235378573539969,0.5358931552587646,0.745456381260097,13777,9904,0.04464666452258825,0.0041892435401678085,0.6744204163551331,0.9944733381271362,0.0024784782435745,0.53369140625,1.0002754926681519,/kaggle/input/datasets/shuvroahmedimaging/ws2-eca/test_set/test_set/images/before/before-video-008/frame_0038.jpg,/kaggle/input/datasets/shuvroahmedimaging/ws2-eca/test_set/test_set/masks/before/before-video-008/frame_0038.jpg
before-video-008,frame_0039.jpg,strict_qmem_v2_T2K2_full,qmem,2,margin,0.05,0.0001,0.1,0.3543397828592224,0.5232657082717542,0.416363765946832,0.7040250662810316,14031,8298,0.04464666452258825,0.0036366933491081,0.6224939227104187,0.9948543906211853,0.0023044992703944445,0.462646484375,1.0002665519714355,/kaggle/input/datasets/shuvroahmedimaging/ws2-eca/test_set/test_set/images/before/before-video-008/frame_0039.jpg,/kaggle/input/datasets/shuvroahmedimaging/ws2-eca/test_set/test_set/masks/before/before-video-008/frame_0039.jpg
before-video-008,frame_0040.jpg,strict_qmem_v2_T2K2_full,qmem,2,margin,0.05,0.0001,0.1,0.4035778382446593,0.5750701204421712,0.4425750745984382,0.8207935947250677,15751,8493,0.04464666452258825,0.0034793938975781202,0.6474387645721436,0.9951834082603455,0.002331653144210577,0.49755859375,1.0,/kaggle/input/datasets/shuvroahmedimaging/ws2-eca/test_set/test_set/images/before/before-video-008/frame_0040.jpg,/kaggle/input/datasets/shuvroahmedimaging/ws2-eca/test_set/test_set/masks/before/before-video-008/frame_0040.jpg
before-video-008,frame_0041.jpg,strict_qmem_v2_T2K2_full,qmem,2,margin,0.05,0.0001,0.1,0.38234165067178505,0.5531796723132463,0.39724232237479346,0.9106583072100314,17551,7656,0.04464666452258825,0.0034107796382158995,0.6715474128723145,0.9951262474060059,0.0024595148861408234,0.52978515625,1.000244140625,/kaggle/input/datasets/shuvroahmedimaging/ws2-eca/test_set/test_set/images/before/before-video-008/frame_0041.jpg,/kaggle/input/datasets/shuvroahmedimaging/ws2-eca/test_set/test_set/masks/before/before-video-008/frame_0041.jpg
before-video-008,frame_0042.jpg,strict_qmem_v2_T2K2_full,qmem,2,margin,0.05,0.0001,0.1,0.3559536839679705,0.525023366471238,0.38448136394748306,0.8275077005490826,16071,7467,0.04464666452258825,0.002678016433492303,0.6975941061973572,0.9959729909896851,0.0025744535960257053,0.565185546875,1.0,/kaggle/input/datasets/shuvroahmedimaging/ws2-eca/test_set/test_set/images/before/before-video-008/frame_0042.jpg,/kaggle/input/datasets/shuvroahmedimaging/ws2-eca/test_set/test_set/masks/before/before-video-008/frame_0042.jpg
before-video-008,frame_0043.jpg,strict_qmem_v2_T2K2_full,qmem,2,margin,0.05,0.0001,0.1,0.2905099150141643,0.4502250027439359,0.3356517469928811,0.6835527412097984,12221,6001,0.04464666452258825,0.0023847620468586683,0.693004310131073,0.9963595867156982,0.00244907196611166,0.560791015625,1.0,/kaggle/input/datasets/shuvroahmedimaging/ws2-eca/test_set/test_set/images/before/before-video-008/frame_0043.jpg,/kaggle/input/datasets/shuvroahmedimaging/ws2-eca/test_set/test_set/masks/before/before-video-008/frame_0043.jpg
before-video-008,frame_0044.jpg,strict_qmem_v2_T2K2_full,qmem,2,margin,0.05,0.0001,0.1,0.2567983367983368,0.40865480050287833,0.29448788861338926,0.667387075859088,10486,4627,0.04464666452258825,0.002423887373879552,0.6897813081741333,0.9964585900306702,0.002336937701329589,0.55859375,1.0,/kaggle/input/datasets/shuvroahmedimaging/ws2-eca/test_set/test_set/images/before/before-video-008/frame_0044.jpg,/kaggle/input/datasets/shuvroahmedimaging/ws2-eca/test_set/test_set/masks/before/before-video-008/frame_0044.jpg
before-video-008,frame_0045.jpg,strict_qmem_v2_T2K2_full,qmem,2,margin,0.05,0.0001,0.1,0.28712001405728343,0.44614334470989764,0.3227760584710608,0.7221567472009428,15187,6788,0.04464666452258825,0.003548505250364542,0.6974033117294312,0.9954544901847839,0.0022930391132831573,0.5703125,1.0,/kaggle/input/datasets/shuvroahmedimaging/ws2-eca/test_set/test_set/images/before/before-video-008/frame_0045.jpg,/kaggle/input/datasets/shuvroahmedimaging/ws2-eca/test_set/test_set/masks/before/before-video-008/frame_0045.jpg
before-video-008,frame_0046.jpg,strict_qmem_v2_T2K2_full,qmem,2,margin,0.05,0.0001,0.1,0.2767173675315638,0.4334825773797937,0.29078088273700703,0.8512232415902141,19145,6540,0.04464666452258825,0.004589787684381008,0.6569169163703918,0.9941658973693848,0.0023426152765750885,0.510986328125,1.0,/kaggle/input/datasets/shuvroahmedimaging/ws2-eca/test_set/test_set/images/before/before-video-008/frame_0046.jpg,/kaggle/input/datasets/shuvroahmedimaging/ws2-eca/test_set/test_set/masks/before/before-video-008/frame_0046.jpg
before-video-008,frame_0047.jpg,strict_qmem_v2_T2K2_full,qmem,2,margin,0.05,0.0001,0.1,0.20924070148390828,0.34606956452448306,0.21398305084745764,0.9042265250884863,20296,4803,0.04464666452258825,0.004316768608987331,0.636561930179596,0.9939382076263428,0.002540021203458309,0.4775390625,1.0009765625,/kaggle/input/datasets/shuvroahmedimaging/ws2-eca/test_set/test_set/images/before/before-video-008/frame_0047.jpg,/kaggle/input/datasets/shuvroahmedimaging/ws2-eca/test_set/test_set/masks/before/before-video-008/frame_0047.jpg
before-video-008,frame_0048.jpg,strict_qmem_v2_T2K2_full,qmem,2,margin,0.05,0.0001,0.1,0.10594375181211946,0.19158976510067113,0.1134853096465619,0.6145307769929365,16099,2973,0.04464666452258825,0.004161353688687086,0.6557539701461792,0.9943132996559143,0.002532446989789605,0.505859375,1.0,/kaggle/input/datasets/shuvroahmedimaging/ws2-eca/test_set/test_set/images/before/before-video-008/frame_0048.jpg,/kaggle/input/datasets/shuvroahmedimaging/ws2-eca/test_set/test_set/masks/before/before-video-008/frame_0048.jpg
before-video-008,frame_0049.jpg,strict_qmem_v2_T2K2_full,qmem,2,margin,0.05,0.0001,0.1,0.04510195921631348,0.08631111791261764,0.04929639017568394,0.3464373464373464,11441,1628,0.04464666452258825,0.0030217920430004597,0.6619624495506287,0.9955973029136658,0.0025140256620943546,0.51513671875,1.0,/kaggle/input/datasets/shuvroahmedimaging/ws2-eca/test_set/test_set/images/before/before-video-008/frame_0049.jpg,/kaggle/input/datasets/shuvroahmedimaging/ws2-eca/test_set/test_set/masks/before/before-video-008/frame_0049.jpg
before-video-008,frame_0050.jpg,strict_qmem_v2_T2K2_full,qmem,2,margin,0.05,0.0001,0.1,0.16417066968070076,0.2820388349514563,0.18504658014173103,0.5927059423616424,12559,3921,0.04464666452258825,0.003659052075818181,0.6894040107727051,0.9951757788658142,0.002378581091761589,0.55712890625,1.000258207321167,/kaggle/input/datasets/shuvroahmedimaging/ws2-eca/test_set/test_set/images/before/before-video-008/frame_0050.jpg,/kaggle/input/datasets/shuvroahmedimaging/ws2-eca/test_set/test_set/masks/before/before-video-008/frame_0050.jpg
before-video-008,frame_0051.jpg,strict_qmem_v2_T2K2_full,qmem,2,margin,0.05,0.0001,0.1,0.17367777971722814,0.29595478881618087,0.1933916423712342,0.630145661811273,15435,4737,0.04464666452258825,0.003855596063658595,0.6742021441459656,0.9947864413261414,0.0024707959964871407,0.532958984375,1.0009765625,/kaggle/input/datasets/shuvroahmedimaging/ws2-eca/test_set/test_set/images/before/before-video-008/frame_0051.jpg,/kaggle/input/datasets/shuvroahmedimaging/ws2-eca/test_set/test_set/masks/before/before-video-008/frame_0051.jpg
before-video-008,frame_0052.jpg,strict_qmem_v2_T2K2_full,qmem,2,margin,0.05,0.0001,0.1,0.19977263331955353,0.33301748643293994,0.21507649513212795,0.7373641045203128,17975,5243,0.04464666452258825,0.0036824189592152834,0.6252021789550781,0.9947894811630249,0.0023404834792017937,0.465576171875,1.000244140625,/kaggle/input/datasets/shuvroahmedimaging/ws2-eca/test_set/test_set/images/before/before-video-008/frame_0052.jpg,/kaggle/input/datasets/shuvroahmedimaging/ws2-eca/test_set/test_set/masks/before/before-video-008/frame_0052.jpg
before-video-008,frame_0053.jpg,strict_qmem_v2_T2K2_full,qmem,2,margin,0.05,0.0001,0.1,0.22379614767255215,0.36574089254680786,0.2365741919063375,0.8055756175068612,23574,6923,0.04464666452258825,0.004656968172639608,0.6161125302314758,0.9936903715133667,0.0024316562339663506,0.449951171875,1.0,/kaggle/input/datasets/shuvroahmedimaging/ws2-eca/test_set/test_set/images/before/before-video-008/frame_0053.jpg,/kaggle/input/datasets/shuvroahmedimaging/ws2-eca/test_set/test_set/masks/before/before-video-008/frame_0053.jpg
before-video-008,frame_0054.jpg,strict_qmem_v2_T2K2_full,qmem,2,margin,0.05,0.0001,0.1,0.22223541048466863,0.3636540204583711,0.23561241610738254,0.7965116279069767,23840,7052,0.04464666452258825,0.004677212797105312,0.586685836315155,0.993308424949646,0.002431493951007724,0.408447265625,1.0,/kaggle/input/datasets/shuvroahmedimaging/ws2-eca/test_set/test_set/images/before/before-video-008/frame_0054.jpg,/kaggle/input/datasets/shuvroahmedimaging/ws2-eca/test_set/test_set/masks/before/before-video-008/frame_0054.jpg
before-video-008,frame_0055.jpg,strict_qmem_v2_T2K2_full,qmem,2,margin,0.05,0.0001,0.1,0.21843883357041252,0.35855527179861363,0.23190184049079754,0.7900321543408361,21190,6220,0.04464666452258825,0.0036626725923269987,0.5746586322784424,0.9942572116851807,0.0025172687601298094,0.388671875,1.000244140625,/kaggle/input/datasets/shuvroahmedimaging/ws2-eca/test_set/test_set/images/before/before-video-008/frame_0055.jpg,/kaggle/input/datasets/shuvroahmedimaging/ws2-eca/test_set/test_set/masks/before/before-video-008/frame_0055.jpg
before-video-008,frame_0056.jpg,strict_qmem_v2_T2K2_full,qmem,2,margin,0.05,0.0001,0.1,0.30634953042057983,0.46901617566617176,0.32756644654259676,0.8254710493742263,18323,7271,0.04464666452258825,0.004031405784189701,0.6268991231918335,0.9940913319587708,0.002414188114926219,0.466064453125,1.000732421875,/kaggle/input/datasets/shuvroahmedimaging/ws2-eca/test_set/test_set/images/before/before-video-008/frame_0056.jpg,/kaggle/input/datasets/shuvroahmedimaging/ws2-eca/test_set/test_set/masks/before/before-video-008/frame_0056.jpg
before-video-008,frame_0057.jpg,strict_qmem_v2_T2K2_full,qmem,2,margin,0.05,0.0001,0.1,0.4160782977065784,0.5876487174197098,0.4642255663606237,0.8004683840749415,18407,10675,0.04464666452258825,0.004347438924014568,0.6606043577194214,0.9939233064651489,0.002547768410295248,0.51171875,1.0006327629089355,/kaggle/input/datasets/shuvroahmedimaging/ws2-eca/test_set/test_set/images/before/before-video-008/frame_0057.jpg,/kaggle/input/datasets/shuvroahmedimaging/ws2-eca/test_set/test_set/masks/before/before-video-008/frame_0057.jpg
before-video-008,frame_0058.jpg,strict_qmem_v2_T2K2_full,qmem,2,margin,0.05,0.0001,0.1,0.4309371471584494,0.6023145712782746,0.4787790089901735,0.8117688762850053,14349,8463,0.04464666452258825,0.003984115552157164,0.6687927842140198,0.994272768497467,0.0023998222313821316,0.526611328125,1.00146484375,/kaggle/input/datasets/shuvroahmedimaging/ws2-eca/test_set/test_set/images/before/before-video-008/frame_0058.jpg,/kaggle/input/datasets/shuvroahmedimaging/ws2-eca/test_set/test_set/masks/before/before-video-008/frame_0058.jpg
before-video-008,frame_0059.jpg,strict_qmem_v2_T2K2_full,qmem,2,margin,0.05,0.0001,0.1,0.4359181041431565,0.607162905579881,0.4824550969430237,0.8188149793075603,16814,9907,0.04464666452258825,0.003919024486094713,0.6407017111778259,0.9945290684700012,0.0023785061202943325,0.486572265625,1.0007336139678955,/kaggle/input/datasets/shuvroahmedimaging/ws2-eca/test_set/test_set/images/before/before-video-008/frame_0059.jpg,/kaggle/input/datasets/shuvroahmedimaging/ws2-eca/test_set/test_set/masks/before/before-video-008/frame_0059.jpg
before-video-008,frame_0060.jpg,strict_qmem_v2_T2K2_full,qmem,2,margin,0.05,0.0001,0.1,0.3891011184240806,0.5602200059640171,0.4165763279787129,0.8550622028926874,20294,9887,0.04464666452258825,0.003669888712465763,0.6283206939697266,0.994636058807373,0.002419109921902418,0.46826171875,1.0008511543273926,/kaggle/input/datasets/shuvroahmedimaging/ws2-eca/test_set/test_set/images/before/before-video-008/frame_0060.jpg,/kaggle/input/datasets/shuvroahmedimaging/ws2-eca/test_set/test_set/masks/before/before-video-008/frame_0060.jpg
before-video-008,frame_0061.jpg,strict_qmem_v2_T2K2_full,qmem,2,margin,0.05,0.0001,0.1,0.3768073053183394,0.5473638959683115,0.39873842437256746,0.8726258077149012,22353,10214,0.04464666452258825,0.0037131961435079575,0.6069772243499756,0.9944244623184204,0.00248527224175632,0.436279296875,1.0001252889633179,/kaggle/input/datasets/shuvroahmedimaging/ws2-eca/test_set/test_set/images/before/before-video-008/frame_0061.jpg,/kaggle/input/datasets/shuvroahmedimaging/ws2-eca/test_set/test_set/masks/before/before-video-008/frame_0061.jpg
before-video-008,frame_0062.jpg,strict_qmem_v2_T2K2_full,qmem,2,margin,0.05,0.0001,0.1,0.4891827872088433,0.6569815222289971,0.5016396097323995,0.951689708141321,24701,13020,0.04464666452258825,0.003829475026577711,0.5998950004577637,0.9941325783729553,0.0026087723672389984,0.423583984375,1.0,/kaggle/input/datasets/shuvroahmedimaging/ws2-eca/test_set/test_set/images/before/before-video-008/frame_0062.jpg,/kaggle/input/datasets/shuvroahmedimaging/ws2-eca/test_set/test_set/masks/before/before-video-008/frame_0062.jpg
before-video-008,frame_0063.jpg,strict_qmem_v2_T2K2_full,qmem,2,margin,0.05,0.0001,0.1,0.5207024390243903,0.6848183124615069,0.5857073877353935,0.8243034533885216,22781,16187,0.04464666452258825,0.0034324757289141417,0.6108686923980713,0.994551956653595,0.002610159805044532,0.439208984375,1.0,/kaggle/input/datasets/shuvroahmedimaging/ws2-eca/test_set/test_set/images/before/before-video-008/frame_0063.jpg,/kaggle/input/datasets/shuvroahmedimaging/ws2-eca/test_set/test_set/masks/before/before-video-008/frame_0063.jpg
before-video-008,frame_0064.jpg,strict_qmem_v2_T2K2_full,qmem,2,margin,0.05,0.0001,0.1,0.49579729565111463,0.6629204332600375,0.5613793103448276,0.8093060250546829,21750,15087,0.04464666452258825,0.0034573161974549294,0.6409956812858582,0.9945182204246521,0.0027075528632849455,0.48046875,1.0001025199890137,/kaggle/input/datasets/shuvroahmedimaging/ws2-eca/test_set/test_set/images/before/before-video-008/frame_0064.jpg,/kaggle/input/datasets/shuvroahmedimaging/ws2-eca/test_set/test_set/masks/before/before-video-008/frame_0064.jpg
before-video-008,frame_0065.jpg,strict_qmem_v2_T2K2_full,qmem,2,margin,0.05,0.0001,0.1,0.4256316218418908,0.5971130484493354,0.4553430330772165,0.86707481581405,18351,9637,0.04464666452258825,0.0026012228336185217,0.6559649705886841,0.9957009553909302,0.002555297454819083,0.50537109375,1.000160574913025,/kaggle/input/datasets/shuvroahmedimaging/ws2-eca/test_set/test_set/images/before/before-video-008/frame_0065.jpg,/kaggle/input/datasets/shuvroahmedimaging/ws2-eca/test_set/test_set/masks/before/before-video-008/frame_0065.jpg
before-video-008,frame_0066.jpg,strict_qmem_v2_T2K2_full,qmem,2,margin,0.05,0.0001,0.1,0.37704646932363156,0.5476161883031103,0.40425531914893614,0.8485299590621511,16920,8061,0.04464666452258825,0.0033276379108428955,0.6778317093849182,0.9952270984649658,0.0025589473079890013,0.536865234375,1.0000841617584229,/kaggle/input/datasets/shuvroahmedimaging/ws2-eca/test_set/test_set/images/before/before-video-008/frame_0066.jpg,/kaggle/input/datasets/shuvroahmedimaging/ws2-eca/test_set/test_set/masks/before/before-video-008/frame_0066.jpg
before-video-008,frame_0067.jpg,strict_qmem_v2_T2K2_full,qmem,2,margin,0.05,0.0001,0.1,0.39161315431017707,0.5628189890232819,0.40590964098426785,0.9174834739001596,19832,8774,0.04464666452258825,0.003507157787680626,0.6549594402313232,0.9949498176574707,0.0025452952831983566,0.50537109375,1.0002321004867554,/kaggle/input/datasets/shuvroahmedimaging/ws2-eca/test_set/test_set/images/before/before-video-008/frame_0067.jpg,/kaggle/input/datasets/shuvroahmedimaging/ws2-eca/test_set/test_set/masks/before/before-video-008/frame_0067.jpg
before-video-008,frame_0068.jpg,strict_qmem_v2_T2K2_full,qmem,2,margin,0.05,0.0001,0.1,0.3251515265595001,0.49073863636363635,0.34186985433818873,0.8692632850241546,25264,9936,0.04464666452258825,0.004460308700799942,0.628073513507843,0.9936448335647583,0.002598910126835108,0.463623046875,1.0,/kaggle/input/datasets/shuvroahmedimaging/ws2-eca/test_set/test_set/images/before/before-video-008/frame_0068.jpg,/kaggle/input/datasets/shuvroahmedimaging/ws2-eca/test_set/test_set/masks/before/before-video-008/frame_0068.jpg
before-video-008,frame_0069.jpg,strict_qmem_v2_T2K2_full,qmem,2,margin,0.05,0.0001,0.1,0.34567255742619124,0.5137543387038285,0.37687162727065443,0.8067849007484543,26314,12292,0.04464666452258825,0.004824493080377579,0.5877658724784851,0.9929062724113464,0.002697334159165621,0.404052734375,1.0,/kaggle/input/datasets/shuvroahmedimaging/ws2-eca/test_set/test_set/images/before/before-video-008/frame_0069.jpg,/kaggle/input/datasets/shuvroahmedimaging/ws2-eca/test_set/test_set/masks/before/before-video-008/frame_0069.jpg
before-video-008,frame_0070.jpg,strict_qmem_v2_T2K2_full,qmem,2,margin,0.05,0.0001,0.1,0.3628509004237288,0.5324880371153052,0.3999489162957017,0.7964106662791542,27406,13763,0.04464666452258825,0.00448562391102314,0.5838403105735779,0.9932117462158203,0.002700189361348748,0.398193359375,1.000244140625,/kaggle/input/datasets/shuvroahmedimaging/ws2-eca/test_set/test_set/images/before/before-video-008/frame_0070.jpg,/kaggle/input/datasets/shuvroahmedimaging/ws2-eca/test_set/test_set/masks/before/before-video-008/frame_0070.jpg
before-video-008,frame_0071.jpg,strict_qmem_v2_T2K2_full,qmem,2,margin,0.05,0.0001,0.1,0.3532765642354683,0.5221054935434449,0.40200539265251095,0.744538077403246,23736,12816,0.04464666452258825,0.0038839972112327814,0.591361403465271,0.9938833713531494,0.002681844402104616,0.41015625,1.000732421875,/kaggle/input/datasets/shuvroahmedimaging/ws2-eca/test_set/test_set/images/before/before-video-008/frame_0071.jpg,/kaggle/input/datasets/shuvroahmedimaging/ws2-eca/test_set/test_set/masks/before/before-video-008/frame_0071.jpg
before-video-008,frame_0072.jpg,strict_qmem_v2_T2K2_full,qmem,2,margin,0.05,0.0001,0.1,0.32122110987516994,0.4862488306828812,0.3733480176211454,0.6970320042910781,20884,11186,0.04464666452258825,0.003954547923058271,0.5936533212661743,0.9940069913864136,0.002693874528631568,0.412841796875,1.0001370906829834,/kaggle/input/datasets/shuvroahmedimaging/ws2-eca/test_set/test_set/images/before/before-video-008/frame_0072.jpg,/kaggle/input/datasets/shuvroahmedimaging/ws2-eca/test_set/test_set/masks/before/before-video-008/frame_0072.jpg
before-video-008,frame_0073.jpg,strict_qmem_v2_T2K2_full,qmem,2,margin,0.05,0.0001,0.1,0.3343369817308866,0.5011282551686284,0.3879603399433428,0.7075081797830205,21180,11614,0.04464666452258825,0.0037852460518479347,0.5892453193664551,0.994260311126709,0.0026097192894667387,0.408203125,1.0,/kaggle/input/datasets/shuvroahmedimaging/ws2-eca/test_set/test_set/images/before/before-video-008/frame_0073.jpg,/kaggle/input/datasets/shuvroahmedimaging/ws2-eca/test_set/test_set/masks/before/before-video-008/frame_0073.jpg
before-video-008,frame_0074.jpg,strict_qmem_v2_T2K2_full,qmem,2,margin,0.05,0.0001,0.1,0.40534174385180455,0.5768586119712508,0.42555956073434487,0.8950894825002204,23858,11343,0.04464666452258825,0.0039033687207847834,0.5871106386184692,0.9939807057380676,0.002693294547498226,0.4033203125,1.0,/kaggle/input/datasets/shuvroahmedimaging/ws2-eca/test_set/test_set/images/before/before-video-008/frame_0074.jpg,/kaggle/input/datasets/shuvroahmedimaging/ws2-eca/test_set/test_set/masks/before/before-video-008/frame_0074.jpg
before-video-008,frame_0075.jpg,strict_qmem_v2_T2K2_full,qmem,2,margin,0.05,0.0001,0.1,0.36822777153719866,0.5382550759417727,0.40378055713473565,0.8070258498248272,21108,10561,0.04464666452258825,0.003930863458663225,0.6016287207603455,0.9939645528793335,0.002619686536490917,0.42578125,1.0,/kaggle/input/datasets/shuvroahmedimaging/ws2-eca/test_set/test_set/images/before/before-video-008/frame_0075.jpg,/kaggle/input/datasets/shuvroahmedimaging/ws2-eca/test_set/test_set/masks/before/before-video-008/frame_0075.jpg
before-video-008,frame_0076.jpg,strict_qmem_v2_T2K2_full,qmem,2,margin,0.05,0.0001,0.1,0.36117527487757556,0.5306815096388814,0.3954676513733623,0.806395048994327,19769,9695,0.04464666452258825,0.0036417595110833645,0.6210018396377563,0.994415283203125,0.0025976591277867556,0.4541015625,1.0,/kaggle/input/datasets/shuvroahmedimaging/ws2-eca/test_set/test_set/images/before/before-video-008/frame_0076.jpg,/kaggle/input/datasets/shuvroahmedimaging/ws2-eca/test_set/test_set/masks/before/before-video-008/frame_0076.jpg
before-video-008,frame_0077.jpg,strict_qmem_v2_T2K2_full,qmem,2,margin,0.05,0.0001,0.1,0.31596745218218325,0.4802055729543082,0.3544964135396289,0.7440587283812368,16869,8037,0.04464666452258825,0.0033639618195593357,0.6274780631065369,0.9949498772621155,0.002528924262151122,0.464599609375,1.0,/kaggle/input/datasets/shuvroahmedimaging/ws2-eca/test_set/test_set/images/before/before-video-008/frame_0077.jpg,/kaggle/input/datasets/shuvroahmedimaging/ws2-eca/test_set/test_set/masks/before/before-video-008/frame_0077.jpg
before-video-008,frame_0078.jpg,strict_qmem_v2_T2K2_full,qmem,2,margin,0.05,0.0001,0.1,0.33114965365408366,0.49753933037515125,0.35272248913292154,0.8441007391185327,17484,7306,0.04464666452258825,0.0028522168286144733,0.6191765666007996,0.9956421256065369,0.00236434955149889,0.456298828125,1.0,/kaggle/input/datasets/shuvroahmedimaging/ws2-eca/test_set/test_set/images/before/before-video-008/frame_0078.jpg,/kaggle/input/datasets/shuvroahmedimaging/ws2-eca/test_set/test_set/masks/before/before-video-008/frame_0078.jpg
before-video-008,frame_0079.jpg,strict_qmem_v2_T2K2_full,qmem,2,margin,0.05,0.0001,0.1,0.3459405940594059,0.5140503163160218,0.4019557089444924,0.7128430072426808,17385,9803,0.04464666452258825,0.0030703695956617594,0.6362268328666687,0.9955056309700012,0.002414627466350794,0.479736328125,1.0,/kaggle/input/datasets/shuvroahmedimaging/ws2-eca/test_set/test_set/images/before/before-video-008/frame_0079.jpg,/kaggle/input/datasets/shuvroahmedimaging/ws2-eca/test_set/test_set/masks/before/before-video-008/frame_0079.jpg
before-video-008,frame_0080.jpg,strict_qmem_v2_T2K2_full,qmem,2,margin,0.05,0.0001,0.1,0.3874223260323476,0.5584778603646529,0.43827899092631367,0.7695203081232493,20058,11424,0.04464666452258825,0.0033390463795512915,0.6293167471885681,0.995116651058197,0.0024032369256019592,0.470458984375,1.0,/kaggle/input/datasets/shuvroahmedimaging/ws2-eca/test_set/test_set/images/before/before-video-008/frame_0080.jpg,/kaggle/input/datasets/shuvroahmedimaging/ws2-eca/test_set/test_set/masks/before/before-video-008/frame_0080.jpg
before-video-008,frame_0081.jpg,strict_qmem_v2_T2K2_full,qmem,2,margin,0.05,0.0001,0.1,0.41459861348337185,0.5861713839269861,0.5085341056134081,0.6917854149203688,16229,11930,0.04464666452258825,0.002886081812903285,0.6220515966415405,0.9954573512077332,0.002491207793354988,0.4580078125,1.0,/kaggle/input/datasets/shuvroahmedimaging/ws2-eca/test_set/test_set/images/before/before-video-008/frame_0081.jpg,/kaggle/input/datasets/shuvroahmedimaging/ws2-eca/test_set/test_set/masks/before/before-video-008/frame_0081.jpg
before-video-008,frame_0082.jpg,strict_qmem_v2_T2K2_full,qmem,2,margin,0.05,0.0001,0.1,0.43253619501364543,0.603874717468518,0.5066370482743674,0.747302805082714,18457,12513,0.04464666452258825,0.003396250307559967,0.6272757649421692,0.9950364232063293,0.0025156233459711075,0.464599609375,1.0,/kaggle/input/datasets/shuvroahmedimaging/ws2-eca/test_set/test_set/images/before/before-video-008/frame_0082.jpg,/kaggle/input/datasets/shuvroahmedimaging/ws2-eca/test_set/test_set/masks/before/before-video-008/frame_0082.jpg
before-video-008,frame_0083.jpg,strict_qmem_v2_T2K2_full,qmem,2,margin,0.05,0.0001,0.1,0.39074325635552104,0.5619200446522012,0.43938897981451175,0.7792182662538699,18330,10336,0.04464666452258825,0.003041207091882825,0.6047340631484985,0.9952178001403809,0.0025423525366932154,0.431884765625,1.0,/kaggle/input/datasets/shuvroahmedimaging/ws2-eca/test_set/test_set/images/before/before-video-008/frame_0083.jpg,/kaggle/input/datasets/shuvroahmedimaging/ws2-eca/test_set/test_set/masks/before/before-video-008/frame_0083.jpg
before-video-008,frame_0084.jpg,strict_qmem_v2_T2K2_full,qmem,2,margin,0.05,0.0001,0.1,0.30743958124512755,0.47029260189956984,0.3163171765784347,0.9163485477178424,17454,6025,0.04464666452258825,0.0025937112513929605,0.619140625,0.9957783818244934,0.0024214789737015963,0.454833984375,1.0,/kaggle/input/datasets/shuvroahmedimaging/ws2-eca/test_set/test_set/images/before/before-video-008/frame_0084.jpg,/kaggle/input/datasets/shuvroahmedimaging/ws2-eca/test_set/test_set/masks/before/before-video-008/frame_0084.jpg
before-video-008,frame_0085.jpg,strict_qmem_v2_T2K2_full,qmem,2,margin,0.05,0.0001,0.1,0.35304336206320575,0.5218507728013432,0.3569064505234718,0.9702533969886155,14805,5446,0.04464666452258825,0.0026067059952765703,0.6746624708175659,0.9961057901382446,0.002565759466961026,0.532470703125,1.0,/kaggle/input/datasets/shuvroahmedimaging/ws2-eca/test_set/test_set/images/before/before-video-008/frame_0085.jpg,/kaggle/input/datasets/shuvroahmedimaging/ws2-eca/test_set/test_set/masks/before/before-video-008/frame_0085.jpg
before-video-008,frame_0086.jpg,strict_qmem_v2_T2K2_full,qmem,2,margin,0.05,0.0001,0.1,0.30571713478477647,0.4682746770190288,0.31406863582038586,0.9199799949987497,11714,3999,0.04464666452258825,0.0023841147776693106,0.7159225940704346,0.996457040309906,0.002471399726346135,0.593505859375,1.0,/kaggle/input/datasets/shuvroahmedimaging/ws2-eca/test_set/test_set/images/before/before-video-008/frame_0086.jpg,/kaggle/input/datasets/shuvroahmedimaging/ws2-eca/test_set/test_set/masks/before/before-video-008/frame_0086.jpg
before-video-008,frame_0087.jpg,strict_qmem_v2_T2K2_full,qmem,2,margin,0.05,0.0001,0.1,0.25118687958567115,0.4015177647464643,0.2673096796417499,0.8063733979909941,8709,2887,0.04464666452258825,0.002379712415859103,0.7195163369178772,0.9967445135116577,0.0023272731341421604,0.6015625,1.0,/kaggle/input/datasets/shuvroahmedimaging/ws2-eca/test_set/test_set/images/before/before-video-008/frame_0087.jpg,/kaggle/input/datasets/shuvroahmedimaging/ws2-eca/test_set/test_set/masks/before/before-video-008/frame_0087.jpg
before-video-008,frame_0088.jpg,strict_qmem_v2_T2K2_full,qmem,2,margin,0.05,0.0001,0.1,0.32134950854511646,0.4863959254791583,0.3254416644247153,0.9623442057809599,11151,3771,0.04464666452258825,0.0028444365598261356,0.7314041256904602,0.9963454604148865,0.0023655216209590435,0.6181640625,1.0,/kaggle/input/datasets/shuvroahmedimaging/ws2-eca/test_set/test_set/images/before/before-video-008/frame_0088.jpg,/kaggle/input/datasets/shuvroahmedimaging/ws2-eca/test_set/test_set/masks/before/before-video-008/frame_0088.jpg
before-video-008,frame_0089.jpg,strict_qmem_v2_T2K2_full,qmem,2,margin,0.05,0.0001,0.1,0.308768582558232,0.4718459576018952,0.3103475829005194,0.983789260385005,12515,3948,0.04464666452258825,0.002987626241520047,0.7236043810844421,0.9960576295852661,0.002493581734597683,0.60400390625,1.0,/kaggle/input/datasets/shuvroahmedimaging/ws2-eca/test_set/test_set/images/before/before-video-008/frame_0089.jpg,/kaggle/input/datasets/shuvroahmedimaging/ws2-eca/test_set/test_set/masks/before/before-video-008/frame_0089.jpg
before-video-008,frame_0090.jpg,strict_qmem_v2_T2K2_full,qmem,2,margin,0.05,0.0001,0.1,0.24671307037896364,0.3957816377171216,0.2518255377935662,0.9239681390296887,10134,2762,0.04464666452258825,0.002693737857043743,0.7164729833602905,0.9963841438293457,0.0023041083477437496,0.59765625,1.0,/kaggle/input/datasets/shuvroahmedimaging/ws2-eca/test_set/test_set/images/before/before-video-008/frame_0090.jpg,/kaggle/input/datasets/shuvroahmedimaging/ws2-eca/test_set/test_set/masks/before/before-video-008/frame_0090.jpg
before-video-008,frame_0091.jpg,strict_qmem_v2_T2K2_full,qmem,2,margin,0.05,0.0001,0.1,0.3021612925788627,0.4640919589622388,0.32142857142857145,0.8344601120339965,13440,5177,0.04464666452258825,0.00311723118647933,0.7082007527351379,0.9959306120872498,0.0023617870174348354,0.584716796875,1.00048828125,/kaggle/input/datasets/shuvroahmedimaging/ws2-eca/test_set/test_set/images/before/before-video-008/frame_0091.jpg,/kaggle/input/datasets/shuvroahmedimaging/ws2-eca/test_set/test_set/masks/before/before-video-008/frame_0091.jpg
before-video-009,frame_0001.jpg,strict_qmem_v2_T2K2_full,qmem,2,margin,0.05,0.0001,0.1,0.2799534380976137,0.4374431596725997,0.2833698030634573,0.9587129840546698,11882,3512,0.04464666452258825,0.0,0.0,0.0,0.0,0.0,0.0,/kaggle/input/datasets/shuvroahmedimaging/ws2-eca/test_set/test_set/images/before/before-video-009/frame_0001.jpg,/kaggle/input/datasets/shuvroahmedimaging/ws2-eca/test_set/test_set/masks/before/before-video-009/frame_0001.jpg
before-video-009,frame_0002.jpg,strict_qmem_v2_T2K2_full,qmem,2,margin,0.05,0.0001,0.1,0.31919259136028394,0.4839211400226996,0.3519843453800526,0.7740720817643895,16353,7436,0.04464666452258825,0.004348753951489925,0.6954248547554016,0.9946214556694031,0.00231372332200408,0.567138671875,1.0,/kaggle/input/datasets/shuvroahmedimaging/ws2-eca/test_set/test_set/images/before/before-video-009/frame_0002.jpg,/kaggle/input/datasets/shuvroahmedimaging/ws2-eca/test_set/test_set/masks/before/before-video-009/frame_0002.jpg
before-video-009,frame_0003.jpg,strict_qmem_v2_T2K2_full,qmem,2,margin,0.05,0.0001,0.1,0.2846983149121218,0.44321427312154016,0.3323462535032521,0.665079365079365,18911,9450,0.04464666452258825,0.0032716623973101377,0.6008480787277222,0.9951037168502808,0.0024339049123227596,0.428466796875,1.0,/kaggle/input/datasets/shuvroahmedimaging/ws2-eca/test_set/test_set/images/before/before-video-009/frame_0003.jpg,/kaggle/input/datasets/shuvroahmedimaging/ws2-eca/test_set/test_set/masks/before/before-video-009/frame_0003.jpg
before-video-009,frame_0004.jpg,strict_qmem_v2_T2K2_full,qmem,2,margin,0.05,0.0001,0.1,0.3864958369767707,0.5575146014423209,0.425961619039638,0.806633341267952,23866,12603,0.04464666452258825,0.004086642060428858,0.5749604105949402,0.9940361976623535,0.0024062874726951122,0.39111328125,1.0,/kaggle/input/datasets/shuvroahmedimaging/ws2-eca/test_set/test_set/images/before/before-video-009/frame_0004.jpg,/kaggle/input/datasets/shuvroahmedimaging/ws2-eca/test_set/test_set/masks/before/before-video-009/frame_0004.jpg
before-video-009,frame_0005.jpg,strict_qmem_v2_T2K2_full,qmem,2,margin,0.05,0.0001,0.1,0.3505291005291005,0.5190989226248776,0.37793624161073824,0.8285819385690638,23840,10874,0.04464666452258825,0.0038321376778185368,0.56529700756073,0.9940574765205383,0.0024539977312088013,0.376220703125,1.0,/kaggle/input/datasets/shuvroahmedimaging/ws2-eca/test_set/test_set/images/before/before-video-009/frame_0005.jpg,/kaggle/input/datasets/shuvroahmedimaging/ws2-eca/test_set/test_set/masks/before/before-video-009/frame_0005.jpg
before-video-009,frame_0006.jpg,strict_qmem_v2_T2K2_full,qmem,2,margin,0.05,0.0001,0.1,0.37386002664207396,0.5442476225992915,0.3977000218007412,0.8618164639187433,18348,8467,0.04464666452258825,0.002914977027103305,0.6102967262268066,0.9953430891036987,0.0024080469738692045,0.44287109375,1.0,/kaggle/input/datasets/shuvroahmedimaging/ws2-eca/test_set/test_set/images/before/before-video-009/frame_0006.jpg,/kaggle/input/datasets/shuvroahmedimaging/ws2-eca/test_set/test_set/masks/before/before-video-009/frame_0006.jpg
before-video-009,frame_0007.jpg,strict_qmem_v2_T2K2_full,qmem,2,margin,0.05,0.0001,0.1,0.38046468075144846,0.551212480922503,0.4276973684210526,0.775035765379113,15200,8388,0.04464666452258825,0.0031621456146240234,0.6406341195106506,0.9955087304115295,0.0023847068659961224,0.486572265625,1.0,/kaggle/input/datasets/shuvroahmedimaging/ws2-eca/test_set/test_set/images/before/before-video-009/frame_0007.jpg,/kaggle/input/datasets/shuvroahmedimaging/ws2-eca/test_set/test_set/masks/before/before-video-009/frame_0007.jpg
before-video-009,frame_0008.jpg,strict_qmem_v2_T2K2_full,qmem,2,margin,0.05,0.0001,0.1,0.39035829197796806,0.5615218670327515,0.4742910151073416,0.6880707488224551,15092,10403,0.04464666452258825,0.003781537525355816,0.620810866355896,0.9948292970657349,0.002342235529795289,0.458984375,1.0,/kaggle/input/datasets/shuvroahmedimaging/ws2-eca/test_set/test_set/images/before/before-video-009/frame_0008.jpg,/kaggle/input/datasets/shuvroahmedimaging/ws2-eca/test_set/test_set/masks/before/before-video-009/frame_0008.jpg
before-video-009,frame_0009.jpg,strict_qmem_v2_T2K2_full,qmem,2,margin,0.05,0.0001,0.1,0.4266175229805942,0.5980825499595344,0.5288159850277977,0.6882298158893904,18167,13959,0.04464666452258825,0.003970380872488022,0.5881012678146362,0.9944089651107788,0.0024506929330527782,0.40966796875,1.0,/kaggle/input/datasets/shuvroahmedimaging/ws2-eca/test_set/test_set/images/before/before-video-009/frame_0009.jpg,/kaggle/input/datasets/shuvroahmedimaging/ws2-eca/test_set/test_set/masks/before/before-video-009/frame_0009.jpg
before-video-009,frame_0010.jpg,strict_qmem_v2_T2K2_full,qmem,2,margin,0.05,0.0001,0.1,0.48537970689292476,0.6535429353727046,0.5641171916384825,0.7766619915848527,24541,17825,0.04464666452258825,0.005310370586812496,0.5924915075302124,0.9925751686096191,0.0026210052892565727,0.412109375,1.000244140625,/kaggle/input/datasets/shuvroahmedimaging/ws2-eca/test_set/test_set/images/before/before-video-009/frame_0010.jpg,/kaggle/input/datasets/shuvroahmedimaging/ws2-eca/test_set/test_set/masks/before/before-video-009/frame_0010.jpg
before-video-009,frame_0011.jpg,strict_qmem_v2_T2K2_full,qmem,2,margin,0.05,0.0001,0.1,0.5204985017706347,0.6846419133784207,0.5889650920859983,0.8174331550802139,25954,18700,0.04464666452258825,0.004505550488829613,0.5837951898574829,0.9929646253585815,0.0026536057703197002,0.39990234375,1.0,/kaggle/input/datasets/shuvroahmedimaging/ws2-eca/test_set/test_set/images/before/before-video-009/frame_0011.jpg,/kaggle/input/datasets/shuvroahmedimaging/ws2-eca/test_set/test_set/masks/before/before-video-009/frame_0011.jpg
before-video-009,frame_0012.jpg,strict_qmem_v2_T2K2_full,qmem,2,margin,0.05,0.0001,0.1,0.49286458750901946,0.6602937622512822,0.5536791858056381,0.8177585633521782,22206,15035,0.04464666452258825,0.003959992900490761,0.5973225831985474,0.9935870170593262,0.0027873229701071978,0.416259765625,1.0,/kaggle/input/datasets/shuvroahmedimaging/ws2-eca/test_set/test_set/images/before/before-video-009/frame_0012.jpg,/kaggle/input/datasets/shuvroahmedimaging/ws2-eca/test_set/test_set/masks/before/before-video-009/frame_0012.jpg
before-video-009,frame_0013.jpg,strict_qmem_v2_T2K2_full,qmem,2,margin,0.05,0.0001,0.1,0.4879301489470981,0.6558508802209182,0.5299367794719226,0.86024750980984,21512,13252,0.04464666452258825,0.00388373713940382,0.6306624412536621,0.9939290881156921,0.0027759969234466553,0.464599609375,1.0,/kaggle/input/datasets/shuvroahmedimaging/ws2-eca/test_set/test_set/images/before/before-video-009/frame_0013.jpg,/kaggle/input/datasets/shuvroahmedimaging/ws2-eca/test_set/test_set/masks/before/before-video-009/frame_0013.jpg
before-video-009,frame_0014.jpg,strict_qmem_v2_T2K2_full,qmem,2,margin,0.05,0.0001,0.1,0.44822688536607713,0.619000917460217,0.4726086956521739,0.8967824731872766,20700,10909,0.04464666452258825,0.0037374531384557486,0.6198309063911438,0.9939470291137695,0.0027541674207895994,0.44921875,1.0006643533706665,/kaggle/input/datasets/shuvroahmedimaging/ws2-eca/test_set/test_set/images/before/before-video-009/frame_0014.jpg,/kaggle/input/datasets/shuvroahmedimaging/ws2-eca/test_set/test_set/masks/before/before-video-009/frame_0014.jpg
before-video-010,frame_0001.jpg,strict_qmem_v2_T2K2_full,qmem,2,margin,0.05,0.0001,0.1,0.39621328135876377,0.5675540931299232,0.44861286254728877,0.7723202170963365,19032,11055,0.04464666452258825,0.0,0.0,0.0,0.0,0.0,0.0,/kaggle/input/datasets/shuvroahmedimaging/ws2-eca/test_set/test_set/images/before/before-video-010/frame_0001.jpg,/kaggle/input/datasets/shuvroahmedimaging/ws2-eca/test_set/test_set/masks/before/before-video-010/frame_0001.jpg
before-video-010,frame_0002.jpg,strict_qmem_v2_T2K2_full,qmem,2,margin,0.05,0.0001,0.1,0.46757150237167144,0.6372043905404973,0.503209502148092,0.8684577808792743,19785,11464,0.04464666452258825,0.003152708290144801,0.6293607354164124,0.9951727390289307,0.002396330004557967,0.469970703125,1.0,/kaggle/input/datasets/shuvroahmedimaging/ws2-eca/test_set/test_set/images/before/before-video-010/frame_0002.jpg,/kaggle/input/datasets/shuvroahmedimaging/ws2-eca/test_set/test_set/masks/before/before-video-010/frame_0002.jpg
before-video-010,frame_0003.jpg,strict_qmem_v2_T2K2_full,qmem,2,margin,0.05,0.0001,0.1,0.3103430189866779,0.47368210383060483,0.34105712144792205,0.7750851454021482,17349,7634,0.04464666452258825,0.0032343962229788303,0.6520794034004211,0.9952269792556763,0.0025175861082971096,0.50048828125,1.0,/kaggle/input/datasets/shuvroahmedimaging/ws2-eca/test_set/test_set/images/before/before-video-010/frame_0003.jpg,/kaggle/input/datasets/shuvroahmedimaging/ws2-eca/test_set/test_set/masks/before/before-video-010/frame_0003.jpg
before-video-010,frame_0004.jpg,strict_qmem_v2_T2K2_full,qmem,2,margin,0.05,0.0001,0.1,0.3318553708102402,0.49833544705136334,0.3465821389195149,0.8864918217710096,18140,7092,0.04464666452258825,0.00387327722273767,0.6417397260665894,0.9944962859153748,0.002550875535234809,0.48486328125,1.0001243352890015,/kaggle/input/datasets/shuvroahmedimaging/ws2-eca/test_set/test_set/images/before/before-video-010/frame_0004.jpg,/kaggle/input/datasets/shuvroahmedimaging/ws2-eca/test_set/test_set/masks/before/before-video-010/frame_0004.jpg
before-video-010,frame_0005.jpg,strict_qmem_v2_T2K2_full,qmem,2,margin,0.05,0.0001,0.1,0.2403134056026618,0.3875043267566632,0.24301297009822542,0.9558164354322305,18427,4685,0.04464666452258825,0.0037280654069036245,0.6094738841056824,0.9944744110107422,0.00238010473549366,0.441650390625,1.0,/kaggle/input/datasets/shuvroahmedimaging/ws2-eca/test_set/test_set/images/before/before-video-010/frame_0005.jpg,/kaggle/input/datasets/shuvroahmedimaging/ws2-eca/test_set/test_set/masks/before/before-video-010/frame_0005.jpg
before-video-010,frame_0006.jpg,strict_qmem_v2_T2K2_full,qmem,2,margin,0.05,0.0001,0.1,0.20763676891020982,0.34387288339619615,0.20867828966591995,0.9765268915223336,20534,4388,0.04464666452258825,0.004076297860592604,0.6109004020690918,0.9942283034324646,0.0023899839725345373,0.443359375,1.0,/kaggle/input/datasets/shuvroahmedimaging/ws2-eca/test_set/test_set/images/before/before-video-010/frame_0006.jpg,/kaggle/input/datasets/shuvroahmedimaging/ws2-eca/test_set/test_set/masks/before/before-video-010/frame_0006.jpg
before-video-010,frame_0007.jpg,strict_qmem_v2_T2K2_full,qmem,2,margin,0.05,0.0001,0.1,0.21054874295724635,0.3478566958698373,0.21254122257802419,0.9573735199138859,20923,4645,0.04464666452258825,0.004209521226584911,0.6033270955085754,0.9940730333328247,0.0025892744306474924,0.428466796875,1.0001449584960938,/kaggle/input/datasets/shuvroahmedimaging/ws2-eca/test_set/test_set/images/before/before-video-010/frame_0007.jpg,/kaggle/input/datasets/shuvroahmedimaging/ws2-eca/test_set/test_set/masks/before/before-video-010/frame_0007.jpg
before-video-010,frame_0008.jpg,strict_qmem_v2_T2K2_full,qmem,2,margin,0.05,0.0001,0.1,0.2127156371730662,0.35080876448319376,0.21806512954599477,0.8965989053948398,21035,5116,0.04464666452258825,0.003950478509068489,0.5816153883934021,0.9942060708999634,0.0023762104101479053,0.4013671875,1.0,/kaggle/input/datasets/shuvroahmedimaging/ws2-eca/test_set/test_set/images/before/before-video-010/frame_0008.jpg,/kaggle/input/datasets/shuvroahmedimaging/ws2-eca/test_set/test_set/masks/before/before-video-010/frame_0008.jpg
before-video-010,frame_0009.jpg,strict_qmem_v2_T2K2_full,qmem,2,margin,0.05,0.0001,0.1,0.35615827052756843,0.5252458776644364,0.36263126009693053,0.9522736311812277,19808,7543,0.04464666452258825,0.004794178530573845,0.5901089906692505,0.9933642148971558,0.002436191774904728,0.412353515625,1.0001215934753418,/kaggle/input/datasets/shuvroahmedimaging/ws2-eca/test_set/test_set/images/before/before-video-010/frame_0009.jpg,/kaggle/input/datasets/shuvroahmedimaging/ws2-eca/test_set/test_set/masks/before/before-video-010/frame_0009.jpg
before-video-010,frame_0010.jpg,strict_qmem_v2_T2K2_full,qmem,2,margin,0.05,0.0001,0.1,0.4426943499791182,0.6137049749803565,0.44634263715110684,0.9818711128754797,16624,7557,0.04464666452258825,0.004362072795629501,0.6061548590660095,0.9938662052154541,0.0024455562233924866,0.43603515625,1.0,/kaggle/input/datasets/shuvroahmedimaging/ws2-eca/test_set/test_set/images/before/before-video-010/frame_0010.jpg,/kaggle/input/datasets/shuvroahmedimaging/ws2-eca/test_set/test_set/masks/before/before-video-010/frame_0010.jpg
before-video-010,frame_0011.jpg,strict_qmem_v2_T2K2_full,qmem,2,margin,0.05,0.0001,0.1,0.402945301542777,0.5744276716984904,0.40647990945104695,0.9788756388415673,14136,5870,0.04464666452258825,0.003296586452051997,0.6680312156677246,0.9951460957527161,0.002434768946841359,0.52490234375,1.0,/kaggle/input/datasets/shuvroahmedimaging/ws2-eca/test_set/test_set/images/before/before-video-010/frame_0011.jpg,/kaggle/input/datasets/shuvroahmedimaging/ws2-eca/test_set/test_set/masks/before/before-video-010/frame_0011.jpg
before-video-011,frame_0001.jpg,strict_qmem_v2_T2K2_full,qmem,2,margin,0.05,0.0001,0.1,0.37778240066569585,0.5483919673863807,0.38342570599102666,0.9625016562872665,18945,7547,0.04464666452258825,0.0,0.0,0.0,0.0,0.0,0.0,/kaggle/input/datasets/shuvroahmedimaging/ws2-eca/test_set/test_set/images/before/before-video-011/frame_0001.jpg,/kaggle/input/datasets/shuvroahmedimaging/ws2-eca/test_set/test_set/masks/before/before-video-011/frame_0001.jpg
before-video-011,frame_0002.jpg,strict_qmem_v2_T2K2_full,qmem,2,margin,0.05,0.0001,0.1,0.2833735340597189,0.4416072585871679,0.29713936856794,0.8594853683148335,11466,3964,0.04464666452258825,0.0031728395260870457,0.6219260692596436,0.9952871799468994,0.00232145469635725,0.461181640625,1.0,/kaggle/input/datasets/shuvroahmedimaging/ws2-eca/test_set/test_set/images/before/before-video-011/frame_0002.jpg,/kaggle/input/datasets/shuvroahmedimaging/ws2-eca/test_set/test_set/masks/before/before-video-011/frame_0002.jpg
before-video-011,frame_0003.jpg,strict_qmem_v2_T2K2_full,qmem,2,margin,0.05,0.0001,0.1,0.3490451036164161,0.5174698795180723,0.3757107450065607,0.8310222508868107,13718,6202,0.04464666452258825,0.0032028621062636375,0.6939098238945007,0.9955428838729858,0.00240130303427577,0.562744140625,1.0,/kaggle/input/datasets/shuvroahmedimaging/ws2-eca/test_set/test_set/images/before/before-video-011/frame_0003.jpg,/kaggle/input/datasets/shuvroahmedimaging/ws2-eca/test_set/test_set/masks/before/before-video-011/frame_0003.jpg
before-video-011,frame_0004.jpg,strict_qmem_v2_T2K2_full,qmem,2,margin,0.05,0.0001,0.1,0.404723564143854,0.5762323270920902,0.4358610541804614,0.849969255995081,19029,9758,0.04464666452258825,0.004286771174520254,0.6538408994674683,0.9940614700317383,0.0024802731350064278,0.503662109375,1.0,/kaggle/input/datasets/shuvroahmedimaging/ws2-eca/test_set/test_set/images/before/before-video-011/frame_0004.jpg,/kaggle/input/datasets/shuvroahmedimaging/ws2-eca/test_set/test_set/masks/before/before-video-011/frame_0004.jpg
before-video-011,frame_0005.jpg,strict_qmem_v2_T2K2_full,qmem,2,margin,0.05,0.0001,0.1,0.5041994977920167,0.6703891319364494,0.5305936489133901,0.9101992966002345,21949,12795,0.04464666452258825,0.004472740925848484,0.6155098080635071,0.993423342704773,0.0026386971585452557,0.4453125,1.0,/kaggle/input/datasets/shuvroahmedimaging/ws2-eca/test_set/test_set/images/before/before-video-011/frame_0005.jpg,/kaggle/input/datasets/shuvroahmedimaging/ws2-eca/test_set/test_set/masks/before/before-video-011/frame_0005.jpg
before-video-011,frame_0006.jpg,strict_qmem_v2_T2K2_full,qmem,2,margin,0.05,0.0001,0.1,0.5309914002920656,0.6936569339197711,0.5536990821031259,0.9283029572370753,23641,14101,0.04464666452258825,0.0041944608092308044,0.6074044704437256,0.993466854095459,0.002739710733294487,0.431640625,1.0,/kaggle/input/datasets/shuvroahmedimaging/ws2-eca/test_set/test_set/images/before/before-video-011/frame_0006.jpg,/kaggle/input/datasets/shuvroahmedimaging/ws2-eca/test_set/test_set/masks/before/before-video-011/frame_0006.jpg
before-video-011,frame_0007.jpg,strict_qmem_v2_T2K2_full,qmem,2,margin,0.05,0.0001,0.1,0.5091512726653614,0.6747518050541517,0.5325912733748887,0.9204370575561711,22460,12996,0.04464666452258825,0.003786119632422924,0.6142259240150452,0.9940588474273682,0.002739350311458111,0.44189453125,1.0,/kaggle/input/datasets/shuvroahmedimaging/ws2-eca/test_set/test_set/images/before/before-video-011/frame_0007.jpg,/kaggle/input/datasets/shuvroahmedimaging/ws2-eca/test_set/test_set/masks/before/before-video-011/frame_0007.jpg
before-video-011,frame_0008.jpg,strict_qmem_v2_T2K2_full,qmem,2,margin,0.05,0.0001,0.1,0.5148959778085992,0.6797773383139237,0.5349279538904899,0.9322016874246686,17350,9956,0.04464666452258825,0.0027980708982795477,0.6546095609664917,0.995448112487793,0.0025898953899741173,0.50244140625,1.0,/kaggle/input/datasets/shuvroahmedimaging/ws2-eca/test_set/test_set/images/before/before-video-011/frame_0008.jpg,/kaggle/input/datasets/shuvroahmedimaging/ws2-eca/test_set/test_set/masks/before/before-video-011/frame_0008.jpg
before-video-011,frame_0009.jpg,strict_qmem_v2_T2K2_full,qmem,2,margin,0.05,0.0001,0.1,0.41630244755244755,0.5878722419379725,0.4823598919648886,0.7524687294272547,11848,7595,0.04464666452258825,0.0023026817943900824,0.692398726940155,0.9963297843933105,0.002434216905385256,0.560302734375,1.0,/kaggle/input/datasets/shuvroahmedimaging/ws2-eca/test_set/test_set/images/before/before-video-011/frame_0009.jpg,/kaggle/input/datasets/shuvroahmedimaging/ws2-eca/test_set/test_set/masks/before/before-video-011/frame_0009.jpg
before-video-011,frame_0010.jpg,strict_qmem_v2_T2K2_full,qmem,2,margin,0.05,0.0001,0.1,0.40619297109554364,0.5777200987985096,0.526396093988404,0.6401335930976899,13108,10779,0.04464666452258825,0.003547971835359931,0.6998817920684814,0.99539715051651,0.002346642315387726,0.572998046875,1.000244140625,/kaggle/input/datasets/shuvroahmedimaging/ws2-eca/test_set/test_set/images/before/before-video-011/frame_0010.jpg,/kaggle/input/datasets/shuvroahmedimaging/ws2-eca/test_set/test_set/masks/before/before-video-011/frame_0010.jpg
before-video-011,frame_0011.jpg,strict_qmem_v2_T2K2_full,qmem,2,margin,0.05,0.0001,0.1,0.40743099787685777,0.5789711872077237,0.48367989918084436,0.7210219800864174,15870,10646,0.04464666452258825,0.0034258896484971046,0.6345970630645752,0.9951767921447754,0.002369432244449854,0.478271484375,1.0,/kaggle/input/datasets/shuvroahmedimaging/ws2-eca/test_set/test_set/images/before/before-video-011/frame_0011.jpg,/kaggle/input/datasets/shuvroahmedimaging/ws2-eca/test_set/test_set/masks/before/before-video-011/frame_0011.jpg
before-video-011,frame_0012.jpg,strict_qmem_v2_T2K2_full,qmem,2,margin,0.05,0.0001,0.1,0.3989797495748957,0.5703867403314917,0.46995630007283323,0.725407532321529,16476,10674,0.04464666452258825,0.0032572171185165644,0.6556392908096313,0.9952358603477478,0.002451550681143999,0.507080078125,1.0001206398010254,/kaggle/input/datasets/shuvroahmedimaging/ws2-eca/test_set/test_set/images/before/before-video-011/frame_0012.jpg,/kaggle/input/datasets/shuvroahmedimaging/ws2-eca/test_set/test_set/masks/before/before-video-011/frame_0012.jpg
before-video-011,frame_0013.jpg,strict_qmem_v2_T2K2_full,qmem,2,margin,0.05,0.0001,0.1,0.3849997984927256,0.5559564686026887,0.4331051366912998,0.7760987895036152,22057,12309,0.04464666452258825,0.004721447825431824,0.6653648614883423,0.9936286807060242,0.0026313099078834057,0.517822265625,1.0,/kaggle/input/datasets/shuvroahmedimaging/ws2-eca/test_set/test_set/images/before/before-video-011/frame_0013.jpg,/kaggle/input/datasets/shuvroahmedimaging/ws2-eca/test_set/test_set/masks/before/before-video-011/frame_0013.jpg
before-video-011,frame_0014.jpg,strict_qmem_v2_T2K2_full,qmem,2,margin,0.05,0.0001,0.1,0.5267557869001144,0.6900328021282641,0.5573496891559228,0.9056271186440678,23967,14750,0.04464666452258825,0.005200719926506281,0.6023657321929932,0.9926574230194092,0.0027733079623430967,0.424560546875,1.0,/kaggle/input/datasets/shuvroahmedimaging/ws2-eca/test_set/test_set/images/before/before-video-011/frame_0014.jpg,/kaggle/input/datasets/shuvroahmedimaging/ws2-eca/test_set/test_set/masks/before/before-video-011/frame_0014.jpg
before-video-012,frame_0001.jpg,strict_qmem_v2_T2K2_full,qmem,2,margin,0.05,0.0001,0.1,0.49425750554100345,0.6615426105717368,0.5254082998661312,0.8928928928928929,18675,10989,0.04464666452258825,0.0,0.0,0.0,0.0,0.0,0.0,/kaggle/input/datasets/shuvroahmedimaging/ws2-eca/test_set/test_set/images/before/before-video-012/frame_0001.jpg,/kaggle/input/datasets/shuvroahmedimaging/ws2-eca/test_set/test_set/masks/before/before-video-012/frame_0001.jpg
before-video-012,frame_0002.jpg,strict_qmem_v2_T2K2_full,qmem,2,margin,0.05,0.0001,0.1,0.40277269585721837,0.5742522606074658,0.43718282511804424,0.8365279067803766,22661,11843,0.04464666452258825,0.005329763516783714,0.6334958672523499,0.9927855730056763,0.0025701550766825676,0.47314453125,1.0,/kaggle/input/datasets/shuvroahmedimaging/ws2-eca/test_set/test_set/images/before/before-video-012/frame_0002.jpg,/kaggle/input/datasets/shuvroahmedimaging/ws2-eca/test_set/test_set/masks/before/before-video-012/frame_0002.jpg
before-video-012,frame_0003.jpg,strict_qmem_v2_T2K2_full,qmem,2,margin,0.05,0.0001,0.1,0.35083134321632947,0.5194302678541646,0.36009619831652945,0.9316740457101831,21622,8357,0.04464666452258825,0.004338251426815987,0.6207022666931152,0.9936174750328064,0.0026238623540848494,0.453369140625,1.0,/kaggle/input/datasets/shuvroahmedimaging/ws2-eca/test_set/test_set/images/before/before-video-012/frame_0003.jpg,/kaggle/input/datasets/shuvroahmedimaging/ws2-eca/test_set/test_set/masks/before/before-video-012/frame_0003.jpg
before-video-012,frame_0004.jpg,strict_qmem_v2_T2K2_full,qmem,2,margin,0.05,0.0001,0.1,0.36736740920299243,0.5373353302564416,0.406267332224071,0.793249706705171,21636,11081,0.04464666452258825,0.004306701943278313,0.6120336651802063,0.9937052130699158,0.0026032445020973682,0.440673828125,1.000093936920166,/kaggle/input/datasets/shuvroahmedimaging/ws2-eca/test_set/test_set/images/before/before-video-012/frame_0004.jpg,/kaggle/input/datasets/shuvroahmedimaging/ws2-eca/test_set/test_set/masks/before/before-video-012/frame_0004.jpg
before-video-012,frame_0005.jpg,strict_qmem_v2_T2K2_full,qmem,2,margin,0.05,0.0001,0.1,0.3699071442107258,0.5400470327846175,0.42059900883430296,0.7542503863987635,23205,12940,0.04464666452258825,0.004255307372659445,0.5791590213775635,0.9936120510101318,0.0025986400432884693,0.393798828125,1.000244140625,/kaggle/input/datasets/shuvroahmedimaging/ws2-eca/test_set/test_set/images/before/before-video-012/frame_0005.jpg,/kaggle/input/datasets/shuvroahmedimaging/ws2-eca/test_set/test_set/masks/before/before-video-012/frame_0005.jpg
before-video-012,frame_0006.jpg,strict_qmem_v2_T2K2_full,qmem,2,margin,0.05,0.0001,0.1,0.3617565970854667,0.5313087490961678,0.4054829595620696,0.7703598087729598,22652,11923,0.04464666452258825,0.004100970458239317,0.5851446986198425,0.993728756904602,0.002486099489033222,0.404541015625,1.000244140625,/kaggle/input/datasets/shuvroahmedimaging/ws2-eca/test_set/test_set/images/before/before-video-012/frame_0006.jpg,/kaggle/input/datasets/shuvroahmedimaging/ws2-eca/test_set/test_set/masks/before/before-video-012/frame_0006.jpg
before-video-012,frame_0007.jpg,strict_qmem_v2_T2K2_full,qmem,2,margin,0.05,0.0001,0.1,0.35550064910590895,0.5245304003954523,0.3995011529954351,0.7634679377641874,21249,11119,0.04464666452258825,0.003444787347689271,0.6212934851646423,0.9946662187576294,0.0025143311358988285,0.45556640625,1.0,/kaggle/input/datasets/shuvroahmedimaging/ws2-eca/test_set/test_set/images/before/before-video-012/frame_0007.jpg,/kaggle/input/datasets/shuvroahmedimaging/ws2-eca/test_set/test_set/masks/before/before-video-012/frame_0007.jpg
before-video-012,frame_0008.jpg,strict_qmem_v2_T2K2_full,qmem,2,margin,0.05,0.0001,0.1,0.3726562844664049,0.5429710098348011,0.41608787744446085,0.7811893091648942,20301,10813,0.04464666452258825,0.003764196066185832,0.6348336338996887,0.9945303201675415,0.0025592525489628315,0.474609375,1.0,/kaggle/input/datasets/shuvroahmedimaging/ws2-eca/test_set/test_set/images/before/before-video-012/frame_0008.jpg,/kaggle/input/datasets/shuvroahmedimaging/ws2-eca/test_set/test_set/masks/before/before-video-012/frame_0008.jpg
before-video-012,frame_0009.jpg,strict_qmem_v2_T2K2_full,qmem,2,margin,0.05,0.0001,0.1,0.3265592151366503,0.4923402007395668,0.3470015885623511,0.8471700399951521,20144,8251,0.04464666452258825,0.003966371528804302,0.6109144687652588,0.9942172169685364,0.002507861703634262,0.441650390625,1.000612497329712,/kaggle/input/datasets/shuvroahmedimaging/ws2-eca/test_set/test_set/images/before/before-video-012/frame_0009.jpg,/kaggle/input/datasets/shuvroahmedimaging/ws2-eca/test_set/test_set/masks/before/before-video-012/frame_0009.jpg
before-video-012,frame_0010.jpg,strict_qmem_v2_T2K2_full,qmem,2,margin,0.05,0.0001,0.1,0.28661015483089697,0.4455275807590171,0.3067629495903347,0.8135281119567886,21603,8146,0.04464666452258825,0.004468794446438551,0.6102557182312012,0.9936456680297852,0.0025210699532181025,0.439697265625,1.0008111000061035,/kaggle/input/datasets/shuvroahmedimaging/ws2-eca/test_set/test_set/images/before/before-video-012/frame_0010.jpg,/kaggle/input/datasets/shuvroahmedimaging/ws2-eca/test_set/test_set/masks/before/before-video-012/frame_0010.jpg
before-video-012,frame_0011.jpg,strict_qmem_v2_T2K2_full,qmem,2,margin,0.05,0.0001,0.1,0.3567029650475142,0.5258379678340598,0.39327307882548673,0.793216034826773,22239,11026,0.04464666452258825,0.004290502052754164,0.5790755152702332,0.9937238693237305,0.002393488772213459,0.39794921875,1.00031316280365,/kaggle/input/datasets/shuvroahmedimaging/ws2-eca/test_set/test_set/images/before/before-video-012/frame_0011.jpg,/kaggle/input/datasets/shuvroahmedimaging/ws2-eca/test_set/test_set/masks/before/before-video-012/frame_0011.jpg
before-video-012,frame_0012.jpg,strict_qmem_v2_T2K2_full,qmem,2,margin,0.05,0.0001,0.1,0.4247170412880599,0.5962124814680131,0.4642561533434981,0.8329685790214163,22955,12794,0.04464666452258825,0.003979098983108997,0.5828033089637756,0.9941280484199524,0.0023885020054876804,0.4033203125,1.0002386569976807,/kaggle/input/datasets/shuvroahmedimaging/ws2-eca/test_set/test_set/images/before/before-video-012/frame_0012.jpg,/kaggle/input/datasets/shuvroahmedimaging/ws2-eca/test_set/test_set/masks/before/before-video-012/frame_0012.jpg
before-video-012,frame_0013.jpg,strict_qmem_v2_T2K2_full,qmem,2,margin,0.05,0.0001,0.1,0.45411101100708995,0.6245891923926512,0.4925855109411515,0.8532420696253772,23535,13587,0.04464666452258825,0.003991107456386089,0.6029471755027771,0.994105875492096,0.0025004292838275433,0.429931640625,1.000126600265503,/kaggle/input/datasets/shuvroahmedimaging/ws2-eca/test_set/test_set/images/before/before-video-012/frame_0013.jpg,/kaggle/input/datasets/shuvroahmedimaging/ws2-eca/test_set/test_set/masks/before/before-video-012/frame_0013.jpg
before-video-012,frame_0014.jpg,strict_qmem_v2_T2K2_full,qmem,2,margin,0.05,0.0001,0.1,0.46410116371885896,0.6339741750358681,0.49826349736141806,0.8712832242290401,22171,12679,0.04464666452258825,0.003476696787402034,0.6236905455589294,0.9945237636566162,0.0027362743858247995,0.455322265625,1.0,/kaggle/input/datasets/shuvroahmedimaging/ws2-eca/test_set/test_set/images/before/before-video-012/frame_0014.jpg,/kaggle/input/datasets/shuvroahmedimaging/ws2-eca/test_set/test_set/masks/before/before-video-012/frame_0014.jpg
before-video-012,frame_0015.jpg,strict_qmem_v2_T2K2_full,qmem,2,margin,0.05,0.0001,0.1,0.4875710402767482,0.6555263944719445,0.5212934587340167,0.8828635346756152,18926,11175,0.04464666452258825,0.0030323185492306948,0.6477481722831726,0.9949966669082642,0.0027204621583223343,0.489990234375,1.0001192092895508,/kaggle/input/datasets/shuvroahmedimaging/ws2-eca/test_set/test_set/images/before/before-video-012/frame_0015.jpg,/kaggle/input/datasets/shuvroahmedimaging/ws2-eca/test_set/test_set/masks/before/before-video-012/frame_0015.jpg
before-video-012,frame_0016.jpg,strict_qmem_v2_T2K2_full,qmem,2,margin,0.05,0.0001,0.1,0.36617050067658996,0.536053882725832,0.39165171076246164,0.8491276515626961,17273,7967,0.04464666452258825,0.0030662149656563997,0.6531410217285156,0.9951521158218384,0.0026394128799438477,0.4990234375,1.0,/kaggle/input/datasets/shuvroahmedimaging/ws2-eca/test_set/test_set/images/before/before-video-012/frame_0016.jpg,/kaggle/input/datasets/shuvroahmedimaging/ws2-eca/test_set/test_set/masks/before/before-video-012/frame_0016.jpg
before-video-012,frame_0017.jpg,strict_qmem_v2_T2K2_full,qmem,2,margin,0.05,0.0001,0.1,0.27391810595769456,0.4300403686495544,0.2867445403758253,0.8596224116930572,19690,6568,0.04464666452258825,0.0030856130179017782,0.6619784235954285,0.9951579570770264,0.00248204218223691,0.515380859375,1.000253438949585,/kaggle/input/datasets/shuvroahmedimaging/ws2-eca/test_set/test_set/images/before/before-video-012/frame_0017.jpg,/kaggle/input/datasets/shuvroahmedimaging/ws2-eca/test_set/test_set/masks/before/before-video-012/frame_0017.jpg
before-video-012,frame_0018.jpg,strict_qmem_v2_T2K2_full,qmem,2,margin,0.05,0.0001,0.1,0.25954046945561016,0.41211930183995904,0.2721973560945144,0.8480622669044916,19214,6167,0.04464666452258825,0.0036028630565851927,0.6377915143966675,0.9947867393493652,0.0025854564737528563,0.478515625,1.0002036094665527,/kaggle/input/datasets/shuvroahmedimaging/ws2-eca/test_set/test_set/images/before/before-video-012/frame_0018.jpg,/kaggle/input/datasets/shuvroahmedimaging/ws2-eca/test_set/test_set/masks/before/before-video-012/frame_0018.jpg
before-video-012,frame_0019.jpg,strict_qmem_v2_T2K2_full,qmem,2,margin,0.05,0.0001,0.1,0.3000415454923141,0.46158762623034644,0.3095319732556146,0.9072864321608041,23332,7960,0.04464666452258825,0.0034685072023421526,0.6085256338119507,0.9947574138641357,0.002511438447982073,0.43798828125,1.0,/kaggle/input/datasets/shuvroahmedimaging/ws2-eca/test_set/test_set/images/before/before-video-012/frame_0019.jpg,/kaggle/input/datasets/shuvroahmedimaging/ws2-eca/test_set/test_set/masks/before/before-video-012/frame_0019.jpg
before-video-012,frame_0020.jpg,strict_qmem_v2_T2K2_full,qmem,2,margin,0.05,0.0001,0.1,0.32059794362029065,0.4855345189186083,0.324750192159877,0.9616478889268237,26020,8787,0.04464666452258825,0.0037657360080629587,0.5828098058700562,0.9943379163742065,0.002527156611904502,0.400634765625,1.0,/kaggle/input/datasets/shuvroahmedimaging/ws2-eca/test_set/test_set/images/before/before-video-012/frame_0020.jpg,/kaggle/input/datasets/shuvroahmedimaging/ws2-eca/test_set/test_set/masks/before/before-video-012/frame_0020.jpg
before-video-012,frame_0021.jpg,strict_qmem_v2_T2K2_full,qmem,2,margin,0.05,0.0001,0.1,0.2917343773083173,0.4516940671908506,0.3007309830198736,0.9069927661040303,26266,8709,0.04464666452258825,0.0038088341243565083,0.5773652791976929,0.9941504597663879,0.002568391617387533,0.391845703125,1.0,/kaggle/input/datasets/shuvroahmedimaging/ws2-eca/test_set/test_set/images/before/before-video-012/frame_0021.jpg,/kaggle/input/datasets/shuvroahmedimaging/ws2-eca/test_set/test_set/masks/before/before-video-012/frame_0021.jpg
before-video-012,frame_0022.jpg,strict_qmem_v2_T2K2_full,qmem,2,margin,0.05,0.0001,0.1,0.3158996558208849,0.4801272717467508,0.31974572618876596,0.9633196277861935,27844,9242,0.04464666452258825,0.0036517761182039976,0.5804898142814636,0.9941884279251099,0.0025751511566340923,0.39599609375,1.000127911567688,/kaggle/input/datasets/shuvroahmedimaging/ws2-eca/test_set/test_set/images/before/before-video-012/frame_0022.jpg,/kaggle/input/datasets/shuvroahmedimaging/ws2-eca/test_set/test_set/masks/before/before-video-012/frame_0022.jpg
before-video-012,frame_0023.jpg,strict_qmem_v2_T2K2_full,qmem,2,margin,0.05,0.0001,0.1,0.2892638036809816,0.44872709969069713,0.3021709524953937,0.8713328713328713,24966,8658,0.04464666452258825,0.004410980269312859,0.5953730344772339,0.9935545325279236,0.0026615490205585957,0.41650390625,1.0001699924468994,/kaggle/input/datasets/shuvroahmedimaging/ws2-eca/test_set/test_set/images/before/before-video-012/frame_0023.jpg,/kaggle/input/datasets/shuvroahmedimaging/ws2-eca/test_set/test_set/masks/before/before-video-012/frame_0023.jpg
before-video-012,frame_0024.jpg,strict_qmem_v2_T2K2_full,qmem,2,margin,0.05,0.0001,0.1,0.33536730327284253,0.5022847308765058,0.35399414470932666,0.8643790849673203,23910,9792,0.04464666452258825,0.004511586390435696,0.5652966499328613,0.9932558536529541,0.002644601045176387,0.373046875,1.000150203704834,/kaggle/input/datasets/shuvroahmedimaging/ws2-eca/test_set/test_set/images/before/before-video-012/frame_0024.jpg,/kaggle/input/datasets/shuvroahmedimaging/ws2-eca/test_set/test_set/masks/before/before-video-012/frame_0024.jpg
before-video-012,frame_0025.jpg,strict_qmem_v2_T2K2_full,qmem,2,margin,0.05,0.0001,0.1,0.42512244809501104,0.5966118190942546,0.44162276554549956,0.9192127460168698,22209,10670,0.04464666452258825,0.0045880950056016445,0.5559703707695007,0.9932683110237122,0.002492418745532632,0.362060546875,1.0,/kaggle/input/datasets/shuvroahmedimaging/ws2-eca/test_set/test_set/images/before/before-video-012/frame_0025.jpg,/kaggle/input/datasets/shuvroahmedimaging/ws2-eca/test_set/test_set/masks/before/before-video-012/frame_0025.jpg
before-video-012,frame_0026.jpg,strict_qmem_v2_T2K2_full,qmem,2,margin,0.05,0.0001,0.1,0.26218341409893026,0.4154442391973632,0.2702766388613978,0.8974960876369327,21219,6390,0.04464666452258825,0.004014299251139164,0.5761494636535645,0.9939218163490295,0.0025540438946336508,0.390625,1.0003668069839478,/kaggle/input/datasets/shuvroahmedimaging/ws2-eca/test_set/test_set/images/before/before-video-012/frame_0026.jpg,/kaggle/input/datasets/shuvroahmedimaging/ws2-eca/test_set/test_set/masks/before/before-video-012/frame_0026.jpg
before-video-012,frame_0027.jpg,strict_qmem_v2_T2K2_full,qmem,2,margin,0.05,0.0001,0.1,0.3619416234642426,0.5315082779298658,0.36865709428912435,0.9520829441434709,27649,10706,0.04464666452258825,0.005604116711765528,0.6003965139389038,0.99229496717453,0.002556724939495325,0.425048828125,1.001108169555664,/kaggle/input/datasets/shuvroahmedimaging/ws2-eca/test_set/test_set/images/before/before-video-012/frame_0027.jpg,/kaggle/input/datasets/shuvroahmedimaging/ws2-eca/test_set/test_set/masks/before/before-video-012/frame_0027.jpg
before-video-012,frame_0028.jpg,strict_qmem_v2_T2K2_full,qmem,2,margin,0.05,0.0001,0.1,0.3590191963938758,0.528350441769365,0.3743062026495969,0.8978620019436346,24683,10290,0.04464666452258825,0.005194822326302528,0.5493247509002686,0.9925434589385986,0.0025200177915394306,0.3525390625,1.0,/kaggle/input/datasets/shuvroahmedimaging/ws2-eca/test_set/test_set/images/before/before-video-012/frame_0028.jpg,/kaggle/input/datasets/shuvroahmedimaging/ws2-eca/test_set/test_set/masks/before/before-video-012/frame_0028.jpg
before-video-012,frame_0029.jpg,strict_qmem_v2_T2K2_full,qmem,2,margin,0.05,0.0001,0.1,0.4362505216038845,0.60748527508518,0.44078190877730933,0.9769773171353326,26090,11771,0.04464666452258825,0.005371645092964172,0.567550539970398,0.9922013282775879,0.002823775401338935,0.372802734375,1.000126600265503,/kaggle/input/datasets/shuvroahmedimaging/ws2-eca/test_set/test_set/images/before/before-video-012/frame_0029.jpg,/kaggle/input/datasets/shuvroahmedimaging/ws2-eca/test_set/test_set/masks/before/before-video-012/frame_0029.jpg
before-video-012,frame_0030.jpg,strict_qmem_v2_T2K2_full,qmem,2,margin,0.05,0.0001,0.1,0.40052385833048626,0.5719629208001301,0.41054474708171207,0.9425585134893693,25700,11194,0.04464666452258825,0.005025232210755348,0.5642600655555725,0.9925868511199951,0.002684506122022867,0.371337890625,1.000126600265503,/kaggle/input/datasets/shuvroahmedimaging/ws2-eca/test_set/test_set/images/before/before-video-012/frame_0030.jpg,/kaggle/input/datasets/shuvroahmedimaging/ws2-eca/test_set/test_set/masks/before/before-video-012/frame_0030.jpg
before-video-012,frame_0031.jpg,strict_qmem_v2_T2K2_full,qmem,2,margin,0.05,0.0001,0.1,0.3792428426608872,0.5499290348742903,0.3950406000801078,0.9046110230968065,27463,11993,0.04464666452258825,0.004493542946875095,0.550027072429657,0.9933011531829834,0.002749416511505842,0.34912109375,1.0002362728118896,/kaggle/input/datasets/shuvroahmedimaging/ws2-eca/test_set/test_set/images/before/before-video-012/frame_0031.jpg,/kaggle/input/datasets/shuvroahmedimaging/ws2-eca/test_set/test_set/masks/before/before-video-012/frame_0031.jpg
before-video-012,frame_0032.jpg,strict_qmem_v2_T2K2_full,qmem,2,margin,0.05,0.0001,0.1,0.3344340934371524,0.5012373336111907,0.3536222295732716,0.8604006438919692,27207,11182,0.04464666452258825,0.004030678421258926,0.5330485105514526,0.9937309622764587,0.0026594987139105797,0.326171875,1.0,/kaggle/input/datasets/shuvroahmedimaging/ws2-eca/test_set/test_set/images/before/before-video-012/frame_0032.jpg,/kaggle/input/datasets/shuvroahmedimaging/ws2-eca/test_set/test_set/masks/before/before-video-012/frame_0032.jpg
before-video-012,frame_0033.jpg,strict_qmem_v2_T2K2_full,qmem,2,margin,0.05,0.0001,0.1,0.3483643651409361,0.516721405796754,0.37352696520171913,0.8379597231941529,28852,12861,0.04464666452258825,0.004368400201201439,0.5479469299316406,0.9932941794395447,0.0028369531501084566,0.34375,1.0,/kaggle/input/datasets/shuvroahmedimaging/ws2-eca/test_set/test_set/images/before/before-video-012/frame_0033.jpg,/kaggle/input/datasets/shuvroahmedimaging/ws2-eca/test_set/test_set/masks/before/before-video-012/frame_0033.jpg
before-video-012,frame_0034.jpg,strict_qmem_v2_T2K2_full,qmem,2,margin,0.05,0.0001,0.1,0.4067140090380891,0.578246902248738,0.44578475638520115,0.8227100304707419,29678,16081,0.04464666452258825,0.004302148707211018,0.5362056493759155,0.9931071400642395,0.0027527175843715668,0.32861328125,1.0,/kaggle/input/datasets/shuvroahmedimaging/ws2-eca/test_set/test_set/images/before/before-video-012/frame_0034.jpg,/kaggle/input/datasets/shuvroahmedimaging/ws2-eca/test_set/test_set/masks/before/before-video-012/frame_0034.jpg
before-video-012,frame_0035.jpg,strict_qmem_v2_T2K2_full,qmem,2,margin,0.05,0.0001,0.1,0.40652733118971063,0.57805820359829,0.46663467926478186,0.7593849480449276,27094,16649,0.04464666452258825,0.004703006241470575,0.5645585060119629,0.992953896522522,0.0027124248445034027,0.370361328125,1.0,/kaggle/input/datasets/shuvroahmedimaging/ws2-eca/test_set/test_set/images/before/before-video-012/frame_0035.jpg,/kaggle/input/datasets/shuvroahmedimaging/ws2-eca/test_set/test_set/masks/before/before-video-012/frame_0035.jpg
before-video-012,frame_0036.jpg,strict_qmem_v2_T2K2_full,qmem,2,margin,0.05,0.0001,0.1,0.33312085670576236,0.49976092569570624,0.4228155339805825,0.6109422492401215,24720,17108,0.04464666452258825,0.004002296831458807,0.5318561792373657,0.9936563372612,0.002627704059705138,0.325439453125,1.0001178979873657,/kaggle/input/datasets/shuvroahmedimaging/ws2-eca/test_set/test_set/images/before/before-video-012/frame_0036.jpg,/kaggle/input/datasets/shuvroahmedimaging/ws2-eca/test_set/test_set/masks/before/before-video-012/frame_0036.jpg
before-video-012,frame_0037.jpg,strict_qmem_v2_T2K2_full,qmem,2,margin,0.05,0.0001,0.1,0.406989779096604,0.5785255659183578,0.5048464275489755,0.6773857213411623,24451,18223,0.04464666452258825,0.0040774717926979065,0.5177591443061829,0.9936805367469788,0.002599601401016116,0.30517578125,1.0,/kaggle/input/datasets/shuvroahmedimaging/ws2-eca/test_set/test_set/images/before/before-video-012/frame_0037.jpg,/kaggle/input/datasets/shuvroahmedimaging/ws2-eca/test_set/test_set/masks/before/before-video-012/frame_0037.jpg
before-video-012,frame_0038.jpg,strict_qmem_v2_T2K2_full,qmem,2,margin,0.05,0.0001,0.1,0.3966447713325315,0.5679966437766345,0.45814632756286955,0.7471391228579727,28074,17215,0.04464666452258825,0.004256917629390955,0.5429993271827698,0.9934989809989929,0.0025549745187163353,0.342041015625,1.0,/kaggle/input/datasets/shuvroahmedimaging/ws2-eca/test_set/test_set/images/before/before-video-012/frame_0038.jpg,/kaggle/input/datasets/shuvroahmedimaging/ws2-eca/test_set/test_set/masks/before/before-video-012/frame_0038.jpg
before-video-012,frame_0039.jpg,strict_qmem_v2_T2K2_full,qmem,2,margin,0.05,0.0001,0.1,0.44386279101804654,0.6148268295010018,0.4920022905134568,0.8193782185771505,26195,15729,0.04464666452258825,0.00361107150092721,0.5637746453285217,0.9942605495452881,0.0025779535062611103,0.37158203125,1.0,/kaggle/input/datasets/shuvroahmedimaging/ws2-eca/test_set/test_set/images/before/before-video-012/frame_0039.jpg,/kaggle/input/datasets/shuvroahmedimaging/ws2-eca/test_set/test_set/masks/before/before-video-012/frame_0039.jpg
before-video-012,frame_0040.jpg,strict_qmem_v2_T2K2_full,qmem,2,margin,0.05,0.0001,0.1,0.5241956007998546,0.687832454738449,0.5557354301572618,0.9023092809312222,25944,15979,0.04464666452258825,0.00441839499399066,0.5846459269523621,0.9934931993484497,0.002721993252635002,0.398681640625,1.0,/kaggle/input/datasets/shuvroahmedimaging/ws2-eca/test_set/test_set/images/before/before-video-012/frame_0040.jpg,/kaggle/input/datasets/shuvroahmedimaging/ws2-eca/test_set/test_set/masks/before/before-video-012/frame_0040.jpg
before-video-012,frame_0041.jpg,strict_qmem_v2_T2K2_full,qmem,2,margin,0.05,0.0001,0.1,0.48158335840460736,0.6500928289626363,0.49614771519659934,0.9425471063257066,22584,11888,0.04464666452258825,0.004378464072942734,0.5763580203056335,0.9933228492736816,0.0026063229888677597,0.389404296875,1.0,/kaggle/input/datasets/shuvroahmedimaging/ws2-eca/test_set/test_set/images/before/before-video-012/frame_0041.jpg,/kaggle/input/datasets/shuvroahmedimaging/ws2-eca/test_set/test_set/masks/before/before-video-012/frame_0041.jpg
before-video-012,frame_0042.jpg,strict_qmem_v2_T2K2_full,qmem,2,margin,0.05,0.0001,0.1,0.3208854910526758,0.48586420734616,0.3450316169828365,0.8209564750134336,22140,9305,0.04464666452258825,0.003950424026697874,0.5727291107177734,0.9939118027687073,0.0025279487017542124,0.3857421875,1.0,/kaggle/input/datasets/shuvroahmedimaging/ws2-eca/test_set/test_set/images/before/before-video-012/frame_0042.jpg,/kaggle/input/datasets/shuvroahmedimaging/ws2-eca/test_set/test_set/masks/before/before-video-012/frame_0042.jpg
before-video-012,frame_0043.jpg,strict_qmem_v2_T2K2_full,qmem,2,margin,0.05,0.0001,0.1,0.26748145905857423,0.4220676478490611,0.27253450535893287,0.9351766106627861,25938,7559,0.04464666452258825,0.0040042465552687645,0.5701102018356323,0.9939247369766235,0.002587493509054184,0.380859375,1.0,/kaggle/input/datasets/shuvroahmedimaging/ws2-eca/test_set/test_set/images/before/before-video-012/frame_0043.jpg,/kaggle/input/datasets/shuvroahmedimaging/ws2-eca/test_set/test_set/masks/before/before-video-012/frame_0043.jpg
before-video-012,frame_0044.jpg,strict_qmem_v2_T2K2_full,qmem,2,margin,0.05,0.0001,0.1,0.30124358639881726,0.46300875492882443,0.3177835879088115,0.8526769230769231,21801,8125,0.04464666452258825,0.003627853700891137,0.5962541699409485,0.9943846464157104,0.0026420876383781433,0.417724609375,1.000244140625,/kaggle/input/datasets/shuvroahmedimaging/ws2-eca/test_set/test_set/images/before/before-video-012/frame_0044.jpg,/kaggle/input/datasets/shuvroahmedimaging/ws2-eca/test_set/test_set/masks/before/before-video-012/frame_0044.jpg
before-video-012,frame_0045.jpg,strict_qmem_v2_T2K2_full,qmem,2,margin,0.05,0.0001,0.1,0.39287538897403745,0.5641213737912637,0.4114099508778756,0.8971258882172023,20561,9429,0.04464666452258825,0.0040085818618535995,0.6122558116912842,0.9941665530204773,0.002480702707543969,0.444091796875,1.0001132488250732,/kaggle/input/datasets/shuvroahmedimaging/ws2-eca/test_set/test_set/images/before/before-video-012/frame_0045.jpg,/kaggle/input/datasets/shuvroahmedimaging/ws2-eca/test_set/test_set/masks/before/before-video-012/frame_0045.jpg
before-video-012,frame_0046.jpg,strict_qmem_v2_T2K2_full,qmem,2,margin,0.05,0.0001,0.1,0.411986448442048,0.5835558108884458,0.43217539293222546,0.8981587433683553,19978,9613,0.04464666452258825,0.004146525636315346,0.6031335592269897,0.9939894080162048,0.002530374564230442,0.4296875,1.0,/kaggle/input/datasets/shuvroahmedimaging/ws2-eca/test_set/test_set/images/before/before-video-012/frame_0046.jpg,/kaggle/input/datasets/shuvroahmedimaging/ws2-eca/test_set/test_set/masks/before/before-video-012/frame_0046.jpg
before-video-012,frame_0047.jpg,strict_qmem_v2_T2K2_full,qmem,2,margin,0.05,0.0001,0.1,0.4724741093107378,0.6417418225871584,0.4909128352983576,0.9263577188380453,19423,10293,0.04464666452258825,0.003860531374812126,0.6017643213272095,0.994293749332428,0.002486724406480789,0.428466796875,1.000093936920166,/kaggle/input/datasets/shuvroahmedimaging/ws2-eca/test_set/test_set/images/before/before-video-012/frame_0047.jpg,/kaggle/input/datasets/shuvroahmedimaging/ws2-eca/test_set/test_set/masks/before/before-video-012/frame_0047.jpg
before-video-012,frame_0048.jpg,strict_qmem_v2_T2K2_full,qmem,2,margin,0.05,0.0001,0.1,0.4165019111638329,0.5880710896064018,0.4262398273458927,0.948,22241,10000,0.04464666452258825,0.004256269428879023,0.6275178790092468,0.9939906001091003,0.002502687508240342,0.465576171875,1.0001296997070312,/kaggle/input/datasets/shuvroahmedimaging/ws2-eca/test_set/test_set/images/before/before-video-012/frame_0048.jpg,/kaggle/input/datasets/shuvroahmedimaging/ws2-eca/test_set/test_set/masks/before/before-video-012/frame_0048.jpg
before-video-012,frame_0049.jpg,strict_qmem_v2_T2K2_full,qmem,2,margin,0.05,0.0001,0.1,0.2616732520185535,0.4148035184227009,0.2693926638604931,0.901301775147929,28271,8450,0.04464666452258825,0.0040243687108159065,0.5927509665489197,0.9940404295921326,0.002600690582767129,0.41357421875,1.0,/kaggle/input/datasets/shuvroahmedimaging/ws2-eca/test_set/test_set/images/before/before-video-012/frame_0049.jpg,/kaggle/input/datasets/shuvroahmedimaging/ws2-eca/test_set/test_set/masks/before/before-video-012/frame_0049.jpg
before-video-012,frame_0050.jpg,strict_qmem_v2_T2K2_full,qmem,2,margin,0.05,0.0001,0.1,0.23165742340212747,0.3761718461652026,0.23795293238700038,0.8974991194082423,21416,5678,0.04464666452258825,0.0033824497368186712,0.5883863568305969,0.994624674320221,0.0024504889734089375,0.40966796875,1.0,/kaggle/input/datasets/shuvroahmedimaging/ws2-eca/test_set/test_set/images/before/before-video-012/frame_0050.jpg,/kaggle/input/datasets/shuvroahmedimaging/ws2-eca/test_set/test_set/masks/before/before-video-012/frame_0050.jpg
before-video-012,frame_0051.jpg,strict_qmem_v2_T2K2_full,qmem,2,margin,0.05,0.0001,0.1,0.13369834807431324,0.23586229670601833,0.13756741140215717,0.8262001156737999,20768,3458,0.04464666452258825,0.0036323152016848326,0.6141771674156189,0.9947706460952759,0.0023956478107720613,0.448486328125,1.0,/kaggle/input/datasets/shuvroahmedimaging/ws2-eca/test_set/test_set/images/before/before-video-012/frame_0051.jpg,/kaggle/input/datasets/shuvroahmedimaging/ws2-eca/test_set/test_set/masks/before/before-video-012/frame_0051.jpg
before-video-012,frame_0052.jpg,strict_qmem_v2_T2K2_full,qmem,2,margin,0.05,0.0001,0.1,0.1230542900531511,0.219142193112191,0.1267103205629398,0.810059356451109,20464,3201,0.04464666452258825,0.004141394980251789,0.6285678148269653,0.9943090081214905,0.002371367532759905,0.46923828125,1.0001102685928345,/kaggle/input/datasets/shuvroahmedimaging/ws2-eca/test_set/test_set/images/before/before-video-012/frame_0052.jpg,/kaggle/input/datasets/shuvroahmedimaging/ws2-eca/test_set/test_set/masks/before/before-video-012/frame_0052.jpg
before-video-012,frame_0053.jpg,strict_qmem_v2_T2K2_full,qmem,2,margin,0.05,0.0001,0.1,0.16976209427788097,0.290250633198503,0.18945861915807136,0.6201938610662359,20263,6190,0.04464666452258825,0.00399540551006794,0.5783030986785889,0.9942965507507324,0.0024395573418587446,0.39599609375,1.0,/kaggle/input/datasets/shuvroahmedimaging/ws2-eca/test_set/test_set/images/before/before-video-012/frame_0053.jpg,/kaggle/input/datasets/shuvroahmedimaging/ws2-eca/test_set/test_set/masks/before/before-video-012/frame_0053.jpg
before-video-012,frame_0054.jpg,strict_qmem_v2_T2K2_full,qmem,2,margin,0.05,0.0001,0.1,0.2075906442918007,0.34380962666954673,0.2129130066437776,0.8925233644859814,22427,5350,0.04464666452258825,0.003901646938174963,0.5707340240478516,0.9942547082901001,0.0023835059255361557,0.3857421875,1.000121831893921,/kaggle/input/datasets/shuvroahmedimaging/ws2-eca/test_set/test_set/images/before/before-video-012/frame_0054.jpg,/kaggle/input/datasets/shuvroahmedimaging/ws2-eca/test_set/test_set/masks/before/before-video-012/frame_0054.jpg
before-video-012,frame_0055.jpg,strict_qmem_v2_T2K2_full,qmem,2,margin,0.05,0.0001,0.1,0.31191222570532917,0.4755077658303465,0.3225283630470016,0.9045454545454545,21595,7700,0.04464666452258825,0.00398145942017436,0.6053253412246704,0.9942218065261841,0.002392211463302374,0.435791015625,1.0,/kaggle/input/datasets/shuvroahmedimaging/ws2-eca/test_set/test_set/images/before/before-video-012/frame_0055.jpg,/kaggle/input/datasets/shuvroahmedimaging/ws2-eca/test_set/test_set/masks/before/before-video-012/frame_0055.jpg
before-video-012,frame_0056.jpg,strict_qmem_v2_T2K2_full,qmem,2,margin,0.05,0.0001,0.1,0.3294945617402431,0.4956689124157844,0.3586158872998018,0.8022768124625524,18669,8345,0.04464666452258825,0.00436529703438282,0.625865638256073,0.9938218593597412,0.0024488396011292934,0.4638671875,1.0001304149627686,/kaggle/input/datasets/shuvroahmedimaging/ws2-eca/test_set/test_set/images/before/before-video-012/frame_0056.jpg,/kaggle/input/datasets/shuvroahmedimaging/ws2-eca/test_set/test_set/masks/before/before-video-012/frame_0056.jpg
before-video-012,frame_0057.jpg,strict_qmem_v2_T2K2_full,qmem,2,margin,0.05,0.0001,0.1,0.33300400680608155,0.49962941612451617,0.3762947342306022,0.7432316550287884,16123,8163,0.04464666452258825,0.004015082493424416,0.611076831817627,0.9941559433937073,0.002415678696706891,0.443115234375,1.0,/kaggle/input/datasets/shuvroahmedimaging/ws2-eca/test_set/test_set/images/before/before-video-012/frame_0057.jpg,/kaggle/input/datasets/shuvroahmedimaging/ws2-eca/test_set/test_set/masks/before/before-video-012/frame_0057.jpg
before-video-012,frame_0058.jpg,strict_qmem_v2_T2K2_full,qmem,2,margin,0.05,0.0001,0.1,0.43195139000914123,0.6033045437476531,0.47594501718213056,0.8237284659557014,16878,9752,0.04464666452258825,0.0041253045201301575,0.6253985166549683,0.9940456748008728,0.0024331596214324236,0.464111328125,1.000292181968689,/kaggle/input/datasets/shuvroahmedimaging/ws2-eca/test_set/test_set/images/before/before-video-012/frame_0058.jpg,/kaggle/input/datasets/shuvroahmedimaging/ws2-eca/test_set/test_set/masks/before/before-video-012/frame_0058.jpg
before-video-012,frame_0059.jpg,strict_qmem_v2_T2K2_full,qmem,2,margin,0.05,0.0001,0.1,0.368166206857722,0.5381893004115227,0.4162052065431863,0.7613226219583188,15711,8589,0.04464666452258825,0.0038699950091540813,0.6449653506278992,0.9942958950996399,0.0024279975332319736,0.49169921875,1.00048828125,/kaggle/input/datasets/shuvroahmedimaging/ws2-eca/test_set/test_set/images/before/before-video-012/frame_0059.jpg,/kaggle/input/datasets/shuvroahmedimaging/ws2-eca/test_set/test_set/masks/before/before-video-012/frame_0059.jpg
before-video-012,frame_0060.jpg,strict_qmem_v2_T2K2_full,qmem,2,margin,0.05,0.0001,0.1,0.3119525014599961,0.4755545663624898,0.33874121439518046,0.7977598008711886,18923,8035,0.04464666452258825,0.004748597741127014,0.6460940837860107,0.9936635494232178,0.0024256794713437557,0.494140625,1.0,/kaggle/input/datasets/shuvroahmedimaging/ws2-eca/test_set/test_set/images/before/before-video-012/frame_0060.jpg,/kaggle/input/datasets/shuvroahmedimaging/ws2-eca/test_set/test_set/masks/before/before-video-012/frame_0060.jpg
before-video-012,frame_0061.jpg,strict_qmem_v2_T2K2_full,qmem,2,margin,0.05,0.0001,0.1,0.28297179584760457,0.44111927754523583,0.3290230591474507,0.6690661867626475,20339,10002,0.04464666452258825,0.005772313568741083,0.6209969520568848,0.9921940565109253,0.002577610546723008,0.45458984375,1.0014524459838867,/kaggle/input/datasets/shuvroahmedimaging/ws2-eca/test_set/test_set/images/before/before-video-012/frame_0061.jpg,/kaggle/input/datasets/shuvroahmedimaging/ws2-eca/test_set/test_set/masks/before/before-video-012/frame_0061.jpg
before-video-012,frame_0062.jpg,strict_qmem_v2_T2K2_full,qmem,2,margin,0.05,0.0001,0.1,0.2791836380968888,0.4365028284949697,0.3111357929302685,0.7310790877113356,20708,8813,0.04464666452258825,0.005311665125191212,0.5578526258468628,0.9923770427703857,0.002571937395259738,0.364013671875,1.000845193862915,/kaggle/input/datasets/shuvroahmedimaging/ws2-eca/test_set/test_set/images/before/before-video-012/frame_0062.jpg,/kaggle/input/datasets/shuvroahmedimaging/ws2-eca/test_set/test_set/masks/before/before-video-012/frame_0062.jpg
before-video-012,frame_0063.jpg,strict_qmem_v2_T2K2_full,qmem,2,margin,0.05,0.0001,0.1,0.29975402081362346,0.4612473068188435,0.3581731856206195,0.6476167116343717,22115,12231,0.04464666452258825,0.005230090115219355,0.579986572265625,0.9926148653030396,0.0025999024510383606,0.39501953125,1.0003777742385864,/kaggle/input/datasets/shuvroahmedimaging/ws2-eca/test_set/test_set/images/before/before-video-012/frame_0063.jpg,/kaggle/input/datasets/shuvroahmedimaging/ws2-eca/test_set/test_set/masks/before/before-video-012/frame_0063.jpg
before-video-012,frame_0064.jpg,strict_qmem_v2_T2K2_full,qmem,2,margin,0.05,0.0001,0.1,0.3827954094167536,0.5536544405773116,0.42229152743743964,0.8036458701335406,26934,14153,0.04464666452258825,0.00541333295404911,0.5738562345504761,0.9922037720680237,0.0025052225682884455,0.388671875,1.0008493661880493,/kaggle/input/datasets/shuvroahmedimaging/ws2-eca/test_set/test_set/images/before/before-video-012/frame_0064.jpg,/kaggle/input/datasets/shuvroahmedimaging/ws2-eca/test_set/test_set/masks/before/before-video-012/frame_0064.jpg
before-video-012,frame_0065.jpg,strict_qmem_v2_T2K2_full,qmem,2,margin,0.05,0.0001,0.1,0.3129436508632022,0.47670537978908023,0.35227384827858343,0.737048503611971,20274,9690,0.04464666452258825,0.003375231521204114,0.5622316002845764,0.9944464564323425,0.002513465005904436,0.37060546875,1.0,/kaggle/input/datasets/shuvroahmedimaging/ws2-eca/test_set/test_set/images/before/before-video-012/frame_0065.jpg,/kaggle/input/datasets/shuvroahmedimaging/ws2-eca/test_set/test_set/masks/before/before-video-012/frame_0065.jpg
before-video-012,frame_0066.jpg,strict_qmem_v2_T2K2_full,qmem,2,margin,0.05,0.0001,0.1,0.2760311806308399,0.43264018124443726,0.31702834104114785,0.6809730005094243,16866,7852,0.04464666452258825,0.0033092901576310396,0.642480731010437,0.9951304793357849,0.0024187227245420218,0.488525390625,1.0,/kaggle/input/datasets/shuvroahmedimaging/ws2-eca/test_set/test_set/images/before/before-video-012/frame_0066.jpg,/kaggle/input/datasets/shuvroahmedimaging/ws2-eca/test_set/test_set/masks/before/before-video-012/frame_0066.jpg
before-video-012,frame_0067.jpg,strict_qmem_v2_T2K2_full,qmem,2,margin,0.05,0.0001,0.1,0.3800236739755369,0.5507494996528203,0.4132393502911431,0.8254162585700294,16315,8168,0.04464666452258825,0.002983259502798319,0.6694530844688416,0.9956464767456055,0.002415542723610997,0.52783203125,1.0,/kaggle/input/datasets/shuvroahmedimaging/ws2-eca/test_set/test_set/images/before/before-video-012/frame_0067.jpg,/kaggle/input/datasets/shuvroahmedimaging/ws2-eca/test_set/test_set/masks/before/before-video-012/frame_0067.jpg
before-video-012,frame_0068.jpg,strict_qmem_v2_T2K2_full,qmem,2,margin,0.05,0.0001,0.1,0.5673251727063386,0.7239406124342715,0.6213166976373772,0.8671730270470545,15068,10796,0.04464666452258825,0.0033653017599135637,0.6546553373336792,0.9953516721725464,0.0023670587688684464,0.507568359375,1.0,/kaggle/input/datasets/shuvroahmedimaging/ws2-eca/test_set/test_set/images/before/before-video-012/frame_0068.jpg,/kaggle/input/datasets/shuvroahmedimaging/ws2-eca/test_set/test_set/masks/before/before-video-012/frame_0068.jpg
before-video-012,frame_0069.jpg,strict_qmem_v2_T2K2_full,qmem,2,margin,0.05,0.0001,0.1,0.5399133230812246,0.7012256014525647,0.574787914868284,0.898975791433892,20157,12888,0.04464666452258825,0.004937350749969482,0.6549849510192871,0.9935142993927002,0.0024001167621463537,0.5068359375,1.0,/kaggle/input/datasets/shuvroahmedimaging/ws2-eca/test_set/test_set/images/before/before-video-012/frame_0069.jpg,/kaggle/input/datasets/shuvroahmedimaging/ws2-eca/test_set/test_set/masks/before/before-video-012/frame_0069.jpg
before-video-012,frame_0070.jpg,strict_qmem_v2_T2K2_full,qmem,2,margin,0.05,0.0001,0.1,0.4366257382654647,0.6078489708706353,0.4474574921355473,0.9474704890387858,25113,11860,0.04464666452258825,0.005600573495030403,0.6172305941581726,0.9924342632293701,0.002598241902887821,0.448974609375,1.0,/kaggle/input/datasets/shuvroahmedimaging/ws2-eca/test_set/test_set/images/before/before-video-012/frame_0070.jpg,/kaggle/input/datasets/shuvroahmedimaging/ws2-eca/test_set/test_set/masks/before/before-video-012/frame_0070.jpg
before-video-012,frame_0071.jpg,strict_qmem_v2_T2K2_full,qmem,2,margin,0.05,0.0001,0.1,0.3368807588997314,0.5039802639945065,0.34503412731578215,0.9344525134395926,28716,10603,0.04464666452258825,0.005602958146482706,0.5879155397415161,0.9920501708984375,0.002648524008691311,0.4052734375,1.0003886222839355,/kaggle/input/datasets/shuvroahmedimaging/ws2-eca/test_set/test_set/images/before/before-video-012/frame_0071.jpg,/kaggle/input/datasets/shuvroahmedimaging/ws2-eca/test_set/test_set/masks/before/before-video-012/frame_0071.jpg
before-video-012,frame_0072.jpg,strict_qmem_v2_T2K2_full,qmem,2,margin,0.05,0.0001,0.1,0.33056935422239203,0.4968840642141237,0.33719207982538196,0.9439170758319695,25656,9165,0.04464666452258825,0.005103626288473606,0.5792414546012878,0.9924700856208801,0.0026417914777994156,0.39306640625,1.000124454498291,/kaggle/input/datasets/shuvroahmedimaging/ws2-eca/test_set/test_set/images/before/before-video-012/frame_0072.jpg,/kaggle/input/datasets/shuvroahmedimaging/ws2-eca/test_set/test_set/masks/before/before-video-012/frame_0072.jpg
before-video-013,frame_0001.jpg,strict_qmem_v2_T2K2_full,qmem,2,margin,0.05,0.0001,0.1,0.3918398501196961,0.5630530697709201,0.4046578287352203,0.9252068485295323,27910,12207,0.04464666452258825,0.0,0.0,0.0,0.0,0.0,0.0,/kaggle/input/datasets/shuvroahmedimaging/ws2-eca/test_set/test_set/images/before/before-video-013/frame_0001.jpg,/kaggle/input/datasets/shuvroahmedimaging/ws2-eca/test_set/test_set/masks/before/before-video-013/frame_0001.jpg
before-video-013,frame_0002.jpg,strict_qmem_v2_T2K2_full,qmem,2,margin,0.05,0.0001,0.1,0.30124155957307774,0.4630063608972213,0.3081093123421952,0.9311041292639138,26932,8912,0.04464666452258825,0.003980948124080896,0.5273177623748779,0.9932554960250854,0.0026342165656387806,0.318359375,1.0,/kaggle/input/datasets/shuvroahmedimaging/ws2-eca/test_set/test_set/images/before/before-video-013/frame_0002.jpg,/kaggle/input/datasets/shuvroahmedimaging/ws2-eca/test_set/test_set/masks/before/before-video-013/frame_0002.jpg
before-video-013,frame_0003.jpg,strict_qmem_v2_T2K2_full,qmem,2,margin,0.05,0.0001,0.1,0.3565560876708498,0.5256783569974489,0.381465275440368,0.8452104739807756,26739,12068,0.04464666452258825,0.004713930655270815,0.5647911429405212,0.992886483669281,0.0027198842726647854,0.370361328125,1.000269889831543,/kaggle/input/datasets/shuvroahmedimaging/ws2-eca/test_set/test_set/images/before/before-video-013/frame_0003.jpg,/kaggle/input/datasets/shuvroahmedimaging/ws2-eca/test_set/test_set/masks/before/before-video-013/frame_0003.jpg
before-video-013,frame_0004.jpg,strict_qmem_v2_T2K2_full,qmem,2,margin,0.05,0.0001,0.1,0.2639273356401384,0.4176305523235918,0.2878573450325502,0.7604685942173479,21198,8024,0.04464666452258825,0.004494206514209509,0.5688663721084595,0.9931662678718567,0.002523703733459115,0.380615234375,1.0,/kaggle/input/datasets/shuvroahmedimaging/ws2-eca/test_set/test_set/images/before/before-video-013/frame_0004.jpg,/kaggle/input/datasets/shuvroahmedimaging/ws2-eca/test_set/test_set/masks/before/before-video-013/frame_0004.jpg
before-video-013,frame_0005.jpg,strict_qmem_v2_T2K2_full,qmem,2,margin,0.05,0.0001,0.1,0.2902297373695842,0.4498884639898024,0.320124716553288,0.7565648445873526,17640,7464,0.04464666452258825,0.003874490037560463,0.5791877508163452,0.9942029714584351,0.0022884418722242117,0.39990234375,1.0,/kaggle/input/datasets/shuvroahmedimaging/ws2-eca/test_set/test_set/images/before/before-video-013/frame_0005.jpg,/kaggle/input/datasets/shuvroahmedimaging/ws2-eca/test_set/test_set/masks/before/before-video-013/frame_0005.jpg
before-video-013,frame_0006.jpg,strict_qmem_v2_T2K2_full,qmem,2,margin,0.05,0.0001,0.1,0.2988734835355286,0.4602041497097872,0.32794523152990396,0.7712432915921288,21034,8944,0.04464666452258825,0.0042542084120213985,0.6091396808624268,0.9941450357437134,0.0022792702075093985,0.443115234375,1.0,/kaggle/input/datasets/shuvroahmedimaging/ws2-eca/test_set/test_set/images/before/before-video-013/frame_0006.jpg,/kaggle/input/datasets/shuvroahmedimaging/ws2-eca/test_set/test_set/masks/before/before-video-013/frame_0006.jpg
before-video-013,frame_0007.jpg,strict_qmem_v2_T2K2_full,qmem,2,margin,0.05,0.0001,0.1,0.308322951412611,0.4713254492397481,0.3247132517882084,0.8593189964157706,23627,8928,0.04464666452258825,0.004929386079311371,0.5819124579429626,0.9932445287704468,0.0023466895800083876,0.402587890625,1.0,/kaggle/input/datasets/shuvroahmedimaging/ws2-eca/test_set/test_set/images/before/before-video-013/frame_0007.jpg,/kaggle/input/datasets/shuvroahmedimaging/ws2-eca/test_set/test_set/masks/before/before-video-013/frame_0007.jpg
before-video-013,frame_0008.jpg,strict_qmem_v2_T2K2_full,qmem,2,margin,0.05,0.0001,0.1,0.2116203242459922,0.3493178845075687,0.2200819479112702,0.8462513582035495,21233,5522,0.04464666452258825,0.004284466616809368,0.5563056468963623,0.9936907291412354,0.002416343428194523,0.3642578125,1.0,/kaggle/input/datasets/shuvroahmedimaging/ws2-eca/test_set/test_set/images/before/before-video-013/frame_0008.jpg,/kaggle/input/datasets/shuvroahmedimaging/ws2-eca/test_set/test_set/masks/before/before-video-013/frame_0008.jpg
before-video-013,frame_0009.jpg,strict_qmem_v2_T2K2_full,qmem,2,margin,0.05,0.0001,0.1,0.241809592276882,0.3894471322830087,0.25185858693908114,0.8583667517316806,18697,5486,0.04464666452258825,0.0036249118857085705,0.621229887008667,0.9946928024291992,0.002441607415676117,0.45751953125,1.0,/kaggle/input/datasets/shuvroahmedimaging/ws2-eca/test_set/test_set/images/before/before-video-013/frame_0009.jpg,/kaggle/input/datasets/shuvroahmedimaging/ws2-eca/test_set/test_set/masks/before/before-video-013/frame_0009.jpg
