video,frame,method,kind,memory_frames,confidence_mode,lambda_qmem,lambda_code,lambda_clean,iou,dice,precision,recall,pred_pixels,gt_pixels,threshold,mean_qmem_mismatch,mean_qmem_confidence,mean_top_similarity,mean_score_margin,same_code_rate,mean_selected_age,img_path,mask_path
before-video-000,frame_0001.jpg,strict_qmem_v2_T2K2_qmem_only_lambda0p02,qmem,2,margin,0.02,0.0,0.0,0.22158909604777316,0.3627882677811777,0.23099220680478996,0.8448036148766076,21044,5754,0.04138705995865166,0.0,0.0,0.0,0.0,0.0,0.0,/kaggle/input/datasets/shuvroahmedimaging/ws2-eca/test_set/test_set/images/before/before-video-000/frame_0001.jpg,/kaggle/input/datasets/shuvroahmedimaging/ws2-eca/test_set/test_set/masks/before/before-video-000/frame_0001.jpg
before-video-000,frame_0002.jpg,strict_qmem_v2_T2K2_qmem_only_lambda0p02,qmem,2,margin,0.02,0.0,0.0,0.2615973218555715,0.41470811220621684,0.2659565063649222,0.9410384735689709,22624,6394,0.04138705995865166,0.0316418819129467,0.6597382426261902,0.9611331224441528,0.006565675605088472,0.4814453125,1.009562611579895,/kaggle/input/datasets/shuvroahmedimaging/ws2-eca/test_set/test_set/images/before/before-video-000/frame_0002.jpg,/kaggle/input/datasets/shuvroahmedimaging/ws2-eca/test_set/test_set/masks/before/before-video-000/frame_0002.jpg
before-video-000,frame_0003.jpg,strict_qmem_v2_T2K2_qmem_only_lambda0p02,qmem,2,margin,0.02,0.0,0.0,0.3075204411485073,0.47038720232684966,0.31627065610638505,0.9174585165224791,20454,7051,0.04138705995865166,0.012627539224922657,0.6605665683746338,0.9780787825584412,0.0064239283092319965,0.45166015625,1.0223625898361206,/kaggle/input/datasets/shuvroahmedimaging/ws2-eca/test_set/test_set/images/before/before-video-000/frame_0003.jpg,/kaggle/input/datasets/shuvroahmedimaging/ws2-eca/test_set/test_set/masks/before/before-video-000/frame_0003.jpg
before-video-000,frame_0004.jpg,strict_qmem_v2_T2K2_qmem_only_lambda0p02,qmem,2,margin,0.02,0.0,0.0,0.2572387591752425,0.4092122634589996,0.2728161796346282,0.8183524994132833,25563,8522,0.04138705995865166,0.02051784284412861,0.6635545492172241,0.9677952527999878,0.008463030681014061,0.4462890625,1.0407257080078125,/kaggle/input/datasets/shuvroahmedimaging/ws2-eca/test_set/test_set/images/before/before-video-000/frame_0004.jpg,/kaggle/input/datasets/shuvroahmedimaging/ws2-eca/test_set/test_set/masks/before/before-video-000/frame_0004.jpg
before-video-000,frame_0005.jpg,strict_qmem_v2_T2K2_qmem_only_lambda0p02,qmem,2,margin,0.02,0.0,0.0,0.25410165674762747,0.4052329496264469,0.2843834383438344,0.7046949927511988,22220,8967,0.04138705995865166,0.014555094763636589,0.6297135353088379,0.9741493463516235,0.008556908927857876,0.393310546875,1.03364896774292,/kaggle/input/datasets/shuvroahmedimaging/ws2-eca/test_set/test_set/images/before/before-video-000/frame_0005.jpg,/kaggle/input/datasets/shuvroahmedimaging/ws2-eca/test_set/test_set/masks/before/before-video-000/frame_0005.jpg
before-video-000,frame_0006.jpg,strict_qmem_v2_T2K2_qmem_only_lambda0p02,qmem,2,margin,0.02,0.0,0.0,0.23585897017791788,0.3816923708438398,0.26029752859313765,0.7152747252747252,25006,9100,0.04138705995865166,0.014735742472112179,0.6103967428207397,0.9738372564315796,0.007438865955919027,0.376220703125,1.0362412929534912,/kaggle/input/datasets/shuvroahmedimaging/ws2-eca/test_set/test_set/images/before/before-video-000/frame_0006.jpg,/kaggle/input/datasets/shuvroahmedimaging/ws2-eca/test_set/test_set/masks/before/before-video-000/frame_0006.jpg
before-video-000,frame_0007.jpg,strict_qmem_v2_T2K2_qmem_only_lambda0p02,qmem,2,margin,0.02,0.0,0.0,0.22130578894627304,0.36240848270638726,0.2389115419821919,0.7501959759602822,24034,7654,0.04138705995865166,0.011537779122591019,0.628113865852356,0.9786569476127625,0.006620186381042004,0.409912109375,1.023388385772705,/kaggle/input/datasets/shuvroahmedimaging/ws2-eca/test_set/test_set/images/before/before-video-000/frame_0007.jpg,/kaggle/input/datasets/shuvroahmedimaging/ws2-eca/test_set/test_set/masks/before/before-video-000/frame_0007.jpg
before-video-000,frame_0008.jpg,strict_qmem_v2_T2K2_qmem_only_lambda0p02,qmem,2,margin,0.02,0.0,0.0,0.18929342795433507,0.3183292255804903,0.20348258706467662,0.7307921381774866,24120,6716,0.04138705995865166,0.01253639254719019,0.6418914198875427,0.9788171052932739,0.007577585056424141,0.413330078125,1.0150612592697144,/kaggle/input/datasets/shuvroahmedimaging/ws2-eca/test_set/test_set/images/before/before-video-000/frame_0008.jpg,/kaggle/input/datasets/shuvroahmedimaging/ws2-eca/test_set/test_set/masks/before/before-video-000/frame_0008.jpg
before-video-000,frame_0009.jpg,strict_qmem_v2_T2K2_qmem_only_lambda0p02,qmem,2,margin,0.02,0.0,0.0,0.2640408739085675,0.4177726833976834,0.2799110751818917,0.8232287208749406,24740,8412,0.04138705995865166,0.011393729597330093,0.6389424800872803,0.9791961312294006,0.009129033423960209,0.40087890625,1.0137059688568115,/kaggle/input/datasets/shuvroahmedimaging/ws2-eca/test_set/test_set/images/before/before-video-000/frame_0009.jpg,/kaggle/input/datasets/shuvroahmedimaging/ws2-eca/test_set/test_set/masks/before/before-video-000/frame_0009.jpg
before-video-000,frame_0010.jpg,strict_qmem_v2_T2K2_qmem_only_lambda0p02,qmem,2,margin,0.02,0.0,0.0,0.32870512166071125,0.49477512549943653,0.3642981066606321,0.7708699122106943,26514,12530,0.04138705995865166,0.015262234956026077,0.648932933807373,0.9743293523788452,0.008830426260828972,0.41015625,1.0120145082473755,/kaggle/input/datasets/shuvroahmedimaging/ws2-eca/test_set/test_set/images/before/before-video-000/frame_0010.jpg,/kaggle/input/datasets/shuvroahmedimaging/ws2-eca/test_set/test_set/masks/before/before-video-000/frame_0010.jpg
before-video-000,frame_0011.jpg,strict_qmem_v2_T2K2_qmem_only_lambda0p02,qmem,2,margin,0.02,0.0,0.0,0.36398821756404987,0.5337116741581498,0.3770445272307965,0.9131294036776079,28185,11638,0.04138705995865166,0.014981549233198166,0.6319551467895508,0.9740715622901917,0.008720234036445618,0.384765625,1.0134375095367432,/kaggle/input/datasets/shuvroahmedimaging/ws2-eca/test_set/test_set/images/before/before-video-000/frame_0011.jpg,/kaggle/input/datasets/shuvroahmedimaging/ws2-eca/test_set/test_set/masks/before/before-video-000/frame_0011.jpg
before-video-000,frame_0012.jpg,strict_qmem_v2_T2K2_qmem_only_lambda0p02,qmem,2,margin,0.02,0.0,0.0,0.4310786485738023,0.6024527708570184,0.4470651588583737,0.92340204656681,27855,13486,0.04138705995865166,0.01393758412450552,0.6621342301368713,0.9754992127418518,0.009414850734174252,0.4267578125,1.0119736194610596,/kaggle/input/datasets/shuvroahmedimaging/ws2-eca/test_set/test_set/images/before/before-video-000/frame_0012.jpg,/kaggle/input/datasets/shuvroahmedimaging/ws2-eca/test_set/test_set/masks/before/before-video-000/frame_0012.jpg
before-video-000,frame_0013.jpg,strict_qmem_v2_T2K2_qmem_only_lambda0p02,qmem,2,margin,0.02,0.0,0.0,0.37153572098256143,0.5417805971781691,0.3936504152262884,0.8686540990793512,25167,11405,0.04138705995865166,0.0099168810993433,0.6823857426643372,0.9808852076530457,0.0075715770944952965,0.46533203125,1.0123586654663086,/kaggle/input/datasets/shuvroahmedimaging/ws2-eca/test_set/test_set/images/before/before-video-000/frame_0013.jpg,/kaggle/input/datasets/shuvroahmedimaging/ws2-eca/test_set/test_set/masks/before/before-video-000/frame_0013.jpg
before-video-000,frame_0014.jpg,strict_qmem_v2_T2K2_qmem_only_lambda0p02,qmem,2,margin,0.02,0.0,0.0,0.34820566462825875,0.5165468055265435,0.3719860746980702,0.8448848106208512,23267,10244,0.04138705995865166,0.009946810081601143,0.68990558385849,0.9813529849052429,0.007167798932641745,0.479736328125,1.0130234956741333,/kaggle/input/datasets/shuvroahmedimaging/ws2-eca/test_set/test_set/images/before/before-video-000/frame_0014.jpg,/kaggle/input/datasets/shuvroahmedimaging/ws2-eca/test_set/test_set/masks/before/before-video-000/frame_0014.jpg
before-video-000,frame_0015.jpg,strict_qmem_v2_T2K2_qmem_only_lambda0p02,qmem,2,margin,0.02,0.0,0.0,0.3342711117362967,0.501054259207197,0.35116496724299295,0.8741876149601472,20301,8155,0.04138705995865166,0.009289917536079884,0.6713730096817017,0.9818200469017029,0.006341251544654369,0.467529296875,1.0215811729431152,/kaggle/input/datasets/shuvroahmedimaging/ws2-eca/test_set/test_set/images/before/before-video-000/frame_0015.jpg,/kaggle/input/datasets/shuvroahmedimaging/ws2-eca/test_set/test_set/masks/before/before-video-000/frame_0015.jpg
before-video-000,frame_0016.jpg,strict_qmem_v2_T2K2_qmem_only_lambda0p02,qmem,2,margin,0.02,0.0,0.0,0.3086918708753261,0.4717563816895352,0.3281309478492577,0.8389877641824249,18389,7192,0.04138705995865166,0.009542811661958694,0.6963464617729187,0.9829214215278625,0.006233160383999348,0.5078125,1.010820984840393,/kaggle/input/datasets/shuvroahmedimaging/ws2-eca/test_set/test_set/images/before/before-video-000/frame_0016.jpg,/kaggle/input/datasets/shuvroahmedimaging/ws2-eca/test_set/test_set/masks/before/before-video-000/frame_0016.jpg
before-video-000,frame_0017.jpg,strict_qmem_v2_T2K2_qmem_only_lambda0p02,qmem,2,margin,0.02,0.0,0.0,0.24463702990424224,0.39310581965099284,0.27022395556343437,0.7209522308056124,16923,6343,0.04138705995865166,0.00999485608190298,0.6905513405799866,0.9828708171844482,0.006255133543163538,0.505126953125,1.0114657878875732,/kaggle/input/datasets/shuvroahmedimaging/ws2-eca/test_set/test_set/images/before/before-video-000/frame_0017.jpg,/kaggle/input/datasets/shuvroahmedimaging/ws2-eca/test_set/test_set/masks/before/before-video-000/frame_0017.jpg
before-video-000,frame_0018.jpg,strict_qmem_v2_T2K2_qmem_only_lambda0p02,qmem,2,margin,0.02,0.0,0.0,0.3743011080614008,0.5447148457726163,0.42094432376814905,0.7715842414082146,17494,9544,0.04138705995865166,0.014638874679803848,0.6645936369895935,0.9758543372154236,0.008266114629805088,0.449462890625,1.0244123935699463,/kaggle/input/datasets/shuvroahmedimaging/ws2-eca/test_set/test_set/images/before/before-video-000/frame_0018.jpg,/kaggle/input/datasets/shuvroahmedimaging/ws2-eca/test_set/test_set/masks/before/before-video-000/frame_0018.jpg
before-video-000,frame_0019.jpg,strict_qmem_v2_T2K2_qmem_only_lambda0p02,qmem,2,margin,0.02,0.0,0.0,0.48074463549808155,0.6493282149712092,0.5077800570370741,0.9002927348531891,19987,11273,0.04138705995865166,0.015077712014317513,0.6795896291732788,0.9759751558303833,0.008744255639612675,0.468994140625,1.0189021825790405,/kaggle/input/datasets/shuvroahmedimaging/ws2-eca/test_set/test_set/images/before/before-video-000/frame_0019.jpg,/kaggle/input/datasets/shuvroahmedimaging/ws2-eca/test_set/test_set/masks/before/before-video-000/frame_0019.jpg
before-video-000,frame_0020.jpg,strict_qmem_v2_T2K2_qmem_only_lambda0p02,qmem,2,margin,0.02,0.0,0.0,0.5007078614257162,0.6672955800338504,0.5289201671431714,0.9037276416654141,22735,13306,0.04138705995865166,0.0200607068836689,0.6811448335647583,0.9685604572296143,0.01086004450917244,0.454833984375,1.035380244255066,/kaggle/input/datasets/shuvroahmedimaging/ws2-eca/test_set/test_set/images/before/before-video-000/frame_0020.jpg,/kaggle/input/datasets/shuvroahmedimaging/ws2-eca/test_set/test_set/masks/before/before-video-000/frame_0020.jpg
before-video-000,frame_0021.jpg,strict_qmem_v2_T2K2_qmem_only_lambda0p02,qmem,2,margin,0.02,0.0,0.0,0.5315371926792868,0.6941224740999077,0.6046283059328091,0.8147122562003372,22384,16612,0.04138705995865166,0.017571551725268364,0.6753913164138794,0.970704197883606,0.009801111184060574,0.44873046875,1.0295073986053467,/kaggle/input/datasets/shuvroahmedimaging/ws2-eca/test_set/test_set/images/before/before-video-000/frame_0021.jpg,/kaggle/input/datasets/shuvroahmedimaging/ws2-eca/test_set/test_set/masks/before/before-video-000/frame_0021.jpg
before-video-000,frame_0022.jpg,strict_qmem_v2_T2K2_qmem_only_lambda0p02,qmem,2,margin,0.02,0.0,0.0,0.47784746780543136,0.646680362101271,0.586815798098984,0.7201468148222636,24408,19889,0.04138705995865166,0.017820360139012337,0.6670492887496948,0.9708799123764038,0.01060732826590538,0.427490234375,1.0240147113800049,/kaggle/input/datasets/shuvroahmedimaging/ws2-eca/test_set/test_set/images/before/before-video-000/frame_0022.jpg,/kaggle/input/datasets/shuvroahmedimaging/ws2-eca/test_set/test_set/masks/before/before-video-000/frame_0022.jpg
before-video-000,frame_0023.jpg,strict_qmem_v2_T2K2_qmem_only_lambda0p02,qmem,2,margin,0.02,0.0,0.0,0.4041127849620051,0.5756129981722804,0.5028825017626809,0.6729381729381729,24111,18018,0.04138705995865166,0.015445335768163204,0.6475366353988647,0.9734047651290894,0.008077111095190048,0.412353515625,1.027260184288025,/kaggle/input/datasets/shuvroahmedimaging/ws2-eca/test_set/test_set/images/before/before-video-000/frame_0023.jpg,/kaggle/input/datasets/shuvroahmedimaging/ws2-eca/test_set/test_set/masks/before/before-video-000/frame_0023.jpg
before-video-000,frame_0024.jpg,strict_qmem_v2_T2K2_qmem_only_lambda0p02,qmem,2,margin,0.02,0.0,0.0,0.42136315922829115,0.5929000713048793,0.5521772127881606,0.6401077752117013,21082,18186,0.04138705995865166,0.015902837738394737,0.6427215337753296,0.9730249643325806,0.008754242211580276,0.410888671875,1.0295828580856323,/kaggle/input/datasets/shuvroahmedimaging/ws2-eca/test_set/test_set/images/before/before-video-000/frame_0024.jpg,/kaggle/input/datasets/shuvroahmedimaging/ws2-eca/test_set/test_set/masks/before/before-video-000/frame_0024.jpg
before-video-000,frame_0025.jpg,strict_qmem_v2_T2K2_qmem_only_lambda0p02,qmem,2,margin,0.02,0.0,0.0,0.41231485723011146,0.5838851798794497,0.5163248721258187,0.6717875357631546,20919,16078,0.04138705995865166,0.018444553017616272,0.654280424118042,0.9703615307807922,0.008033474907279015,0.426513671875,1.0331624746322632,/kaggle/input/datasets/shuvroahmedimaging/ws2-eca/test_set/test_set/images/before/before-video-000/frame_0025.jpg,/kaggle/input/datasets/shuvroahmedimaging/ws2-eca/test_set/test_set/masks/before/before-video-000/frame_0025.jpg
before-video-000,frame_0026.jpg,strict_qmem_v2_T2K2_qmem_only_lambda0p02,qmem,2,margin,0.02,0.0,0.0,0.42168674698795183,0.5932203389830508,0.4665485531089176,0.8143130614048004,23706,13582,0.04138705995865166,0.020411325618624687,0.6635569930076599,0.9677527546882629,0.009436361491680145,0.432861328125,1.0385611057281494,/kaggle/input/datasets/shuvroahmedimaging/ws2-eca/test_set/test_set/images/before/before-video-000/frame_0026.jpg,/kaggle/input/datasets/shuvroahmedimaging/ws2-eca/test_set/test_set/masks/before/before-video-000/frame_0026.jpg
before-video-000,frame_0027.jpg,strict_qmem_v2_T2K2_qmem_only_lambda0p02,qmem,2,margin,0.02,0.0,0.0,0.35100358124427417,0.5196190241346361,0.36799825365640687,0.8837282449150765,22905,9538,0.04138705995865166,0.012752263806760311,0.6448482871055603,0.9763861894607544,0.007367575075477362,0.419189453125,1.0252525806427002,/kaggle/input/datasets/shuvroahmedimaging/ws2-eca/test_set/test_set/images/before/before-video-000/frame_0027.jpg,/kaggle/input/datasets/shuvroahmedimaging/ws2-eca/test_set/test_set/masks/before/before-video-000/frame_0027.jpg
before-video-000,frame_0028.jpg,strict_qmem_v2_T2K2_qmem_only_lambda0p02,qmem,2,margin,0.02,0.0,0.0,0.19637227380695313,0.32827954660313335,0.20426774483378257,0.8355384049981625,22260,5442,0.04138705995865166,0.01206414494663477,0.6585244536399841,0.9790830612182617,0.00724271684885025,0.447509765625,1.0160284042358398,/kaggle/input/datasets/shuvroahmedimaging/ws2-eca/test_set/test_set/images/before/before-video-000/frame_0028.jpg,/kaggle/input/datasets/shuvroahmedimaging/ws2-eca/test_set/test_set/masks/before/before-video-000/frame_0028.jpg
before-video-000,frame_0029.jpg,strict_qmem_v2_T2K2_qmem_only_lambda0p02,qmem,2,margin,0.02,0.0,0.0,0.17687754347021828,0.30058784697117347,0.18480865867800542,0.804746675643831,25870,5941,0.04138705995865166,0.01347740925848484,0.6462934017181396,0.9776058793067932,0.007178442552685738,0.419677734375,1.014845371246338,/kaggle/input/datasets/shuvroahmedimaging/ws2-eca/test_set/test_set/images/before/before-video-000/frame_0029.jpg,/kaggle/input/datasets/shuvroahmedimaging/ws2-eca/test_set/test_set/masks/before/before-video-000/frame_0029.jpg
before-video-000,frame_0030.jpg,strict_qmem_v2_T2K2_qmem_only_lambda0p02,qmem,2,margin,0.02,0.0,0.0,0.2020539337139574,0.3361811447006811,0.21133478554796065,0.8214598540145985,26626,6850,0.04138705995865166,0.012071148492395878,0.6523584723472595,0.9791392087936401,0.0076671745628118515,0.426025390625,1.0078504085540771,/kaggle/input/datasets/shuvroahmedimaging/ws2-eca/test_set/test_set/images/before/before-video-000/frame_0030.jpg,/kaggle/input/datasets/shuvroahmedimaging/ws2-eca/test_set/test_set/masks/before/before-video-000/frame_0030.jpg
before-video-000,frame_0031.jpg,strict_qmem_v2_T2K2_qmem_only_lambda0p02,qmem,2,margin,0.02,0.0,0.0,0.24346699000710792,0.3915938130464022,0.2541795800776987,0.852437417654809,22909,6831,0.04138705995865166,0.01090852078050375,0.6585568785667419,0.9798874855041504,0.00725542102009058,0.437255859375,1.0158897638320923,/kaggle/input/datasets/shuvroahmedimaging/ws2-eca/test_set/test_set/images/before/before-video-000/frame_0031.jpg,/kaggle/input/datasets/shuvroahmedimaging/ws2-eca/test_set/test_set/masks/before/before-video-000/frame_0031.jpg
before-video-000,frame_0032.jpg,strict_qmem_v2_T2K2_qmem_only_lambda0p02,qmem,2,margin,0.02,0.0,0.0,0.27105572918780696,0.426504869870669,0.29053730693930824,0.8016806722689076,22985,8330,0.04138705995865166,0.013695625588297844,0.6681041717529297,0.9771652817726135,0.00697453785687685,0.45556640625,1.0154485702514648,/kaggle/input/datasets/shuvroahmedimaging/ws2-eca/test_set/test_set/images/before/before-video-000/frame_0032.jpg,/kaggle/input/datasets/shuvroahmedimaging/ws2-eca/test_set/test_set/masks/before/before-video-000/frame_0032.jpg
before-video-000,frame_0033.jpg,strict_qmem_v2_T2K2_qmem_only_lambda0p02,qmem,2,margin,0.02,0.0,0.0,0.27589636930867656,0.43247457386867005,0.2950248996760625,0.8097133757961783,20683,7536,0.04138705995865166,0.015036169439554214,0.6640925407409668,0.9761494398117065,0.007241071201860905,0.448974609375,1.0158195495605469,/kaggle/input/datasets/shuvroahmedimaging/ws2-eca/test_set/test_set/images/before/before-video-000/frame_0033.jpg,/kaggle/input/datasets/shuvroahmedimaging/ws2-eca/test_set/test_set/masks/before/before-video-000/frame_0033.jpg
before-video-000,frame_0034.jpg,strict_qmem_v2_T2K2_qmem_only_lambda0p02,qmem,2,margin,0.02,0.0,0.0,0.2096172517757678,0.3465844282032867,0.22183765074901304,0.7918918918918919,18491,5180,0.04138705995865166,0.01465228945016861,0.6547425389289856,0.9773448705673218,0.0058500817976891994,0.45263671875,1.0185339450836182,/kaggle/input/datasets/shuvroahmedimaging/ws2-eca/test_set/test_set/images/before/before-video-000/frame_0034.jpg,/kaggle/input/datasets/shuvroahmedimaging/ws2-eca/test_set/test_set/masks/before/before-video-000/frame_0034.jpg
before-video-000,frame_0035.jpg,strict_qmem_v2_T2K2_qmem_only_lambda0p02,qmem,2,margin,0.02,0.0,0.0,0.18385305929600756,0.3106011474183088,0.18972452462213554,0.8559252130877096,16408,3637,0.04138705995865166,0.013596613891422749,0.6912725567817688,0.979662299156189,0.005828769411891699,0.51123046875,1.017185091972351,/kaggle/input/datasets/shuvroahmedimaging/ws2-eca/test_set/test_set/images/before/before-video-000/frame_0035.jpg,/kaggle/input/datasets/shuvroahmedimaging/ws2-eca/test_set/test_set/masks/before/before-video-000/frame_0035.jpg
before-video-000,frame_0036.jpg,strict_qmem_v2_T2K2_qmem_only_lambda0p02,qmem,2,margin,0.02,0.0,0.0,0.20596665691722726,0.34157935584012417,0.21298088555528671,0.8621449559255632,16532,4084,0.04138705995865166,0.017997559159994125,0.7083995342254639,0.97523432970047,0.005981643684208393,0.542236328125,1.013479471206665,/kaggle/input/datasets/shuvroahmedimaging/ws2-eca/test_set/test_set/images/before/before-video-000/frame_0036.jpg,/kaggle/input/datasets/shuvroahmedimaging/ws2-eca/test_set/test_set/masks/before/before-video-000/frame_0036.jpg
before-video-000,frame_0037.jpg,strict_qmem_v2_T2K2_qmem_only_lambda0p02,qmem,2,margin,0.02,0.0,0.0,0.15030946065428824,0.26133743274404303,0.15950673547349373,0.7227452171272396,14921,3293,0.04138705995865166,0.014991599135100842,0.7008002400398254,0.9786739349365234,0.005694383755326271,0.53369140625,1.0159430503845215,/kaggle/input/datasets/shuvroahmedimaging/ws2-eca/test_set/test_set/images/before/before-video-000/frame_0037.jpg,/kaggle/input/datasets/shuvroahmedimaging/ws2-eca/test_set/test_set/masks/before/before-video-000/frame_0037.jpg
before-video-000,frame_0038.jpg,strict_qmem_v2_T2K2_qmem_only_lambda0p02,qmem,2,margin,0.02,0.0,0.0,0.23389880658842094,0.37912153790815717,0.23903840338675536,0.9158138636802472,19842,5179,0.04138705995865166,0.01429782249033451,0.6972250938415527,0.9784584045410156,0.006510624662041664,0.51416015625,1.015384316444397,/kaggle/input/datasets/shuvroahmedimaging/ws2-eca/test_set/test_set/images/before/before-video-000/frame_0038.jpg,/kaggle/input/datasets/shuvroahmedimaging/ws2-eca/test_set/test_set/masks/before/before-video-000/frame_0038.jpg
before-video-000,frame_0039.jpg,strict_qmem_v2_T2K2_qmem_only_lambda0p02,qmem,2,margin,0.02,0.0,0.0,0.28088314042097456,0.4385773089786468,0.2921468660297331,0.8793036750483559,23341,7755,0.04138705995865166,0.013420576229691505,0.6770962476730347,0.9779316186904907,0.007149163633584976,0.4697265625,1.017298936843872,/kaggle/input/datasets/shuvroahmedimaging/ws2-eca/test_set/test_set/images/before/before-video-000/frame_0039.jpg,/kaggle/input/datasets/shuvroahmedimaging/ws2-eca/test_set/test_set/masks/before/before-video-000/frame_0039.jpg
before-video-000,frame_0040.jpg,strict_qmem_v2_T2K2_qmem_only_lambda0p02,qmem,2,margin,0.02,0.0,0.0,0.2268291127128915,0.36978110539177456,0.23897849462365592,0.8169078796232483,29760,8706,0.04138705995865166,0.015769369900226593,0.6561203002929688,0.9735656976699829,0.008014683611690998,0.429931640625,1.0219019651412964,/kaggle/input/datasets/shuvroahmedimaging/ws2-eca/test_set/test_set/images/before/before-video-000/frame_0040.jpg,/kaggle/input/datasets/shuvroahmedimaging/ws2-eca/test_set/test_set/masks/before/before-video-000/frame_0040.jpg
before-video-000,frame_0041.jpg,strict_qmem_v2_T2K2_qmem_only_lambda0p02,qmem,2,margin,0.02,0.0,0.0,0.2623864642423845,0.41569910906776797,0.2890687089083159,0.7397614865489507,27682,10817,0.04138705995865166,0.011366013437509537,0.6493409872055054,0.9775276184082031,0.007941027171909809,0.4052734375,1.016484022140503,/kaggle/input/datasets/shuvroahmedimaging/ws2-eca/test_set/test_set/images/before/before-video-000/frame_0041.jpg,/kaggle/input/datasets/shuvroahmedimaging/ws2-eca/test_set/test_set/masks/before/before-video-000/frame_0041.jpg
before-video-000,frame_0042.jpg,strict_qmem_v2_T2K2_qmem_only_lambda0p02,qmem,2,margin,0.02,0.0,0.0,0.27397385780601025,0.4301090734747693,0.2983868285381673,0.7700429184549357,30065,11650,0.04138705995865166,0.01492212899029255,0.6338396072387695,0.9734160900115967,0.009094900451600552,0.379638671875,1.0209558010101318,/kaggle/input/datasets/shuvroahmedimaging/ws2-eca/test_set/test_set/images/before/before-video-000/frame_0042.jpg,/kaggle/input/datasets/shuvroahmedimaging/ws2-eca/test_set/test_set/masks/before/before-video-000/frame_0042.jpg
before-video-000,frame_0043.jpg,strict_qmem_v2_T2K2_qmem_only_lambda0p02,qmem,2,margin,0.02,0.0,0.0,0.28599744675132704,0.4447869589069725,0.324601540456036,0.7062971874222186,26226,12053,0.04138705995865166,0.014116792008280754,0.6331485509872437,0.9736606478691101,0.009400669485330582,0.375,1.0195847749710083,/kaggle/input/datasets/shuvroahmedimaging/ws2-eca/test_set/test_set/images/before/before-video-000/frame_0043.jpg,/kaggle/input/datasets/shuvroahmedimaging/ws2-eca/test_set/test_set/masks/before/before-video-000/frame_0043.jpg
before-video-000,frame_0044.jpg,strict_qmem_v2_T2K2_qmem_only_lambda0p02,qmem,2,margin,0.02,0.0,0.0,0.2979334800684764,0.45908898205285226,0.31791492693110646,0.8257922386036265,30656,11802,0.04138705995865166,0.01666347309947014,0.638248085975647,0.9693388938903809,0.009535517543554306,0.37548828125,1.0369054079055786,/kaggle/input/datasets/shuvroahmedimaging/ws2-eca/test_set/test_set/images/before/before-video-000/frame_0044.jpg,/kaggle/input/datasets/shuvroahmedimaging/ws2-eca/test_set/test_set/masks/before/before-video-000/frame_0044.jpg
before-video-000,frame_0045.jpg,strict_qmem_v2_T2K2_qmem_only_lambda0p02,qmem,2,margin,0.02,0.0,0.0,0.33088966555849175,0.49724582603868656,0.3541343551379132,0.8344679326406306,32883,13955,0.04138705995865166,0.016053350642323494,0.6149477362632751,0.9682670831680298,0.010212501510977745,0.340576171875,1.0439194440841675,/kaggle/input/datasets/shuvroahmedimaging/ws2-eca/test_set/test_set/images/before/before-video-000/frame_0045.jpg,/kaggle/input/datasets/shuvroahmedimaging/ws2-eca/test_set/test_set/masks/before/before-video-000/frame_0045.jpg
before-video-000,frame_0046.jpg,strict_qmem_v2_T2K2_qmem_only_lambda0p02,qmem,2,margin,0.02,0.0,0.0,0.3169765650786665,0.48137009189640767,0.329841433396302,0.890434245093494,34938,12942,0.04138705995865166,0.014200562611222267,0.6498593091964722,0.9709511995315552,0.009323620237410069,0.40185546875,1.0380038022994995,/kaggle/input/datasets/shuvroahmedimaging/ws2-eca/test_set/test_set/images/before/before-video-000/frame_0046.jpg,/kaggle/input/datasets/shuvroahmedimaging/ws2-eca/test_set/test_set/masks/before/before-video-000/frame_0046.jpg
before-video-000,frame_0047.jpg,strict_qmem_v2_T2K2_qmem_only_lambda0p02,qmem,2,margin,0.02,0.0,0.0,0.28509481784590956,0.44369460352161205,0.3010544645448389,0.8432080924855492,31011,11072,0.04138705995865166,0.012178907170891762,0.6308927536010742,0.9751273393630981,0.007810099981725216,0.384033203125,1.0287858247756958,/kaggle/input/datasets/shuvroahmedimaging/ws2-eca/test_set/test_set/images/before/before-video-000/frame_0047.jpg,/kaggle/input/datasets/shuvroahmedimaging/ws2-eca/test_set/test_set/masks/before/before-video-000/frame_0047.jpg
before-video-000,frame_0048.jpg,strict_qmem_v2_T2K2_qmem_only_lambda0p02,qmem,2,margin,0.02,0.0,0.0,0.215629155848268,0.3547614086267972,0.231310077782684,0.7608088481733885,29441,8951,0.04138705995865166,0.012306276708841324,0.6383004188537598,0.9762941598892212,0.007686559110879898,0.4013671875,1.0263171195983887,/kaggle/input/datasets/shuvroahmedimaging/ws2-eca/test_set/test_set/images/before/before-video-000/frame_0048.jpg,/kaggle/input/datasets/shuvroahmedimaging/ws2-eca/test_set/test_set/masks/before/before-video-000/frame_0048.jpg
before-video-000,frame_0049.jpg,strict_qmem_v2_T2K2_qmem_only_lambda0p02,qmem,2,margin,0.02,0.0,0.0,0.2665071770334928,0.4208537967510389,0.2842665500145815,0.81009765219198,27432,9626,0.04138705995865166,0.01233524177223444,0.626572847366333,0.977977991104126,0.00765298493206501,0.3876953125,1.0152337551116943,/kaggle/input/datasets/shuvroahmedimaging/ws2-eca/test_set/test_set/images/before/before-video-000/frame_0049.jpg,/kaggle/input/datasets/shuvroahmedimaging/ws2-eca/test_set/test_set/masks/before/before-video-000/frame_0049.jpg
before-video-000,frame_0050.jpg,strict_qmem_v2_T2K2_qmem_only_lambda0p02,qmem,2,margin,0.02,0.0,0.0,0.2551573078454799,0.40657422978075325,0.2778645155694336,0.7574181345312685,23058,8459,0.04138705995865166,0.011594688519835472,0.6355628967285156,0.979839563369751,0.007572077214717865,0.4072265625,1.0070648193359375,/kaggle/input/datasets/shuvroahmedimaging/ws2-eca/test_set/test_set/images/before/before-video-000/frame_0050.jpg,/kaggle/input/datasets/shuvroahmedimaging/ws2-eca/test_set/test_set/masks/before/before-video-000/frame_0050.jpg
before-video-000,frame_0051.jpg,strict_qmem_v2_T2K2_qmem_only_lambda0p02,qmem,2,margin,0.02,0.0,0.0,0.254234320976848,0.4054016330518529,0.27384151228020553,0.7802552048354601,21213,7445,0.04138705995865166,0.009777935221791267,0.6452573537826538,0.9820804595947266,0.006827665027230978,0.430908203125,1.0088329315185547,/kaggle/input/datasets/shuvroahmedimaging/ws2-eca/test_set/test_set/images/before/before-video-000/frame_0051.jpg,/kaggle/input/datasets/shuvroahmedimaging/ws2-eca/test_set/test_set/masks/before/before-video-000/frame_0051.jpg
before-video-000,frame_0052.jpg,strict_qmem_v2_T2K2_qmem_only_lambda0p02,qmem,2,margin,0.02,0.0,0.0,0.31627296587926507,0.48055832502492524,0.3300122768911134,0.8836768238715388,21178,7909,0.04138705995865166,0.01167977787554264,0.6797460317611694,0.9802948236465454,0.006920292507857084,0.47998046875,1.0128545761108398,/kaggle/input/datasets/shuvroahmedimaging/ws2-eca/test_set/test_set/images/before/before-video-000/frame_0052.jpg,/kaggle/input/datasets/shuvroahmedimaging/ws2-eca/test_set/test_set/masks/before/before-video-000/frame_0052.jpg
before-video-000,frame_0053.jpg,strict_qmem_v2_T2K2_qmem_only_lambda0p02,qmem,2,margin,0.02,0.0,0.0,0.31631463607963817,0.480606425560554,0.33410490027086925,0.85591723441837,20305,7926,0.04138705995865166,0.01048985030502081,0.6860817670822144,0.9819558262825012,0.007192827295511961,0.490478515625,1.0113060474395752,/kaggle/input/datasets/shuvroahmedimaging/ws2-eca/test_set/test_set/images/before/before-video-000/frame_0053.jpg,/kaggle/input/datasets/shuvroahmedimaging/ws2-eca/test_set/test_set/masks/before/before-video-000/frame_0053.jpg
before-video-000,frame_0054.jpg,strict_qmem_v2_T2K2_qmem_only_lambda0p02,qmem,2,margin,0.02,0.0,0.0,0.30044385490536196,0.4620635543350333,0.31932545277084917,0.8355561861520999,18442,7048,0.04138705995865166,0.007763026747852564,0.6841247081756592,0.9850546717643738,0.006376367993652821,0.491943359375,1.0078942775726318,/kaggle/input/datasets/shuvroahmedimaging/ws2-eca/test_set/test_set/images/before/before-video-000/frame_0054.jpg,/kaggle/input/datasets/shuvroahmedimaging/ws2-eca/test_set/test_set/masks/before/before-video-000/frame_0054.jpg
before-video-000,frame_0055.jpg,strict_qmem_v2_T2K2_qmem_only_lambda0p02,qmem,2,margin,0.02,0.0,0.0,0.2944705416265776,0.454966771598461,0.30398457583547556,0.9039263377345379,17116,5756,0.04138705995865166,0.006669977214187384,0.6985058784484863,0.9870747327804565,0.005953080952167511,0.513427734375,1.0048456192016602,/kaggle/input/datasets/shuvroahmedimaging/ws2-eca/test_set/test_set/images/before/before-video-000/frame_0055.jpg,/kaggle/input/datasets/shuvroahmedimaging/ws2-eca/test_set/test_set/masks/before/before-video-000/frame_0055.jpg
before-video-000,frame_0056.jpg,strict_qmem_v2_T2K2_qmem_only_lambda0p02,qmem,2,margin,0.02,0.0,0.0,0.3172385573157187,0.4816721398775184,0.3234592919299082,0.9428422515635858,16778,5756,0.04138705995865166,0.005790058523416519,0.6926518082618713,0.9880912899971008,0.0055541787296533585,0.51123046875,1.0035789012908936,/kaggle/input/datasets/shuvroahmedimaging/ws2-eca/test_set/test_set/images/before/before-video-000/frame_0056.jpg,/kaggle/input/datasets/shuvroahmedimaging/ws2-eca/test_set/test_set/masks/before/before-video-000/frame_0056.jpg
before-video-000,frame_0057.jpg,strict_qmem_v2_T2K2_qmem_only_lambda0p02,qmem,2,margin,0.02,0.0,0.0,0.2561512713606201,0.4078350708241784,0.2635490302700743,0.9012396694214876,16551,4840,0.04138705995865166,0.004793365020304918,0.7120860815048218,0.9898298382759094,0.005330634769052267,0.54345703125,1.0016968250274658,/kaggle/input/datasets/shuvroahmedimaging/ws2-eca/test_set/test_set/images/before/before-video-000/frame_0057.jpg,/kaggle/input/datasets/shuvroahmedimaging/ws2-eca/test_set/test_set/masks/before/before-video-000/frame_0057.jpg
before-video-000,frame_0058.jpg,strict_qmem_v2_T2K2_qmem_only_lambda0p02,qmem,2,margin,0.02,0.0,0.0,0.204175242575713,0.3391121746349563,0.20814099874108266,0.9146469968387777,16681,3796,0.04138705995865166,0.004043160006403923,0.7121798992156982,0.9910193681716919,0.005010746419429779,0.551025390625,1.0004656314849854,/kaggle/input/datasets/shuvroahmedimaging/ws2-eca/test_set/test_set/images/before/before-video-000/frame_0058.jpg,/kaggle/input/datasets/shuvroahmedimaging/ws2-eca/test_set/test_set/masks/before/before-video-000/frame_0058.jpg
before-video-000,frame_0059.jpg,strict_qmem_v2_T2K2_qmem_only_lambda0p02,qmem,2,margin,0.02,0.0,0.0,0.20031625553447185,0.3337724614006429,0.20319517515719235,0.9339427897375405,15586,3391,0.04138705995865166,0.0032359561882913113,0.7238988280296326,0.9926056861877441,0.004273314028978348,0.57568359375,1.000169277191162,/kaggle/input/datasets/shuvroahmedimaging/ws2-eca/test_set/test_set/images/before/before-video-000/frame_0059.jpg,/kaggle/input/datasets/shuvroahmedimaging/ws2-eca/test_set/test_set/masks/before/before-video-000/frame_0059.jpg
before-video-000,frame_0060.jpg,strict_qmem_v2_T2K2_qmem_only_lambda0p02,qmem,2,margin,0.02,0.0,0.0,0.2020495951417004,0.3361751394590043,0.2055870236869207,0.9215233698788229,15536,3466,0.04138705995865166,0.003282953053712845,0.7362117171287537,0.9928543567657471,0.004550996236503124,0.58935546875,1.0014419555664062,/kaggle/input/datasets/shuvroahmedimaging/ws2-eca/test_set/test_set/images/before/before-video-000/frame_0060.jpg,/kaggle/input/datasets/shuvroahmedimaging/ws2-eca/test_set/test_set/masks/before/before-video-000/frame_0060.jpg
before-video-000,frame_0061.jpg,strict_qmem_v2_T2K2_qmem_only_lambda0p02,qmem,2,margin,0.02,0.0,0.0,0.19495040577096484,0.3262903712647148,0.1982273838630807,0.9218305855599772,16360,3518,0.04138705995865166,0.0023311935365200043,0.7681587934494019,0.9946454167366028,0.004912508185952902,0.629638671875,1.0001887083053589,/kaggle/input/datasets/shuvroahmedimaging/ws2-eca/test_set/test_set/images/before/before-video-000/frame_0061.jpg,/kaggle/input/datasets/shuvroahmedimaging/ws2-eca/test_set/test_set/masks/before/before-video-000/frame_0061.jpg
before-video-000,frame_0062.jpg,strict_qmem_v2_T2K2_qmem_only_lambda0p02,qmem,2,margin,0.02,0.0,0.0,0.1913635549184734,0.3212513159873665,0.19544927713048252,0.9015194147439505,16393,3554,0.04138705995865166,0.0022112152073532343,0.7695181369781494,0.9956388473510742,0.005371250212192535,0.625732421875,1.0003752708435059,/kaggle/input/datasets/shuvroahmedimaging/ws2-eca/test_set/test_set/images/before/before-video-000/frame_0062.jpg,/kaggle/input/datasets/shuvroahmedimaging/ws2-eca/test_set/test_set/masks/before/before-video-000/frame_0062.jpg
before-video-000,frame_0063.jpg,strict_qmem_v2_T2K2_qmem_only_lambda0p02,qmem,2,margin,0.02,0.0,0.0,0.18864413900726246,0.31741062411634013,0.1936179387667098,0.8801456174740969,16233,3571,0.04138705995865166,0.0026877063792198896,0.7793935537338257,0.9949004650115967,0.0047902874648571014,0.645263671875,1.0007460117340088,/kaggle/input/datasets/shuvroahmedimaging/ws2-eca/test_set/test_set/images/before/before-video-000/frame_0063.jpg,/kaggle/input/datasets/shuvroahmedimaging/ws2-eca/test_set/test_set/masks/before/before-video-000/frame_0063.jpg
before-video-000,frame_0064.jpg,strict_qmem_v2_T2K2_qmem_only_lambda0p02,qmem,2,margin,0.02,0.0,0.0,0.18571939444510668,0.3132602794812506,0.19082613754669606,0.8740532959326788,16329,3565,0.04138705995865166,0.0009882175363600254,0.8504053950309753,0.9991084337234497,0.007547738961875439,0.70947265625,1.0001606941223145,/kaggle/input/datasets/shuvroahmedimaging/ws2-eca/test_set/test_set/images/before/before-video-000/frame_0064.jpg,/kaggle/input/datasets/shuvroahmedimaging/ws2-eca/test_set/test_set/masks/before/before-video-000/frame_0064.jpg
before-video-000,frame_0065.jpg,strict_qmem_v2_T2K2_qmem_only_lambda0p02,qmem,2,margin,0.02,0.0,0.0,0.18645180543121456,0.31430152422154034,0.19153893316983445,0.8753152143457551,16310,3569,0.04138705995865166,0.0007515833131037652,0.8529119491577148,0.9994669556617737,0.007496316451579332,0.716064453125,1.0010757446289062,/kaggle/input/datasets/shuvroahmedimaging/ws2-eca/test_set/test_set/images/before/before-video-000/frame_0065.jpg,/kaggle/input/datasets/shuvroahmedimaging/ws2-eca/test_set/test_set/masks/before/before-video-000/frame_0065.jpg
before-video-000,frame_0066.jpg,strict_qmem_v2_T2K2_qmem_only_lambda0p02,qmem,2,margin,0.02,0.0,0.0,0.18940862821134272,0.3184921039225675,0.19462084422861411,0.8761210762331838,16062,3568,0.04138705995865166,0.0008548624464310706,0.8521424531936646,0.9992508888244629,0.007307878695428371,0.718994140625,1.0013022422790527,/kaggle/input/datasets/shuvroahmedimaging/ws2-eca/test_set/test_set/images/before/before-video-000/frame_0066.jpg,/kaggle/input/datasets/shuvroahmedimaging/ws2-eca/test_set/test_set/masks/before/before-video-000/frame_0066.jpg
before-video-001,frame_0001.jpg,strict_qmem_v2_T2K2_qmem_only_lambda0p02,qmem,2,margin,0.02,0.0,0.0,0.252202744604427,0.4028145532999902,0.2723174329565419,0.7734676584125788,30167,10621,0.04138705995865166,0.0,0.0,0.0,0.0,0.0,0.0,/kaggle/input/datasets/shuvroahmedimaging/ws2-eca/test_set/test_set/images/before/before-video-001/frame_0001.jpg,/kaggle/input/datasets/shuvroahmedimaging/ws2-eca/test_set/test_set/masks/before/before-video-001/frame_0001.jpg
before-video-001,frame_0002.jpg,strict_qmem_v2_T2K2_qmem_only_lambda0p02,qmem,2,margin,0.02,0.0,0.0,0.22246419041192528,0.3639602569249297,0.24192795196797864,0.73440664236533,29980,9876,0.04138705995865166,0.018838312476873398,0.6216199994087219,0.9716983437538147,0.008938457816839218,0.3828125,1.0078760385513306,/kaggle/input/datasets/shuvroahmedimaging/ws2-eca/test_set/test_set/images/before/before-video-001/frame_0002.jpg,/kaggle/input/datasets/shuvroahmedimaging/ws2-eca/test_set/test_set/masks/before/before-video-001/frame_0002.jpg
before-video-001,frame_0003.jpg,strict_qmem_v2_T2K2_qmem_only_lambda0p02,qmem,2,margin,0.02,0.0,0.0,0.18562721383667868,0.3131291381816224,0.20852451964439347,0.6283214517174336,27896,9258,0.04138705995865166,0.013060699217021465,0.6051080822944641,0.9752926826477051,0.008122162893414497,0.33740234375,1.0226887464523315,/kaggle/input/datasets/shuvroahmedimaging/ws2-eca/test_set/test_set/images/before/before-video-001/frame_0003.jpg,/kaggle/input/datasets/shuvroahmedimaging/ws2-eca/test_set/test_set/masks/before/before-video-001/frame_0003.jpg
before-video-001,frame_0004.jpg,strict_qmem_v2_T2K2_qmem_only_lambda0p02,qmem,2,margin,0.02,0.0,0.0,0.22778779732534793,0.3710540173498517,0.262345195171657,0.6336015144344533,25516,10565,0.04138705995865166,0.01366625726222992,0.5809069871902466,0.9741144776344299,0.008664780296385288,0.29931640625,1.0301811695098877,/kaggle/input/datasets/shuvroahmedimaging/ws2-eca/test_set/test_set/images/before/before-video-001/frame_0004.jpg,/kaggle/input/datasets/shuvroahmedimaging/ws2-eca/test_set/test_set/masks/before/before-video-001/frame_0004.jpg
before-video-001,frame_0005.jpg,strict_qmem_v2_T2K2_qmem_only_lambda0p02,qmem,2,margin,0.02,0.0,0.0,0.20922786559266623,0.3460520081384654,0.24325065632224444,0.5993435026066808,25521,10358,0.04138705995865166,0.01490793190896511,0.6098587512969971,0.9723149538040161,0.00854156818240881,0.345703125,1.0361769199371338,/kaggle/input/datasets/shuvroahmedimaging/ws2-eca/test_set/test_set/images/before/before-video-001/frame_0005.jpg,/kaggle/input/datasets/shuvroahmedimaging/ws2-eca/test_set/test_set/masks/before/before-video-001/frame_0005.jpg
before-video-001,frame_0006.jpg,strict_qmem_v2_T2K2_qmem_only_lambda0p02,qmem,2,margin,0.02,0.0,0.0,0.2722491204848654,0.4279808350444901,0.3253684122887353,0.6251299688074862,24022,12503,0.04138705995865166,0.015723716467618942,0.6250466108322144,0.9721318483352661,0.008793052285909653,0.371826171875,1.031229019165039,/kaggle/input/datasets/shuvroahmedimaging/ws2-eca/test_set/test_set/images/before/before-video-001/frame_0006.jpg,/kaggle/input/datasets/shuvroahmedimaging/ws2-eca/test_set/test_set/masks/before/before-video-001/frame_0006.jpg
before-video-001,frame_0007.jpg,strict_qmem_v2_T2K2_qmem_only_lambda0p02,qmem,2,margin,0.02,0.0,0.0,0.2626755141694468,0.4160617850299054,0.3034859587445466,0.6614049663066556,23609,10833,0.04138705995865166,0.017670026049017906,0.619857132434845,0.9693651795387268,0.008499236777424812,0.371337890625,1.0351893901824951,/kaggle/input/datasets/shuvroahmedimaging/ws2-eca/test_set/test_set/images/before/before-video-001/frame_0007.jpg,/kaggle/input/datasets/shuvroahmedimaging/ws2-eca/test_set/test_set/masks/before/before-video-001/frame_0007.jpg
before-video-001,frame_0008.jpg,strict_qmem_v2_T2K2_qmem_only_lambda0p02,qmem,2,margin,0.02,0.0,0.0,0.3112523027181473,0.47474052411262113,0.3512963041541138,0.7319423569976129,23567,11311,0.04138705995865166,0.015468058176338673,0.6248836517333984,0.9740585088729858,0.00786550436168909,0.38427734375,1.0282444953918457,/kaggle/input/datasets/shuvroahmedimaging/ws2-eca/test_set/test_set/images/before/before-video-001/frame_0008.jpg,/kaggle/input/datasets/shuvroahmedimaging/ws2-eca/test_set/test_set/masks/before/before-video-001/frame_0008.jpg
before-video-001,frame_0009.jpg,strict_qmem_v2_T2K2_qmem_only_lambda0p02,qmem,2,margin,0.02,0.0,0.0,0.35888167365087487,0.5282015065913371,0.41656765186395367,0.7215719063545151,26932,15548,0.04138705995865166,0.01320077944546938,0.6144726872444153,0.9757080078125,0.008189713582396507,0.3583984375,1.0192985534667969,/kaggle/input/datasets/shuvroahmedimaging/ws2-eca/test_set/test_set/images/before/before-video-001/frame_0009.jpg,/kaggle/input/datasets/shuvroahmedimaging/ws2-eca/test_set/test_set/masks/before/before-video-001/frame_0009.jpg
before-video-001,frame_0010.jpg,strict_qmem_v2_T2K2_qmem_only_lambda0p02,qmem,2,margin,0.02,0.0,0.0,0.4386405592712526,0.6097986831310348,0.5168675558091435,0.7434726853039241,28042,19495,0.04138705995865166,0.01829490251839161,0.6201449036598206,0.969302237033844,0.010197509080171585,0.3505859375,1.022601842880249,/kaggle/input/datasets/shuvroahmedimaging/ws2-eca/test_set/test_set/images/before/before-video-001/frame_0010.jpg,/kaggle/input/datasets/shuvroahmedimaging/ws2-eca/test_set/test_set/masks/before/before-video-001/frame_0010.jpg
before-video-001,frame_0011.jpg,strict_qmem_v2_T2K2_qmem_only_lambda0p02,qmem,2,margin,0.02,0.0,0.0,0.4347706757745792,0.6060490127314077,0.504440434490323,0.7589162142020653,28263,18786,0.04138705995865166,0.016144640743732452,0.6257525682449341,0.9711020588874817,0.010139544494450092,0.362548828125,1.0252786874771118,/kaggle/input/datasets/shuvroahmedimaging/ws2-eca/test_set/test_set/images/before/before-video-001/frame_0011.jpg,/kaggle/input/datasets/shuvroahmedimaging/ws2-eca/test_set/test_set/masks/before/before-video-001/frame_0011.jpg
before-video-002,frame_0001.jpg,strict_qmem_v2_T2K2_qmem_only_lambda0p02,qmem,2,margin,0.02,0.0,0.0,0.41635711747795473,0.5879267486145636,0.46348567113731975,0.8037161740865445,27811,16038,0.04138705995865166,0.0,0.0,0.0,0.0,0.0,0.0,/kaggle/input/datasets/shuvroahmedimaging/ws2-eca/test_set/test_set/images/before/before-video-002/frame_0001.jpg,/kaggle/input/datasets/shuvroahmedimaging/ws2-eca/test_set/test_set/masks/before/before-video-002/frame_0001.jpg
before-video-002,frame_0002.jpg,strict_qmem_v2_T2K2_qmem_only_lambda0p02,qmem,2,margin,0.02,0.0,0.0,0.3666058091286307,0.5365201972357843,0.39770967625769743,0.8241791044776119,27769,13400,0.04138705995865166,0.021081581711769104,0.6201146841049194,0.9691793322563171,0.00857567135244608,0.37255859375,1.00614595413208,/kaggle/input/datasets/shuvroahmedimaging/ws2-eca/test_set/test_set/images/before/before-video-002/frame_0002.jpg,/kaggle/input/datasets/shuvroahmedimaging/ws2-eca/test_set/test_set/masks/before/before-video-002/frame_0002.jpg
before-video-002,frame_0003.jpg,strict_qmem_v2_T2K2_qmem_only_lambda0p02,qmem,2,margin,0.02,0.0,0.0,0.3387214638566543,0.5060372497216097,0.3561702781619794,0.873642943305187,32535,13264,0.04138705995865166,0.016067195683717728,0.6264523267745972,0.9707087278366089,0.009878887794911861,0.357177734375,1.0277143716812134,/kaggle/input/datasets/shuvroahmedimaging/ws2-eca/test_set/test_set/images/before/before-video-002/frame_0003.jpg,/kaggle/input/datasets/shuvroahmedimaging/ws2-eca/test_set/test_set/masks/before/before-video-002/frame_0003.jpg
before-video-002,frame_0004.jpg,strict_qmem_v2_T2K2_qmem_only_lambda0p02,qmem,2,margin,0.02,0.0,0.0,0.33237701459792424,0.498923369221026,0.3423133744677153,0.9196824655615223,34521,12849,0.04138705995865166,0.014307955279946327,0.6365911960601807,0.9714824557304382,0.009679107926785946,0.374267578125,1.0349172353744507,/kaggle/input/datasets/shuvroahmedimaging/ws2-eca/test_set/test_set/images/before/before-video-002/frame_0004.jpg,/kaggle/input/datasets/shuvroahmedimaging/ws2-eca/test_set/test_set/masks/before/before-video-002/frame_0004.jpg
before-video-002,frame_0005.jpg,strict_qmem_v2_T2K2_qmem_only_lambda0p02,qmem,2,margin,0.02,0.0,0.0,0.3610639645345155,0.5305613460393092,0.38696277794369177,0.8436223734832791,36833,16895,0.04138705995865166,0.013624274171888828,0.6202870607376099,0.9724387526512146,0.010925734415650368,0.333984375,1.0261682271957397,/kaggle/input/datasets/shuvroahmedimaging/ws2-eca/test_set/test_set/images/before/before-video-002/frame_0005.jpg,/kaggle/input/datasets/shuvroahmedimaging/ws2-eca/test_set/test_set/masks/before/before-video-002/frame_0005.jpg
before-video-002,frame_0006.jpg,strict_qmem_v2_T2K2_qmem_only_lambda0p02,qmem,2,margin,0.02,0.0,0.0,0.4292501214706041,0.6006648032031427,0.46169032894927853,0.8593353147797892,34443,18505,0.04138705995865166,0.012429269962012768,0.6305211782455444,0.9753000736236572,0.010007853619754314,0.359619140625,1.0142180919647217,/kaggle/input/datasets/shuvroahmedimaging/ws2-eca/test_set/test_set/images/before/before-video-002/frame_0006.jpg,/kaggle/input/datasets/shuvroahmedimaging/ws2-eca/test_set/test_set/masks/before/before-video-002/frame_0006.jpg
before-video-002,frame_0007.jpg,strict_qmem_v2_T2K2_qmem_only_lambda0p02,qmem,2,margin,0.02,0.0,0.0,0.4534143001726499,0.6239298734280916,0.4931524589633179,0.8490997268521099,30887,17939,0.04138705995865166,0.01204064954072237,0.6378340721130371,0.9763437509536743,0.00886546354740858,0.3798828125,1.014662504196167,/kaggle/input/datasets/shuvroahmedimaging/ws2-eca/test_set/test_set/images/before/before-video-002/frame_0007.jpg,/kaggle/input/datasets/shuvroahmedimaging/ws2-eca/test_set/test_set/masks/before/before-video-002/frame_0007.jpg
before-video-002,frame_0008.jpg,strict_qmem_v2_T2K2_qmem_only_lambda0p02,qmem,2,margin,0.02,0.0,0.0,0.3537190082644628,0.5225885225885226,0.3766075538107486,0.8533742331288343,36935,16300,0.04138705995865166,0.01303565688431263,0.6459754705429077,0.9750155210494995,0.009740016423165798,0.38232421875,1.0199631452560425,/kaggle/input/datasets/shuvroahmedimaging/ws2-eca/test_set/test_set/images/before/before-video-002/frame_0008.jpg,/kaggle/input/datasets/shuvroahmedimaging/ws2-eca/test_set/test_set/masks/before/before-video-002/frame_0008.jpg
before-video-002,frame_0009.jpg,strict_qmem_v2_T2K2_qmem_only_lambda0p02,qmem,2,margin,0.02,0.0,0.0,0.37944226050708385,0.5501386630964904,0.3941137783623808,0.9106566200215285,36492,15793,0.04138705995865166,0.01287725381553173,0.6345412731170654,0.9744963645935059,0.009581165388226509,0.374267578125,1.0204124450683594,/kaggle/input/datasets/shuvroahmedimaging/ws2-eca/test_set/test_set/images/before/before-video-002/frame_0009.jpg,/kaggle/input/datasets/shuvroahmedimaging/ws2-eca/test_set/test_set/masks/before/before-video-002/frame_0009.jpg
before-video-002,frame_0010.jpg,strict_qmem_v2_T2K2_qmem_only_lambda0p02,qmem,2,margin,0.02,0.0,0.0,0.25229238378988167,0.4029288799574989,0.26163906887449007,0.8759666566234809,33336,9957,0.04138705995865166,0.011632328853011131,0.6448080539703369,0.9762758016586304,0.00860593281686306,0.392578125,1.0238382816314697,/kaggle/input/datasets/shuvroahmedimaging/ws2-eca/test_set/test_set/images/before/before-video-002/frame_0010.jpg,/kaggle/input/datasets/shuvroahmedimaging/ws2-eca/test_set/test_set/masks/before/before-video-002/frame_0010.jpg
before-video-002,frame_0011.jpg,strict_qmem_v2_T2K2_qmem_only_lambda0p02,qmem,2,margin,0.02,0.0,0.0,0.16601295795926668,0.28475319562454837,0.17564244436247387,0.7517431916853046,32532,7601,0.04138705995865166,0.012027489021420479,0.6208429336547852,0.9756724834442139,0.008705899119377136,0.35986328125,1.0232343673706055,/kaggle/input/datasets/shuvroahmedimaging/ws2-eca/test_set/test_set/images/before/before-video-002/frame_0011.jpg,/kaggle/input/datasets/shuvroahmedimaging/ws2-eca/test_set/test_set/masks/before/before-video-002/frame_0011.jpg
before-video-002,frame_0012.jpg,strict_qmem_v2_T2K2_qmem_only_lambda0p02,qmem,2,margin,0.02,0.0,0.0,0.21462188124556766,0.35339702760084923,0.22684838160136286,0.7992797118847539,29350,8330,0.04138705995865166,0.010626471601426601,0.6203200817108154,0.9777828454971313,0.008292840793728828,0.36181640625,1.0199966430664062,/kaggle/input/datasets/shuvroahmedimaging/ws2-eca/test_set/test_set/images/before/before-video-002/frame_0012.jpg,/kaggle/input/datasets/shuvroahmedimaging/ws2-eca/test_set/test_set/masks/before/before-video-002/frame_0012.jpg
before-video-002,frame_0013.jpg,strict_qmem_v2_T2K2_qmem_only_lambda0p02,qmem,2,margin,0.02,0.0,0.0,0.18478512683887408,0.3119301933370811,0.20553372415125942,0.6467011249619945,31046,9867,0.04138705995865166,0.012320858426392078,0.623794674873352,0.9759224057197571,0.008456147275865078,0.365478515625,1.0214605331420898,/kaggle/input/datasets/shuvroahmedimaging/ws2-eca/test_set/test_set/images/before/before-video-002/frame_0013.jpg,/kaggle/input/datasets/shuvroahmedimaging/ws2-eca/test_set/test_set/masks/before/before-video-002/frame_0013.jpg
before-video-002,frame_0014.jpg,strict_qmem_v2_T2K2_qmem_only_lambda0p02,qmem,2,margin,0.02,0.0,0.0,0.20038703698656274,0.33387071138257535,0.21890725026053298,0.7031369548584545,33585,10456,0.04138705995865166,0.013396448455750942,0.637894868850708,0.9750658273696899,0.008937155827879906,0.383056640625,1.0231947898864746,/kaggle/input/datasets/shuvroahmedimaging/ws2-eca/test_set/test_set/images/before/before-video-002/frame_0014.jpg,/kaggle/input/datasets/shuvroahmedimaging/ws2-eca/test_set/test_set/masks/before/before-video-002/frame_0014.jpg
before-video-002,frame_0015.jpg,strict_qmem_v2_T2K2_qmem_only_lambda0p02,qmem,2,margin,0.02,0.0,0.0,0.29372427983539096,0.4540755467196819,0.31952052777286916,0.7843973682307859,33954,13831,0.04138705995865166,0.012830821797251701,0.6284546852111816,0.9757883548736572,0.009420713409781456,0.365234375,1.017356038093567,/kaggle/input/datasets/shuvroahmedimaging/ws2-eca/test_set/test_set/images/before/before-video-002/frame_0015.jpg,/kaggle/input/datasets/shuvroahmedimaging/ws2-eca/test_set/test_set/masks/before/before-video-002/frame_0015.jpg
before-video-002,frame_0016.jpg,strict_qmem_v2_T2K2_qmem_only_lambda0p02,qmem,2,margin,0.02,0.0,0.0,0.2729809331886529,0.42888455918168533,0.2832920433705479,0.8823529411764706,31081,9979,0.04138705995865166,0.012543502263724804,0.6297526359558105,0.976371169090271,0.010381204076111317,0.366943359375,1.015885829925537,/kaggle/input/datasets/shuvroahmedimaging/ws2-eca/test_set/test_set/images/before/before-video-002/frame_0016.jpg,/kaggle/input/datasets/shuvroahmedimaging/ws2-eca/test_set/test_set/masks/before/before-video-002/frame_0016.jpg
before-video-002,frame_0017.jpg,strict_qmem_v2_T2K2_qmem_only_lambda0p02,qmem,2,margin,0.02,0.0,0.0,0.3619154689921303,0.5314800767480256,0.3789329685362517,0.889610874598551,31433,13389,0.04138705995865166,0.013003233820199966,0.625823438167572,0.9747098088264465,0.00918535329401493,0.36474609375,1.0284287929534912,/kaggle/input/datasets/shuvroahmedimaging/ws2-eca/test_set/test_set/images/before/before-video-002/frame_0017.jpg,/kaggle/input/datasets/shuvroahmedimaging/ws2-eca/test_set/test_set/masks/before/before-video-002/frame_0017.jpg
before-video-002,frame_0018.jpg,strict_qmem_v2_T2K2_qmem_only_lambda0p02,qmem,2,margin,0.02,0.0,0.0,0.32596814262750257,0.4916681361311938,0.3619106337411169,0.7664765308226239,30817,14551,0.04138705995865166,0.013258598744869232,0.6393861770629883,0.9725536108016968,0.010031815618276596,0.3759765625,1.0442297458648682,/kaggle/input/datasets/shuvroahmedimaging/ws2-eca/test_set/test_set/images/before/before-video-002/frame_0018.jpg,/kaggle/input/datasets/shuvroahmedimaging/ws2-eca/test_set/test_set/masks/before/before-video-002/frame_0018.jpg
before-video-002,frame_0019.jpg,strict_qmem_v2_T2K2_qmem_only_lambda0p02,qmem,2,margin,0.02,0.0,0.0,0.3201527365294866,0.4850237819771179,0.36205738412820265,0.734475374732334,31263,15411,0.04138705995865166,0.011877784505486488,0.6175295114517212,0.9739580750465393,0.009161900728940964,0.345703125,1.0378475189208984,/kaggle/input/datasets/shuvroahmedimaging/ws2-eca/test_set/test_set/images/before/before-video-002/frame_0019.jpg,/kaggle/input/datasets/shuvroahmedimaging/ws2-eca/test_set/test_set/masks/before/before-video-002/frame_0019.jpg
before-video-002,frame_0020.jpg,strict_qmem_v2_T2K2_qmem_only_lambda0p02,qmem,2,margin,0.02,0.0,0.0,0.4470375048047883,0.6178658166363085,0.48006840429295905,0.8666169895678092,33916,18788,0.04138705995865166,0.014475027099251747,0.6033458113670349,0.9706411361694336,0.009386368095874786,0.321533203125,1.0416300296783447,/kaggle/input/datasets/shuvroahmedimaging/ws2-eca/test_set/test_set/images/before/before-video-002/frame_0020.jpg,/kaggle/input/datasets/shuvroahmedimaging/ws2-eca/test_set/test_set/masks/before/before-video-002/frame_0020.jpg
before-video-002,frame_0021.jpg,strict_qmem_v2_T2K2_qmem_only_lambda0p02,qmem,2,margin,0.02,0.0,0.0,0.4840794828824515,0.6523632844007098,0.509448223733938,0.9067264573991032,35721,20070,0.04138705995865166,0.0143599146977067,0.6204912066459656,0.9709324240684509,0.010849757120013237,0.3310546875,1.0322948694229126,/kaggle/input/datasets/shuvroahmedimaging/ws2-eca/test_set/test_set/images/before/before-video-002/frame_0021.jpg,/kaggle/input/datasets/shuvroahmedimaging/ws2-eca/test_set/test_set/masks/before/before-video-002/frame_0021.jpg
before-video-002,frame_0022.jpg,strict_qmem_v2_T2K2_qmem_only_lambda0p02,qmem,2,margin,0.02,0.0,0.0,0.32491769888449423,0.49047227485610095,0.3422477235873768,0.8651699564860945,40085,15857,0.04138705995865166,0.011379631236195564,0.6198083758354187,0.976001501083374,0.009169480763375759,0.34521484375,1.0180174112319946,/kaggle/input/datasets/shuvroahmedimaging/ws2-eca/test_set/test_set/images/before/before-video-002/frame_0022.jpg,/kaggle/input/datasets/shuvroahmedimaging/ws2-eca/test_set/test_set/masks/before/before-video-002/frame_0022.jpg
before-video-002,frame_0023.jpg,strict_qmem_v2_T2K2_qmem_only_lambda0p02,qmem,2,margin,0.02,0.0,0.0,0.33376888099095803,0.5004898311062346,0.3494869339170885,0.8812530186986821,36545,14493,0.04138705995865166,0.011000058613717556,0.6217539310455322,0.9772643446922302,0.008492148481309414,0.3583984375,1.0181808471679688,/kaggle/input/datasets/shuvroahmedimaging/ws2-eca/test_set/test_set/images/before/before-video-002/frame_0023.jpg,/kaggle/input/datasets/shuvroahmedimaging/ws2-eca/test_set/test_set/masks/before/before-video-002/frame_0023.jpg
before-video-002,frame_0024.jpg,strict_qmem_v2_T2K2_qmem_only_lambda0p02,qmem,2,margin,0.02,0.0,0.0,0.3207110354187179,0.48566420180935305,0.33469410425171486,0.8847452650124799,36009,13622,0.04138705995865166,0.011862073093652725,0.6293797492980957,0.9761539697647095,0.008862415328621864,0.362060546875,1.0210158824920654,/kaggle/input/datasets/shuvroahmedimaging/ws2-eca/test_set/test_set/images/before/before-video-002/frame_0024.jpg,/kaggle/input/datasets/shuvroahmedimaging/ws2-eca/test_set/test_set/masks/before/before-video-002/frame_0024.jpg
before-video-002,frame_0025.jpg,strict_qmem_v2_T2K2_qmem_only_lambda0p02,qmem,2,margin,0.02,0.0,0.0,0.2591271642565333,0.41159808415306176,0.2686115685813195,0.8800792864222002,29753,9081,0.04138705995865166,0.010190908797085285,0.627285897731781,0.9790742993354797,0.008029337041079998,0.372802734375,1.0163443088531494,/kaggle/input/datasets/shuvroahmedimaging/ws2-eca/test_set/test_set/images/before/before-video-002/frame_0025.jpg,/kaggle/input/datasets/shuvroahmedimaging/ws2-eca/test_set/test_set/masks/before/before-video-002/frame_0025.jpg
before-video-002,frame_0026.jpg,strict_qmem_v2_T2K2_qmem_only_lambda0p02,qmem,2,margin,0.02,0.0,0.0,0.23744957078290413,0.3837725211422969,0.25371102612303104,0.7874459309928579,30854,9941,0.04138705995865166,0.010624723508954048,0.625877320766449,0.9789262413978577,0.0076423510909080505,0.375732421875,1.0179957151412964,/kaggle/input/datasets/shuvroahmedimaging/ws2-eca/test_set/test_set/images/before/before-video-002/frame_0026.jpg,/kaggle/input/datasets/shuvroahmedimaging/ws2-eca/test_set/test_set/masks/before/before-video-002/frame_0026.jpg
before-video-002,frame_0027.jpg,strict_qmem_v2_T2K2_qmem_only_lambda0p02,qmem,2,margin,0.02,0.0,0.0,0.2449165402124431,0.39346660165772795,0.2566793893129771,0.8423799582463466,28296,8622,0.04138705995865166,0.01031079888343811,0.6466765403747559,0.9791122674942017,0.00754198431968689,0.4140625,1.022613763809204,/kaggle/input/datasets/shuvroahmedimaging/ws2-eca/test_set/test_set/images/before/before-video-002/frame_0027.jpg,/kaggle/input/datasets/shuvroahmedimaging/ws2-eca/test_set/test_set/masks/before/before-video-002/frame_0027.jpg
before-video-002,frame_0028.jpg,strict_qmem_v2_T2K2_qmem_only_lambda0p02,qmem,2,margin,0.02,0.0,0.0,0.25692191625801586,0.4088112601662615,0.27719669529119695,0.7784,24571,8750,0.04138705995865166,0.008689522743225098,0.6589395403862,0.982589066028595,0.007175689097493887,0.43505859375,1.0111546516418457,/kaggle/input/datasets/shuvroahmedimaging/ws2-eca/test_set/test_set/images/before/before-video-002/frame_0028.jpg,/kaggle/input/datasets/shuvroahmedimaging/ws2-eca/test_set/test_set/masks/before/before-video-002/frame_0028.jpg
before-video-002,frame_0029.jpg,strict_qmem_v2_T2K2_qmem_only_lambda0p02,qmem,2,margin,0.02,0.0,0.0,0.28316260652492037,0.44135108845134674,0.2882871039831734,0.9409324942791762,22821,6992,0.04138705995865166,0.008972357958555222,0.6716599464416504,0.9826027750968933,0.007402169518172741,0.456298828125,1.0093355178833008,/kaggle/input/datasets/shuvroahmedimaging/ws2-eca/test_set/test_set/images/before/before-video-002/frame_0029.jpg,/kaggle/input/datasets/shuvroahmedimaging/ws2-eca/test_set/test_set/masks/before/before-video-002/frame_0029.jpg
before-video-002,frame_0030.jpg,strict_qmem_v2_T2K2_qmem_only_lambda0p02,qmem,2,margin,0.02,0.0,0.0,0.28832202199859586,0.44759309718437784,0.29895656394079106,0.8901734104046243,20605,6920,0.04138705995865166,0.009069868363440037,0.6674891710281372,0.9831454157829285,0.007154103368520737,0.45166015625,1.007511854171753,/kaggle/input/datasets/shuvroahmedimaging/ws2-eca/test_set/test_set/images/before/before-video-002/frame_0030.jpg,/kaggle/input/datasets/shuvroahmedimaging/ws2-eca/test_set/test_set/masks/before/before-video-002/frame_0030.jpg
before-video-002,frame_0031.jpg,strict_qmem_v2_T2K2_qmem_only_lambda0p02,qmem,2,margin,0.02,0.0,0.0,0.19511058384882637,0.32651469493388163,0.2039957473199256,0.8175039943191905,22574,5633,0.04138705995865166,0.009402303956449032,0.6669357419013977,0.9826827049255371,0.006409464403986931,0.460205078125,1.0112236738204956,/kaggle/input/datasets/shuvroahmedimaging/ws2-eca/test_set/test_set/images/before/before-video-002/frame_0031.jpg,/kaggle/input/datasets/shuvroahmedimaging/ws2-eca/test_set/test_set/masks/before/before-video-002/frame_0031.jpg
before-video-002,frame_0032.jpg,strict_qmem_v2_T2K2_qmem_only_lambda0p02,qmem,2,margin,0.02,0.0,0.0,0.10747084703771731,0.1940833879739268,0.11250726646693199,0.7059483726150393,22363,3564,0.04138705995865166,0.010805271565914154,0.6577683091163635,0.9811720848083496,0.00735695892944932,0.43896484375,1.0093796253204346,/kaggle/input/datasets/shuvroahmedimaging/ws2-eca/test_set/test_set/images/before/before-video-002/frame_0032.jpg,/kaggle/input/datasets/shuvroahmedimaging/ws2-eca/test_set/test_set/masks/before/before-video-002/frame_0032.jpg
before-video-002,frame_0033.jpg,strict_qmem_v2_T2K2_qmem_only_lambda0p02,qmem,2,margin,0.02,0.0,0.0,0.1676149649259548,0.28710657187677313,0.18307580981568977,0.6649659863945578,23493,6468,0.04138705995865166,0.014595248736441135,0.6476492285728455,0.9768815636634827,0.007839838974177837,0.419677734375,1.0125640630722046,/kaggle/input/datasets/shuvroahmedimaging/ws2-eca/test_set/test_set/images/before/before-video-002/frame_0033.jpg,/kaggle/input/datasets/shuvroahmedimaging/ws2-eca/test_set/test_set/masks/before/before-video-002/frame_0033.jpg
before-video-002,frame_0034.jpg,strict_qmem_v2_T2K2_qmem_only_lambda0p02,qmem,2,margin,0.02,0.0,0.0,0.2626948812879997,0.41608607935440484,0.2926109492641217,0.719843633655994,26431,10744,0.04138705995865166,0.016127372160553932,0.6350693106651306,0.9739781022071838,0.007747104857116938,0.401123046875,1.017580270767212,/kaggle/input/datasets/shuvroahmedimaging/ws2-eca/test_set/test_set/images/before/before-video-002/frame_0034.jpg,/kaggle/input/datasets/shuvroahmedimaging/ws2-eca/test_set/test_set/masks/before/before-video-002/frame_0034.jpg
before-video-002,frame_0035.jpg,strict_qmem_v2_T2K2_qmem_only_lambda0p02,qmem,2,margin,0.02,0.0,0.0,0.2345265881161947,0.3799457871119109,0.2507893549842129,0.7833928235957167,33255,10646,0.04138705995865166,0.015298600308597088,0.6478298902511597,0.9738233685493469,0.008433366194367409,0.406005859375,1.0223643779754639,/kaggle/input/datasets/shuvroahmedimaging/ws2-eca/test_set/test_set/images/before/before-video-002/frame_0035.jpg,/kaggle/input/datasets/shuvroahmedimaging/ws2-eca/test_set/test_set/masks/before/before-video-002/frame_0035.jpg
before-video-002,frame_0036.jpg,strict_qmem_v2_T2K2_qmem_only_lambda0p02,qmem,2,margin,0.02,0.0,0.0,0.3175933846592529,0.48208102493074795,0.3484327097541137,0.7820530824322427,31966,14242,0.04138705995865166,0.010866190306842327,0.6221038699150085,0.9774113297462463,0.008363565430045128,0.361328125,1.0292015075683594,/kaggle/input/datasets/shuvroahmedimaging/ws2-eca/test_set/test_set/images/before/before-video-002/frame_0036.jpg,/kaggle/input/datasets/shuvroahmedimaging/ws2-eca/test_set/test_set/masks/before/before-video-002/frame_0036.jpg
before-video-002,frame_0037.jpg,strict_qmem_v2_T2K2_qmem_only_lambda0p02,qmem,2,margin,0.02,0.0,0.0,0.36209956103483704,0.5316785518376302,0.4127248855611937,0.7469655128122792,28181,15571,0.04138705995865166,0.010502481833100319,0.6239055395126343,0.9779965877532959,0.00834134966135025,0.370849609375,1.029214859008789,/kaggle/input/datasets/shuvroahmedimaging/ws2-eca/test_set/test_set/images/before/before-video-002/frame_0037.jpg,/kaggle/input/datasets/shuvroahmedimaging/ws2-eca/test_set/test_set/masks/before/before-video-002/frame_0037.jpg
before-video-002,frame_0038.jpg,strict_qmem_v2_T2K2_qmem_only_lambda0p02,qmem,2,margin,0.02,0.0,0.0,0.36100016236402016,0.5304924603932049,0.4114816596957471,0.7463578382007385,27017,14895,0.04138705995865166,0.012798678129911423,0.6231610774993896,0.9752242565155029,0.008476239629089832,0.364013671875,1.0286180973052979,/kaggle/input/datasets/shuvroahmedimaging/ws2-eca/test_set/test_set/images/before/before-video-002/frame_0038.jpg,/kaggle/input/datasets/shuvroahmedimaging/ws2-eca/test_set/test_set/masks/before/before-video-002/frame_0038.jpg
before-video-002,frame_0039.jpg,strict_qmem_v2_T2K2_qmem_only_lambda0p02,qmem,2,margin,0.02,0.0,0.0,0.33110493267939145,0.4974888523820699,0.3645776004402862,0.7829073718422219,29072,13538,0.04138705995865166,0.010356039740145206,0.6125007271766663,0.9790677428245544,0.008162463083863258,0.359130859375,1.0199514627456665,/kaggle/input/datasets/shuvroahmedimaging/ws2-eca/test_set/test_set/images/before/before-video-002/frame_0039.jpg,/kaggle/input/datasets/shuvroahmedimaging/ws2-eca/test_set/test_set/masks/before/before-video-002/frame_0039.jpg
before-video-002,frame_0040.jpg,strict_qmem_v2_T2K2_qmem_only_lambda0p02,qmem,2,margin,0.02,0.0,0.0,0.3125180873983086,0.47621147532951147,0.33969452308552656,0.7961825182272466,28611,12207,0.04138705995865166,0.010722443461418152,0.6425648331642151,0.9792119860649109,0.008224127814173698,0.397705078125,1.01698637008667,/kaggle/input/datasets/shuvroahmedimaging/ws2-eca/test_set/test_set/images/before/before-video-002/frame_0040.jpg,/kaggle/input/datasets/shuvroahmedimaging/ws2-eca/test_set/test_set/masks/before/before-video-002/frame_0040.jpg
before-video-002,frame_0041.jpg,strict_qmem_v2_T2K2_qmem_only_lambda0p02,qmem,2,margin,0.02,0.0,0.0,0.31588785046728973,0.48011363636363635,0.3293800539083558,0.8852111891229243,24115,8973,0.04138705995865166,0.009330780245363712,0.6329230666160583,0.9812749624252319,0.007342974655330181,0.397216796875,1.0122251510620117,/kaggle/input/datasets/shuvroahmedimaging/ws2-eca/test_set/test_set/images/before/before-video-002/frame_0041.jpg,/kaggle/input/datasets/shuvroahmedimaging/ws2-eca/test_set/test_set/masks/before/before-video-002/frame_0041.jpg
before-video-002,frame_0042.jpg,strict_qmem_v2_T2K2_qmem_only_lambda0p02,qmem,2,margin,0.02,0.0,0.0,0.31329495868535884,0.47711286274787035,0.3246740751431183,0.8993869936034116,20787,7504,0.04138705995865166,0.013111699372529984,0.6469342708587646,0.9780977368354797,0.007224989123642445,0.42431640625,1.0160719156265259,/kaggle/input/datasets/shuvroahmedimaging/ws2-eca/test_set/test_set/images/before/before-video-002/frame_0042.jpg,/kaggle/input/datasets/shuvroahmedimaging/ws2-eca/test_set/test_set/masks/before/before-video-002/frame_0042.jpg
before-video-002,frame_0043.jpg,strict_qmem_v2_T2K2_qmem_only_lambda0p02,qmem,2,margin,0.02,0.0,0.0,0.29911900433505806,0.4604951560818084,0.3175946547884187,0.8371819960861057,20205,7665,0.04138705995865166,0.01111932285130024,0.6702659130096436,0.9804955124855042,0.0063714636489748955,0.465087890625,1.0121415853500366,/kaggle/input/datasets/shuvroahmedimaging/ws2-eca/test_set/test_set/images/before/before-video-002/frame_0043.jpg,/kaggle/input/datasets/shuvroahmedimaging/ws2-eca/test_set/test_set/masks/before/before-video-002/frame_0043.jpg
before-video-002,frame_0044.jpg,strict_qmem_v2_T2K2_qmem_only_lambda0p02,qmem,2,margin,0.02,0.0,0.0,0.277325243121935,0.43422807873759556,0.2879023211666235,0.8830223633717084,23178,7557,0.04138705995865166,0.016096342355012894,0.655212938785553,0.9726517200469971,0.008646270260214806,0.4296875,1.0367566347122192,/kaggle/input/datasets/shuvroahmedimaging/ws2-eca/test_set/test_set/images/before/before-video-002/frame_0044.jpg,/kaggle/input/datasets/shuvroahmedimaging/ws2-eca/test_set/test_set/masks/before/before-video-002/frame_0044.jpg
before-video-002,frame_0045.jpg,strict_qmem_v2_T2K2_qmem_only_lambda0p02,qmem,2,margin,0.02,0.0,0.0,0.288318856315599,0.44758928257892333,0.31338512981904015,0.7828276624493306,20336,8141,0.04138705995865166,0.011762494221329689,0.6369372010231018,0.9783847332000732,0.0074692522175610065,0.404052734375,1.021458387374878,/kaggle/input/datasets/shuvroahmedimaging/ws2-eca/test_set/test_set/images/before/before-video-002/frame_0045.jpg,/kaggle/input/datasets/shuvroahmedimaging/ws2-eca/test_set/test_set/masks/before/before-video-002/frame_0045.jpg
before-video-002,frame_0046.jpg,strict_qmem_v2_T2K2_qmem_only_lambda0p02,qmem,2,margin,0.02,0.0,0.0,0.38325799430771806,0.5541381230180823,0.430009767826283,0.7790104131218948,26618,14693,0.04138705995865166,0.012963132932782173,0.6761702299118042,0.976152777671814,0.00838791485875845,0.454345703125,1.0286303758621216,/kaggle/input/datasets/shuvroahmedimaging/ws2-eca/test_set/test_set/images/before/before-video-002/frame_0046.jpg,/kaggle/input/datasets/shuvroahmedimaging/ws2-eca/test_set/test_set/masks/before/before-video-002/frame_0046.jpg
before-video-002,frame_0047.jpg,strict_qmem_v2_T2K2_qmem_only_lambda0p02,qmem,2,margin,0.02,0.0,0.0,0.43009179680356946,0.601488376850881,0.4525862068965517,0.8964097873313515,25984,13119,0.04138705995865166,0.014695130288600922,0.6676915287971497,0.9745981097221375,0.008564450778067112,0.440673828125,1.0235495567321777,/kaggle/input/datasets/shuvroahmedimaging/ws2-eca/test_set/test_set/images/before/before-video-002/frame_0047.jpg,/kaggle/input/datasets/shuvroahmedimaging/ws2-eca/test_set/test_set/masks/before/before-video-002/frame_0047.jpg
before-video-002,frame_0048.jpg,strict_qmem_v2_T2K2_qmem_only_lambda0p02,qmem,2,margin,0.02,0.0,0.0,0.3427208572922112,0.5104871283274125,0.366194233051735,0.8424349502088018,28646,12452,0.04138705995865166,0.01605466939508915,0.6546056270599365,0.9721505045890808,0.008641164749860764,0.4140625,1.0232969522476196,/kaggle/input/datasets/shuvroahmedimaging/ws2-eca/test_set/test_set/images/before/before-video-002/frame_0048.jpg,/kaggle/input/datasets/shuvroahmedimaging/ws2-eca/test_set/test_set/masks/before/before-video-002/frame_0048.jpg
before-video-002,frame_0049.jpg,strict_qmem_v2_T2K2_qmem_only_lambda0p02,qmem,2,margin,0.02,0.0,0.0,0.36863963374754743,0.5386949561560701,0.38762808610136856,0.8827029989820687,29082,12771,0.04138705995865166,0.014113975688815117,0.6420370936393738,0.9750215411186218,0.008713273331522942,0.39892578125,1.0134118795394897,/kaggle/input/datasets/shuvroahmedimaging/ws2-eca/test_set/test_set/images/before/before-video-002/frame_0049.jpg,/kaggle/input/datasets/shuvroahmedimaging/ws2-eca/test_set/test_set/masks/before/before-video-002/frame_0049.jpg
before-video-003,frame_0001.jpg,strict_qmem_v2_T2K2_qmem_only_lambda0p02,qmem,2,margin,0.02,0.0,0.0,0.1690796837202585,0.28925262507720817,0.18090859924283395,0.7211271943332307,25886,6494,0.04138705995865166,0.0,0.0,0.0,0.0,0.0,0.0,/kaggle/input/datasets/shuvroahmedimaging/ws2-eca/test_set/test_set/images/before/before-video-003/frame_0001.jpg,/kaggle/input/datasets/shuvroahmedimaging/ws2-eca/test_set/test_set/masks/before/before-video-003/frame_0001.jpg
before-video-003,frame_0002.jpg,strict_qmem_v2_T2K2_qmem_only_lambda0p02,qmem,2,margin,0.02,0.0,0.0,0.23174456270245256,0.3762867232699677,0.23925090770112745,0.8807597608160393,10466,2843,0.04138705995865166,0.008349659852683544,0.6538604497909546,0.9866993427276611,0.004418800584971905,0.474365234375,1.0015416145324707,/kaggle/input/datasets/shuvroahmedimaging/ws2-eca/test_set/test_set/images/before/before-video-003/frame_0002.jpg,/kaggle/input/datasets/shuvroahmedimaging/ws2-eca/test_set/test_set/masks/before/before-video-003/frame_0002.jpg
before-video-003,frame_0003.jpg,strict_qmem_v2_T2K2_qmem_only_lambda0p02,qmem,2,margin,0.02,0.0,0.0,0.2031071510166781,0.33763767565514624,0.21322353693636073,0.8106382978723404,12508,3290,0.04138705995865166,0.010450758039951324,0.7634776830673218,0.9839379191398621,0.004483270458877087,0.636962890625,1.0232369899749756,/kaggle/input/datasets/shuvroahmedimaging/ws2-eca/test_set/test_set/images/before/before-video-003/frame_0003.jpg,/kaggle/input/datasets/shuvroahmedimaging/ws2-eca/test_set/test_set/masks/before/before-video-003/frame_0003.jpg
before-video-003,frame_0004.jpg,strict_qmem_v2_T2K2_qmem_only_lambda0p02,qmem,2,margin,0.02,0.0,0.0,0.2485984921708873,0.39820405635547296,0.29860681114551085,0.5974910949357287,12920,6457,0.04138705995865166,0.021613096818327904,0.7308834195137024,0.973332941532135,0.006127696484327316,0.580810546875,1.0141115188598633,/kaggle/input/datasets/shuvroahmedimaging/ws2-eca/test_set/test_set/images/before/before-video-003/frame_0004.jpg,/kaggle/input/datasets/shuvroahmedimaging/ws2-eca/test_set/test_set/masks/before/before-video-003/frame_0004.jpg
before-video-003,frame_0005.jpg,strict_qmem_v2_T2K2_qmem_only_lambda0p02,qmem,2,margin,0.02,0.0,0.0,0.3698208286674132,0.539955037809115,0.505665288623488,0.57923353503464,13062,11403,0.04138705995865166,0.015670521184802055,0.6934203505516052,0.9780805110931396,0.007311193272471428,0.5185546875,1.0146788358688354,/kaggle/input/datasets/shuvroahmedimaging/ws2-eca/test_set/test_set/images/before/before-video-003/frame_0005.jpg,/kaggle/input/datasets/shuvroahmedimaging/ws2-eca/test_set/test_set/masks/before/before-video-003/frame_0005.jpg
before-video-003,frame_0006.jpg,strict_qmem_v2_T2K2_qmem_only_lambda0p02,qmem,2,margin,0.02,0.0,0.0,0.4843111815866609,0.6525736484299126,0.6163018221841752,0.6933819482663731,16354,14536,0.04138705995865166,0.017217297106981277,0.6766710877418518,0.9759498834609985,0.007126683834940195,0.484130859375,1.0130316019058228,/kaggle/input/datasets/shuvroahmedimaging/ws2-eca/test_set/test_set/images/before/before-video-003/frame_0006.jpg,/kaggle/input/datasets/shuvroahmedimaging/ws2-eca/test_set/test_set/masks/before/before-video-003/frame_0006.jpg
before-video-003,frame_0007.jpg,strict_qmem_v2_T2K2_qmem_only_lambda0p02,qmem,2,margin,0.02,0.0,0.0,0.5656754392939493,0.7225960439783663,0.6827407514034836,0.7673929457447956,20841,18542,0.04138705995865166,0.02035520225763321,0.692444920539856,0.971272349357605,0.008482036180794239,0.494140625,1.0171688795089722,/kaggle/input/datasets/shuvroahmedimaging/ws2-eca/test_set/test_set/images/before/before-video-003/frame_0007.jpg,/kaggle/input/datasets/shuvroahmedimaging/ws2-eca/test_set/test_set/masks/before/before-video-003/frame_0007.jpg
before-video-003,frame_0008.jpg,strict_qmem_v2_T2K2_qmem_only_lambda0p02,qmem,2,margin,0.02,0.0,0.0,0.6619806180593104,0.7966165319452438,0.7554943750890017,0.8424730044463264,21067,18892,0.04138705995865166,0.017139624804258347,0.7010414004325867,0.9737054109573364,0.008520207367837429,0.5009765625,1.0153625011444092,/kaggle/input/datasets/shuvroahmedimaging/ws2-eca/test_set/test_set/images/before/before-video-003/frame_0008.jpg,/kaggle/input/datasets/shuvroahmedimaging/ws2-eca/test_set/test_set/masks/before/before-video-003/frame_0008.jpg
before-video-003,frame_0009.jpg,strict_qmem_v2_T2K2_qmem_only_lambda0p02,qmem,2,margin,0.02,0.0,0.0,0.6119228223794736,0.7592458074092789,0.6657066902968543,0.8833688542661865,18056,13607,0.04138705995865166,0.016659917309880257,0.7169382572174072,0.9756834506988525,0.0069841425865888596,0.536376953125,1.0100419521331787,/kaggle/input/datasets/shuvroahmedimaging/ws2-eca/test_set/test_set/images/before/before-video-003/frame_0009.jpg,/kaggle/input/datasets/shuvroahmedimaging/ws2-eca/test_set/test_set/masks/before/before-video-003/frame_0009.jpg
before-video-003,frame_0010.jpg,strict_qmem_v2_T2K2_qmem_only_lambda0p02,qmem,2,margin,0.02,0.0,0.0,0.462423275820405,0.6324068872071119,0.4955715543585228,0.8736303871439006,19307,10952,0.04138705995865166,0.021205995231866837,0.7020440697669983,0.9699890613555908,0.008060546591877937,0.503662109375,1.0222092866897583,/kaggle/input/datasets/shuvroahmedimaging/ws2-eca/test_set/test_set/images/before/before-video-003/frame_0010.jpg,/kaggle/input/datasets/shuvroahmedimaging/ws2-eca/test_set/test_set/masks/before/before-video-003/frame_0010.jpg
before-video-003,frame_0011.jpg,strict_qmem_v2_T2K2_qmem_only_lambda0p02,qmem,2,margin,0.02,0.0,0.0,0.4737425523070528,0.6429108687476495,0.4853316930065298,0.9520141080378689,21134,10774,0.04138705995865166,0.023172443732619286,0.6894508600234985,0.9668461084365845,0.008819731883704662,0.481689453125,1.0204193592071533,/kaggle/input/datasets/shuvroahmedimaging/ws2-eca/test_set/test_set/images/before/before-video-003/frame_0011.jpg,/kaggle/input/datasets/shuvroahmedimaging/ws2-eca/test_set/test_set/masks/before/before-video-003/frame_0011.jpg
before-video-003,frame_0012.jpg,strict_qmem_v2_T2K2_qmem_only_lambda0p02,qmem,2,margin,0.02,0.0,0.0,0.40763509737328574,0.5791772287206426,0.42659828136950556,0.9016736401673641,22227,10516,0.04138705995865166,0.018787680193781853,0.6597538590431213,0.969563901424408,0.008792446926236153,0.4375,1.0253455638885498,/kaggle/input/datasets/shuvroahmedimaging/ws2-eca/test_set/test_set/images/before/before-video-003/frame_0012.jpg,/kaggle/input/datasets/shuvroahmedimaging/ws2-eca/test_set/test_set/masks/before/before-video-003/frame_0012.jpg
before-video-003,frame_0013.jpg,strict_qmem_v2_T2K2_qmem_only_lambda0p02,qmem,2,margin,0.02,0.0,0.0,0.37244025524460944,0.5427416659069499,0.39024603417384085,0.8908619313647247,22883,10024,0.04138705995865166,0.020146889612078667,0.6742278337478638,0.9684976935386658,0.0077617960050702095,0.46142578125,1.0241131782531738,/kaggle/input/datasets/shuvroahmedimaging/ws2-eca/test_set/test_set/images/before/before-video-003/frame_0013.jpg,/kaggle/input/datasets/shuvroahmedimaging/ws2-eca/test_set/test_set/masks/before/before-video-003/frame_0013.jpg
before-video-003,frame_0014.jpg,strict_qmem_v2_T2K2_qmem_only_lambda0p02,qmem,2,margin,0.02,0.0,0.0,0.37352134002081955,0.5438886592255753,0.40209861450692747,0.840144742443593,19632,9396,0.04138705995865166,0.014653041958808899,0.6620693206787109,0.9744585156440735,0.00810832716524601,0.443603515625,1.0241401195526123,/kaggle/input/datasets/shuvroahmedimaging/ws2-eca/test_set/test_set/images/before/before-video-003/frame_0014.jpg,/kaggle/input/datasets/shuvroahmedimaging/ws2-eca/test_set/test_set/masks/before/before-video-003/frame_0014.jpg
before-video-003,frame_0015.jpg,strict_qmem_v2_T2K2_qmem_only_lambda0p02,qmem,2,margin,0.02,0.0,0.0,0.3162118780096308,0.48048780487804876,0.35674044265593563,0.7356846473029046,14910,7230,0.04138705995865166,0.009112226776778698,0.6758559346199036,0.9823882579803467,0.006501428782939911,0.47802734375,1.0146137475967407,/kaggle/input/datasets/shuvroahmedimaging/ws2-eca/test_set/test_set/images/before/before-video-003/frame_0015.jpg,/kaggle/input/datasets/shuvroahmedimaging/ws2-eca/test_set/test_set/masks/before/before-video-003/frame_0015.jpg
before-video-003,frame_0016.jpg,strict_qmem_v2_T2K2_qmem_only_lambda0p02,qmem,2,margin,0.02,0.0,0.0,0.2184406303087107,0.3585576923076923,0.2487990392313851,0.6416035788024776,14988,5812,0.04138705995865166,0.016285348683595657,0.6964907050132751,0.9770306944847107,0.005298241041600704,0.5322265625,1.0163640975952148,/kaggle/input/datasets/shuvroahmedimaging/ws2-eca/test_set/test_set/images/before/before-video-003/frame_0016.jpg,/kaggle/input/datasets/shuvroahmedimaging/ws2-eca/test_set/test_set/masks/before/before-video-003/frame_0016.jpg
before-video-003,frame_0017.jpg,strict_qmem_v2_T2K2_qmem_only_lambda0p02,qmem,2,margin,0.02,0.0,0.0,0.2504845766184859,0.40062001771479183,0.2952928119083371,0.6227454220019276,15317,7263,0.04138705995865166,0.01815914735198021,0.6917866468429565,0.9758637547492981,0.006228991784155369,0.521484375,1.0130479335784912,/kaggle/input/datasets/shuvroahmedimaging/ws2-eca/test_set/test_set/images/before/before-video-003/frame_0017.jpg,/kaggle/input/datasets/shuvroahmedimaging/ws2-eca/test_set/test_set/masks/before/before-video-003/frame_0017.jpg
before-video-003,frame_0018.jpg,strict_qmem_v2_T2K2_qmem_only_lambda0p02,qmem,2,margin,0.02,0.0,0.0,0.3558318241887328,0.5248907981661312,0.4167861033079172,0.7087151491518815,17443,10258,0.04138705995865166,0.017831243574619293,0.6855612993240356,0.9748778343200684,0.007277548313140869,0.503662109375,1.0185647010803223,/kaggle/input/datasets/shuvroahmedimaging/ws2-eca/test_set/test_set/images/before/before-video-003/frame_0018.jpg,/kaggle/input/datasets/shuvroahmedimaging/ws2-eca/test_set/test_set/masks/before/before-video-003/frame_0018.jpg
before-video-003,frame_0019.jpg,strict_qmem_v2_T2K2_qmem_only_lambda0p02,qmem,2,margin,0.02,0.0,0.0,0.4124890914379909,0.5840598613304043,0.4699254349627175,0.7714207997098559,18105,11029,0.04138705995865166,0.0196376945823431,0.7060901522636414,0.9719755053520203,0.007720111403614283,0.532470703125,1.0239458084106445,/kaggle/input/datasets/shuvroahmedimaging/ws2-eca/test_set/test_set/images/before/before-video-003/frame_0019.jpg,/kaggle/input/datasets/shuvroahmedimaging/ws2-eca/test_set/test_set/masks/before/before-video-003/frame_0019.jpg
before-video-003,frame_0020.jpg,strict_qmem_v2_T2K2_qmem_only_lambda0p02,qmem,2,margin,0.02,0.0,0.0,0.4798804425410421,0.6485394748741447,0.5333432495413754,0.8272070132266994,20169,13004,0.04138705995865166,0.019820619374513626,0.7157441973686218,0.9711496233940125,0.008088153786957264,0.537109375,1.0277210474014282,/kaggle/input/datasets/shuvroahmedimaging/ws2-eca/test_set/test_set/images/before/before-video-003/frame_0020.jpg,/kaggle/input/datasets/shuvroahmedimaging/ws2-eca/test_set/test_set/masks/before/before-video-003/frame_0020.jpg
before-video-003,frame_0021.jpg,strict_qmem_v2_T2K2_qmem_only_lambda0p02,qmem,2,margin,0.02,0.0,0.0,0.5006242197253433,0.6672212978369384,0.5769230769230769,0.7910310362966859,20852,15208,0.04138705995865166,0.01309902686625719,0.7063319683074951,0.9768295884132385,0.007112561259418726,0.51416015625,1.0296103954315186,/kaggle/input/datasets/shuvroahmedimaging/ws2-eca/test_set/test_set/images/before/before-video-003/frame_0021.jpg,/kaggle/input/datasets/shuvroahmedimaging/ws2-eca/test_set/test_set/masks/before/before-video-003/frame_0021.jpg
before-video-003,frame_0022.jpg,strict_qmem_v2_T2K2_qmem_only_lambda0p02,qmem,2,margin,0.02,0.0,0.0,0.4359896548937202,0.6072323061770086,0.49175022789425704,0.7936005884516366,21940,13595,0.04138705995865166,0.013666112907230854,0.6858251094818115,0.9764176607131958,0.0073224399238824844,0.48583984375,1.0273860692977905,/kaggle/input/datasets/shuvroahmedimaging/ws2-eca/test_set/test_set/images/before/before-video-003/frame_0022.jpg,/kaggle/input/datasets/shuvroahmedimaging/ws2-eca/test_set/test_set/masks/before/before-video-003/frame_0022.jpg
before-video-003,frame_0023.jpg,strict_qmem_v2_T2K2_qmem_only_lambda0p02,qmem,2,margin,0.02,0.0,0.0,0.4423131861404726,0.6133386152061345,0.48557347670250894,0.8323477459488519,22320,13021,0.04138705995865166,0.011636621318757534,0.6746403574943542,0.9794101119041443,0.006794363260269165,0.4716796875,1.0206420421600342,/kaggle/input/datasets/shuvroahmedimaging/ws2-eca/test_set/test_set/images/before/before-video-003/frame_0023.jpg,/kaggle/input/datasets/shuvroahmedimaging/ws2-eca/test_set/test_set/masks/before/before-video-003/frame_0023.jpg
before-video-003,frame_0024.jpg,strict_qmem_v2_T2K2_qmem_only_lambda0p02,qmem,2,margin,0.02,0.0,0.0,0.45330950901180855,0.6238306516277329,0.4927377132241175,0.8499635833940277,23684,13730,0.04138705995865166,0.01713043451309204,0.6998283863067627,0.9733553528785706,0.007914782501757145,0.505126953125,1.0299131870269775,/kaggle/input/datasets/shuvroahmedimaging/ws2-eca/test_set/test_set/images/before/before-video-003/frame_0024.jpg,/kaggle/input/datasets/shuvroahmedimaging/ws2-eca/test_set/test_set/masks/before/before-video-003/frame_0024.jpg
before-video-003,frame_0025.jpg,strict_qmem_v2_T2K2_qmem_only_lambda0p02,qmem,2,margin,0.02,0.0,0.0,0.366165877752624,0.5360489289265162,0.3818845245760893,0.898949070331447,23295,9896,0.04138705995865166,0.022416984662413597,0.6959219574928284,0.9685648083686829,0.008342770859599113,0.498291015625,1.0262988805770874,/kaggle/input/datasets/shuvroahmedimaging/ws2-eca/test_set/test_set/images/before/before-video-003/frame_0025.jpg,/kaggle/input/datasets/shuvroahmedimaging/ws2-eca/test_set/test_set/masks/before/before-video-003/frame_0025.jpg
before-video-003,frame_0026.jpg,strict_qmem_v2_T2K2_qmem_only_lambda0p02,qmem,2,margin,0.02,0.0,0.0,0.3351437085456118,0.5020339105079377,0.34213237819537806,0.942552041092187,20381,7398,0.04138705995865166,0.01943304017186165,0.6952032446861267,0.9707671999931335,0.007184435147792101,0.5068359375,1.0319337844848633,/kaggle/input/datasets/shuvroahmedimaging/ws2-eca/test_set/test_set/images/before/before-video-003/frame_0026.jpg,/kaggle/input/datasets/shuvroahmedimaging/ws2-eca/test_set/test_set/masks/before/before-video-003/frame_0026.jpg
before-video-003,frame_0027.jpg,strict_qmem_v2_T2K2_qmem_only_lambda0p02,qmem,2,margin,0.02,0.0,0.0,0.2791351991707389,0.43644362120861313,0.29105975603479334,0.8720123361603701,19429,6485,0.04138705995865166,0.022406037896871567,0.6729826927185059,0.9681046605110168,0.008208961226046085,0.477294921875,1.0336050987243652,/kaggle/input/datasets/shuvroahmedimaging/ws2-eca/test_set/test_set/images/before/before-video-003/frame_0027.jpg,/kaggle/input/datasets/shuvroahmedimaging/ws2-eca/test_set/test_set/masks/before/before-video-003/frame_0027.jpg
before-video-003,frame_0028.jpg,strict_qmem_v2_T2K2_qmem_only_lambda0p02,qmem,2,margin,0.02,0.0,0.0,0.2428998505231689,0.39085989176187613,0.2568944317582997,0.8168109466629433,22772,7162,0.04138705995865166,0.02662382647395134,0.655742347240448,0.9632923007011414,0.008579534478485584,0.442626953125,1.0371744632720947,/kaggle/input/datasets/shuvroahmedimaging/ws2-eca/test_set/test_set/images/before/before-video-003/frame_0028.jpg,/kaggle/input/datasets/shuvroahmedimaging/ws2-eca/test_set/test_set/masks/before/before-video-003/frame_0028.jpg
before-video-003,frame_0029.jpg,strict_qmem_v2_T2K2_qmem_only_lambda0p02,qmem,2,margin,0.02,0.0,0.0,0.22127673774485268,0.36236952838952946,0.22907382457594916,0.8666840935825383,28947,7651,0.04138705995865166,0.02166799083352089,0.6404181122779846,0.965316653251648,0.009585204534232616,0.400390625,1.0466315746307373,/kaggle/input/datasets/shuvroahmedimaging/ws2-eca/test_set/test_set/images/before/before-video-003/frame_0029.jpg,/kaggle/input/datasets/shuvroahmedimaging/ws2-eca/test_set/test_set/masks/before/before-video-003/frame_0029.jpg
before-video-003,frame_0030.jpg,strict_qmem_v2_T2K2_qmem_only_lambda0p02,qmem,2,margin,0.02,0.0,0.0,0.3073631118413511,0.4702031272833552,0.3153520464168104,0.9238543700470886,25508,8707,0.04138705995865166,0.011979233473539352,0.6179658770561218,0.976067841053009,0.00795724056661129,0.367431640625,1.02445387840271,/kaggle/input/datasets/shuvroahmedimaging/ws2-eca/test_set/test_set/images/before/before-video-003/frame_0030.jpg,/kaggle/input/datasets/shuvroahmedimaging/ws2-eca/test_set/test_set/masks/before/before-video-003/frame_0030.jpg
before-video-003,frame_0031.jpg,strict_qmem_v2_T2K2_qmem_only_lambda0p02,qmem,2,margin,0.02,0.0,0.0,0.3920654768671138,0.563285970929283,0.408665429124373,0.9061213766529469,25319,11419,0.04138705995865166,0.01277035754173994,0.6209750771522522,0.9744903445243835,0.008998394943773746,0.367919921875,1.0319852828979492,/kaggle/input/datasets/shuvroahmedimaging/ws2-eca/test_set/test_set/images/before/before-video-003/frame_0031.jpg,/kaggle/input/datasets/shuvroahmedimaging/ws2-eca/test_set/test_set/masks/before/before-video-003/frame_0031.jpg
before-video-003,frame_0032.jpg,strict_qmem_v2_T2K2_qmem_only_lambda0p02,qmem,2,margin,0.02,0.0,0.0,0.405452301997378,0.5769705616066284,0.4224418464505243,0.9097594739574321,24891,11558,0.04138705995865166,0.013908842578530312,0.6392138004302979,0.9739078283309937,0.009634462185204029,0.390625,1.0313923358917236,/kaggle/input/datasets/shuvroahmedimaging/ws2-eca/test_set/test_set/images/before/before-video-003/frame_0032.jpg,/kaggle/input/datasets/shuvroahmedimaging/ws2-eca/test_set/test_set/masks/before/before-video-003/frame_0032.jpg
before-video-003,frame_0033.jpg,strict_qmem_v2_T2K2_qmem_only_lambda0p02,qmem,2,margin,0.02,0.0,0.0,0.34275804870692905,0.5105283845246785,0.3572495088408644,0.8941778127458694,25450,10168,0.04138705995865166,0.013241330161690712,0.6508525013923645,0.9737564325332642,0.007894572801887989,0.419921875,1.0385457277297974,/kaggle/input/datasets/shuvroahmedimaging/ws2-eca/test_set/test_set/images/before/before-video-003/frame_0033.jpg,/kaggle/input/datasets/shuvroahmedimaging/ws2-eca/test_set/test_set/masks/before/before-video-003/frame_0033.jpg
before-video-003,frame_0034.jpg,strict_qmem_v2_T2K2_qmem_only_lambda0p02,qmem,2,margin,0.02,0.0,0.0,0.3439657323463362,0.5118668193211003,0.36061213812347404,0.881675727534378,22936,9381,0.04138705995865166,0.014977683313190937,0.633700430393219,0.9746890068054199,0.006936458870768547,0.404541015625,1.0232504606246948,/kaggle/input/datasets/shuvroahmedimaging/ws2-eca/test_set/test_set/images/before/before-video-003/frame_0034.jpg,/kaggle/input/datasets/shuvroahmedimaging/ws2-eca/test_set/test_set/masks/before/before-video-003/frame_0034.jpg
before-video-003,frame_0035.jpg,strict_qmem_v2_T2K2_qmem_only_lambda0p02,qmem,2,margin,0.02,0.0,0.0,0.3219183706988585,0.48704727588991736,0.3296888141295206,0.9317803660565723,23780,8414,0.04138705995865166,0.014766520820558071,0.6393178701400757,0.9740369915962219,0.007502298336476088,0.41357421875,1.030348300933838,/kaggle/input/datasets/shuvroahmedimaging/ws2-eca/test_set/test_set/images/before/before-video-003/frame_0035.jpg,/kaggle/input/datasets/shuvroahmedimaging/ws2-eca/test_set/test_set/masks/before/before-video-003/frame_0035.jpg
before-video-003,frame_0036.jpg,strict_qmem_v2_T2K2_qmem_only_lambda0p02,qmem,2,margin,0.02,0.0,0.0,0.23406221127194332,0.37933616171699525,0.24363436526836416,0.8562691131498471,21836,6213,0.04138705995865166,0.01210529450327158,0.6501622200012207,0.979237973690033,0.006148301064968109,0.4404296875,1.0153249502182007,/kaggle/input/datasets/shuvroahmedimaging/ws2-eca/test_set/test_set/images/before/before-video-003/frame_0036.jpg,/kaggle/input/datasets/shuvroahmedimaging/ws2-eca/test_set/test_set/masks/before/before-video-003/frame_0036.jpg
before-video-003,frame_0037.jpg,strict_qmem_v2_T2K2_qmem_only_lambda0p02,qmem,2,margin,0.02,0.0,0.0,0.2068374639528566,0.3427760077573071,0.21931223965257468,0.784310618066561,22566,6310,0.04138705995865166,0.015616852790117264,0.6797183752059937,0.9746853709220886,0.006388042587786913,0.483642578125,1.0304914712905884,/kaggle/input/datasets/shuvroahmedimaging/ws2-eca/test_set/test_set/images/before/before-video-003/frame_0037.jpg,/kaggle/input/datasets/shuvroahmedimaging/ws2-eca/test_set/test_set/masks/before/before-video-003/frame_0037.jpg
before-video-003,frame_0038.jpg,strict_qmem_v2_T2K2_qmem_only_lambda0p02,qmem,2,margin,0.02,0.0,0.0,0.2341247709345869,0.37941831563317086,0.24028947583612723,0.9012421407759547,24458,6521,0.04138705995865166,0.01835542730987072,0.6632694005966187,0.9711952209472656,0.009196636267006397,0.44140625,1.0260391235351562,/kaggle/input/datasets/shuvroahmedimaging/ws2-eca/test_set/test_set/images/before/before-video-003/frame_0038.jpg,/kaggle/input/datasets/shuvroahmedimaging/ws2-eca/test_set/test_set/masks/before/before-video-003/frame_0038.jpg
before-video-003,frame_0039.jpg,strict_qmem_v2_T2K2_qmem_only_lambda0p02,qmem,2,margin,0.02,0.0,0.0,0.31188961873979076,0.475481495218163,0.35130162458406733,0.7354532043927225,25545,12202,0.04138705995865166,0.015958324074745178,0.647454559803009,0.9721631407737732,0.009491996839642525,0.398193359375,1.0300958156585693,/kaggle/input/datasets/shuvroahmedimaging/ws2-eca/test_set/test_set/images/before/before-video-003/frame_0039.jpg,/kaggle/input/datasets/shuvroahmedimaging/ws2-eca/test_set/test_set/masks/before/before-video-003/frame_0039.jpg
before-video-003,frame_0040.jpg,strict_qmem_v2_T2K2_qmem_only_lambda0p02,qmem,2,margin,0.02,0.0,0.0,0.3178023979359539,0.48232177818726246,0.33235985016824326,0.8788718207000755,31502,11913,0.04138705995865166,0.016807936131954193,0.6506168246269226,0.9701213836669922,0.009708181023597717,0.404296875,1.0302259922027588,/kaggle/input/datasets/shuvroahmedimaging/ws2-eca/test_set/test_set/images/before/before-video-003/frame_0040.jpg,/kaggle/input/datasets/shuvroahmedimaging/ws2-eca/test_set/test_set/masks/before/before-video-003/frame_0040.jpg
before-video-003,frame_0041.jpg,strict_qmem_v2_T2K2_qmem_only_lambda0p02,qmem,2,margin,0.02,0.0,0.0,0.2684726467798039,0.42330064816353663,0.27824662023760754,0.8842982380001736,36615,11521,0.04138705995865166,0.017599288374185562,0.6380866765975952,0.9693031311035156,0.01043953001499176,0.370361328125,1.025354266166687,/kaggle/input/datasets/shuvroahmedimaging/ws2-eca/test_set/test_set/images/before/before-video-003/frame_0041.jpg,/kaggle/input/datasets/shuvroahmedimaging/ws2-eca/test_set/test_set/masks/before/before-video-003/frame_0041.jpg
before-video-003,frame_0042.jpg,strict_qmem_v2_T2K2_qmem_only_lambda0p02,qmem,2,margin,0.02,0.0,0.0,0.2958071791527404,0.45656048818336237,0.3151981932420303,0.8278326996197719,34537,13150,0.04138705995865166,0.015839099884033203,0.6273186802864075,0.9721693992614746,0.010105590336024761,0.355224609375,1.0131700038909912,/kaggle/input/datasets/shuvroahmedimaging/ws2-eca/test_set/test_set/images/before/before-video-003/frame_0042.jpg,/kaggle/input/datasets/shuvroahmedimaging/ws2-eca/test_set/test_set/masks/before/before-video-003/frame_0042.jpg
before-video-003,frame_0043.jpg,strict_qmem_v2_T2K2_qmem_only_lambda0p02,qmem,2,margin,0.02,0.0,0.0,0.2761080961956971,0.4327346515844918,0.3008283810552854,0.7706443180070737,33318,13006,0.04138705995865166,0.012721998617053032,0.6145650148391724,0.9761155247688293,0.008693449199199677,0.350341796875,1.016067624092102,/kaggle/input/datasets/shuvroahmedimaging/ws2-eca/test_set/test_set/images/before/before-video-003/frame_0043.jpg,/kaggle/input/datasets/shuvroahmedimaging/ws2-eca/test_set/test_set/masks/before/before-video-003/frame_0043.jpg
before-video-003,frame_0044.jpg,strict_qmem_v2_T2K2_qmem_only_lambda0p02,qmem,2,margin,0.02,0.0,0.0,0.2412570050365326,0.3887301405874957,0.2624025923925623,0.7496142825655719,25922,9074,0.04138705995865166,0.009387089870870113,0.6253126263618469,0.9807817935943604,0.007357571739703417,0.3828125,1.0145840644836426,/kaggle/input/datasets/shuvroahmedimaging/ws2-eca/test_set/test_set/images/before/before-video-003/frame_0044.jpg,/kaggle/input/datasets/shuvroahmedimaging/ws2-eca/test_set/test_set/masks/before/before-video-003/frame_0044.jpg
before-video-003,frame_0045.jpg,strict_qmem_v2_T2K2_qmem_only_lambda0p02,qmem,2,margin,0.02,0.0,0.0,0.20580906400872137,0.3413626089764288,0.23189295898223294,0.6466055045871559,22795,8175,0.04138705995865166,0.00833396427333355,0.6404428482055664,0.9831570386886597,0.006377561949193478,0.422119140625,1.0129132270812988,/kaggle/input/datasets/shuvroahmedimaging/ws2-eca/test_set/test_set/images/before/before-video-003/frame_0045.jpg,/kaggle/input/datasets/shuvroahmedimaging/ws2-eca/test_set/test_set/masks/before/before-video-003/frame_0045.jpg
before-video-003,frame_0046.jpg,strict_qmem_v2_T2K2_qmem_only_lambda0p02,qmem,2,margin,0.02,0.0,0.0,0.19273754977947158,0.32318517986644646,0.20939753431030472,0.7078156942915553,21495,6359,0.04138705995865166,0.011821722611784935,0.6431403160095215,0.9798492193222046,0.006431014277040958,0.427734375,1.0127625465393066,/kaggle/input/datasets/shuvroahmedimaging/ws2-eca/test_set/test_set/images/before/before-video-003/frame_0046.jpg,/kaggle/input/datasets/shuvroahmedimaging/ws2-eca/test_set/test_set/masks/before/before-video-003/frame_0046.jpg
before-video-004,frame_0001.jpg,strict_qmem_v2_T2K2_qmem_only_lambda0p02,qmem,2,margin,0.02,0.0,0.0,0.20054150796200265,0.3340850884905011,0.23747418758830563,0.5632169093955407,18402,7759,0.04138705995865166,0.0,0.0,0.0,0.0,0.0,0.0,/kaggle/input/datasets/shuvroahmedimaging/ws2-eca/test_set/test_set/images/before/before-video-004/frame_0001.jpg,/kaggle/input/datasets/shuvroahmedimaging/ws2-eca/test_set/test_set/masks/before/before-video-004/frame_0001.jpg
before-video-004,frame_0002.jpg,strict_qmem_v2_T2K2_qmem_only_lambda0p02,qmem,2,margin,0.02,0.0,0.0,0.22350093426193307,0.36534656901877754,0.2697729253165206,0.5657923027305956,19509,9302,0.04138705995865166,0.019578255712985992,0.6617961525917053,0.9728456735610962,0.006704006809741259,0.471435546875,1.0065215826034546,/kaggle/input/datasets/shuvroahmedimaging/ws2-eca/test_set/test_set/images/before/before-video-004/frame_0002.jpg,/kaggle/input/datasets/shuvroahmedimaging/ws2-eca/test_set/test_set/masks/before/before-video-004/frame_0002.jpg
before-video-004,frame_0003.jpg,strict_qmem_v2_T2K2_qmem_only_lambda0p02,qmem,2,margin,0.02,0.0,0.0,0.18948728598458628,0.31860329776915614,0.21886993603411514,0.5853171774768353,18760,7015,0.04138705995865166,0.010994388721883297,0.6746609210968018,0.9799315929412842,0.00669239554554224,0.4697265625,1.0215362310409546,/kaggle/input/datasets/shuvroahmedimaging/ws2-eca/test_set/test_set/images/before/before-video-004/frame_0003.jpg,/kaggle/input/datasets/shuvroahmedimaging/ws2-eca/test_set/test_set/masks/before/before-video-004/frame_0003.jpg
before-video-004,frame_0004.jpg,strict_qmem_v2_T2K2_qmem_only_lambda0p02,qmem,2,margin,0.02,0.0,0.0,0.236049265750829,0.38194151688192235,0.2515777250467007,0.7927139675469297,19807,6286,0.04138705995865166,0.010935358703136444,0.6845808625221252,0.9801720380783081,0.006902622990310192,0.482666015625,1.0211318731307983,/kaggle/input/datasets/shuvroahmedimaging/ws2-eca/test_set/test_set/images/before/before-video-004/frame_0004.jpg,/kaggle/input/datasets/shuvroahmedimaging/ws2-eca/test_set/test_set/masks/before/before-video-004/frame_0004.jpg
before-video-004,frame_0005.jpg,strict_qmem_v2_T2K2_qmem_only_lambda0p02,qmem,2,margin,0.02,0.0,0.0,0.30037783375314864,0.46198547215496366,0.3123586141207287,0.8867669427074532,16798,5917,0.04138705995865166,0.0078053586184978485,0.6978715658187866,0.9844863414764404,0.006096177268773317,0.50927734375,1.0150129795074463,/kaggle/input/datasets/shuvroahmedimaging/ws2-eca/test_set/test_set/images/before/before-video-004/frame_0005.jpg,/kaggle/input/datasets/shuvroahmedimaging/ws2-eca/test_set/test_set/masks/before/before-video-004/frame_0005.jpg
before-video-004,frame_0006.jpg,strict_qmem_v2_T2K2_qmem_only_lambda0p02,qmem,2,margin,0.02,0.0,0.0,0.17811799850634802,0.30237717908082407,0.1890713476783692,0.7545762711864407,17660,4425,0.04138705995865166,0.01040729507803917,0.6953165531158447,0.9820364713668823,0.0060476395301520824,0.50830078125,1.0158665180206299,/kaggle/input/datasets/shuvroahmedimaging/ws2-eca/test_set/test_set/images/before/before-video-004/frame_0006.jpg,/kaggle/input/datasets/shuvroahmedimaging/ws2-eca/test_set/test_set/masks/before/before-video-004/frame_0006.jpg
before-video-004,frame_0007.jpg,strict_qmem_v2_T2K2_qmem_only_lambda0p02,qmem,2,margin,0.02,0.0,0.0,0.23727113117632306,0.3835394283397527,0.24537013020698242,0.8778767631774314,19277,5388,0.04138705995865166,0.010898425243794918,0.6761612296104431,0.9802761077880859,0.006327501963824034,0.477783203125,1.0241832733154297,/kaggle/input/datasets/shuvroahmedimaging/ws2-eca/test_set/test_set/images/before/before-video-004/frame_0007.jpg,/kaggle/input/datasets/shuvroahmedimaging/ws2-eca/test_set/test_set/masks/before/before-video-004/frame_0007.jpg
before-video-004,frame_0008.jpg,strict_qmem_v2_T2K2_qmem_only_lambda0p02,qmem,2,margin,0.02,0.0,0.0,0.2501185293737339,0.40015170321334986,0.25544746225293835,0.923015746779068,22717,6287,0.04138705995865166,0.01441375631839037,0.6643275618553162,0.9744912385940552,0.007411607075482607,0.44921875,1.0379981994628906,/kaggle/input/datasets/shuvroahmedimaging/ws2-eca/test_set/test_set/images/before/before-video-004/frame_0008.jpg,/kaggle/input/datasets/shuvroahmedimaging/ws2-eca/test_set/test_set/masks/before/before-video-004/frame_0008.jpg
before-video-004,frame_0009.jpg,strict_qmem_v2_T2K2_qmem_only_lambda0p02,qmem,2,margin,0.02,0.0,0.0,0.3719278190577284,0.5421973574574456,0.3759957076230963,0.9717333333333333,24229,9375,0.04138705995865166,0.018804972991347313,0.6713568568229675,0.9701700806617737,0.0074715991504490376,0.465087890625,1.0350708961486816,/kaggle/input/datasets/shuvroahmedimaging/ws2-eca/test_set/test_set/images/before/before-video-004/frame_0009.jpg,/kaggle/input/datasets/shuvroahmedimaging/ws2-eca/test_set/test_set/masks/before/before-video-004/frame_0009.jpg
before-video-004,frame_0010.jpg,strict_qmem_v2_T2K2_qmem_only_lambda0p02,qmem,2,margin,0.02,0.0,0.0,0.3643149882903981,0.5340628687909023,0.38751362291763974,0.8588681849551415,19269,8694,0.04138705995865166,0.013037444092333317,0.7064869403839111,0.9770017862319946,0.008588622324168682,0.51123046875,1.03206467628479,/kaggle/input/datasets/shuvroahmedimaging/ws2-eca/test_set/test_set/images/before/before-video-004/frame_0010.jpg,/kaggle/input/datasets/shuvroahmedimaging/ws2-eca/test_set/test_set/masks/before/before-video-004/frame_0010.jpg
before-video-005,frame_0001.jpg,strict_qmem_v2_T2K2_qmem_only_lambda0p02,qmem,2,margin,0.02,0.0,0.0,0.3948079100966983,0.5661107988258073,0.41390017809032376,0.8953867430603576,21899,10123,0.04138705995865166,0.0,0.0,0.0,0.0,0.0,0.0,/kaggle/input/datasets/shuvroahmedimaging/ws2-eca/test_set/test_set/images/before/before-video-005/frame_0001.jpg,/kaggle/input/datasets/shuvroahmedimaging/ws2-eca/test_set/test_set/masks/before/before-video-005/frame_0001.jpg
before-video-005,frame_0002.jpg,strict_qmem_v2_T2K2_qmem_only_lambda0p02,qmem,2,margin,0.02,0.0,0.0,0.1969601930036188,0.3291006570726005,0.19987269255251433,0.9311131386861314,20423,4384,0.04138705995865166,0.0279612485319376,0.6922653317451477,0.9654452204704285,0.0068619269877672195,0.521484375,1.0112553834915161,/kaggle/input/datasets/shuvroahmedimaging/ws2-eca/test_set/test_set/images/before/before-video-005/frame_0002.jpg,/kaggle/input/datasets/shuvroahmedimaging/ws2-eca/test_set/test_set/masks/before/before-video-005/frame_0002.jpg
before-video-005,frame_0003.jpg,strict_qmem_v2_T2K2_qmem_only_lambda0p02,qmem,2,margin,0.02,0.0,0.0,0.11758082676532089,0.2104202648244099,0.12095973524544953,0.8080324244657332,18130,2714,0.04138705995865166,0.015034103766083717,0.6767650842666626,0.976791501045227,0.007652202155441046,0.47998046875,1.0189411640167236,/kaggle/input/datasets/shuvroahmedimaging/ws2-eca/test_set/test_set/images/before/before-video-005/frame_0003.jpg,/kaggle/input/datasets/shuvroahmedimaging/ws2-eca/test_set/test_set/masks/before/before-video-005/frame_0003.jpg
before-video-005,frame_0004.jpg,strict_qmem_v2_T2K2_qmem_only_lambda0p02,qmem,2,margin,0.02,0.0,0.0,0.08199838653912643,0.1515684081589178,0.08364683752645191,0.8062322946175637,17012,1765,0.04138705995865166,0.008514483459293842,0.7021335363388062,0.9836447238922119,0.005315268877893686,0.525634765625,1.0241550207138062,/kaggle/input/datasets/shuvroahmedimaging/ws2-eca/test_set/test_set/images/before/before-video-005/frame_0004.jpg,/kaggle/input/datasets/shuvroahmedimaging/ws2-eca/test_set/test_set/masks/before/before-video-005/frame_0004.jpg
before-video-005,frame_0005.jpg,strict_qmem_v2_T2K2_qmem_only_lambda0p02,qmem,2,margin,0.02,0.0,0.0,0.060247403787416005,0.1136478213899892,0.06104921077065924,0.8210197710718002,12924,961,0.04138705995865166,0.007759320084005594,0.7206099033355713,0.9861544370651245,0.004800213035196066,0.56103515625,1.0176364183425903,/kaggle/input/datasets/shuvroahmedimaging/ws2-eca/test_set/test_set/images/before/before-video-005/frame_0005.jpg,/kaggle/input/datasets/shuvroahmedimaging/ws2-eca/test_set/test_set/masks/before/before-video-005/frame_0005.jpg
before-video-005,frame_0006.jpg,strict_qmem_v2_T2K2_qmem_only_lambda0p02,qmem,2,margin,0.02,0.0,0.0,0.1101414384592236,0.1984277582000542,0.11375880646498135,0.7759717314487633,9652,1415,0.04138705995865166,0.006969795096665621,0.7351752519607544,0.9893161058425903,0.004227097611874342,0.59619140625,1.0040630102157593,/kaggle/input/datasets/shuvroahmedimaging/ws2-eca/test_set/test_set/images/before/before-video-005/frame_0006.jpg,/kaggle/input/datasets/shuvroahmedimaging/ws2-eca/test_set/test_set/masks/before/before-video-005/frame_0006.jpg
before-video-005,frame_0007.jpg,strict_qmem_v2_T2K2_qmem_only_lambda0p02,qmem,2,margin,0.02,0.0,0.0,0.03240266393442623,0.06277136831658603,0.033097854526425954,0.6067146282973621,7644,417,0.04138705995865166,0.007035786285996437,0.7444049715995789,0.9900356531143188,0.0035524240229278803,0.618896484375,1.0055859088897705,/kaggle/input/datasets/shuvroahmedimaging/ws2-eca/test_set/test_set/images/before/before-video-005/frame_0007.jpg,/kaggle/input/datasets/shuvroahmedimaging/ws2-eca/test_set/test_set/masks/before/before-video-005/frame_0007.jpg
before-video-005,frame_0008.jpg,strict_qmem_v2_T2K2_qmem_only_lambda0p02,qmem,2,margin,0.02,0.0,0.0,0.04783715012722646,0.09130645944633317,0.04851612903225806,0.7736625514403292,11625,729,0.04138705995865166,0.010223654098808765,0.7337341904640198,0.9859141111373901,0.0038353255949914455,0.602294921875,1.010102391242981,/kaggle/input/datasets/shuvroahmedimaging/ws2-eca/test_set/test_set/images/before/before-video-005/frame_0008.jpg,/kaggle/input/datasets/shuvroahmedimaging/ws2-eca/test_set/test_set/masks/before/before-video-005/frame_0008.jpg
before-video-005,frame_0009.jpg,strict_qmem_v2_T2K2_qmem_only_lambda0p02,qmem,2,margin,0.02,0.0,0.0,0.06557835299379437,0.12308499475341028,0.06657585561042056,0.8140180430256766,17619,1441,0.04138705995865166,0.01272387895733118,0.7162508964538574,0.9828885793685913,0.004369004629552364,0.5703125,1.0093398094177246,/kaggle/input/datasets/shuvroahmedimaging/ws2-eca/test_set/test_set/images/before/before-video-005/frame_0009.jpg,/kaggle/input/datasets/shuvroahmedimaging/ws2-eca/test_set/test_set/masks/before/before-video-005/frame_0009.jpg
before-video-005,frame_0010.jpg,strict_qmem_v2_T2K2_qmem_only_lambda0p02,qmem,2,margin,0.02,0.0,0.0,0.1495136385279913,0.26013373572400733,0.15171176145775814,0.9116549149730402,14488,2411,0.04138705995865166,0.009419145993888378,0.6850928068161011,0.9847841262817383,0.005122448783367872,0.513427734375,1.0125607252120972,/kaggle/input/datasets/shuvroahmedimaging/ws2-eca/test_set/test_set/images/before/before-video-005/frame_0010.jpg,/kaggle/input/datasets/shuvroahmedimaging/ws2-eca/test_set/test_set/masks/before/before-video-005/frame_0010.jpg
before-video-005,frame_0011.jpg,strict_qmem_v2_T2K2_qmem_only_lambda0p02,qmem,2,margin,0.02,0.0,0.0,0.13766937669376694,0.24202000952834682,0.13893278230217576,0.9380385720147723,16454,2437,0.04138705995865166,0.01001913845539093,0.7028952836990356,0.9839035868644714,0.005259528290480375,0.53955078125,1.015255093574524,/kaggle/input/datasets/shuvroahmedimaging/ws2-eca/test_set/test_set/images/before/before-video-005/frame_0011.jpg,/kaggle/input/datasets/shuvroahmedimaging/ws2-eca/test_set/test_set/masks/before/before-video-005/frame_0011.jpg
before-video-005,frame_0012.jpg,strict_qmem_v2_T2K2_qmem_only_lambda0p02,qmem,2,margin,0.02,0.0,0.0,0.1585425554234562,0.27369310636242905,0.16209066209066209,0.8786821705426356,13986,2580,0.04138705995865166,0.008062106557190418,0.7129161357879639,0.9868056178092957,0.00479541439563036,0.55224609375,1.0118460655212402,/kaggle/input/datasets/shuvroahmedimaging/ws2-eca/test_set/test_set/images/before/before-video-005/frame_0012.jpg,/kaggle/input/datasets/shuvroahmedimaging/ws2-eca/test_set/test_set/masks/before/before-video-005/frame_0012.jpg
before-video-005,frame_0013.jpg,strict_qmem_v2_T2K2_qmem_only_lambda0p02,qmem,2,margin,0.02,0.0,0.0,0.30129252711335613,0.46306656010960157,0.3051918735891648,0.9593188268684958,13290,4228,0.04138705995865166,0.01359772402793169,0.7367652058601379,0.9811366200447083,0.005100077483803034,0.59033203125,1.0156389474868774,/kaggle/input/datasets/shuvroahmedimaging/ws2-eca/test_set/test_set/images/before/before-video-005/frame_0013.jpg,/kaggle/input/datasets/shuvroahmedimaging/ws2-eca/test_set/test_set/masks/before/before-video-005/frame_0013.jpg
before-video-005,frame_0014.jpg,strict_qmem_v2_T2K2_qmem_only_lambda0p02,qmem,2,margin,0.02,0.0,0.0,0.3586188508198907,0.5279167893239133,0.3659863945578231,0.9468497008095741,14700,5682,0.04138705995865166,0.014797295443713665,0.7364448308944702,0.9797611236572266,0.005266342777758837,0.59375,1.0126529932022095,/kaggle/input/datasets/shuvroahmedimaging/ws2-eca/test_set/test_set/images/before/before-video-005/frame_0014.jpg,/kaggle/input/datasets/shuvroahmedimaging/ws2-eca/test_set/test_set/masks/before/before-video-005/frame_0014.jpg
before-video-005,frame_0015.jpg,strict_qmem_v2_T2K2_qmem_only_lambda0p02,qmem,2,margin,0.02,0.0,0.0,0.36973486743371686,0.5398634089332018,0.3899852258336851,0.8768537193024084,18952,8429,0.04138705995865166,0.02290114015340805,0.7147879600524902,0.9700928926467896,0.007347636856138706,0.537109375,1.0160512924194336,/kaggle/input/datasets/shuvroahmedimaging/ws2-eca/test_set/test_set/images/before/before-video-005/frame_0015.jpg,/kaggle/input/datasets/shuvroahmedimaging/ws2-eca/test_set/test_set/masks/before/before-video-005/frame_0015.jpg
before-video-005,frame_0016.jpg,strict_qmem_v2_T2K2_qmem_only_lambda0p02,qmem,2,margin,0.02,0.0,0.0,0.39426666666666665,0.565554174237353,0.4137207350060629,0.8934434484842381,21442,9929,0.04138705995865166,0.02124791219830513,0.6798350811004639,0.9699918031692505,0.008117306046187878,0.471923828125,1.012342929840088,/kaggle/input/datasets/shuvroahmedimaging/ws2-eca/test_set/test_set/images/before/before-video-005/frame_0016.jpg,/kaggle/input/datasets/shuvroahmedimaging/ws2-eca/test_set/test_set/masks/before/before-video-005/frame_0016.jpg
before-video-005,frame_0017.jpg,strict_qmem_v2_T2K2_qmem_only_lambda0p02,qmem,2,margin,0.02,0.0,0.0,0.3330408369895376,0.49967086941110944,0.34590577678070666,0.8995442114858706,28528,10970,0.04138705995865166,0.027454305440187454,0.6785053014755249,0.9618765711784363,0.01038703415542841,0.45849609375,1.0201629400253296,/kaggle/input/datasets/shuvroahmedimaging/ws2-eca/test_set/test_set/images/before/before-video-005/frame_0017.jpg,/kaggle/input/datasets/shuvroahmedimaging/ws2-eca/test_set/test_set/masks/before/before-video-005/frame_0017.jpg
before-video-005,frame_0018.jpg,strict_qmem_v2_T2K2_qmem_only_lambda0p02,qmem,2,margin,0.02,0.0,0.0,0.3467597511003187,0.5149541346435574,0.35379374419324866,0.9457736567596655,32290,12079,0.04138705995865166,0.02350493334233761,0.6475954055786133,0.9648489952087402,0.010514551773667336,0.409912109375,1.0214407444000244,/kaggle/input/datasets/shuvroahmedimaging/ws2-eca/test_set/test_set/images/before/before-video-005/frame_0018.jpg,/kaggle/input/datasets/shuvroahmedimaging/ws2-eca/test_set/test_set/masks/before/before-video-005/frame_0018.jpg
before-video-005,frame_0019.jpg,strict_qmem_v2_T2K2_qmem_only_lambda0p02,qmem,2,margin,0.02,0.0,0.0,0.35736186913595386,0.5265535702184373,0.3665209597786094,0.9346431435445068,31799,12470,0.04138705995865166,0.023288391530513763,0.6507475972175598,0.9644402265548706,0.010557384230196476,0.399169921875,1.0213209390640259,/kaggle/input/datasets/shuvroahmedimaging/ws2-eca/test_set/test_set/images/before/before-video-005/frame_0019.jpg,/kaggle/input/datasets/shuvroahmedimaging/ws2-eca/test_set/test_set/masks/before/before-video-005/frame_0019.jpg
before-video-005,frame_0020.jpg,strict_qmem_v2_T2K2_qmem_only_lambda0p02,qmem,2,margin,0.02,0.0,0.0,0.42272622535303994,0.5942481664005923,0.42434656180814856,0.9910480012347584,30263,12958,0.04138705995865166,0.013117360882461071,0.64741051197052,0.9754800200462341,0.008124062791466713,0.4130859375,1.0243732929229736,/kaggle/input/datasets/shuvroahmedimaging/ws2-eca/test_set/test_set/images/before/before-video-005/frame_0020.jpg,/kaggle/input/datasets/shuvroahmedimaging/ws2-eca/test_set/test_set/masks/before/before-video-005/frame_0020.jpg
before-video-005,frame_0021.jpg,strict_qmem_v2_T2K2_qmem_only_lambda0p02,qmem,2,margin,0.02,0.0,0.0,0.44859132636910415,0.619348353401368,0.4600227235838338,0.9475127039315325,30805,14956,0.04138705995865166,0.01194265577942133,0.6685168743133545,0.9765552282333374,0.008541875518858433,0.431396484375,1.0278304815292358,/kaggle/input/datasets/shuvroahmedimaging/ws2-eca/test_set/test_set/images/before/before-video-005/frame_0021.jpg,/kaggle/input/datasets/shuvroahmedimaging/ws2-eca/test_set/test_set/masks/before/before-video-005/frame_0021.jpg
before-video-005,frame_0022.jpg,strict_qmem_v2_T2K2_qmem_only_lambda0p02,qmem,2,margin,0.02,0.0,0.0,0.42962909718228864,0.6010357484036402,0.47802615267725035,0.8092884706519532,25007,14771,0.04138705995865166,0.013331116177141666,0.6672425270080566,0.9759373068809509,0.007784327957779169,0.446044921875,1.0237199068069458,/kaggle/input/datasets/shuvroahmedimaging/ws2-eca/test_set/test_set/images/before/before-video-005/frame_0022.jpg,/kaggle/input/datasets/shuvroahmedimaging/ws2-eca/test_set/test_set/masks/before/before-video-005/frame_0022.jpg
before-video-005,frame_0023.jpg,strict_qmem_v2_T2K2_qmem_only_lambda0p02,qmem,2,margin,0.02,0.0,0.0,0.4356392467789891,0.6068923620699177,0.4869499711968804,0.8052319191030995,22567,13647,0.04138705995865166,0.012644652277231216,0.6391756534576416,0.9778024554252625,0.007053344510495663,0.413330078125,1.0214630365371704,/kaggle/input/datasets/shuvroahmedimaging/ws2-eca/test_set/test_set/images/before/before-video-005/frame_0023.jpg,/kaggle/input/datasets/shuvroahmedimaging/ws2-eca/test_set/test_set/masks/before/before-video-005/frame_0023.jpg
before-video-005,frame_0024.jpg,strict_qmem_v2_T2K2_qmem_only_lambda0p02,qmem,2,margin,0.02,0.0,0.0,0.46093127921066296,0.6310102135121686,0.5337984123165744,0.7715130092136524,24942,17257,0.04138705995865166,0.014864112250506878,0.641008198261261,0.9717926383018494,0.009410872124135494,0.38671875,1.0444939136505127,/kaggle/input/datasets/shuvroahmedimaging/ws2-eca/test_set/test_set/images/before/before-video-005/frame_0024.jpg,/kaggle/input/datasets/shuvroahmedimaging/ws2-eca/test_set/test_set/masks/before/before-video-005/frame_0024.jpg
before-video-005,frame_0025.jpg,strict_qmem_v2_T2K2_qmem_only_lambda0p02,qmem,2,margin,0.02,0.0,0.0,0.500360016278997,0.6669866043483704,0.5287481804949054,0.9030963950728896,30228,17698,0.04138705995865166,0.01395146083086729,0.6310855150222778,0.9715072512626648,0.00976579263806343,0.3720703125,1.0376070737838745,/kaggle/input/datasets/shuvroahmedimaging/ws2-eca/test_set/test_set/images/before/before-video-005/frame_0025.jpg,/kaggle/input/datasets/shuvroahmedimaging/ws2-eca/test_set/test_set/masks/before/before-video-005/frame_0025.jpg
before-video-005,frame_0026.jpg,strict_qmem_v2_T2K2_qmem_only_lambda0p02,qmem,2,margin,0.02,0.0,0.0,0.5119000508790774,0.6771612324259647,0.5269283365823852,0.9472252732883519,34369,19119,0.04138705995865166,0.013862235471606255,0.6483036875724792,0.971308171749115,0.009789077565073967,0.390625,1.0427923202514648,/kaggle/input/datasets/shuvroahmedimaging/ws2-eca/test_set/test_set/images/before/before-video-005/frame_0026.jpg,/kaggle/input/datasets/shuvroahmedimaging/ws2-eca/test_set/test_set/masks/before/before-video-005/frame_0026.jpg
before-video-005,frame_0027.jpg,strict_qmem_v2_T2K2_qmem_only_lambda0p02,qmem,2,margin,0.02,0.0,0.0,0.4940014892854188,0.661313248786251,0.4961085722199141,0.9914757002103398,36105,18066,0.04138705995865166,0.01379997655749321,0.6425783634185791,0.9703205823898315,0.0098147913813591,0.376220703125,1.04049813747406,/kaggle/input/datasets/shuvroahmedimaging/ws2-eca/test_set/test_set/images/before/before-video-005/frame_0027.jpg,/kaggle/input/datasets/shuvroahmedimaging/ws2-eca/test_set/test_set/masks/before/before-video-005/frame_0027.jpg
before-video-005,frame_0028.jpg,strict_qmem_v2_T2K2_qmem_only_lambda0p02,qmem,2,margin,0.02,0.0,0.0,0.41740768185747806,0.5889733591826954,0.4309256661991585,0.9300997592019263,31372,14535,0.04138705995865166,0.013217153958976269,0.6555988788604736,0.9740980863571167,0.009685791097581387,0.401611328125,1.0219807624816895,/kaggle/input/datasets/shuvroahmedimaging/ws2-eca/test_set/test_set/images/before/before-video-005/frame_0028.jpg,/kaggle/input/datasets/shuvroahmedimaging/ws2-eca/test_set/test_set/masks/before/before-video-005/frame_0028.jpg
before-video-005,frame_0029.jpg,strict_qmem_v2_T2K2_qmem_only_lambda0p02,qmem,2,margin,0.02,0.0,0.0,0.28863944739114344,0.4479754953575189,0.29879333461022795,0.8946664117759511,31326,10462,0.04138705995865166,0.012707386165857315,0.6401309967041016,0.9755794405937195,0.00802166759967804,0.401611328125,1.0213721990585327,/kaggle/input/datasets/shuvroahmedimaging/ws2-eca/test_set/test_set/images/before/before-video-005/frame_0029.jpg,/kaggle/input/datasets/shuvroahmedimaging/ws2-eca/test_set/test_set/masks/before/before-video-005/frame_0029.jpg
before-video-005,frame_0030.jpg,strict_qmem_v2_T2K2_qmem_only_lambda0p02,qmem,2,margin,0.02,0.0,0.0,0.30584848573862466,0.46842874817230906,0.3261904761904762,0.8306342241723175,31920,12535,0.04138705995865166,0.01479450985789299,0.657760500907898,0.9739214181900024,0.009121817536652088,0.418701171875,1.023870825767517,/kaggle/input/datasets/shuvroahmedimaging/ws2-eca/test_set/test_set/images/before/before-video-005/frame_0030.jpg,/kaggle/input/datasets/shuvroahmedimaging/ws2-eca/test_set/test_set/masks/before/before-video-005/frame_0030.jpg
before-video-005,frame_0031.jpg,strict_qmem_v2_T2K2_qmem_only_lambda0p02,qmem,2,margin,0.02,0.0,0.0,0.2897262962566463,0.44928338221459796,0.31366867562973266,0.7914798206278026,25884,10258,0.04138705995865166,0.01365853101015091,0.6442747116088867,0.9760996103286743,0.008872950449585915,0.399658203125,1.0115432739257812,/kaggle/input/datasets/shuvroahmedimaging/ws2-eca/test_set/test_set/images/before/before-video-005/frame_0031.jpg,/kaggle/input/datasets/shuvroahmedimaging/ws2-eca/test_set/test_set/masks/before/before-video-005/frame_0031.jpg
before-video-005,frame_0032.jpg,strict_qmem_v2_T2K2_qmem_only_lambda0p02,qmem,2,margin,0.02,0.0,0.0,0.36308288833713137,0.5327377981834515,0.3926364572605561,0.8282898820608318,27188,12888,0.04138705995865166,0.014092566445469856,0.6322600841522217,0.9734336733818054,0.008863113820552826,0.37939453125,1.0305488109588623,/kaggle/input/datasets/shuvroahmedimaging/ws2-eca/test_set/test_set/images/before/before-video-005/frame_0032.jpg,/kaggle/input/datasets/shuvroahmedimaging/ws2-eca/test_set/test_set/masks/before/before-video-005/frame_0032.jpg
before-video-005,frame_0033.jpg,strict_qmem_v2_T2K2_qmem_only_lambda0p02,qmem,2,margin,0.02,0.0,0.0,0.4501355609291419,0.6208185952501263,0.4932551790589369,0.8373773173391494,24908,14672,0.04138705995865166,0.013387879356741905,0.6402990818023682,0.9738325476646423,0.00865918304771185,0.39111328125,1.034348487854004,/kaggle/input/datasets/shuvroahmedimaging/ws2-eca/test_set/test_set/images/before/before-video-005/frame_0033.jpg,/kaggle/input/datasets/shuvroahmedimaging/ws2-eca/test_set/test_set/masks/before/before-video-005/frame_0033.jpg
before-video-005,frame_0034.jpg,strict_qmem_v2_T2K2_qmem_only_lambda0p02,qmem,2,margin,0.02,0.0,0.0,0.46221386014424587,0.6322110229466009,0.4859340659340659,0.904479443649008,27300,14667,0.04138705995865166,0.012423928827047348,0.6532032489776611,0.9737445712089539,0.008847507648169994,0.402099609375,1.0417420864105225,/kaggle/input/datasets/shuvroahmedimaging/ws2-eca/test_set/test_set/images/before/before-video-005/frame_0034.jpg,/kaggle/input/datasets/shuvroahmedimaging/ws2-eca/test_set/test_set/masks/before/before-video-005/frame_0034.jpg
before-video-005,frame_0035.jpg,strict_qmem_v2_T2K2_qmem_only_lambda0p02,qmem,2,margin,0.02,0.0,0.0,0.40110776134053144,0.5725580464371497,0.4175760008758804,0.91047982812127,27401,12567,0.04138705995865166,0.01551075279712677,0.6567162275314331,0.9698939919471741,0.009278039447963238,0.416015625,1.0518465042114258,/kaggle/input/datasets/shuvroahmedimaging/ws2-eca/test_set/test_set/images/before/before-video-005/frame_0035.jpg,/kaggle/input/datasets/shuvroahmedimaging/ws2-eca/test_set/test_set/masks/before/before-video-005/frame_0035.jpg
before-video-005,frame_0036.jpg,strict_qmem_v2_T2K2_qmem_only_lambda0p02,qmem,2,margin,0.02,0.0,0.0,0.3084841502842915,0.47151377449588183,0.3270943336748365,0.8442839707078926,25378,9832,0.04138705995865166,0.011715554632246494,0.6398099064826965,0.976841151714325,0.007719963788986206,0.39990234375,1.0284820795059204,/kaggle/input/datasets/shuvroahmedimaging/ws2-eca/test_set/test_set/images/before/before-video-005/frame_0036.jpg,/kaggle/input/datasets/shuvroahmedimaging/ws2-eca/test_set/test_set/masks/before/before-video-005/frame_0036.jpg
before-video-005,frame_0037.jpg,strict_qmem_v2_T2K2_qmem_only_lambda0p02,qmem,2,margin,0.02,0.0,0.0,0.26326675333884886,0.41680310614211535,0.2760308559744726,0.8505966587112171,32279,10475,0.04138705995865166,0.0147531908005476,0.6506491899490356,0.9733884334564209,0.00857153907418251,0.412353515625,1.0341135263442993,/kaggle/input/datasets/shuvroahmedimaging/ws2-eca/test_set/test_set/images/before/before-video-005/frame_0037.jpg,/kaggle/input/datasets/shuvroahmedimaging/ws2-eca/test_set/test_set/masks/before/before-video-005/frame_0037.jpg
before-video-005,frame_0038.jpg,strict_qmem_v2_T2K2_qmem_only_lambda0p02,qmem,2,margin,0.02,0.0,0.0,0.2986432511253408,0.45993116410769647,0.31995245372728814,0.8176531852109009,29445,11522,0.04138705995865166,0.013192436657845974,0.6479715704917908,0.9743377566337585,0.008948487229645252,0.402099609375,1.0310757160186768,/kaggle/input/datasets/shuvroahmedimaging/ws2-eca/test_set/test_set/images/before/before-video-005/frame_0038.jpg,/kaggle/input/datasets/shuvroahmedimaging/ws2-eca/test_set/test_set/masks/before/before-video-005/frame_0038.jpg
before-video-005,frame_0039.jpg,strict_qmem_v2_T2K2_qmem_only_lambda0p02,qmem,2,margin,0.02,0.0,0.0,0.3907002338698583,0.56187555643486,0.42032042032042033,0.8471921843537922,27027,13409,0.04138705995865166,0.011240515857934952,0.6639643907546997,0.9770458936691284,0.008962701074779034,0.4248046875,1.0244567394256592,/kaggle/input/datasets/shuvroahmedimaging/ws2-eca/test_set/test_set/images/before/before-video-005/frame_0039.jpg,/kaggle/input/datasets/shuvroahmedimaging/ws2-eca/test_set/test_set/masks/before/before-video-005/frame_0039.jpg
before-video-005,frame_0040.jpg,strict_qmem_v2_T2K2_qmem_only_lambda0p02,qmem,2,margin,0.02,0.0,0.0,0.5422754946727549,0.7032148232217316,0.5926803909336661,0.8644304258158437,24045,16486,0.04138705995865166,0.009376571513712406,0.6888502836227417,0.979163646697998,0.008435739204287529,0.468994140625,1.024163842201233,/kaggle/input/datasets/shuvroahmedimaging/ws2-eca/test_set/test_set/images/before/before-video-005/frame_0040.jpg,/kaggle/input/datasets/shuvroahmedimaging/ws2-eca/test_set/test_set/masks/before/before-video-005/frame_0040.jpg
before-video-005,frame_0041.jpg,strict_qmem_v2_T2K2_qmem_only_lambda0p02,qmem,2,margin,0.02,0.0,0.0,0.5095766129032258,0.6751252086811352,0.5493818774623013,0.8755141805585624,22083,13857,0.04138705995865166,0.010591784492135048,0.6852800250053406,0.9793984889984131,0.007177010178565979,0.47607421875,1.0206764936447144,/kaggle/input/datasets/shuvroahmedimaging/ws2-eca/test_set/test_set/images/before/before-video-005/frame_0041.jpg,/kaggle/input/datasets/shuvroahmedimaging/ws2-eca/test_set/test_set/masks/before/before-video-005/frame_0041.jpg
before-video-005,frame_0042.jpg,strict_qmem_v2_T2K2_qmem_only_lambda0p02,qmem,2,margin,0.02,0.0,0.0,0.49459412328886565,0.6618440626549602,0.5471161265432098,0.8374547870377206,20736,13547,0.04138705995865166,0.011273331008851528,0.686630368232727,0.9783549308776855,0.007469328120350838,0.476806640625,1.0272433757781982,/kaggle/input/datasets/shuvroahmedimaging/ws2-eca/test_set/test_set/images/before/before-video-005/frame_0042.jpg,/kaggle/input/datasets/shuvroahmedimaging/ws2-eca/test_set/test_set/masks/before/before-video-005/frame_0042.jpg
before-video-005,frame_0043.jpg,strict_qmem_v2_T2K2_qmem_only_lambda0p02,qmem,2,margin,0.02,0.0,0.0,0.46695962192189705,0.6366359577233934,0.506429277942631,0.8569689592209373,22242,13144,0.04138705995865166,0.013638029806315899,0.6835464239120483,0.9755417108535767,0.008456400595605373,0.46337890625,1.0261247158050537,/kaggle/input/datasets/shuvroahmedimaging/ws2-eca/test_set/test_set/images/before/before-video-005/frame_0043.jpg,/kaggle/input/datasets/shuvroahmedimaging/ws2-eca/test_set/test_set/masks/before/before-video-005/frame_0043.jpg
before-video-005,frame_0044.jpg,strict_qmem_v2_T2K2_qmem_only_lambda0p02,qmem,2,margin,0.02,0.0,0.0,0.36977682811016144,0.5399081376202444,0.406534127985383,0.8035253654342218,22987,11630,0.04138705995865166,0.01454662811011076,0.6944289803504944,0.9749218821525574,0.008038662374019623,0.48779296875,1.0212290287017822,/kaggle/input/datasets/shuvroahmedimaging/ws2-eca/test_set/test_set/images/before/before-video-005/frame_0044.jpg,/kaggle/input/datasets/shuvroahmedimaging/ws2-eca/test_set/test_set/masks/before/before-video-005/frame_0044.jpg
before-video-005,frame_0045.jpg,strict_qmem_v2_T2K2_qmem_only_lambda0p02,qmem,2,margin,0.02,0.0,0.0,0.29933069913716637,0.4607459815056166,0.31711588569475885,0.8422007941009643,23411,8815,0.04138705995865166,0.015433013439178467,0.6727209687232971,0.9734735488891602,0.00890633650124073,0.448486328125,1.0252612829208374,/kaggle/input/datasets/shuvroahmedimaging/ws2-eca/test_set/test_set/images/before/before-video-005/frame_0045.jpg,/kaggle/input/datasets/shuvroahmedimaging/ws2-eca/test_set/test_set/masks/before/before-video-005/frame_0045.jpg
before-video-005,frame_0046.jpg,strict_qmem_v2_T2K2_qmem_only_lambda0p02,qmem,2,margin,0.02,0.0,0.0,0.30417062899062625,0.4664583333333333,0.33041467853804907,0.7929406209420375,20329,8471,0.04138705995865166,0.011906666681170464,0.6609290242195129,0.9781426191329956,0.007701416965574026,0.43994140625,1.0234723091125488,/kaggle/input/datasets/shuvroahmedimaging/ws2-eca/test_set/test_set/images/before/before-video-005/frame_0046.jpg,/kaggle/input/datasets/shuvroahmedimaging/ws2-eca/test_set/test_set/masks/before/before-video-005/frame_0046.jpg
before-video-005,frame_0047.jpg,strict_qmem_v2_T2K2_qmem_only_lambda0p02,qmem,2,margin,0.02,0.0,0.0,0.28041016669096563,0.43800053136979544,0.31189189189189187,0.7353128584172295,18500,7847,0.04138705995865166,0.010038860142230988,0.6766794919967651,0.9814592599868774,0.007145047653466463,0.4775390625,1.019666314125061,/kaggle/input/datasets/shuvroahmedimaging/ws2-eca/test_set/test_set/images/before/before-video-005/frame_0047.jpg,/kaggle/input/datasets/shuvroahmedimaging/ws2-eca/test_set/test_set/masks/before/before-video-005/frame_0047.jpg
before-video-005,frame_0048.jpg,strict_qmem_v2_T2K2_qmem_only_lambda0p02,qmem,2,margin,0.02,0.0,0.0,0.298827522369639,0.46014966147998576,0.32860212621578827,0.767331308596329,17684,7573,0.04138705995865166,0.00776408426463604,0.6906019449234009,0.9851903319358826,0.005556128919124603,0.51025390625,1.0160863399505615,/kaggle/input/datasets/shuvroahmedimaging/ws2-eca/test_set/test_set/images/before/before-video-005/frame_0048.jpg,/kaggle/input/datasets/shuvroahmedimaging/ws2-eca/test_set/test_set/masks/before/before-video-005/frame_0048.jpg
before-video-005,frame_0049.jpg,strict_qmem_v2_T2K2_qmem_only_lambda0p02,qmem,2,margin,0.02,0.0,0.0,0.33577560282136804,0.5027425296766271,0.41775510204081634,0.6311408016443988,14700,9730,0.04138705995865166,0.008115704171359539,0.6885325908660889,0.9853522181510925,0.005572563037276268,0.5087890625,1.0140595436096191,/kaggle/input/datasets/shuvroahmedimaging/ws2-eca/test_set/test_set/images/before/before-video-005/frame_0049.jpg,/kaggle/input/datasets/shuvroahmedimaging/ws2-eca/test_set/test_set/masks/before/before-video-005/frame_0049.jpg
before-video-005,frame_0050.jpg,strict_qmem_v2_T2K2_qmem_only_lambda0p02,qmem,2,margin,0.02,0.0,0.0,0.3830190612830498,0.5538883331480864,0.43774888732724293,0.7539082198688856,17076,9915,0.04138705995865166,0.008487054146826267,0.6806444525718689,0.9852924346923828,0.004742295481264591,0.503662109375,1.0131826400756836,/kaggle/input/datasets/shuvroahmedimaging/ws2-eca/test_set/test_set/images/before/before-video-005/frame_0050.jpg,/kaggle/input/datasets/shuvroahmedimaging/ws2-eca/test_set/test_set/masks/before/before-video-005/frame_0050.jpg
before-video-005,frame_0051.jpg,strict_qmem_v2_T2K2_qmem_only_lambda0p02,qmem,2,margin,0.02,0.0,0.0,0.36409638554216867,0.5338279455926515,0.3960266289248834,0.8187039445166884,19077,9228,0.04138705995865166,0.008806286379694939,0.6943891048431396,0.985719621181488,0.0049951099790632725,0.526123046875,1.0079435110092163,/kaggle/input/datasets/shuvroahmedimaging/ws2-eca/test_set/test_set/images/before/before-video-005/frame_0051.jpg,/kaggle/input/datasets/shuvroahmedimaging/ws2-eca/test_set/test_set/masks/before/before-video-005/frame_0051.jpg
before-video-005,frame_0052.jpg,strict_qmem_v2_T2K2_qmem_only_lambda0p02,qmem,2,margin,0.02,0.0,0.0,0.37444360004342636,0.5448657187993681,0.4180606060606061,0.7820861678004535,16500,8820,0.04138705995865166,0.012425708584487438,0.6974140405654907,0.9809349775314331,0.005909803323447704,0.527587890625,1.0230114459991455,/kaggle/input/datasets/shuvroahmedimaging/ws2-eca/test_set/test_set/images/before/before-video-005/frame_0052.jpg,/kaggle/input/datasets/shuvroahmedimaging/ws2-eca/test_set/test_set/masks/before/before-video-005/frame_0052.jpg
before-video-005,frame_0053.jpg,strict_qmem_v2_T2K2_qmem_only_lambda0p02,qmem,2,margin,0.02,0.0,0.0,0.4024086082804817,0.5738821138211382,0.4686307053941909,0.7401048492791612,12050,7630,0.04138705995865166,0.010438574478030205,0.7040829062461853,0.982887864112854,0.006524933502078056,0.541015625,1.0194286108016968,/kaggle/input/datasets/shuvroahmedimaging/ws2-eca/test_set/test_set/images/before/before-video-005/frame_0053.jpg,/kaggle/input/datasets/shuvroahmedimaging/ws2-eca/test_set/test_set/masks/before/before-video-005/frame_0053.jpg
before-video-005,frame_0054.jpg,strict_qmem_v2_T2K2_qmem_only_lambda0p02,qmem,2,margin,0.02,0.0,0.0,0.4666666666666667,0.6363636363636364,0.506651634723788,0.8553483060525314,13305,7881,0.04138705995865166,0.01663101464509964,0.7186539173126221,0.9768372774124146,0.006556965876370668,0.558837890625,1.0228843688964844,/kaggle/input/datasets/shuvroahmedimaging/ws2-eca/test_set/test_set/images/before/before-video-005/frame_0054.jpg,/kaggle/input/datasets/shuvroahmedimaging/ws2-eca/test_set/test_set/masks/before/before-video-005/frame_0054.jpg
before-video-005,frame_0055.jpg,strict_qmem_v2_T2K2_qmem_only_lambda0p02,qmem,2,margin,0.02,0.0,0.0,0.5151777970511708,0.680022896393818,0.5362127630025693,0.9292418772563177,14401,8310,0.04138705995865166,0.01702430471777916,0.70502769947052,0.9752928018569946,0.007296580355614424,0.532470703125,1.0245792865753174,/kaggle/input/datasets/shuvroahmedimaging/ws2-eca/test_set/test_set/images/before/before-video-005/frame_0055.jpg,/kaggle/input/datasets/shuvroahmedimaging/ws2-eca/test_set/test_set/masks/before/before-video-005/frame_0055.jpg
before-video-006,frame_0001.jpg,strict_qmem_v2_T2K2_qmem_only_lambda0p02,qmem,2,margin,0.02,0.0,0.0,0.23837209302325582,0.38497652582159625,0.23998536674593013,0.9725722757598221,16401,4047,0.04138705995865166,0.0,0.0,0.0,0.0,0.0,0.0,/kaggle/input/datasets/shuvroahmedimaging/ws2-eca/test_set/test_set/images/before/before-video-006/frame_0001.jpg,/kaggle/input/datasets/shuvroahmedimaging/ws2-eca/test_set/test_set/masks/before/before-video-006/frame_0001.jpg
before-video-006,frame_0002.jpg,strict_qmem_v2_T2K2_qmem_only_lambda0p02,qmem,2,margin,0.02,0.0,0.0,0.20505656262777702,0.3403268676129616,0.20558193557202883,0.9876907927129492,29273,6093,0.04138705995865166,0.021041573956608772,0.6856123805046082,0.9715732336044312,0.00717227952554822,0.501708984375,1.0063883066177368,/kaggle/input/datasets/shuvroahmedimaging/ws2-eca/test_set/test_set/images/before/before-video-006/frame_0002.jpg,/kaggle/input/datasets/shuvroahmedimaging/ws2-eca/test_set/test_set/masks/before/before-video-006/frame_0002.jpg
before-video-006,frame_0003.jpg,strict_qmem_v2_T2K2_qmem_only_lambda0p02,qmem,2,margin,0.02,0.0,0.0,0.2874550268142013,0.4465476786797079,0.29316671282193296,0.9365254893287626,28888,9043,0.04138705995865166,0.01538210641592741,0.6678205728530884,0.973588228225708,0.009170513600111008,0.427001953125,1.0242745876312256,/kaggle/input/datasets/shuvroahmedimaging/ws2-eca/test_set/test_set/images/before/before-video-006/frame_0003.jpg,/kaggle/input/datasets/shuvroahmedimaging/ws2-eca/test_set/test_set/masks/before/before-video-006/frame_0003.jpg
before-video-006,frame_0004.jpg,strict_qmem_v2_T2K2_qmem_only_lambda0p02,qmem,2,margin,0.02,0.0,0.0,0.3427979690005345,0.5105726653067317,0.34711135164389123,0.9650178672183563,29564,10634,0.04138705995865166,0.013851959258317947,0.6432353258132935,0.9743025302886963,0.009164998307824135,0.39501953125,1.0256764888763428,/kaggle/input/datasets/shuvroahmedimaging/ws2-eca/test_set/test_set/images/before/before-video-006/frame_0004.jpg,/kaggle/input/datasets/shuvroahmedimaging/ws2-eca/test_set/test_set/masks/before/before-video-006/frame_0004.jpg
before-video-006,frame_0005.jpg,strict_qmem_v2_T2K2_qmem_only_lambda0p02,qmem,2,margin,0.02,0.0,0.0,0.4212112194033182,0.5927496400994634,0.4299764562922458,0.9538370819644512,26334,11871,0.04138705995865166,0.013950266875326633,0.6713892817497253,0.9738795757293701,0.01084333099424839,0.431640625,1.0312379598617554,/kaggle/input/datasets/shuvroahmedimaging/ws2-eca/test_set/test_set/images/before/before-video-006/frame_0005.jpg,/kaggle/input/datasets/shuvroahmedimaging/ws2-eca/test_set/test_set/masks/before/before-video-006/frame_0005.jpg
before-video-006,frame_0006.jpg,strict_qmem_v2_T2K2_qmem_only_lambda0p02,qmem,2,margin,0.02,0.0,0.0,0.4648252239592482,0.634649398926762,0.47521774265960315,0.9550663177839935,22274,11083,0.04138705995865166,0.01324288360774517,0.6686587929725647,0.9743221402168274,0.00835958682000637,0.441162109375,1.0332653522491455,/kaggle/input/datasets/shuvroahmedimaging/ws2-eca/test_set/test_set/images/before/before-video-006/frame_0006.jpg,/kaggle/input/datasets/shuvroahmedimaging/ws2-eca/test_set/test_set/masks/before/before-video-006/frame_0006.jpg
before-video-006,frame_0007.jpg,strict_qmem_v2_T2K2_qmem_only_lambda0p02,qmem,2,margin,0.02,0.0,0.0,0.4197484157760333,0.5912997135434015,0.4427816023146762,0.8897353648757017,20046,9976,0.04138705995865166,0.012064318172633648,0.6535657644271851,0.9771717190742493,0.00695554306730628,0.43212890625,1.0277436971664429,/kaggle/input/datasets/shuvroahmedimaging/ws2-eca/test_set/test_set/images/before/before-video-006/frame_0007.jpg,/kaggle/input/datasets/shuvroahmedimaging/ws2-eca/test_set/test_set/masks/before/before-video-006/frame_0007.jpg
before-video-006,frame_0008.jpg,strict_qmem_v2_T2K2_qmem_only_lambda0p02,qmem,2,margin,0.02,0.0,0.0,0.3315971326904234,0.49804422756670924,0.36636089111731523,0.777509068923821,17551,8270,0.04138705995865166,0.00937941949814558,0.6563882231712341,0.9813494086265564,0.007048426661640406,0.439697265625,1.0169278383255005,/kaggle/input/datasets/shuvroahmedimaging/ws2-eca/test_set/test_set/images/before/before-video-006/frame_0008.jpg,/kaggle/input/datasets/shuvroahmedimaging/ws2-eca/test_set/test_set/masks/before/before-video-006/frame_0008.jpg
before-video-006,frame_0009.jpg,strict_qmem_v2_T2K2_qmem_only_lambda0p02,qmem,2,margin,0.02,0.0,0.0,0.38555123541954095,0.556531184937087,0.40883096156403775,0.8713151927437641,22557,10584,0.04138705995865166,0.012709315866231918,0.6693354249000549,0.9770504236221313,0.007475959602743387,0.45654296875,1.0239274501800537,/kaggle/input/datasets/shuvroahmedimaging/ws2-eca/test_set/test_set/images/before/before-video-006/frame_0009.jpg,/kaggle/input/datasets/shuvroahmedimaging/ws2-eca/test_set/test_set/masks/before/before-video-006/frame_0009.jpg
before-video-006,frame_0010.jpg,strict_qmem_v2_T2K2_qmem_only_lambda0p02,qmem,2,margin,0.02,0.0,0.0,0.4383595633063944,0.6095270952955962,0.4704964808826327,0.8651881908493074,26285,14294,0.04138705995865166,0.014713648706674576,0.6537008881568909,0.9749571084976196,0.009073050692677498,0.423583984375,1.0214860439300537,/kaggle/input/datasets/shuvroahmedimaging/ws2-eca/test_set/test_set/images/before/before-video-006/frame_0010.jpg,/kaggle/input/datasets/shuvroahmedimaging/ws2-eca/test_set/test_set/masks/before/before-video-006/frame_0010.jpg
before-video-006,frame_0011.jpg,strict_qmem_v2_T2K2_qmem_only_lambda0p02,qmem,2,margin,0.02,0.0,0.0,0.3990078181418569,0.5704154229414009,0.48253341433778857,0.6974370232149717,26336,18221,0.04138705995865166,0.015010828152298927,0.6306728720664978,0.9734104871749878,0.009549606591463089,0.380126953125,1.023605465888977,/kaggle/input/datasets/shuvroahmedimaging/ws2-eca/test_set/test_set/images/before/before-video-006/frame_0011.jpg,/kaggle/input/datasets/shuvroahmedimaging/ws2-eca/test_set/test_set/masks/before/before-video-006/frame_0011.jpg
before-video-006,frame_0012.jpg,strict_qmem_v2_T2K2_qmem_only_lambda0p02,qmem,2,margin,0.02,0.0,0.0,0.4547385455648832,0.6251825071264687,0.5078313253012048,0.8130689010790283,26560,16589,0.04138705995865166,0.013426381163299084,0.6226150393486023,0.9747824668884277,0.008970588445663452,0.3740234375,1.021645426750183,/kaggle/input/datasets/shuvroahmedimaging/ws2-eca/test_set/test_set/images/before/before-video-006/frame_0012.jpg,/kaggle/input/datasets/shuvroahmedimaging/ws2-eca/test_set/test_set/masks/before/before-video-006/frame_0012.jpg
before-video-006,frame_0013.jpg,strict_qmem_v2_T2K2_qmem_only_lambda0p02,qmem,2,margin,0.02,0.0,0.0,0.4099942808121247,0.5815545302438777,0.4762300186838281,0.7466961786342035,24085,15361,0.04138705995865166,0.009560082107782364,0.6441709995269775,0.9796913862228394,0.0071844919584691525,0.416259765625,1.0192841291427612,/kaggle/input/datasets/shuvroahmedimaging/ws2-eca/test_set/test_set/images/before/before-video-006/frame_0013.jpg,/kaggle/input/datasets/shuvroahmedimaging/ws2-eca/test_set/test_set/masks/before/before-video-006/frame_0013.jpg
before-video-006,frame_0014.jpg,strict_qmem_v2_T2K2_qmem_only_lambda0p02,qmem,2,margin,0.02,0.0,0.0,0.29922956984316246,0.4606261692139353,0.3618366328397937,0.633618178287046,18033,10298,0.04138705995865166,0.009527462534606457,0.6547614932060242,0.9822070598602295,0.0062438929453492165,0.4462890625,1.0118900537490845,/kaggle/input/datasets/shuvroahmedimaging/ws2-eca/test_set/test_set/images/before/before-video-006/frame_0014.jpg,/kaggle/input/datasets/shuvroahmedimaging/ws2-eca/test_set/test_set/masks/before/before-video-006/frame_0014.jpg
before-video-006,frame_0015.jpg,strict_qmem_v2_T2K2_qmem_only_lambda0p02,qmem,2,margin,0.02,0.0,0.0,0.3578529878371232,0.5270864976438058,0.3939799720540289,0.7960239971768027,17176,8501,0.04138705995865166,0.010718324221670628,0.6691226363182068,0.9797986149787903,0.00632854551076889,0.46728515625,1.026930332183838,/kaggle/input/datasets/shuvroahmedimaging/ws2-eca/test_set/test_set/images/before/before-video-006/frame_0015.jpg,/kaggle/input/datasets/shuvroahmedimaging/ws2-eca/test_set/test_set/masks/before/before-video-006/frame_0015.jpg
before-video-006,frame_0016.jpg,strict_qmem_v2_T2K2_qmem_only_lambda0p02,qmem,2,margin,0.02,0.0,0.0,0.3827868279381948,0.5536454646577005,0.3968253968253968,0.9153987627487042,13797,5981,0.04138705995865166,0.00891804788261652,0.6923702955245972,0.9836516380310059,0.005594492889940739,0.515625,1.0188870429992676,/kaggle/input/datasets/shuvroahmedimaging/ws2-eca/test_set/test_set/images/before/before-video-006/frame_0016.jpg,/kaggle/input/datasets/shuvroahmedimaging/ws2-eca/test_set/test_set/masks/before/before-video-006/frame_0016.jpg
before-video-006,frame_0017.jpg,strict_qmem_v2_T2K2_qmem_only_lambda0p02,qmem,2,margin,0.02,0.0,0.0,0.45215586811159786,0.6227373769450619,0.46921359068431967,0.9255821271239774,12538,6356,0.04138705995865166,0.02339058555662632,0.7273592352867126,0.9695565700531006,0.005204490851610899,0.59130859375,1.0342719554901123,/kaggle/input/datasets/shuvroahmedimaging/ws2-eca/test_set/test_set/images/before/before-video-006/frame_0017.jpg,/kaggle/input/datasets/shuvroahmedimaging/ws2-eca/test_set/test_set/masks/before/before-video-006/frame_0017.jpg
before-video-006,frame_0018.jpg,strict_qmem_v2_T2K2_qmem_only_lambda0p02,qmem,2,margin,0.02,0.0,0.0,0.3289213749506124,0.4950200683811506,0.33906934120761634,0.916597853014038,9821,3633,0.04138705995865166,0.009428431279957294,0.728388786315918,0.9844286441802979,0.004670053254812956,0.58447265625,1.0197937488555908,/kaggle/input/datasets/shuvroahmedimaging/ws2-eca/test_set/test_set/images/before/before-video-006/frame_0018.jpg,/kaggle/input/datasets/shuvroahmedimaging/ws2-eca/test_set/test_set/masks/before/before-video-006/frame_0018.jpg
before-video-006,frame_0019.jpg,strict_qmem_v2_T2K2_qmem_only_lambda0p02,qmem,2,margin,0.02,0.0,0.0,0.41266829312370107,0.584239478060637,0.4228312193315434,0.9449617214980344,10801,4833,0.04138705995865166,0.010179544799029827,0.7524669766426086,0.9836116433143616,0.00528127932921052,0.614013671875,1.0238522291183472,/kaggle/input/datasets/shuvroahmedimaging/ws2-eca/test_set/test_set/images/before/before-video-006/frame_0019.jpg,/kaggle/input/datasets/shuvroahmedimaging/ws2-eca/test_set/test_set/masks/before/before-video-006/frame_0019.jpg
before-video-006,frame_0020.jpg,strict_qmem_v2_T2K2_qmem_only_lambda0p02,qmem,2,margin,0.02,0.0,0.0,0.24333483958427474,0.39142286025804107,0.24656593406593408,0.9488986784140969,8736,2270,0.04138705995865166,0.008030212484300137,0.7791733741760254,0.9864753484725952,0.00472926814109087,0.6552734375,1.0181987285614014,/kaggle/input/datasets/shuvroahmedimaging/ws2-eca/test_set/test_set/images/before/before-video-006/frame_0020.jpg,/kaggle/input/datasets/shuvroahmedimaging/ws2-eca/test_set/test_set/masks/before/before-video-006/frame_0020.jpg
before-video-006,frame_0021.jpg,strict_qmem_v2_T2K2_qmem_only_lambda0p02,qmem,2,margin,0.02,0.0,0.0,0.2201569599339116,0.36086662153012866,0.22399663794914898,0.927763272410792,9518,2298,0.04138705995865166,0.007933101616799831,0.8042246103286743,0.986082136631012,0.0059163449332118034,0.68310546875,1.0181810855865479,/kaggle/input/datasets/shuvroahmedimaging/ws2-eca/test_set/test_set/images/before/before-video-006/frame_0021.jpg,/kaggle/input/datasets/shuvroahmedimaging/ws2-eca/test_set/test_set/masks/before/before-video-006/frame_0021.jpg
before-video-006,frame_0022.jpg,strict_qmem_v2_T2K2_qmem_only_lambda0p02,qmem,2,margin,0.02,0.0,0.0,0.19497449461552996,0.3263241106719368,0.1980426021876799,0.926391382405745,10422,2228,0.04138705995865166,0.008123106323182583,0.7616569399833679,0.986091673374176,0.005173704586923122,0.618408203125,1.0169658660888672,/kaggle/input/datasets/shuvroahmedimaging/ws2-eca/test_set/test_set/images/before/before-video-006/frame_0022.jpg,/kaggle/input/datasets/shuvroahmedimaging/ws2-eca/test_set/test_set/masks/before/before-video-006/frame_0022.jpg
before-video-006,frame_0023.jpg,strict_qmem_v2_T2K2_qmem_only_lambda0p02,qmem,2,margin,0.02,0.0,0.0,0.059601630392986236,0.11249818551313688,0.06372831181646246,0.479282622139765,12161,1617,0.04138705995865166,0.007497476879507303,0.7252308130264282,0.9871392250061035,0.005170274991542101,0.564208984375,1.0094597339630127,/kaggle/input/datasets/shuvroahmedimaging/ws2-eca/test_set/test_set/images/before/before-video-006/frame_0023.jpg,/kaggle/input/datasets/shuvroahmedimaging/ws2-eca/test_set/test_set/masks/before/before-video-006/frame_0023.jpg
before-video-006,frame_0024.jpg,strict_qmem_v2_T2K2_qmem_only_lambda0p02,qmem,2,margin,0.02,0.0,0.0,0.18551352771210927,0.3129673738436825,0.189001137351977,0.9095299420476497,14947,3106,0.04138705995865166,0.007293148897588253,0.7169387936592102,0.9874119162559509,0.005317838862538338,0.5546875,1.004689335823059,/kaggle/input/datasets/shuvroahmedimaging/ws2-eca/test_set/test_set/images/before/before-video-006/frame_0024.jpg,/kaggle/input/datasets/shuvroahmedimaging/ws2-eca/test_set/test_set/masks/before/before-video-006/frame_0024.jpg
before-video-006,frame_0025.jpg,strict_qmem_v2_T2K2_qmem_only_lambda0p02,qmem,2,margin,0.02,0.0,0.0,0.23277154681221135,0.3776393889267296,0.24176166448638883,0.8622528327038436,16053,4501,0.04138705995865166,0.008929284289479256,0.7026907205581665,0.984505295753479,0.0055327704176306725,0.529541015625,1.009177803993225,/kaggle/input/datasets/shuvroahmedimaging/ws2-eca/test_set/test_set/images/before/before-video-006/frame_0025.jpg,/kaggle/input/datasets/shuvroahmedimaging/ws2-eca/test_set/test_set/masks/before/before-video-006/frame_0025.jpg
before-video-006,frame_0026.jpg,strict_qmem_v2_T2K2_qmem_only_lambda0p02,qmem,2,margin,0.02,0.0,0.0,0.24143377885783718,0.38895957717529606,0.26059016393442624,0.7665895061728395,15250,5184,0.04138705995865166,0.007300628814846277,0.697024941444397,0.9854614734649658,0.0058777001686394215,0.513427734375,1.011929988861084,/kaggle/input/datasets/shuvroahmedimaging/ws2-eca/test_set/test_set/images/before/before-video-006/frame_0026.jpg,/kaggle/input/datasets/shuvroahmedimaging/ws2-eca/test_set/test_set/masks/before/before-video-006/frame_0026.jpg
before-video-006,frame_0027.jpg,strict_qmem_v2_T2K2_qmem_only_lambda0p02,qmem,2,margin,0.02,0.0,0.0,0.31080992601322593,0.4742257742257742,0.385621445978879,0.6156939040207523,12310,7710,0.04138705995865166,0.008941256441175938,0.6974782347679138,0.9847105741500854,0.004889673553407192,0.530029296875,1.0158624649047852,/kaggle/input/datasets/shuvroahmedimaging/ws2-eca/test_set/test_set/images/before/before-video-006/frame_0027.jpg,/kaggle/input/datasets/shuvroahmedimaging/ws2-eca/test_set/test_set/masks/before/before-video-006/frame_0027.jpg
before-video-006,frame_0028.jpg,strict_qmem_v2_T2K2_qmem_only_lambda0p02,qmem,2,margin,0.02,0.0,0.0,0.33887595610242766,0.5062096373571784,0.45300969147328174,0.5735674884611055,11247,8883,0.04138705995865166,0.010292408056557178,0.7053766846656799,0.9840054512023926,0.004653240088373423,0.54736328125,1.0141212940216064,/kaggle/input/datasets/shuvroahmedimaging/ws2-eca/test_set/test_set/images/before/before-video-006/frame_0028.jpg,/kaggle/input/datasets/shuvroahmedimaging/ws2-eca/test_set/test_set/masks/before/before-video-006/frame_0028.jpg
before-video-006,frame_0029.jpg,strict_qmem_v2_T2K2_qmem_only_lambda0p02,qmem,2,margin,0.02,0.0,0.0,0.36001721540778997,0.5294303797468355,0.4813926721657395,0.5881181157722053,10426,8534,0.04138705995865166,0.014291023835539818,0.7111877202987671,0.9802160859107971,0.005355281755328178,0.55517578125,1.0112519264221191,/kaggle/input/datasets/shuvroahmedimaging/ws2-eca/test_set/test_set/images/before/before-video-006/frame_0029.jpg,/kaggle/input/datasets/shuvroahmedimaging/ws2-eca/test_set/test_set/masks/before/before-video-006/frame_0029.jpg
before-video-006,frame_0030.jpg,strict_qmem_v2_T2K2_qmem_only_lambda0p02,qmem,2,margin,0.02,0.0,0.0,0.39472602739726026,0.5660266169032068,0.5110854913089748,0.6342027071640806,11276,9087,0.04138705995865166,0.01691870205104351,0.7045206427574158,0.9775334000587463,0.005357006099075079,0.544677734375,1.0110931396484375,/kaggle/input/datasets/shuvroahmedimaging/ws2-eca/test_set/test_set/images/before/before-video-006/frame_0030.jpg,/kaggle/input/datasets/shuvroahmedimaging/ws2-eca/test_set/test_set/masks/before/before-video-006/frame_0030.jpg
before-video-006,frame_0031.jpg,strict_qmem_v2_T2K2_qmem_only_lambda0p02,qmem,2,margin,0.02,0.0,0.0,0.3628365068942876,0.5324725380612835,0.4557525773195876,0.6402502606882169,12125,8631,0.04138705995865166,0.015819862484931946,0.7156191468238831,0.9778691530227661,0.0063257678411901,0.552734375,1.010966420173645,/kaggle/input/datasets/shuvroahmedimaging/ws2-eca/test_set/test_set/images/before/before-video-006/frame_0031.jpg,/kaggle/input/datasets/shuvroahmedimaging/ws2-eca/test_set/test_set/masks/before/before-video-006/frame_0031.jpg
before-video-006,frame_0032.jpg,strict_qmem_v2_T2K2_qmem_only_lambda0p02,qmem,2,margin,0.02,0.0,0.0,0.3645502302354238,0.5343155893536121,0.3958171959721146,0.8219037871033776,14201,6839,0.04138705995865166,0.02119101956486702,0.7123411893844604,0.9729248285293579,0.006019033491611481,0.5517578125,1.0116736888885498,/kaggle/input/datasets/shuvroahmedimaging/ws2-eca/test_set/test_set/images/before/before-video-006/frame_0032.jpg,/kaggle/input/datasets/shuvroahmedimaging/ws2-eca/test_set/test_set/masks/before/before-video-006/frame_0032.jpg
before-video-006,frame_0033.jpg,strict_qmem_v2_T2K2_qmem_only_lambda0p02,qmem,2,margin,0.02,0.0,0.0,0.397611054727145,0.5689867053960451,0.40630235341045073,0.9489472703558786,12535,5367,0.04138705995865166,0.02026124857366085,0.7243341207504272,0.9736417531967163,0.0069235204719007015,0.57177734375,1.0151618719100952,/kaggle/input/datasets/shuvroahmedimaging/ws2-eca/test_set/test_set/images/before/before-video-006/frame_0033.jpg,/kaggle/input/datasets/shuvroahmedimaging/ws2-eca/test_set/test_set/masks/before/before-video-006/frame_0033.jpg
before-video-006,frame_0034.jpg,strict_qmem_v2_T2K2_qmem_only_lambda0p02,qmem,2,margin,0.02,0.0,0.0,0.3937007874015748,0.5649717514124294,0.40443845276366275,0.9368244054768196,9643,4163,0.04138705995865166,0.018947605043649673,0.7290418744087219,0.9754831194877625,0.005756728816777468,0.5859375,1.0155030488967896,/kaggle/input/datasets/shuvroahmedimaging/ws2-eca/test_set/test_set/images/before/before-video-006/frame_0034.jpg,/kaggle/input/datasets/shuvroahmedimaging/ws2-eca/test_set/test_set/masks/before/before-video-006/frame_0034.jpg
before-video-006,frame_0035.jpg,strict_qmem_v2_T2K2_qmem_only_lambda0p02,qmem,2,margin,0.02,0.0,0.0,0.3573471183457985,0.5265375577343814,0.3887293610911701,0.8157167963846347,8358,3983,0.04138705995865166,0.014980359934270382,0.7213723063468933,0.9802161455154419,0.004814699292182922,0.580322265625,1.0129448175430298,/kaggle/input/datasets/shuvroahmedimaging/ws2-eca/test_set/test_set/images/before/before-video-006/frame_0035.jpg,/kaggle/input/datasets/shuvroahmedimaging/ws2-eca/test_set/test_set/masks/before/before-video-006/frame_0035.jpg
before-video-006,frame_0036.jpg,strict_qmem_v2_T2K2_qmem_only_lambda0p02,qmem,2,margin,0.02,0.0,0.0,0.4538619275461381,0.6243535496003761,0.4776978417266187,0.9009497964721845,11120,5896,0.04138705995865166,0.01815960556268692,0.6950380802154541,0.9762169122695923,0.00643807603046298,0.535400390625,1.0169332027435303,/kaggle/input/datasets/shuvroahmedimaging/ws2-eca/test_set/test_set/images/before/before-video-006/frame_0036.jpg,/kaggle/input/datasets/shuvroahmedimaging/ws2-eca/test_set/test_set/masks/before/before-video-006/frame_0036.jpg
before-video-006,frame_0037.jpg,strict_qmem_v2_T2K2_qmem_only_lambda0p02,qmem,2,margin,0.02,0.0,0.0,0.4286508377670134,0.6000778166861208,0.45656770701175675,0.8751621271076524,11823,6168,0.04138705995865166,0.01963331364095211,0.6953795552253723,0.9742516875267029,0.0054098861292004585,0.538330078125,1.0179908275604248,/kaggle/input/datasets/shuvroahmedimaging/ws2-eca/test_set/test_set/images/before/before-video-006/frame_0037.jpg,/kaggle/input/datasets/shuvroahmedimaging/ws2-eca/test_set/test_set/masks/before/before-video-006/frame_0037.jpg
before-video-006,frame_0038.jpg,strict_qmem_v2_T2K2_qmem_only_lambda0p02,qmem,2,margin,0.02,0.0,0.0,0.4294166370843687,0.6008278145695364,0.44557676959911596,0.9221191716427392,16289,7871,0.04138705995865166,0.01584053412079811,0.6709394454956055,0.975709080696106,0.006973257288336754,0.478759765625,1.0267448425292969,/kaggle/input/datasets/shuvroahmedimaging/ws2-eca/test_set/test_set/images/before/before-video-006/frame_0038.jpg,/kaggle/input/datasets/shuvroahmedimaging/ws2-eca/test_set/test_set/masks/before/before-video-006/frame_0038.jpg
before-video-007,frame_0001.jpg,strict_qmem_v2_T2K2_qmem_only_lambda0p02,qmem,2,margin,0.02,0.0,0.0,0.44777219739206564,0.6185672002800675,0.4754868382424895,0.8848219976327051,20438,10983,0.04138705995865166,0.0,0.0,0.0,0.0,0.0,0.0,/kaggle/input/datasets/shuvroahmedimaging/ws2-eca/test_set/test_set/images/before/before-video-007/frame_0001.jpg,/kaggle/input/datasets/shuvroahmedimaging/ws2-eca/test_set/test_set/masks/before/before-video-007/frame_0001.jpg
before-video-007,frame_0002.jpg,strict_qmem_v2_T2K2_qmem_only_lambda0p02,qmem,2,margin,0.02,0.0,0.0,0.45533967329480823,0.6257503751875938,0.5452811682650393,0.734081572769953,18352,13632,0.04138705995865166,0.01311567798256874,0.6800531148910522,0.9806704521179199,0.006095903925597668,0.497802734375,1.0043156147003174,/kaggle/input/datasets/shuvroahmedimaging/ws2-eca/test_set/test_set/images/before/before-video-007/frame_0002.jpg,/kaggle/input/datasets/shuvroahmedimaging/ws2-eca/test_set/test_set/masks/before/before-video-007/frame_0002.jpg
before-video-007,frame_0003.jpg,strict_qmem_v2_T2K2_qmem_only_lambda0p02,qmem,2,margin,0.02,0.0,0.0,0.3910727406318883,0.5622606628812888,0.46709082931110135,0.7061359867330017,22790,15075,0.04138705995865166,0.014289822429418564,0.6815551519393921,0.975902259349823,0.008227473124861717,0.472900390625,1.0276024341583252,/kaggle/input/datasets/shuvroahmedimaging/ws2-eca/test_set/test_set/images/before/before-video-007/frame_0003.jpg,/kaggle/input/datasets/shuvroahmedimaging/ws2-eca/test_set/test_set/masks/before/before-video-007/frame_0003.jpg
before-video-007,frame_0004.jpg,strict_qmem_v2_T2K2_qmem_only_lambda0p02,qmem,2,margin,0.02,0.0,0.0,0.4110049729884441,0.5825705519916834,0.4638617459420173,0.7829346418591971,24766,14673,0.04138705995865166,0.025748949497938156,0.6365876197814941,0.9639599323272705,0.009116370230913162,0.41162109375,1.0286674499511719,/kaggle/input/datasets/shuvroahmedimaging/ws2-eca/test_set/test_set/images/before/before-video-007/frame_0004.jpg,/kaggle/input/datasets/shuvroahmedimaging/ws2-eca/test_set/test_set/masks/before/before-video-007/frame_0004.jpg
before-video-007,frame_0005.jpg,strict_qmem_v2_T2K2_qmem_only_lambda0p02,qmem,2,margin,0.02,0.0,0.0,0.4433537832310838,0.6143383394729385,0.48755622188905545,0.8302272147051315,26680,15668,0.04138705995865166,0.018839135766029358,0.6691923141479492,0.9686341881752014,0.010272817686200142,0.440185546875,1.0312985181808472,/kaggle/input/datasets/shuvroahmedimaging/ws2-eca/test_set/test_set/images/before/before-video-007/frame_0005.jpg,/kaggle/input/datasets/shuvroahmedimaging/ws2-eca/test_set/test_set/masks/before/before-video-007/frame_0005.jpg
before-video-007,frame_0006.jpg,strict_qmem_v2_T2K2_qmem_only_lambda0p02,qmem,2,margin,0.02,0.0,0.0,0.46274054865565717,0.6327035222766504,0.4987129513863352,0.8651441694309773,27194,15676,0.04138705995865166,0.021408747881650925,0.6740108132362366,0.9654019474983215,0.01059893798083067,0.442626953125,1.0332071781158447,/kaggle/input/datasets/shuvroahmedimaging/ws2-eca/test_set/test_set/images/before/before-video-007/frame_0006.jpg,/kaggle/input/datasets/shuvroahmedimaging/ws2-eca/test_set/test_set/masks/before/before-video-007/frame_0006.jpg
before-video-007,frame_0007.jpg,strict_qmem_v2_T2K2_qmem_only_lambda0p02,qmem,2,margin,0.02,0.0,0.0,0.5693486061275186,0.7255858945609638,0.6028788543036679,0.9110080600640389,27372,18114,0.04138705995865166,0.02365453541278839,0.6684934496879578,0.9633702039718628,0.010825354605913162,0.43408203125,1.031723141670227,/kaggle/input/datasets/shuvroahmedimaging/ws2-eca/test_set/test_set/images/before/before-video-007/frame_0007.jpg,/kaggle/input/datasets/shuvroahmedimaging/ws2-eca/test_set/test_set/masks/before/before-video-007/frame_0007.jpg
before-video-007,frame_0008.jpg,strict_qmem_v2_T2K2_qmem_only_lambda0p02,qmem,2,margin,0.02,0.0,0.0,0.5163327356357683,0.6810282776349614,0.5487612892534592,0.8973038883620106,24138,14762,0.04138705995865166,0.01562868431210518,0.6715556383132935,0.9717491269111633,0.007969634607434273,0.447509765625,1.0296168327331543,/kaggle/input/datasets/shuvroahmedimaging/ws2-eca/test_set/test_set/images/before/before-video-007/frame_0008.jpg,/kaggle/input/datasets/shuvroahmedimaging/ws2-eca/test_set/test_set/masks/before/before-video-007/frame_0008.jpg
before-video-007,frame_0009.jpg,strict_qmem_v2_T2K2_qmem_only_lambda0p02,qmem,2,margin,0.02,0.0,0.0,0.48748834317687284,0.6554516482942375,0.5080380643855031,0.9233826451755355,24695,13587,0.04138705995865166,0.014079935848712921,0.6845388412475586,0.9730818271636963,0.007712025195360184,0.46875,1.0408865213394165,/kaggle/input/datasets/shuvroahmedimaging/ws2-eca/test_set/test_set/images/before/before-video-007/frame_0009.jpg,/kaggle/input/datasets/shuvroahmedimaging/ws2-eca/test_set/test_set/masks/before/before-video-007/frame_0009.jpg
before-video-007,frame_0010.jpg,strict_qmem_v2_T2K2_qmem_only_lambda0p02,qmem,2,margin,0.02,0.0,0.0,0.376535458863351,0.5470770207027842,0.39209778283115404,0.9046432318992654,17590,7624,0.04138705995865166,0.007404513191431761,0.694309413433075,0.9840273857116699,0.006009119097143412,0.505126953125,1.016467809677124,/kaggle/input/datasets/shuvroahmedimaging/ws2-eca/test_set/test_set/images/before/before-video-007/frame_0010.jpg,/kaggle/input/datasets/shuvroahmedimaging/ws2-eca/test_set/test_set/masks/before/before-video-007/frame_0010.jpg
before-video-008,frame_0001.jpg,strict_qmem_v2_T2K2_qmem_only_lambda0p02,qmem,2,margin,0.02,0.0,0.0,0.5047100786537406,0.670840297827078,0.5184854606097619,0.9499913926665519,21287,11618,0.04138705995865166,0.0,0.0,0.0,0.0,0.0,0.0,/kaggle/input/datasets/shuvroahmedimaging/ws2-eca/test_set/test_set/images/before/before-video-008/frame_0001.jpg,/kaggle/input/datasets/shuvroahmedimaging/ws2-eca/test_set/test_set/masks/before/before-video-008/frame_0001.jpg
before-video-008,frame_0002.jpg,strict_qmem_v2_T2K2_qmem_only_lambda0p02,qmem,2,margin,0.02,0.0,0.0,0.29453393187219434,0.45504242819843344,0.2966331578107547,0.9765365084923832,18801,5711,0.04138705995865166,0.015583311207592487,0.6860023140907288,0.9776806235313416,0.00563997495919466,0.508544921875,1.0035853385925293,/kaggle/input/datasets/shuvroahmedimaging/ws2-eca/test_set/test_set/images/before/before-video-008/frame_0002.jpg,/kaggle/input/datasets/shuvroahmedimaging/ws2-eca/test_set/test_set/masks/before/before-video-008/frame_0002.jpg
before-video-008,frame_0003.jpg,strict_qmem_v2_T2K2_qmem_only_lambda0p02,qmem,2,margin,0.02,0.0,0.0,0.26259068447061296,0.4159553649498272,0.2723703582529036,0.8797111659034872,18339,5678,0.04138705995865166,0.011153409257531166,0.6751546859741211,0.9803391695022583,0.0057104467414319515,0.4814453125,1.0256675481796265,/kaggle/input/datasets/shuvroahmedimaging/ws2-eca/test_set/test_set/images/before/before-video-008/frame_0003.jpg,/kaggle/input/datasets/shuvroahmedimaging/ws2-eca/test_set/test_set/masks/before/before-video-008/frame_0003.jpg
before-video-008,frame_0004.jpg,strict_qmem_v2_T2K2_qmem_only_lambda0p02,qmem,2,margin,0.02,0.0,0.0,0.1954532177976828,0.32699433969947467,0.1991369903779387,0.9135381114903299,20162,4395,0.04138705995865166,0.01155043300241232,0.6879110336303711,0.9806084036827087,0.007207455579191446,0.493896484375,1.0136812925338745,/kaggle/input/datasets/shuvroahmedimaging/ws2-eca/test_set/test_set/images/before/before-video-008/frame_0004.jpg,/kaggle/input/datasets/shuvroahmedimaging/ws2-eca/test_set/test_set/masks/before/before-video-008/frame_0004.jpg
before-video-008,frame_0005.jpg,strict_qmem_v2_T2K2_qmem_only_lambda0p02,qmem,2,margin,0.02,0.0,0.0,0.25232139071443715,0.402965872156013,0.2606886280007009,0.887149672033393,22828,6708,0.04138705995865166,0.011561980471014977,0.672207236289978,0.9800560474395752,0.006729947868734598,0.46826171875,1.0174057483673096,/kaggle/input/datasets/shuvroahmedimaging/ws2-eca/test_set/test_set/images/before/before-video-008/frame_0005.jpg,/kaggle/input/datasets/shuvroahmedimaging/ws2-eca/test_set/test_set/masks/before/before-video-008/frame_0005.jpg
before-video-008,frame_0006.jpg,strict_qmem_v2_T2K2_qmem_only_lambda0p02,qmem,2,margin,0.02,0.0,0.0,0.19759017768626555,0.32997962302598066,0.23386587237115264,0.5602162162162162,22158,9250,0.04138705995865166,0.012182015925645828,0.6553711295127869,0.9782796502113342,0.007699842564761639,0.42822265625,1.019008994102478,/kaggle/input/datasets/shuvroahmedimaging/ws2-eca/test_set/test_set/images/before/before-video-008/frame_0006.jpg,/kaggle/input/datasets/shuvroahmedimaging/ws2-eca/test_set/test_set/masks/before/before-video-008/frame_0006.jpg
before-video-008,frame_0007.jpg,strict_qmem_v2_T2K2_qmem_only_lambda0p02,qmem,2,margin,0.02,0.0,0.0,0.295492989512461,0.456186165273909,0.3482324798440684,0.6611438183347351,22574,11890,0.04138705995865166,0.012038669548928738,0.6644899845123291,0.9781134724617004,0.007832778617739677,0.44189453125,1.0142302513122559,/kaggle/input/datasets/shuvroahmedimaging/ws2-eca/test_set/test_set/images/before/before-video-008/frame_0007.jpg,/kaggle/input/datasets/shuvroahmedimaging/ws2-eca/test_set/test_set/masks/before/before-video-008/frame_0007.jpg
before-video-008,frame_0008.jpg,strict_qmem_v2_T2K2_qmem_only_lambda0p02,qmem,2,margin,0.02,0.0,0.0,0.23228834240660784,0.3770032295411614,0.28695329530170216,0.5494183465056389,21561,11261,0.04138705995865166,0.012169956229627132,0.6649485230445862,0.97856205701828,0.007523343898355961,0.441162109375,1.0160396099090576,/kaggle/input/datasets/shuvroahmedimaging/ws2-eca/test_set/test_set/images/before/before-video-008/frame_0008.jpg,/kaggle/input/datasets/shuvroahmedimaging/ws2-eca/test_set/test_set/masks/before/before-video-008/frame_0008.jpg
before-video-008,frame_0009.jpg,strict_qmem_v2_T2K2_qmem_only_lambda0p02,qmem,2,margin,0.02,0.0,0.0,0.32099533437014,0.4859901106663527,0.3741502764433971,0.693198992443325,22066,11910,0.04138705995865166,0.013547707349061966,0.6696937084197998,0.9763534665107727,0.007905793376266956,0.4453125,1.0180282592773438,/kaggle/input/datasets/shuvroahmedimaging/ws2-eca/test_set/test_set/images/before/before-video-008/frame_0009.jpg,/kaggle/input/datasets/shuvroahmedimaging/ws2-eca/test_set/test_set/masks/before/before-video-008/frame_0009.jpg
before-video-008,frame_0010.jpg,strict_qmem_v2_T2K2_qmem_only_lambda0p02,qmem,2,margin,0.02,0.0,0.0,0.3328909449416047,0.4995021478763051,0.373431451784423,0.7540800549733723,23509,11642,0.04138705995865166,0.014886101707816124,0.6760324835777283,0.9757596850395203,0.008044552057981491,0.455322265625,1.0130451917648315,/kaggle/input/datasets/shuvroahmedimaging/ws2-eca/test_set/test_set/images/before/before-video-008/frame_0010.jpg,/kaggle/input/datasets/shuvroahmedimaging/ws2-eca/test_set/test_set/masks/before/before-video-008/frame_0010.jpg
before-video-008,frame_0011.jpg,strict_qmem_v2_T2K2_qmem_only_lambda0p02,qmem,2,margin,0.02,0.0,0.0,0.2949649795163209,0.45555668945810796,0.31299957930164074,0.8365817091454273,21393,8004,0.04138705995865166,0.013426125049591064,0.6581929326057434,0.9771676659584045,0.007515364792197943,0.436279296875,1.021787166595459,/kaggle/input/datasets/shuvroahmedimaging/ws2-eca/test_set/test_set/images/before/before-video-008/frame_0011.jpg,/kaggle/input/datasets/shuvroahmedimaging/ws2-eca/test_set/test_set/masks/before/before-video-008/frame_0011.jpg
before-video-008,frame_0012.jpg,strict_qmem_v2_T2K2_qmem_only_lambda0p02,qmem,2,margin,0.02,0.0,0.0,0.2741864555848725,0.4303710094909405,0.284963436928702,0.8787878787878788,17504,5676,0.04138705995865166,0.009392289444804192,0.6716125011444092,0.9818903207778931,0.005828079767525196,0.477783203125,1.0233261585235596,/kaggle/input/datasets/shuvroahmedimaging/ws2-eca/test_set/test_set/images/before/before-video-008/frame_0012.jpg,/kaggle/input/datasets/shuvroahmedimaging/ws2-eca/test_set/test_set/masks/before/before-video-008/frame_0012.jpg
before-video-008,frame_0013.jpg,strict_qmem_v2_T2K2_qmem_only_lambda0p02,qmem,2,margin,0.02,0.0,0.0,0.199283918640969,0.3323381820491647,0.20345310312645823,0.9067590987868285,12858,2885,0.04138705995865166,0.006959718186408281,0.7034333944320679,0.9859856963157654,0.005110807716846466,0.53662109375,1.0237560272216797,/kaggle/input/datasets/shuvroahmedimaging/ws2-eca/test_set/test_set/images/before/before-video-008/frame_0013.jpg,/kaggle/input/datasets/shuvroahmedimaging/ws2-eca/test_set/test_set/masks/before/before-video-008/frame_0013.jpg
before-video-008,frame_0014.jpg,strict_qmem_v2_T2K2_qmem_only_lambda0p02,qmem,2,margin,0.02,0.0,0.0,0.12089034102511742,0.2157041355438149,0.12446126353411122,0.8081911262798634,9513,1465,0.04138705995865166,0.005703171249479055,0.7431209087371826,0.9885247945785522,0.0040076118893921375,0.611328125,1.0211894512176514,/kaggle/input/datasets/shuvroahmedimaging/ws2-eca/test_set/test_set/images/before/before-video-008/frame_0014.jpg,/kaggle/input/datasets/shuvroahmedimaging/ws2-eca/test_set/test_set/masks/before/before-video-008/frame_0014.jpg
before-video-008,frame_0015.jpg,strict_qmem_v2_T2K2_qmem_only_lambda0p02,qmem,2,margin,0.02,0.0,0.0,0.22584541062801933,0.36847290640394087,0.23455628723737848,0.8587830080367393,9567,2613,0.04138705995865166,0.01116536371409893,0.7615010738372803,0.9834962487220764,0.005147540010511875,0.6337890625,1.0197830200195312,/kaggle/input/datasets/shuvroahmedimaging/ws2-eca/test_set/test_set/images/before/before-video-008/frame_0015.jpg,/kaggle/input/datasets/shuvroahmedimaging/ws2-eca/test_set/test_set/masks/before/before-video-008/frame_0015.jpg
before-video-008,frame_0016.jpg,strict_qmem_v2_T2K2_qmem_only_lambda0p02,qmem,2,margin,0.02,0.0,0.0,0.26791392442505363,0.42260585559314123,0.30797347840870454,0.6731698253437384,11764,5382,0.04138705995865166,0.01298372633755207,0.7637722492218018,0.9809903502464294,0.006955199874937534,0.62060546875,1.0197749137878418,/kaggle/input/datasets/shuvroahmedimaging/ws2-eca/test_set/test_set/images/before/before-video-008/frame_0016.jpg,/kaggle/input/datasets/shuvroahmedimaging/ws2-eca/test_set/test_set/masks/before/before-video-008/frame_0016.jpg
before-video-008,frame_0017.jpg,strict_qmem_v2_T2K2_qmem_only_lambda0p02,qmem,2,margin,0.02,0.0,0.0,0.3581862802384013,0.5274479435553261,0.4330625220770046,0.674441632742876,14155,9089,0.04138705995865166,0.01928958296775818,0.7472099661827087,0.9745780229568481,0.007112835068255663,0.60205078125,1.017993450164795,/kaggle/input/datasets/shuvroahmedimaging/ws2-eca/test_set/test_set/images/before/before-video-008/frame_0017.jpg,/kaggle/input/datasets/shuvroahmedimaging/ws2-eca/test_set/test_set/masks/before/before-video-008/frame_0017.jpg
before-video-008,frame_0018.jpg,strict_qmem_v2_T2K2_qmem_only_lambda0p02,qmem,2,margin,0.02,0.0,0.0,0.3568786982248521,0.5260288907059144,0.3677124349041026,0.923739629865986,15746,6268,0.04138705995865166,0.015886619687080383,0.7032657861709595,0.9770087599754333,0.006888166535645723,0.53125,1.0162581205368042,/kaggle/input/datasets/shuvroahmedimaging/ws2-eca/test_set/test_set/images/before/before-video-008/frame_0018.jpg,/kaggle/input/datasets/shuvroahmedimaging/ws2-eca/test_set/test_set/masks/before/before-video-008/frame_0018.jpg
before-video-008,frame_0019.jpg,strict_qmem_v2_T2K2_qmem_only_lambda0p02,qmem,2,margin,0.02,0.0,0.0,0.32559995089915916,0.4912491897397907,0.3737758049742831,0.7164078325455773,14193,7405,0.04138705995865166,0.011276391334831715,0.719637393951416,0.9824284911155701,0.0058323391713202,0.559326171875,1.01405668258667,/kaggle/input/datasets/shuvroahmedimaging/ws2-eca/test_set/test_set/images/before/before-video-008/frame_0019.jpg,/kaggle/input/datasets/shuvroahmedimaging/ws2-eca/test_set/test_set/masks/before/before-video-008/frame_0019.jpg
before-video-008,frame_0020.jpg,strict_qmem_v2_T2K2_qmem_only_lambda0p02,qmem,2,margin,0.02,0.0,0.0,0.160958503798948,0.27728554168344743,0.18447317301895638,0.5580547112462007,14929,4935,0.04138705995865166,0.018600763753056526,0.7327434420585632,0.9760948419570923,0.00499718775972724,0.590576171875,1.0145375728607178,/kaggle/input/datasets/shuvroahmedimaging/ws2-eca/test_set/test_set/images/before/before-video-008/frame_0020.jpg,/kaggle/input/datasets/shuvroahmedimaging/ws2-eca/test_set/test_set/masks/before/before-video-008/frame_0020.jpg
before-video-008,frame_0021.jpg,strict_qmem_v2_T2K2_qmem_only_lambda0p02,qmem,2,margin,0.02,0.0,0.0,0.18962432915921287,0.318796992481203,0.22240270727580372,0.5626712328767123,14775,5840,0.04138705995865166,0.01723121665418148,0.692244291305542,0.975956916809082,0.006582345347851515,0.51171875,1.020350456237793,/kaggle/input/datasets/shuvroahmedimaging/ws2-eca/test_set/test_set/images/before/before-video-008/frame_0021.jpg,/kaggle/input/datasets/shuvroahmedimaging/ws2-eca/test_set/test_set/masks/before/before-video-008/frame_0021.jpg
before-video-008,frame_0022.jpg,strict_qmem_v2_T2K2_qmem_only_lambda0p02,qmem,2,margin,0.02,0.0,0.0,0.3438634713144517,0.5117535801134828,0.4304265956756055,0.6309727774604987,15401,10506,0.04138705995865166,0.019632529467344284,0.6569465398788452,0.9721779823303223,0.006923874840140343,0.4560546875,1.0199583768844604,/kaggle/input/datasets/shuvroahmedimaging/ws2-eca/test_set/test_set/images/before/before-video-008/frame_0022.jpg,/kaggle/input/datasets/shuvroahmedimaging/ws2-eca/test_set/test_set/masks/before/before-video-008/frame_0022.jpg
before-video-008,frame_0023.jpg,strict_qmem_v2_T2K2_qmem_only_lambda0p02,qmem,2,margin,0.02,0.0,0.0,0.2981630251240853,0.45936145053212457,0.35448351380946586,0.6523734885803851,16438,8932,0.04138705995865166,0.018727164715528488,0.664097785949707,0.9718424081802368,0.0072537753731012344,0.45458984375,1.0240306854248047,/kaggle/input/datasets/shuvroahmedimaging/ws2-eca/test_set/test_set/images/before/before-video-008/frame_0023.jpg,/kaggle/input/datasets/shuvroahmedimaging/ws2-eca/test_set/test_set/masks/before/before-video-008/frame_0023.jpg
before-video-008,frame_0024.jpg,strict_qmem_v2_T2K2_qmem_only_lambda0p02,qmem,2,margin,0.02,0.0,0.0,0.37809056011887565,0.5487165663282115,0.44068122774944674,0.7269264344099675,20786,12601,0.04138705995865166,0.022914713248610497,0.6695272922515869,0.9639561772346497,0.008910336531698704,0.44384765625,1.0452905893325806,/kaggle/input/datasets/shuvroahmedimaging/ws2-eca/test_set/test_set/images/before/before-video-008/frame_0024.jpg,/kaggle/input/datasets/shuvroahmedimaging/ws2-eca/test_set/test_set/masks/before/before-video-008/frame_0024.jpg
before-video-008,frame_0025.jpg,strict_qmem_v2_T2K2_qmem_only_lambda0p02,qmem,2,margin,0.02,0.0,0.0,0.3212402363110107,0.4862707439306185,0.3613415395593613,0.7432345656361802,22422,10901,0.04138705995865166,0.0164693184196949,0.6529284119606018,0.9703372716903687,0.008747030049562454,0.416015625,1.0430548191070557,/kaggle/input/datasets/shuvroahmedimaging/ws2-eca/test_set/test_set/images/before/before-video-008/frame_0025.jpg,/kaggle/input/datasets/shuvroahmedimaging/ws2-eca/test_set/test_set/masks/before/before-video-008/frame_0025.jpg
before-video-008,frame_0026.jpg,strict_qmem_v2_T2K2_qmem_only_lambda0p02,qmem,2,margin,0.02,0.0,0.0,0.2688957688338493,0.42382640944728195,0.2944580056052798,0.7559475455494952,22122,8617,0.04138705995865166,0.017058342695236206,0.6598140001296997,0.9700151085853577,0.007850822061300278,0.443359375,1.0528579950332642,/kaggle/input/datasets/shuvroahmedimaging/ws2-eca/test_set/test_set/images/before/before-video-008/frame_0026.jpg,/kaggle/input/datasets/shuvroahmedimaging/ws2-eca/test_set/test_set/masks/before/before-video-008/frame_0026.jpg
before-video-008,frame_0027.jpg,strict_qmem_v2_T2K2_qmem_only_lambda0p02,qmem,2,margin,0.02,0.0,0.0,0.2843824953613613,0.44283147175927556,0.30522634544394794,0.8063646862568972,20588,7793,0.04138705995865166,0.016276495531201363,0.6718030571937561,0.9725091457366943,0.008442072197794914,0.45703125,1.039867639541626,/kaggle/input/datasets/shuvroahmedimaging/ws2-eca/test_set/test_set/images/before/before-video-008/frame_0027.jpg,/kaggle/input/datasets/shuvroahmedimaging/ws2-eca/test_set/test_set/masks/before/before-video-008/frame_0027.jpg
before-video-008,frame_0028.jpg,strict_qmem_v2_T2K2_qmem_only_lambda0p02,qmem,2,margin,0.02,0.0,0.0,0.3452420701168614,0.5132787292132043,0.38048677916206697,0.7884531590413943,19023,9180,0.04138705995865166,0.017525851726531982,0.6831765174865723,0.9715388417243958,0.009225288406014442,0.4716796875,1.0366170406341553,/kaggle/input/datasets/shuvroahmedimaging/ws2-eca/test_set/test_set/images/before/before-video-008/frame_0028.jpg,/kaggle/input/datasets/shuvroahmedimaging/ws2-eca/test_set/test_set/masks/before/before-video-008/frame_0028.jpg
before-video-008,frame_0029.jpg,strict_qmem_v2_T2K2_qmem_only_lambda0p02,qmem,2,margin,0.02,0.0,0.0,0.5171598255111158,0.6817473239339038,0.5748335085874519,0.837518086645672,17118,11749,0.04138705995865166,0.017006706446409225,0.6941325664520264,0.9738377332687378,0.00919857807457447,0.492919921875,1.0173368453979492,/kaggle/input/datasets/shuvroahmedimaging/ws2-eca/test_set/test_set/images/before/before-video-008/frame_0029.jpg,/kaggle/input/datasets/shuvroahmedimaging/ws2-eca/test_set/test_set/masks/before/before-video-008/frame_0029.jpg
before-video-008,frame_0030.jpg,strict_qmem_v2_T2K2_qmem_only_lambda0p02,qmem,2,margin,0.02,0.0,0.0,0.4570589805177475,0.6273719686423914,0.49698200812536275,0.8505164878823996,17230,10068,0.04138705995865166,0.015272705815732479,0.6800119876861572,0.9754388928413391,0.00871951226145029,0.470703125,1.0220707654953003,/kaggle/input/datasets/shuvroahmedimaging/ws2-eca/test_set/test_set/images/before/before-video-008/frame_0030.jpg,/kaggle/input/datasets/shuvroahmedimaging/ws2-eca/test_set/test_set/masks/before/before-video-008/frame_0030.jpg
before-video-008,frame_0031.jpg,strict_qmem_v2_T2K2_qmem_only_lambda0p02,qmem,2,margin,0.02,0.0,0.0,0.3570744324168982,0.5262414851939434,0.3860693940963231,0.8262218774243599,19310,9023,0.04138705995865166,0.011437737382948399,0.6651656031608582,0.9783368110656738,0.007591309491544962,0.4501953125,1.026161789894104,/kaggle/input/datasets/shuvroahmedimaging/ws2-eca/test_set/test_set/images/before/before-video-008/frame_0031.jpg,/kaggle/input/datasets/shuvroahmedimaging/ws2-eca/test_set/test_set/masks/before/before-video-008/frame_0031.jpg
before-video-008,frame_0032.jpg,strict_qmem_v2_T2K2_qmem_only_lambda0p02,qmem,2,margin,0.02,0.0,0.0,0.24539237761654575,0.3940804232095624,0.28866434492568793,0.6207805907172996,20387,9480,0.04138705995865166,0.014031624421477318,0.6467621922492981,0.9754750728607178,0.007012288086116314,0.429931640625,1.030045747756958,/kaggle/input/datasets/shuvroahmedimaging/ws2-eca/test_set/test_set/images/before/before-video-008/frame_0032.jpg,/kaggle/input/datasets/shuvroahmedimaging/ws2-eca/test_set/test_set/masks/before/before-video-008/frame_0032.jpg
before-video-008,frame_0033.jpg,strict_qmem_v2_T2K2_qmem_only_lambda0p02,qmem,2,margin,0.02,0.0,0.0,0.24494504572531253,0.39350338646089567,0.27900420489296635,0.6673905589210195,20928,8749,0.04138705995865166,0.0112595334649086,0.6401721835136414,0.9791624546051025,0.006877582520246506,0.41796875,1.0263527631759644,/kaggle/input/datasets/shuvroahmedimaging/ws2-eca/test_set/test_set/images/before/before-video-008/frame_0033.jpg,/kaggle/input/datasets/shuvroahmedimaging/ws2-eca/test_set/test_set/masks/before/before-video-008/frame_0033.jpg
before-video-008,frame_0034.jpg,strict_qmem_v2_T2K2_qmem_only_lambda0p02,qmem,2,margin,0.02,0.0,0.0,0.23448802443337083,0.37989517887952085,0.275391731168586,0.6122127793515896,21188,9531,0.04138705995865166,0.010310353711247444,0.6587422490119934,0.9810891151428223,0.006881278939545155,0.452392578125,1.0197385549545288,/kaggle/input/datasets/shuvroahmedimaging/ws2-eca/test_set/test_set/images/before/before-video-008/frame_0034.jpg,/kaggle/input/datasets/shuvroahmedimaging/ws2-eca/test_set/test_set/masks/before/before-video-008/frame_0034.jpg
before-video-008,frame_0035.jpg,strict_qmem_v2_T2K2_qmem_only_lambda0p02,qmem,2,margin,0.02,0.0,0.0,0.2586002840460786,0.4109331410839106,0.29028829546964263,0.703175284273761,22581,9322,0.04138705995865166,0.011926057748496532,0.6827439665794373,0.9788597226142883,0.007176378276199102,0.47998046875,1.0261012315750122,/kaggle/input/datasets/shuvroahmedimaging/ws2-eca/test_set/test_set/images/before/before-video-008/frame_0035.jpg,/kaggle/input/datasets/shuvroahmedimaging/ws2-eca/test_set/test_set/masks/before/before-video-008/frame_0035.jpg
before-video-008,frame_0036.jpg,strict_qmem_v2_T2K2_qmem_only_lambda0p02,qmem,2,margin,0.02,0.0,0.0,0.3363859362224039,0.5034263338228095,0.3859769827370528,0.7236163227016885,15988,8528,0.04138705995865166,0.010226569138467312,0.6746694445610046,0.9815747141838074,0.006978686433285475,0.474365234375,1.0205265283584595,/kaggle/input/datasets/shuvroahmedimaging/ws2-eca/test_set/test_set/images/before/before-video-008/frame_0036.jpg,/kaggle/input/datasets/shuvroahmedimaging/ws2-eca/test_set/test_set/masks/before/before-video-008/frame_0036.jpg
before-video-008,frame_0037.jpg,strict_qmem_v2_T2K2_qmem_only_lambda0p02,qmem,2,margin,0.02,0.0,0.0,0.3512843468080711,0.5199266129854245,0.40840672538030426,0.7152271452607964,12490,7132,0.04138705995865166,0.012284026481211185,0.691552996635437,0.9807482957839966,0.005895587150007486,0.52197265625,1.0176105499267578,/kaggle/input/datasets/shuvroahmedimaging/ws2-eca/test_set/test_set/images/before/before-video-008/frame_0037.jpg,/kaggle/input/datasets/shuvroahmedimaging/ws2-eca/test_set/test_set/masks/before/before-video-008/frame_0037.jpg
before-video-008,frame_0038.jpg,strict_qmem_v2_T2K2_qmem_only_lambda0p02,qmem,2,margin,0.02,0.0,0.0,0.42748223878010744,0.5989317795581451,0.499729912221472,0.7472738287560582,14810,9904,0.04138705995865166,0.020426010712981224,0.6873812675476074,0.9715685844421387,0.006728326436132193,0.508056640625,1.0295767784118652,/kaggle/input/datasets/shuvroahmedimaging/ws2-eca/test_set/test_set/images/before/before-video-008/frame_0038.jpg,/kaggle/input/datasets/shuvroahmedimaging/ws2-eca/test_set/test_set/masks/before/before-video-008/frame_0038.jpg
before-video-008,frame_0039.jpg,strict_qmem_v2_T2K2_qmem_only_lambda0p02,qmem,2,margin,0.02,0.0,0.0,0.35101995318247686,0.5196369636963697,0.39505708192196715,0.7589780670040974,15942,8298,0.04138705995865166,0.018334319815039635,0.6567848920822144,0.9742360711097717,0.0073134079575538635,0.463134765625,1.0182127952575684,/kaggle/input/datasets/shuvroahmedimaging/ws2-eca/test_set/test_set/images/before/before-video-008/frame_0039.jpg,/kaggle/input/datasets/shuvroahmedimaging/ws2-eca/test_set/test_set/masks/before/before-video-008/frame_0039.jpg
before-video-008,frame_0040.jpg,strict_qmem_v2_T2K2_qmem_only_lambda0p02,qmem,2,margin,0.02,0.0,0.0,0.3828980398440421,0.5537617797002935,0.4120351744353124,0.8441069115742376,17399,8493,0.04138705995865166,0.01822204515337944,0.6871413588523865,0.9738990664482117,0.007233903743326664,0.50390625,1.0218350887298584,/kaggle/input/datasets/shuvroahmedimaging/ws2-eca/test_set/test_set/images/before/before-video-008/frame_0040.jpg,/kaggle/input/datasets/shuvroahmedimaging/ws2-eca/test_set/test_set/masks/before/before-video-008/frame_0040.jpg
before-video-008,frame_0041.jpg,strict_qmem_v2_T2K2_qmem_only_lambda0p02,qmem,2,margin,0.02,0.0,0.0,0.376097377066839,0.5466144814090019,0.39024253939868114,0.9120950888192267,17894,7656,0.04138705995865166,0.018820008262991905,0.7267389297485352,0.9741106033325195,0.007528779096901417,0.55859375,1.0166151523590088,/kaggle/input/datasets/shuvroahmedimaging/ws2-eca/test_set/test_set/images/before/before-video-008/frame_0041.jpg,/kaggle/input/datasets/shuvroahmedimaging/ws2-eca/test_set/test_set/masks/before/before-video-008/frame_0041.jpg
before-video-008,frame_0042.jpg,strict_qmem_v2_T2K2_qmem_only_lambda0p02,qmem,2,margin,0.02,0.0,0.0,0.35482939784077133,0.5237993778497465,0.384125,0.8230882549886166,16000,7467,0.04138705995865166,0.009352901950478554,0.7380507588386536,0.9839779734611511,0.006340733729302883,0.57275390625,1.0111494064331055,/kaggle/input/datasets/shuvroahmedimaging/ws2-eca/test_set/test_set/images/before/before-video-008/frame_0042.jpg,/kaggle/input/datasets/shuvroahmedimaging/ws2-eca/test_set/test_set/masks/before/before-video-008/frame_0042.jpg
before-video-008,frame_0043.jpg,strict_qmem_v2_T2K2_qmem_only_lambda0p02,qmem,2,margin,0.02,0.0,0.0,0.29514059322628144,0.45576610720086624,0.3375571417114444,0.7013831028161973,12469,6001,0.04138705995865166,0.01059751771390438,0.7206961512565613,0.9841318130493164,0.005840797908604145,0.55712890625,1.0058083534240723,/kaggle/input/datasets/shuvroahmedimaging/ws2-eca/test_set/test_set/images/before/before-video-008/frame_0043.jpg,/kaggle/input/datasets/shuvroahmedimaging/ws2-eca/test_set/test_set/masks/before/before-video-008/frame_0043.jpg
before-video-008,frame_0044.jpg,strict_qmem_v2_T2K2_qmem_only_lambda0p02,qmem,2,margin,0.02,0.0,0.0,0.2890097215356731,0.44842132174357663,0.31835919774934207,0.7581586341041712,11019,4627,0.04138705995865166,0.01325263176113367,0.7226079106330872,0.9818804860115051,0.004772583022713661,0.573486328125,1.0102260112762451,/kaggle/input/datasets/shuvroahmedimaging/ws2-eca/test_set/test_set/images/before/before-video-008/frame_0044.jpg,/kaggle/input/datasets/shuvroahmedimaging/ws2-eca/test_set/test_set/masks/before/before-video-008/frame_0044.jpg
before-video-008,frame_0045.jpg,strict_qmem_v2_T2K2_qmem_only_lambda0p02,qmem,2,margin,0.02,0.0,0.0,0.28185763399650565,0.43976433345058036,0.3134244171471547,0.7367413081909252,15956,6788,0.04138705995865166,0.01775672286748886,0.7312514185905457,0.9749875664710999,0.0060019283555448055,0.57666015625,1.028823971748352,/kaggle/input/datasets/shuvroahmedimaging/ws2-eca/test_set/test_set/images/before/before-video-008/frame_0045.jpg,/kaggle/input/datasets/shuvroahmedimaging/ws2-eca/test_set/test_set/masks/before/before-video-008/frame_0045.jpg
before-video-008,frame_0046.jpg,strict_qmem_v2_T2K2_qmem_only_lambda0p02,qmem,2,margin,0.02,0.0,0.0,0.2776379477250726,0.4346113047431429,0.28887993553585817,0.8770642201834863,19856,6540,0.04138705995865166,0.02561519853770733,0.6872509121894836,0.9673172235488892,0.0059449076652526855,0.511962890625,1.0180455446243286,/kaggle/input/datasets/shuvroahmedimaging/ws2-eca/test_set/test_set/images/before/before-video-008/frame_0046.jpg,/kaggle/input/datasets/shuvroahmedimaging/ws2-eca/test_set/test_set/masks/before/before-video-008/frame_0046.jpg
before-video-008,frame_0047.jpg,strict_qmem_v2_T2K2_qmem_only_lambda0p02,qmem,2,margin,0.02,0.0,0.0,0.21447527141133896,0.35319825188716725,0.21824520056954877,0.9254632521340829,20367,4803,0.04138705995865166,0.015735477209091187,0.6881131529808044,0.9751232266426086,0.007410867139697075,0.491943359375,1.0295913219451904,/kaggle/input/datasets/shuvroahmedimaging/ws2-eca/test_set/test_set/images/before/before-video-008/frame_0047.jpg,/kaggle/input/datasets/shuvroahmedimaging/ws2-eca/test_set/test_set/masks/before/before-video-008/frame_0047.jpg
before-video-008,frame_0048.jpg,strict_qmem_v2_T2K2_qmem_only_lambda0p02,qmem,2,margin,0.02,0.0,0.0,0.10333790580704161,0.18731869042685453,0.11070969322148062,0.6081399260006727,16331,2973,0.04138705995865166,0.01514038909226656,0.6909643411636353,0.9777441620826721,0.006478594616055489,0.50732421875,1.0180517435073853,/kaggle/input/datasets/shuvroahmedimaging/ws2-eca/test_set/test_set/images/before/before-video-008/frame_0048.jpg,/kaggle/input/datasets/shuvroahmedimaging/ws2-eca/test_set/test_set/masks/before/before-video-008/frame_0048.jpg
before-video-008,frame_0049.jpg,strict_qmem_v2_T2K2_qmem_only_lambda0p02,qmem,2,margin,0.02,0.0,0.0,0.03484073928430987,0.06733546131630946,0.03842150910667823,0.27211302211302213,11530,1628,0.04138705995865166,0.008094237186014652,0.6976996064186096,0.9845080971717834,0.005626879632472992,0.521728515625,1.0202730894088745,/kaggle/input/datasets/shuvroahmedimaging/ws2-eca/test_set/test_set/images/before/before-video-008/frame_0049.jpg,/kaggle/input/datasets/shuvroahmedimaging/ws2-eca/test_set/test_set/masks/before/before-video-008/frame_0049.jpg
before-video-008,frame_0050.jpg,strict_qmem_v2_T2K2_qmem_only_lambda0p02,qmem,2,margin,0.02,0.0,0.0,0.15200979391960825,0.2639036486007793,0.17169854805254667,0.5700076511094109,13017,3921,0.04138705995865166,0.015961453318595886,0.7127379179000854,0.9770013093948364,0.005403497721999884,0.551513671875,1.0251901149749756,/kaggle/input/datasets/shuvroahmedimaging/ws2-eca/test_set/test_set/images/before/before-video-008/frame_0050.jpg,/kaggle/input/datasets/shuvroahmedimaging/ws2-eca/test_set/test_set/masks/before/before-video-008/frame_0050.jpg
before-video-008,frame_0051.jpg,strict_qmem_v2_T2K2_qmem_only_lambda0p02,qmem,2,margin,0.02,0.0,0.0,0.1695384441556974,0.2899236788716066,0.18797369245223927,0.6335233270002111,15965,4737,0.04138705995865166,0.018148502334952354,0.7044970989227295,0.9742845892906189,0.00644850404933095,0.53125,1.0218262672424316,/kaggle/input/datasets/shuvroahmedimaging/ws2-eca/test_set/test_set/images/before/before-video-008/frame_0051.jpg,/kaggle/input/datasets/shuvroahmedimaging/ws2-eca/test_set/test_set/masks/before/before-video-008/frame_0051.jpg
before-video-008,frame_0052.jpg,strict_qmem_v2_T2K2_qmem_only_lambda0p02,qmem,2,margin,0.02,0.0,0.0,0.17500345129078276,0.29787734001723193,0.1874229954166872,0.7253480831584971,20291,5243,0.04138705995865166,0.017328090965747833,0.6723853349685669,0.9751144051551819,0.006359729915857315,0.48291015625,1.0149701833724976,/kaggle/input/datasets/shuvroahmedimaging/ws2-eca/test_set/test_set/images/before/before-video-008/frame_0052.jpg,/kaggle/input/datasets/shuvroahmedimaging/ws2-eca/test_set/test_set/masks/before/before-video-008/frame_0052.jpg
before-video-008,frame_0053.jpg,strict_qmem_v2_T2K2_qmem_only_lambda0p02,qmem,2,margin,0.02,0.0,0.0,0.21715705005731753,0.3568266725269205,0.22795828319294023,0.8208868987433193,24930,6923,0.04138705995865166,0.020131221041083336,0.6508686542510986,0.9704886078834534,0.007771630771458149,0.44140625,1.0255423784255981,/kaggle/input/datasets/shuvroahmedimaging/ws2-eca/test_set/test_set/images/before/before-video-008/frame_0053.jpg,/kaggle/input/datasets/shuvroahmedimaging/ws2-eca/test_set/test_set/masks/before/before-video-008/frame_0053.jpg
before-video-008,frame_0054.jpg,strict_qmem_v2_T2K2_qmem_only_lambda0p02,qmem,2,margin,0.02,0.0,0.0,0.2255582660911991,0.3680906446179758,0.2347381166269578,0.8522404991491775,25603,7052,0.04138705995865166,0.019718166440725327,0.6539850234985352,0.970497727394104,0.0075673628598451614,0.43212890625,1.0260491371154785,/kaggle/input/datasets/shuvroahmedimaging/ws2-eca/test_set/test_set/images/before/before-video-008/frame_0054.jpg,/kaggle/input/datasets/shuvroahmedimaging/ws2-eca/test_set/test_set/masks/before/before-video-008/frame_0054.jpg
before-video-008,frame_0055.jpg,strict_qmem_v2_T2K2_qmem_only_lambda0p02,qmem,2,margin,0.02,0.0,0.0,0.19825308904985087,0.33090353091775415,0.21243665251335433,0.7480707395498393,21903,6220,0.04138705995865166,0.011741496622562408,0.6450820565223694,0.9789648652076721,0.007327102590352297,0.417236328125,1.0190787315368652,/kaggle/input/datasets/shuvroahmedimaging/ws2-eca/test_set/test_set/images/before/before-video-008/frame_0055.jpg,/kaggle/input/datasets/shuvroahmedimaging/ws2-eca/test_set/test_set/masks/before/before-video-008/frame_0055.jpg
before-video-008,frame_0056.jpg,strict_qmem_v2_T2K2_qmem_only_lambda0p02,qmem,2,margin,0.02,0.0,0.0,0.2869179600886918,0.44589937973811167,0.3089616384570489,0.8008527025168477,18847,7271,0.04138705995865166,0.012993537820875645,0.6725502014160156,0.9761269092559814,0.007460709661245346,0.46484375,1.0401362180709839,/kaggle/input/datasets/shuvroahmedimaging/ws2-eca/test_set/test_set/images/before/before-video-008/frame_0056.jpg,/kaggle/input/datasets/shuvroahmedimaging/ws2-eca/test_set/test_set/masks/before/before-video-008/frame_0056.jpg
before-video-008,frame_0057.jpg,strict_qmem_v2_T2K2_qmem_only_lambda0p02,qmem,2,margin,0.02,0.0,0.0,0.41383268761658776,0.5854054602659089,0.45816564287227285,0.8104918032786885,18884,10675,0.04138705995865166,0.014001553878188133,0.6910334825515747,0.9741005897521973,0.007937218062579632,0.491455078125,1.0488743782043457,/kaggle/input/datasets/shuvroahmedimaging/ws2-eca/test_set/test_set/images/before/before-video-008/frame_0057.jpg,/kaggle/input/datasets/shuvroahmedimaging/ws2-eca/test_set/test_set/masks/before/before-video-008/frame_0057.jpg
before-video-008,frame_0058.jpg,strict_qmem_v2_T2K2_qmem_only_lambda0p02,qmem,2,margin,0.02,0.0,0.0,0.44232400339270567,0.6133490149955896,0.47582116788321166,0.8626964433416047,15344,8463,0.04138705995865166,0.010859088972210884,0.6901054382324219,0.9781240820884705,0.007401634473353624,0.495849609375,1.0428951978683472,/kaggle/input/datasets/shuvroahmedimaging/ws2-eca/test_set/test_set/images/before/before-video-008/frame_0058.jpg,/kaggle/input/datasets/shuvroahmedimaging/ws2-eca/test_set/test_set/masks/before/before-video-008/frame_0058.jpg
before-video-008,frame_0059.jpg,strict_qmem_v2_T2K2_qmem_only_lambda0p02,qmem,2,margin,0.02,0.0,0.0,0.4317776612480336,0.603135071784354,0.4732999942518825,0.8311295043908348,17397,9907,0.04138705995865166,0.013293148018419743,0.6906362771987915,0.9760034084320068,0.007360824383795261,0.494384765625,1.0424498319625854,/kaggle/input/datasets/shuvroahmedimaging/ws2-eca/test_set/test_set/images/before/before-video-008/frame_0059.jpg,/kaggle/input/datasets/shuvroahmedimaging/ws2-eca/test_set/test_set/masks/before/before-video-008/frame_0059.jpg
before-video-008,frame_0060.jpg,strict_qmem_v2_T2K2_qmem_only_lambda0p02,qmem,2,margin,0.02,0.0,0.0,0.3901637868970482,0.5613206020391649,0.4127475247524752,0.8770102154344088,21008,9887,0.04138705995865166,0.012048055417835712,0.673710823059082,0.9774457812309265,0.008394971489906311,0.460205078125,1.0326104164123535,/kaggle/input/datasets/shuvroahmedimaging/ws2-eca/test_set/test_set/images/before/before-video-008/frame_0060.jpg,/kaggle/input/datasets/shuvroahmedimaging/ws2-eca/test_set/test_set/masks/before/before-video-008/frame_0060.jpg
before-video-008,frame_0061.jpg,strict_qmem_v2_T2K2_qmem_only_lambda0p02,qmem,2,margin,0.02,0.0,0.0,0.358424384147079,0.527706051702134,0.3786362281187444,0.8703739964754259,23479,10214,0.04138705995865166,0.011612615548074245,0.671424150466919,0.978287935256958,0.007960758171975613,0.44873046875,1.0229002237319946,/kaggle/input/datasets/shuvroahmedimaging/ws2-eca/test_set/test_set/images/before/before-video-008/frame_0061.jpg,/kaggle/input/datasets/shuvroahmedimaging/ws2-eca/test_set/test_set/masks/before/before-video-008/frame_0061.jpg
before-video-008,frame_0062.jpg,strict_qmem_v2_T2K2_qmem_only_lambda0p02,qmem,2,margin,0.02,0.0,0.0,0.46354186072506426,0.6334521384928717,0.47376237623762374,0.9555299539170506,26260,13020,0.04138705995865166,0.011816340498626232,0.6823071837425232,0.9770063757896423,0.008948029950261116,0.448486328125,1.0244511365890503,/kaggle/input/datasets/shuvroahmedimaging/ws2-eca/test_set/test_set/images/before/before-video-008/frame_0062.jpg,/kaggle/input/datasets/shuvroahmedimaging/ws2-eca/test_set/test_set/masks/before/before-video-008/frame_0062.jpg
before-video-008,frame_0063.jpg,strict_qmem_v2_T2K2_qmem_only_lambda0p02,qmem,2,margin,0.02,0.0,0.0,0.5114048828945861,0.6767278426614086,0.5727183261306747,0.8268981281275097,23371,16187,0.04138705995865166,0.010211643762886524,0.6894930601119995,0.9791203737258911,0.008453261107206345,0.46875,1.017810583114624,/kaggle/input/datasets/shuvroahmedimaging/ws2-eca/test_set/test_set/images/before/before-video-008/frame_0063.jpg,/kaggle/input/datasets/shuvroahmedimaging/ws2-eca/test_set/test_set/masks/before/before-video-008/frame_0063.jpg
before-video-008,frame_0064.jpg,strict_qmem_v2_T2K2_qmem_only_lambda0p02,qmem,2,margin,0.02,0.0,0.0,0.4931338307667884,0.6605353393051753,0.5513890121594036,0.8235567044475376,22534,15087,0.04138705995865166,0.010189179331064224,0.716027021408081,0.9797816276550293,0.008359127677977085,0.506103515625,1.0165855884552002,/kaggle/input/datasets/shuvroahmedimaging/ws2-eca/test_set/test_set/images/before/before-video-008/frame_0064.jpg,/kaggle/input/datasets/shuvroahmedimaging/ws2-eca/test_set/test_set/masks/before/before-video-008/frame_0064.jpg
before-video-008,frame_0065.jpg,strict_qmem_v2_T2K2_qmem_only_lambda0p02,qmem,2,margin,0.02,0.0,0.0,0.4232896507050675,0.5948046492087943,0.44882971416494954,0.881498391615648,18927,9637,0.04138705995865166,0.00833226926624775,0.7185876965522766,0.984092116355896,0.006170600187033415,0.5361328125,1.006072998046875,/kaggle/input/datasets/shuvroahmedimaging/ws2-eca/test_set/test_set/images/before/before-video-008/frame_0065.jpg,/kaggle/input/datasets/shuvroahmedimaging/ws2-eca/test_set/test_set/masks/before/before-video-008/frame_0065.jpg
before-video-008,frame_0066.jpg,strict_qmem_v2_T2K2_qmem_only_lambda0p02,qmem,2,margin,0.02,0.0,0.0,0.3525107906095378,0.5212687293247713,0.3797777021662697,0.8307902245378985,17634,8061,0.04138705995865166,0.016400665044784546,0.7206493020057678,0.976304829120636,0.0066462974064052105,0.543701171875,1.0076005458831787,/kaggle/input/datasets/shuvroahmedimaging/ws2-eca/test_set/test_set/images/before/before-video-008/frame_0066.jpg,/kaggle/input/datasets/shuvroahmedimaging/ws2-eca/test_set/test_set/masks/before/before-video-008/frame_0066.jpg
before-video-008,frame_0067.jpg,strict_qmem_v2_T2K2_qmem_only_lambda0p02,qmem,2,margin,0.02,0.0,0.0,0.3626290830120108,0.5322491462026345,0.37239998179418327,0.9325279234100752,21971,8774,0.04138705995865166,0.019456900656223297,0.6945775151252747,0.9724043607711792,0.00805369671434164,0.502197265625,1.011091947555542,/kaggle/input/datasets/shuvroahmedimaging/ws2-eca/test_set/test_set/images/before/before-video-008/frame_0067.jpg,/kaggle/input/datasets/shuvroahmedimaging/ws2-eca/test_set/test_set/masks/before/before-video-008/frame_0067.jpg
before-video-008,frame_0068.jpg,strict_qmem_v2_T2K2_qmem_only_lambda0p02,qmem,2,margin,0.02,0.0,0.0,0.30718467630038243,0.46999430435457984,0.31638201463924714,0.9135466988727858,28690,9936,0.04138705995865166,0.024716751649975777,0.685703694820404,0.9654260873794556,0.008622396737337112,0.478271484375,1.017058253288269,/kaggle/input/datasets/shuvroahmedimaging/ws2-eca/test_set/test_set/images/before/before-video-008/frame_0068.jpg,/kaggle/input/datasets/shuvroahmedimaging/ws2-eca/test_set/test_set/masks/before/before-video-008/frame_0068.jpg
before-video-008,frame_0069.jpg,strict_qmem_v2_T2K2_qmem_only_lambda0p02,qmem,2,margin,0.02,0.0,0.0,0.31748996171444577,0.4819618683110072,0.33960379557183284,0.8298080052066384,30035,12292,0.04138705995865166,0.025799084454774857,0.6714613437652588,0.9630398154258728,0.009820996783673763,0.4541015625,1.0204041004180908,/kaggle/input/datasets/shuvroahmedimaging/ws2-eca/test_set/test_set/images/before/before-video-008/frame_0069.jpg,/kaggle/input/datasets/shuvroahmedimaging/ws2-eca/test_set/test_set/masks/before/before-video-008/frame_0069.jpg
before-video-008,frame_0070.jpg,strict_qmem_v2_T2K2_qmem_only_lambda0p02,qmem,2,margin,0.02,0.0,0.0,0.33274422572978246,0.4993369609950158,0.36430358632193494,0.793431664608007,29975,13763,0.04138705995865166,0.01831861399114132,0.6587649583816528,0.9699790477752686,0.009443160146474838,0.421875,1.0262202024459839,/kaggle/input/datasets/shuvroahmedimaging/ws2-eca/test_set/test_set/images/before/before-video-008/frame_0070.jpg,/kaggle/input/datasets/shuvroahmedimaging/ws2-eca/test_set/test_set/masks/before/before-video-008/frame_0070.jpg
before-video-008,frame_0071.jpg,strict_qmem_v2_T2K2_qmem_only_lambda0p02,qmem,2,margin,0.02,0.0,0.0,0.32979098997316764,0.49600424797557413,0.37591049941647553,0.728854556803995,24849,12816,0.04138705995865166,0.009177694097161293,0.6586562395095825,0.980688214302063,0.006721478886902332,0.437744140625,1.02003014087677,/kaggle/input/datasets/shuvroahmedimaging/ws2-eca/test_set/test_set/images/before/before-video-008/frame_0071.jpg,/kaggle/input/datasets/shuvroahmedimaging/ws2-eca/test_set/test_set/masks/before/before-video-008/frame_0071.jpg
before-video-008,frame_0072.jpg,strict_qmem_v2_T2K2_qmem_only_lambda0p02,qmem,2,margin,0.02,0.0,0.0,0.32919404910696287,0.49532880368842513,0.374850794233771,0.7299302699803326,21782,11186,0.04138705995865166,0.01222436223179102,0.6548550724983215,0.9778160452842712,0.007575747091323137,0.43017578125,1.0216957330703735,/kaggle/input/datasets/shuvroahmedimaging/ws2-eca/test_set/test_set/images/before/before-video-008/frame_0072.jpg,/kaggle/input/datasets/shuvroahmedimaging/ws2-eca/test_set/test_set/masks/before/before-video-008/frame_0072.jpg
before-video-008,frame_0073.jpg,strict_qmem_v2_T2K2_qmem_only_lambda0p02,qmem,2,margin,0.02,0.0,0.0,0.3302857142857143,0.4965635738831615,0.378511426248758,0.7216290683657655,22142,11614,0.04138705995865166,0.013082616031169891,0.6579326391220093,0.9768914580345154,0.009140047244727612,0.42919921875,1.0214014053344727,/kaggle/input/datasets/shuvroahmedimaging/ws2-eca/test_set/test_set/images/before/before-video-008/frame_0073.jpg,/kaggle/input/datasets/shuvroahmedimaging/ws2-eca/test_set/test_set/masks/before/before-video-008/frame_0073.jpg
before-video-008,frame_0074.jpg,strict_qmem_v2_T2K2_qmem_only_lambda0p02,qmem,2,margin,0.02,0.0,0.0,0.3888952841410537,0.5600066305669135,0.40779785136603225,0.8935026007229128,24853,11343,0.04138705995865166,0.012211000546813011,0.6804336905479431,0.9766049385070801,0.0095506077632308,0.45458984375,1.0275075435638428,/kaggle/input/datasets/shuvroahmedimaging/ws2-eca/test_set/test_set/images/before/before-video-008/frame_0074.jpg,/kaggle/input/datasets/shuvroahmedimaging/ws2-eca/test_set/test_set/masks/before/before-video-008/frame_0074.jpg
before-video-008,frame_0075.jpg,strict_qmem_v2_T2K2_qmem_only_lambda0p02,qmem,2,margin,0.02,0.0,0.0,0.35293641150263266,0.5217339240809484,0.3814735367508646,0.8251112584035603,22843,10561,0.04138705995865166,0.013510864228010178,0.6850941777229309,0.9765360355377197,0.008331882767379284,0.4716796875,1.0179767608642578,/kaggle/input/datasets/shuvroahmedimaging/ws2-eca/test_set/test_set/images/before/before-video-008/frame_0075.jpg,/kaggle/input/datasets/shuvroahmedimaging/ws2-eca/test_set/test_set/masks/before/before-video-008/frame_0075.jpg
before-video-008,frame_0076.jpg,strict_qmem_v2_T2K2_qmem_only_lambda0p02,qmem,2,margin,0.02,0.0,0.0,0.34682698730794925,0.5150282710048606,0.37901498929336186,0.8033006704486849,20548,9695,0.04138705995865166,0.011953004635870457,0.6811376214027405,0.9784308075904846,0.00811731442809105,0.4658203125,1.0178289413452148,/kaggle/input/datasets/shuvroahmedimaging/ws2-eca/test_set/test_set/images/before/before-video-008/frame_0076.jpg,/kaggle/input/datasets/shuvroahmedimaging/ws2-eca/test_set/test_set/masks/before/before-video-008/frame_0076.jpg
before-video-008,frame_0077.jpg,strict_qmem_v2_T2K2_qmem_only_lambda0p02,qmem,2,margin,0.02,0.0,0.0,0.30405337614126615,0.46632044623966146,0.3375097449604633,0.7541371158392435,17958,8037,0.04138705995865166,0.012761469930410385,0.673220694065094,0.9780433773994446,0.006937897298485041,0.4677734375,1.0219974517822266,/kaggle/input/datasets/shuvroahmedimaging/ws2-eca/test_set/test_set/images/before/before-video-008/frame_0077.jpg,/kaggle/input/datasets/shuvroahmedimaging/ws2-eca/test_set/test_set/masks/before/before-video-008/frame_0077.jpg
before-video-008,frame_0078.jpg,strict_qmem_v2_T2K2_qmem_only_lambda0p02,qmem,2,margin,0.02,0.0,0.0,0.33771271918481355,0.5049106797618127,0.35185384781202844,0.8936490555707638,18556,7306,0.04138705995865166,0.009935378096997738,0.6598371267318726,0.9812964797019958,0.0063909194432199,0.449462890625,1.0215723514556885,/kaggle/input/datasets/shuvroahmedimaging/ws2-eca/test_set/test_set/images/before/before-video-008/frame_0078.jpg,/kaggle/input/datasets/shuvroahmedimaging/ws2-eca/test_set/test_set/masks/before/before-video-008/frame_0078.jpg
before-video-008,frame_0079.jpg,strict_qmem_v2_T2K2_qmem_only_lambda0p02,qmem,2,margin,0.02,0.0,0.0,0.34287867370007535,0.510662177328844,0.3891175370142712,0.742629807201877,18709,9803,0.04138705995865166,0.011052373796701431,0.682077944278717,0.9805824756622314,0.006644885055720806,0.48779296875,1.0187495946884155,/kaggle/input/datasets/shuvroahmedimaging/ws2-eca/test_set/test_set/images/before/before-video-008/frame_0079.jpg,/kaggle/input/datasets/shuvroahmedimaging/ws2-eca/test_set/test_set/masks/before/before-video-008/frame_0079.jpg
before-video-008,frame_0080.jpg,strict_qmem_v2_T2K2_qmem_only_lambda0p02,qmem,2,margin,0.02,0.0,0.0,0.36855909975463236,0.5386089644513138,0.41632419000286724,0.7626050420168067,20926,11424,0.04138705995865166,0.012263755314052105,0.6855359077453613,0.9786848425865173,0.00674412539228797,0.48779296875,1.020180583000183,/kaggle/input/datasets/shuvroahmedimaging/ws2-eca/test_set/test_set/images/before/before-video-008/frame_0080.jpg,/kaggle/input/datasets/shuvroahmedimaging/ws2-eca/test_set/test_set/masks/before/before-video-008/frame_0080.jpg
before-video-008,frame_0081.jpg,strict_qmem_v2_T2K2_qmem_only_lambda0p02,qmem,2,margin,0.02,0.0,0.0,0.41351777922198496,0.5850903119868637,0.48099352051835853,0.7466890192791282,18520,11930,0.04138705995865166,0.011849939823150635,0.680738627910614,0.9799568057060242,0.006933384574949741,0.475341796875,1.014544129371643,/kaggle/input/datasets/shuvroahmedimaging/ws2-eca/test_set/test_set/images/before/before-video-008/frame_0081.jpg,/kaggle/input/datasets/shuvroahmedimaging/ws2-eca/test_set/test_set/masks/before/before-video-008/frame_0081.jpg
before-video-008,frame_0082.jpg,strict_qmem_v2_T2K2_qmem_only_lambda0p02,qmem,2,margin,0.02,0.0,0.0,0.4303167815690723,0.6017083587553386,0.4866038387526521,0.7881403340525853,20267,12513,0.04138705995865166,0.01091973576694727,0.6738839149475098,0.9802443981170654,0.007624689489603043,0.45556640625,1.016958236694336,/kaggle/input/datasets/shuvroahmedimaging/ws2-eca/test_set/test_set/images/before/before-video-008/frame_0082.jpg,/kaggle/input/datasets/shuvroahmedimaging/ws2-eca/test_set/test_set/masks/before/before-video-008/frame_0082.jpg
before-video-008,frame_0083.jpg,strict_qmem_v2_T2K2_qmem_only_lambda0p02,qmem,2,margin,0.02,0.0,0.0,0.38773340728415606,0.5588009991673605,0.4260754736147087,0.8116292569659442,19689,10336,0.04138705995865166,0.010477866977453232,0.6610788106918335,0.9812989234924316,0.007782178930938244,0.447265625,1.014148235321045,/kaggle/input/datasets/shuvroahmedimaging/ws2-eca/test_set/test_set/images/before/before-video-008/frame_0083.jpg,/kaggle/input/datasets/shuvroahmedimaging/ws2-eca/test_set/test_set/masks/before/before-video-008/frame_0083.jpg
before-video-008,frame_0084.jpg,strict_qmem_v2_T2K2_qmem_only_lambda0p02,qmem,2,margin,0.02,0.0,0.0,0.30806602992325954,0.47102519731566284,0.3158252207380575,0.9261410788381743,17668,6025,0.04138705995865166,0.00784049928188324,0.686005711555481,0.9850791692733765,0.006059007719159126,0.494873046875,1.011407494544983,/kaggle/input/datasets/shuvroahmedimaging/ws2-eca/test_set/test_set/images/before/before-video-008/frame_0084.jpg,/kaggle/input/datasets/shuvroahmedimaging/ws2-eca/test_set/test_set/masks/before/before-video-008/frame_0084.jpg
before-video-008,frame_0085.jpg,strict_qmem_v2_T2K2_qmem_only_lambda0p02,qmem,2,margin,0.02,0.0,0.0,0.3462593027810419,0.51440209485016,0.3494992092778071,0.9739258171134778,15176,5446,0.04138705995865166,0.00920040812343359,0.7259067296981812,0.9838253259658813,0.006448722444474697,0.554931640625,1.0174025297164917,/kaggle/input/datasets/shuvroahmedimaging/ws2-eca/test_set/test_set/images/before/before-video-008/frame_0085.jpg,/kaggle/input/datasets/shuvroahmedimaging/ws2-eca/test_set/test_set/masks/before/before-video-008/frame_0085.jpg
before-video-008,frame_0086.jpg,strict_qmem_v2_T2K2_qmem_only_lambda0p02,qmem,2,margin,0.02,0.0,0.0,0.30091335472722786,0.46261859582542697,0.30962661925323853,0.9144786196549137,11811,3999,0.04138705995865166,0.011765077710151672,0.7450666427612305,0.9830780029296875,0.0059727272018790245,0.595458984375,1.0109708309173584,/kaggle/input/datasets/shuvroahmedimaging/ws2-eca/test_set/test_set/images/before/before-video-008/frame_0086.jpg,/kaggle/input/datasets/shuvroahmedimaging/ws2-eca/test_set/test_set/masks/before/before-video-008/frame_0086.jpg
before-video-008,frame_0087.jpg,strict_qmem_v2_T2K2_qmem_only_lambda0p02,qmem,2,margin,0.02,0.0,0.0,0.2684779120761579,0.4233071928493128,0.2797592510031208,0.8694146172497402,8972,2887,0.04138705995865166,0.015116176567971706,0.7355248928070068,0.9813190698623657,0.004855914041399956,0.604248046875,1.010157823562622,/kaggle/input/datasets/shuvroahmedimaging/ws2-eca/test_set/test_set/images/before/before-video-008/frame_0087.jpg,/kaggle/input/datasets/shuvroahmedimaging/ws2-eca/test_set/test_set/masks/before/before-video-008/frame_0087.jpg
before-video-008,frame_0088.jpg,strict_qmem_v2_T2K2_qmem_only_lambda0p02,qmem,2,margin,0.02,0.0,0.0,0.31948713445156757,0.48425956738768716,0.32326283987915405,0.9647308406258287,11254,3771,0.04138705995865166,0.018304800614714622,0.7350530028343201,0.9778198599815369,0.004467514343559742,0.602783203125,1.012102723121643,/kaggle/input/datasets/shuvroahmedimaging/ws2-eca/test_set/test_set/images/before/before-video-008/frame_0088.jpg,/kaggle/input/datasets/shuvroahmedimaging/ws2-eca/test_set/test_set/masks/before/before-video-008/frame_0088.jpg
before-video-008,frame_0089.jpg,strict_qmem_v2_T2K2_qmem_only_lambda0p02,qmem,2,margin,0.02,0.0,0.0,0.30730619074177357,0.47013651877133106,0.3095505617977528,0.9769503546099291,12460,3948,0.04138705995865166,0.016962047666311264,0.7437537312507629,0.9780877828598022,0.0050343917682766914,0.60595703125,1.015300989151001,/kaggle/input/datasets/shuvroahmedimaging/ws2-eca/test_set/test_set/images/before/before-video-008/frame_0089.jpg,/kaggle/input/datasets/shuvroahmedimaging/ws2-eca/test_set/test_set/masks/before/before-video-008/frame_0089.jpg
before-video-008,frame_0090.jpg,strict_qmem_v2_T2K2_qmem_only_lambda0p02,qmem,2,margin,0.02,0.0,0.0,0.24307036247334754,0.3910806174957118,0.24626655395886166,0.9493120926864591,10647,2762,0.04138705995865166,0.01873539388179779,0.723616361618042,0.9769183993339539,0.004139355383813381,0.58837890625,1.0118935108184814,/kaggle/input/datasets/shuvroahmedimaging/ws2-eca/test_set/test_set/images/before/before-video-008/frame_0090.jpg,/kaggle/input/datasets/shuvroahmedimaging/ws2-eca/test_set/test_set/masks/before/before-video-008/frame_0090.jpg
before-video-008,frame_0091.jpg,strict_qmem_v2_T2K2_qmem_only_lambda0p02,qmem,2,margin,0.02,0.0,0.0,0.30062413314840497,0.46227672620634497,0.3192664604507291,0.837357542978559,13578,5177,0.04138705995865166,0.02207304909825325,0.7305089235305786,0.9737119078636169,0.0044436207972466946,0.5947265625,1.0103613138198853,/kaggle/input/datasets/shuvroahmedimaging/ws2-eca/test_set/test_set/images/before/before-video-008/frame_0091.jpg,/kaggle/input/datasets/shuvroahmedimaging/ws2-eca/test_set/test_set/masks/before/before-video-008/frame_0091.jpg
before-video-009,frame_0001.jpg,strict_qmem_v2_T2K2_qmem_only_lambda0p02,qmem,2,margin,0.02,0.0,0.0,0.26961834483853053,0.42472345478407597,0.2720794298983105,0.9675398633257403,12489,3512,0.04138705995865166,0.0,0.0,0.0,0.0,0.0,0.0,/kaggle/input/datasets/shuvroahmedimaging/ws2-eca/test_set/test_set/images/before/before-video-009/frame_0001.jpg,/kaggle/input/datasets/shuvroahmedimaging/ws2-eca/test_set/test_set/masks/before/before-video-009/frame_0001.jpg
before-video-009,frame_0002.jpg,strict_qmem_v2_T2K2_qmem_only_lambda0p02,qmem,2,margin,0.02,0.0,0.0,0.32071387084851366,0.48566745292447927,0.3455652272856574,0.8168370091447015,17577,7436,0.04138705995865166,0.03321937844157219,0.7081051468849182,0.9621608853340149,0.0051591480150818825,0.56689453125,1.0085947513580322,/kaggle/input/datasets/shuvroahmedimaging/ws2-eca/test_set/test_set/images/before/before-video-009/frame_0002.jpg,/kaggle/input/datasets/shuvroahmedimaging/ws2-eca/test_set/test_set/masks/before/before-video-009/frame_0002.jpg
before-video-009,frame_0003.jpg,strict_qmem_v2_T2K2_qmem_only_lambda0p02,qmem,2,margin,0.02,0.0,0.0,0.2797575549155311,0.4372039904605153,0.3202598297327887,0.6886772486772487,20321,9450,0.04138705995865166,0.012099867686629295,0.6524622440338135,0.9794914126396179,0.006770699750632048,0.440185546875,1.015749454498291,/kaggle/input/datasets/shuvroahmedimaging/ws2-eca/test_set/test_set/images/before/before-video-009/frame_0003.jpg,/kaggle/input/datasets/shuvroahmedimaging/ws2-eca/test_set/test_set/masks/before/before-video-009/frame_0003.jpg
before-video-009,frame_0004.jpg,strict_qmem_v2_T2K2_qmem_only_lambda0p02,qmem,2,margin,0.02,0.0,0.0,0.3818149146451033,0.55262815677911,0.41105006577420106,0.8429738951043403,25846,12603,0.04138705995865166,0.02037794142961502,0.6518325209617615,0.9695048332214355,0.008254135958850384,0.428466796875,1.02028226852417,/kaggle/input/datasets/shuvroahmedimaging/ws2-eca/test_set/test_set/images/before/before-video-009/frame_0004.jpg,/kaggle/input/datasets/shuvroahmedimaging/ws2-eca/test_set/test_set/masks/before/before-video-009/frame_0004.jpg
before-video-009,frame_0005.jpg,strict_qmem_v2_T2K2_qmem_only_lambda0p02,qmem,2,margin,0.02,0.0,0.0,0.34555453712190654,0.5136239782016349,0.3714590688890714,0.8320765127827846,24358,10874,0.04138705995865166,0.013616945594549179,0.6573753356933594,0.9756672978401184,0.009185219183564186,0.417236328125,1.0180749893188477,/kaggle/input/datasets/shuvroahmedimaging/ws2-eca/test_set/test_set/images/before/before-video-009/frame_0005.jpg,/kaggle/input/datasets/shuvroahmedimaging/ws2-eca/test_set/test_set/masks/before/before-video-009/frame_0005.jpg
before-video-009,frame_0006.jpg,strict_qmem_v2_T2K2_qmem_only_lambda0p02,qmem,2,margin,0.02,0.0,0.0,0.3595807170346364,0.5289582479794406,0.3863018169948863,0.838667768985473,18382,8467,0.04138705995865166,0.009983601048588753,0.6941957473754883,0.9808170795440674,0.0071145594120025635,0.49365234375,1.0202797651290894,/kaggle/input/datasets/shuvroahmedimaging/ws2-eca/test_set/test_set/images/before/before-video-009/frame_0006.jpg,/kaggle/input/datasets/shuvroahmedimaging/ws2-eca/test_set/test_set/masks/before/before-video-009/frame_0006.jpg
before-video-009,frame_0007.jpg,strict_qmem_v2_T2K2_qmem_only_lambda0p02,qmem,2,margin,0.02,0.0,0.0,0.3874164684562238,0.5584717743581371,0.424616721494631,0.8155698617072008,16111,8388,0.04138705995865166,0.01482937391847372,0.6867874264717102,0.9776107668876648,0.00687518110498786,0.49169921875,1.0178827047348022,/kaggle/input/datasets/shuvroahmedimaging/ws2-eca/test_set/test_set/images/before/before-video-009/frame_0007.jpg,/kaggle/input/datasets/shuvroahmedimaging/ws2-eca/test_set/test_set/masks/before/before-video-009/frame_0007.jpg
before-video-009,frame_0008.jpg,strict_qmem_v2_T2K2_qmem_only_lambda0p02,qmem,2,margin,0.02,0.0,0.0,0.3918304798139928,0.5630433957249705,0.46529869477911645,0.7127751610112467,15936,10403,0.04138705995865166,0.01935914158821106,0.6670413613319397,0.973443865776062,0.00891894195228815,0.46875,1.0142191648483276,/kaggle/input/datasets/shuvroahmedimaging/ws2-eca/test_set/test_set/images/before/before-video-009/frame_0008.jpg,/kaggle/input/datasets/shuvroahmedimaging/ws2-eca/test_set/test_set/masks/before/before-video-009/frame_0008.jpg
before-video-009,frame_0009.jpg,strict_qmem_v2_T2K2_qmem_only_lambda0p02,qmem,2,margin,0.02,0.0,0.0,0.4551438218575031,0.6255654115020854,0.5301438741474586,0.7628769969195501,20087,13959,0.04138705995865166,0.01918518729507923,0.65611332654953,0.9724038243293762,0.01088847778737545,0.43701171875,1.0173826217651367,/kaggle/input/datasets/shuvroahmedimaging/ws2-eca/test_set/test_set/images/before/before-video-009/frame_0009.jpg,/kaggle/input/datasets/shuvroahmedimaging/ws2-eca/test_set/test_set/masks/before/before-video-009/frame_0009.jpg
before-video-009,frame_0010.jpg,strict_qmem_v2_T2K2_qmem_only_lambda0p02,qmem,2,margin,0.02,0.0,0.0,0.4854308954250609,0.6535893348120423,0.5556253928346951,0.793492286115007,25456,17825,0.04138705995865166,0.023686721920967102,0.6517611145973206,0.9657689332962036,0.00976848416030407,0.419189453125,1.0198136568069458,/kaggle/input/datasets/shuvroahmedimaging/ws2-eca/test_set/test_set/images/before/before-video-009/frame_0010.jpg,/kaggle/input/datasets/shuvroahmedimaging/ws2-eca/test_set/test_set/masks/before/before-video-009/frame_0010.jpg
before-video-009,frame_0011.jpg,strict_qmem_v2_T2K2_qmem_only_lambda0p02,qmem,2,margin,0.02,0.0,0.0,0.5115380838597755,0.6768444531063903,0.5687252083409149,0.8357219251336898,27479,18700,0.04138705995865166,0.018375447019934654,0.6789343953132629,0.9708031415939331,0.010921635664999485,0.4423828125,1.013829231262207,/kaggle/input/datasets/shuvroahmedimaging/ws2-eca/test_set/test_set/images/before/before-video-009/frame_0011.jpg,/kaggle/input/datasets/shuvroahmedimaging/ws2-eca/test_set/test_set/masks/before/before-video-009/frame_0011.jpg
before-video-009,frame_0012.jpg,strict_qmem_v2_T2K2_qmem_only_lambda0p02,qmem,2,margin,0.02,0.0,0.0,0.48072704481353806,0.6493121693121693,0.5390731385899407,0.8162287994679082,22765,15035,0.04138705995865166,0.010819707997143269,0.6740528345108032,0.9783769249916077,0.008196979761123657,0.447509765625,1.018649935722351,/kaggle/input/datasets/shuvroahmedimaging/ws2-eca/test_set/test_set/images/before/before-video-009/frame_0012.jpg,/kaggle/input/datasets/shuvroahmedimaging/ws2-eca/test_set/test_set/masks/before/before-video-009/frame_0012.jpg
before-video-009,frame_0013.jpg,strict_qmem_v2_T2K2_qmem_only_lambda0p02,qmem,2,margin,0.02,0.0,0.0,0.471774710482458,0.6410963677012863,0.5210250601727311,0.8330817989737398,21189,13252,0.04138705995865166,0.010968862101435661,0.6822453737258911,0.9784917831420898,0.007075777743011713,0.473876953125,1.0239938497543335,/kaggle/input/datasets/shuvroahmedimaging/ws2-eca/test_set/test_set/images/before/before-video-009/frame_0013.jpg,/kaggle/input/datasets/shuvroahmedimaging/ws2-eca/test_set/test_set/masks/before/before-video-009/frame_0013.jpg
before-video-009,frame_0014.jpg,strict_qmem_v2_T2K2_qmem_only_lambda0p02,qmem,2,margin,0.02,0.0,0.0,0.4164026751143963,0.5879721669980119,0.4446741530799229,0.8675405628380236,21283,10909,0.04138705995865166,0.010171881876885891,0.6780813932418823,0.9810436367988586,0.007029998116195202,0.470458984375,1.0134669542312622,/kaggle/input/datasets/shuvroahmedimaging/ws2-eca/test_set/test_set/images/before/before-video-009/frame_0014.jpg,/kaggle/input/datasets/shuvroahmedimaging/ws2-eca/test_set/test_set/masks/before/before-video-009/frame_0014.jpg
before-video-010,frame_0001.jpg,strict_qmem_v2_T2K2_qmem_only_lambda0p02,qmem,2,margin,0.02,0.0,0.0,0.3931477128909781,0.564402050483421,0.44002630647037994,0.7867933061962913,19767,11055,0.04138705995865166,0.0,0.0,0.0,0.0,0.0,0.0,/kaggle/input/datasets/shuvroahmedimaging/ws2-eca/test_set/test_set/images/before/before-video-010/frame_0001.jpg,/kaggle/input/datasets/shuvroahmedimaging/ws2-eca/test_set/test_set/masks/before/before-video-010/frame_0001.jpg
before-video-010,frame_0002.jpg,strict_qmem_v2_T2K2_qmem_only_lambda0p02,qmem,2,margin,0.02,0.0,0.0,0.4469368364522659,0.6177696568263575,0.4591715474068415,0.9437369155617585,23562,11464,0.04138705995865166,0.015301643870770931,0.697779655456543,0.9775294661521912,0.006795757915824652,0.5126953125,1.005014419555664,/kaggle/input/datasets/shuvroahmedimaging/ws2-eca/test_set/test_set/images/before/before-video-010/frame_0002.jpg,/kaggle/input/datasets/shuvroahmedimaging/ws2-eca/test_set/test_set/masks/before/before-video-010/frame_0002.jpg
before-video-010,frame_0003.jpg,strict_qmem_v2_T2K2_qmem_only_lambda0p02,qmem,2,margin,0.02,0.0,0.0,0.3132952609958922,0.477113213304852,0.33656226455709826,0.819229761592874,18582,7634,0.04138705995865166,0.017325308173894882,0.6955889463424683,0.9757243394851685,0.006604389753192663,0.512451171875,1.013877034187317,/kaggle/input/datasets/shuvroahmedimaging/ws2-eca/test_set/test_set/images/before/before-video-010/frame_0003.jpg,/kaggle/input/datasets/shuvroahmedimaging/ws2-eca/test_set/test_set/masks/before/before-video-010/frame_0003.jpg
before-video-010,frame_0004.jpg,strict_qmem_v2_T2K2_qmem_only_lambda0p02,qmem,2,margin,0.02,0.0,0.0,0.3305901953854698,0.49690760766457975,0.33992628354877225,0.9232938522278624,19263,7092,0.04138705995865166,0.01863662526011467,0.6863541603088379,0.9731268882751465,0.00860458891838789,0.48828125,1.0163543224334717,/kaggle/input/datasets/shuvroahmedimaging/ws2-eca/test_set/test_set/images/before/before-video-010/frame_0004.jpg,/kaggle/input/datasets/shuvroahmedimaging/ws2-eca/test_set/test_set/masks/before/before-video-010/frame_0004.jpg
before-video-010,frame_0005.jpg,strict_qmem_v2_T2K2_qmem_only_lambda0p02,qmem,2,margin,0.02,0.0,0.0,0.2344335693461058,0.37982371051410735,0.23667612740460423,0.9611526147278548,19026,4685,0.04138705995865166,0.0172934178262949,0.6735312938690186,0.9744887948036194,0.009361965581774712,0.46875,1.0130963325500488,/kaggle/input/datasets/shuvroahmedimaging/ws2-eca/test_set/test_set/images/before/before-video-010/frame_0005.jpg,/kaggle/input/datasets/shuvroahmedimaging/ws2-eca/test_set/test_set/masks/before/before-video-010/frame_0005.jpg
before-video-010,frame_0006.jpg,strict_qmem_v2_T2K2_qmem_only_lambda0p02,qmem,2,margin,0.02,0.0,0.0,0.19671452236333517,0.32875764217326103,0.19774272630556455,0.9742479489516864,21619,4388,0.04138705995865166,0.018004078418016434,0.6814110279083252,0.9733055830001831,0.009364292956888676,0.4755859375,1.0151804685592651,/kaggle/input/datasets/shuvroahmedimaging/ws2-eca/test_set/test_set/images/before/before-video-010/frame_0006.jpg,/kaggle/input/datasets/shuvroahmedimaging/ws2-eca/test_set/test_set/masks/before/before-video-010/frame_0006.jpg
before-video-010,frame_0007.jpg,strict_qmem_v2_T2K2_qmem_only_lambda0p02,qmem,2,margin,0.02,0.0,0.0,0.19971180258477056,0.33293296299076647,0.2016184025094331,0.9547900968783638,21997,4645,0.04138705995865166,0.015734050422906876,0.6590194702148438,0.9755242466926575,0.008695900440216064,0.4443359375,1.0123754739761353,/kaggle/input/datasets/shuvroahmedimaging/ws2-eca/test_set/test_set/images/before/before-video-010/frame_0007.jpg,/kaggle/input/datasets/shuvroahmedimaging/ws2-eca/test_set/test_set/masks/before/before-video-010/frame_0007.jpg
before-video-010,frame_0008.jpg,strict_qmem_v2_T2K2_qmem_only_lambda0p02,qmem,2,margin,0.02,0.0,0.0,0.20048571056854156,0.3340076584061845,0.2048657272002127,0.903635652853792,22566,5116,0.04138705995865166,0.014825042337179184,0.6461305022239685,0.9760684967041016,0.007379274815320969,0.4267578125,1.0184848308563232,/kaggle/input/datasets/shuvroahmedimaging/ws2-eca/test_set/test_set/images/before/before-video-010/frame_0008.jpg,/kaggle/input/datasets/shuvroahmedimaging/ws2-eca/test_set/test_set/masks/before/before-video-010/frame_0008.jpg
before-video-010,frame_0009.jpg,strict_qmem_v2_T2K2_qmem_only_lambda0p02,qmem,2,margin,0.02,0.0,0.0,0.33266221286720965,0.4992446092569702,0.3368703952550855,0.9638075036457643,21581,7543,0.04138705995865166,0.019549544900655746,0.6259949207305908,0.9696998000144958,0.008469026535749435,0.39013671875,1.0302354097366333,/kaggle/input/datasets/shuvroahmedimaging/ws2-eca/test_set/test_set/images/before/before-video-010/frame_0009.jpg,/kaggle/input/datasets/shuvroahmedimaging/ws2-eca/test_set/test_set/masks/before/before-video-010/frame_0009.jpg
before-video-010,frame_0010.jpg,strict_qmem_v2_T2K2_qmem_only_lambda0p02,qmem,2,margin,0.02,0.0,0.0,0.4233597285067873,0.5948738327041526,0.4250908677873694,0.9904724096863835,17608,7557,0.04138705995865166,0.02063789963722229,0.6597866415977478,0.9697937965393066,0.00869682151824236,0.450439453125,1.0296921730041504,/kaggle/input/datasets/shuvroahmedimaging/ws2-eca/test_set/test_set/images/before/before-video-010/frame_0010.jpg,/kaggle/input/datasets/shuvroahmedimaging/ws2-eca/test_set/test_set/masks/before/before-video-010/frame_0010.jpg
before-video-010,frame_0011.jpg,strict_qmem_v2_T2K2_qmem_only_lambda0p02,qmem,2,margin,0.02,0.0,0.0,0.3961459050240881,0.567484965000493,0.3992785793562708,0.9805792163543441,14416,5870,0.04138705995865166,0.016136502847075462,0.7122789621353149,0.9762842655181885,0.006077659782022238,0.544921875,1.02105712890625,/kaggle/input/datasets/shuvroahmedimaging/ws2-eca/test_set/test_set/images/before/before-video-010/frame_0011.jpg,/kaggle/input/datasets/shuvroahmedimaging/ws2-eca/test_set/test_set/masks/before/before-video-010/frame_0011.jpg
before-video-011,frame_0001.jpg,strict_qmem_v2_T2K2_qmem_only_lambda0p02,qmem,2,margin,0.02,0.0,0.0,0.3595699561079055,0.528946604759141,0.36416762399480546,0.9660792367828276,20021,7547,0.04138705995865166,0.0,0.0,0.0,0.0,0.0,0.0,/kaggle/input/datasets/shuvroahmedimaging/ws2-eca/test_set/test_set/images/before/before-video-011/frame_0001.jpg,/kaggle/input/datasets/shuvroahmedimaging/ws2-eca/test_set/test_set/masks/before/before-video-011/frame_0001.jpg
before-video-011,frame_0002.jpg,strict_qmem_v2_T2K2_qmem_only_lambda0p02,qmem,2,margin,0.02,0.0,0.0,0.2817268917529849,0.4396051819864281,0.29095214764004573,0.8988395560040363,12246,3964,0.04138705995865166,0.02538502775132656,0.6666144728660583,0.9691681265830994,0.005074439570307732,0.501708984375,1.0075421333312988,/kaggle/input/datasets/shuvroahmedimaging/ws2-eca/test_set/test_set/images/before/before-video-011/frame_0002.jpg,/kaggle/input/datasets/shuvroahmedimaging/ws2-eca/test_set/test_set/masks/before/before-video-011/frame_0002.jpg
before-video-011,frame_0003.jpg,strict_qmem_v2_T2K2_qmem_only_lambda0p02,qmem,2,margin,0.02,0.0,0.0,0.34513389094209945,0.5131591632121855,0.3659928492849285,0.8582715253144148,14544,6202,0.04138705995865166,0.012152014300227165,0.7286447286605835,0.9797428250312805,0.006602407433092594,0.5634765625,1.0248743295669556,/kaggle/input/datasets/shuvroahmedimaging/ws2-eca/test_set/test_set/images/before/before-video-011/frame_0003.jpg,/kaggle/input/datasets/shuvroahmedimaging/ws2-eca/test_set/test_set/masks/before/before-video-011/frame_0003.jpg
before-video-011,frame_0004.jpg,strict_qmem_v2_T2K2_qmem_only_lambda0p02,qmem,2,margin,0.02,0.0,0.0,0.40734224166627037,0.5788815678324041,0.43181932751928215,0.8778438204550113,19837,9758,0.04138705995865166,0.018139593303203583,0.7209510803222656,0.972326397895813,0.008452175185084343,0.5361328125,1.0260385274887085,/kaggle/input/datasets/shuvroahmedimaging/ws2-eca/test_set/test_set/images/before/before-video-011/frame_0004.jpg,/kaggle/input/datasets/shuvroahmedimaging/ws2-eca/test_set/test_set/masks/before/before-video-011/frame_0004.jpg
before-video-011,frame_0005.jpg,strict_qmem_v2_T2K2_qmem_only_lambda0p02,qmem,2,margin,0.02,0.0,0.0,0.48996593753847417,0.6576874345838154,0.5078048573008379,0.9330988667448222,23511,12795,0.04138705995865166,0.015476375818252563,0.6858617067337036,0.9735450744628906,0.00973349530249834,0.46923828125,1.0232272148132324,/kaggle/input/datasets/shuvroahmedimaging/ws2-eca/test_set/test_set/images/before/before-video-011/frame_0005.jpg,/kaggle/input/datasets/shuvroahmedimaging/ws2-eca/test_set/test_set/masks/before/before-video-011/frame_0005.jpg
before-video-011,frame_0006.jpg,strict_qmem_v2_T2K2_qmem_only_lambda0p02,qmem,2,margin,0.02,0.0,0.0,0.5052430514949519,0.6713109234992489,0.528739852323257,0.9191546698815687,24513,14101,0.04138705995865166,0.014004616066813469,0.6805810928344727,0.9747987389564514,0.008933103643357754,0.4521484375,1.0241072177886963,/kaggle/input/datasets/shuvroahmedimaging/ws2-eca/test_set/test_set/images/before/before-video-011/frame_0006.jpg,/kaggle/input/datasets/shuvroahmedimaging/ws2-eca/test_set/test_set/masks/before/before-video-011/frame_0006.jpg
before-video-011,frame_0007.jpg,strict_qmem_v2_T2K2_qmem_only_lambda0p02,qmem,2,margin,0.02,0.0,0.0,0.49985379506245037,0.6665366940537529,0.5223274695534507,0.9207448445675592,22909,12996,0.04138705995865166,0.011680524796247482,0.6924136281013489,0.9786930680274963,0.007686778903007507,0.487548828125,1.0169428586959839,/kaggle/input/datasets/shuvroahmedimaging/ws2-eca/test_set/test_set/images/before/before-video-011/frame_0007.jpg,/kaggle/input/datasets/shuvroahmedimaging/ws2-eca/test_set/test_set/masks/before/before-video-011/frame_0007.jpg
before-video-011,frame_0008.jpg,strict_qmem_v2_T2K2_qmem_only_lambda0p02,qmem,2,margin,0.02,0.0,0.0,0.493865874456731,0.6611917212933638,0.5219792999185952,0.9016673362796304,17198,9956,0.04138705995865166,0.00968296267092228,0.7115627527236938,0.9828907251358032,0.005805170629173517,0.537109375,1.0114080905914307,/kaggle/input/datasets/shuvroahmedimaging/ws2-eca/test_set/test_set/images/before/before-video-011/frame_0008.jpg,/kaggle/input/datasets/shuvroahmedimaging/ws2-eca/test_set/test_set/masks/before/before-video-011/frame_0008.jpg
before-video-011,frame_0009.jpg,strict_qmem_v2_T2K2_qmem_only_lambda0p02,qmem,2,margin,0.02,0.0,0.0,0.38944201704748943,0.5605732549747396,0.46064559857663306,0.7158657011191574,11803,7595,0.04138705995865166,0.011761901900172234,0.7320221066474915,0.9823095798492432,0.004855323117226362,0.583740234375,1.0112861394882202,/kaggle/input/datasets/shuvroahmedimaging/ws2-eca/test_set/test_set/images/before/before-video-011/frame_0009.jpg,/kaggle/input/datasets/shuvroahmedimaging/ws2-eca/test_set/test_set/masks/before/before-video-011/frame_0009.jpg
before-video-011,frame_0010.jpg,strict_qmem_v2_T2K2_qmem_only_lambda0p02,qmem,2,margin,0.02,0.0,0.0,0.39636098163643513,0.5677056102955962,0.5010648871219651,0.654791724649782,14086,10779,0.04138705995865166,0.019406581297516823,0.7194899916648865,0.973236620426178,0.005812541581690311,0.56103515625,1.0252711772918701,/kaggle/input/datasets/shuvroahmedimaging/ws2-eca/test_set/test_set/images/before/before-video-011/frame_0010.jpg,/kaggle/input/datasets/shuvroahmedimaging/ws2-eca/test_set/test_set/masks/before/before-video-011/frame_0010.jpg
before-video-011,frame_0011.jpg,strict_qmem_v2_T2K2_qmem_only_lambda0p02,qmem,2,margin,0.02,0.0,0.0,0.3879200772789669,0.5589948349756402,0.4581757040773434,0.7167011083975202,16653,10646,0.04138705995865166,0.016269758343696594,0.6900427341461182,0.9762489795684814,0.007887600921094418,0.50341796875,1.0156904458999634,/kaggle/input/datasets/shuvroahmedimaging/ws2-eca/test_set/test_set/images/before/before-video-011/frame_0011.jpg,/kaggle/input/datasets/shuvroahmedimaging/ws2-eca/test_set/test_set/masks/before/before-video-011/frame_0011.jpg
before-video-011,frame_0012.jpg,strict_qmem_v2_T2K2_qmem_only_lambda0p02,qmem,2,margin,0.02,0.0,0.0,0.39747191011235955,0.5688442211055277,0.46107296636797396,0.7423646243207794,17186,10674,0.04138705995865166,0.015326148830354214,0.7197420597076416,0.9774530529975891,0.007200624793767929,0.54296875,1.017252802848816,/kaggle/input/datasets/shuvroahmedimaging/ws2-eca/test_set/test_set/images/before/before-video-011/frame_0012.jpg,/kaggle/input/datasets/shuvroahmedimaging/ws2-eca/test_set/test_set/masks/before/before-video-011/frame_0012.jpg
before-video-011,frame_0013.jpg,strict_qmem_v2_T2K2_qmem_only_lambda0p02,qmem,2,margin,0.02,0.0,0.0,0.38456137613605335,0.5554992111787244,0.42519515245611766,0.8009586481436347,23187,12309,0.04138705995865166,0.021599886938929558,0.7181417942047119,0.9689310789108276,0.008039270527660847,0.5283203125,1.0285320281982422,/kaggle/input/datasets/shuvroahmedimaging/ws2-eca/test_set/test_set/images/before/before-video-011/frame_0013.jpg,/kaggle/input/datasets/shuvroahmedimaging/ws2-eca/test_set/test_set/masks/before/before-video-011/frame_0013.jpg
before-video-011,frame_0014.jpg,strict_qmem_v2_T2K2_qmem_only_lambda0p02,qmem,2,margin,0.02,0.0,0.0,0.5116279069767442,0.676923076923077,0.5400080742834074,0.9068474576271186,24770,14750,0.04138705995865166,0.020352724939584732,0.6610175967216492,0.9690757989883423,0.009621948003768921,0.425048828125,1.0206834077835083,/kaggle/input/datasets/shuvroahmedimaging/ws2-eca/test_set/test_set/images/before/before-video-011/frame_0014.jpg,/kaggle/input/datasets/shuvroahmedimaging/ws2-eca/test_set/test_set/masks/before/before-video-011/frame_0014.jpg
before-video-012,frame_0001.jpg,strict_qmem_v2_T2K2_qmem_only_lambda0p02,qmem,2,margin,0.02,0.0,0.0,0.47499278638068676,0.6440611652701249,0.5018290824103242,0.8988078988078988,19682,10989,0.04138705995865166,0.0,0.0,0.0,0.0,0.0,0.0,/kaggle/input/datasets/shuvroahmedimaging/ws2-eca/test_set/test_set/images/before/before-video-012/frame_0001.jpg,/kaggle/input/datasets/shuvroahmedimaging/ws2-eca/test_set/test_set/masks/before/before-video-012/frame_0001.jpg
before-video-012,frame_0002.jpg,strict_qmem_v2_T2K2_qmem_only_lambda0p02,qmem,2,margin,0.02,0.0,0.0,0.40532460711832907,0.5768412579773472,0.43730113760188294,0.8471671029300009,22943,11843,0.04138705995865166,0.03152718022465706,0.6815422773361206,0.9594427347183228,0.0076107243075966835,0.488037109375,1.0084766149520874,/kaggle/input/datasets/shuvroahmedimaging/ws2-eca/test_set/test_set/images/before/before-video-012/frame_0002.jpg,/kaggle/input/datasets/shuvroahmedimaging/ws2-eca/test_set/test_set/masks/before/before-video-012/frame_0002.jpg
before-video-012,frame_0003.jpg,strict_qmem_v2_T2K2_qmem_only_lambda0p02,qmem,2,margin,0.02,0.0,0.0,0.33349034385303816,0.5001766160367361,0.3418188202247191,0.9319133660404452,22784,8357,0.04138705995865166,0.015800658613443375,0.6760404706001282,0.9728990793228149,0.009065886959433556,0.447998046875,1.0242369174957275,/kaggle/input/datasets/shuvroahmedimaging/ws2-eca/test_set/test_set/images/before/before-video-012/frame_0003.jpg,/kaggle/input/datasets/shuvroahmedimaging/ws2-eca/test_set/test_set/masks/before/before-video-012/frame_0003.jpg
before-video-012,frame_0004.jpg,strict_qmem_v2_T2K2_qmem_only_lambda0p02,qmem,2,margin,0.02,0.0,0.0,0.3752922991558004,0.5457636887608069,0.4009060502138109,0.8545257648226694,23619,11081,0.04138705995865166,0.014848079532384872,0.6754584908485413,0.9732792973518372,0.008962512947618961,0.45068359375,1.0287351608276367,/kaggle/input/datasets/shuvroahmedimaging/ws2-eca/test_set/test_set/images/before/before-video-012/frame_0004.jpg,/kaggle/input/datasets/shuvroahmedimaging/ws2-eca/test_set/test_set/masks/before/before-video-012/frame_0004.jpg
before-video-012,frame_0005.jpg,strict_qmem_v2_T2K2_qmem_only_lambda0p02,qmem,2,margin,0.02,0.0,0.0,0.374238114587566,0.5446481371969248,0.4175665649987635,0.7829211746522411,24262,12940,0.04138705995865166,0.01769108511507511,0.6599229574203491,0.9703579545021057,0.008900408633053303,0.431640625,1.0315594673156738,/kaggle/input/datasets/shuvroahmedimaging/ws2-eca/test_set/test_set/images/before/before-video-012/frame_0005.jpg,/kaggle/input/datasets/shuvroahmedimaging/ws2-eca/test_set/test_set/masks/before/before-video-012/frame_0005.jpg
before-video-012,frame_0006.jpg,strict_qmem_v2_T2K2_qmem_only_lambda0p02,qmem,2,margin,0.02,0.0,0.0,0.3699428615254822,0.5400850968536558,0.40531910423931766,0.809108445860941,23801,11923,0.04138705995865166,0.011751813814043999,0.658577561378479,0.9769573211669922,0.007454185746610165,0.435791015625,1.0310251712799072,/kaggle/input/datasets/shuvroahmedimaging/ws2-eca/test_set/test_set/images/before/before-video-012/frame_0006.jpg,/kaggle/input/datasets/shuvroahmedimaging/ws2-eca/test_set/test_set/masks/before/before-video-012/frame_0006.jpg
before-video-012,frame_0007.jpg,strict_qmem_v2_T2K2_qmem_only_lambda0p02,qmem,2,margin,0.02,0.0,0.0,0.37823791453555516,0.548871730412402,0.41130298273155413,0.8247144527385556,22295,11119,0.04138705995865166,0.009026370011270046,0.6815018057823181,0.9815196990966797,0.006541513372212648,0.47607421875,1.021083116531372,/kaggle/input/datasets/shuvroahmedimaging/ws2-eca/test_set/test_set/images/before/before-video-012/frame_0007.jpg,/kaggle/input/datasets/shuvroahmedimaging/ws2-eca/test_set/test_set/masks/before/before-video-012/frame_0007.jpg
before-video-012,frame_0008.jpg,strict_qmem_v2_T2K2_qmem_only_lambda0p02,qmem,2,margin,0.02,0.0,0.0,0.3657903549899531,0.5356464169680623,0.40058680603309954,0.8081013594747064,21813,10813,0.04138705995865166,0.01005639974027872,0.6771529912948608,0.9804275035858154,0.006885930895805359,0.4677734375,1.0247361660003662,/kaggle/input/datasets/shuvroahmedimaging/ws2-eca/test_set/test_set/images/before/before-video-012/frame_0008.jpg,/kaggle/input/datasets/shuvroahmedimaging/ws2-eca/test_set/test_set/masks/before/before-video-012/frame_0008.jpg
before-video-012,frame_0009.jpg,strict_qmem_v2_T2K2_qmem_only_lambda0p02,qmem,2,margin,0.02,0.0,0.0,0.3246280397356947,0.49014218331127624,0.3403713827881987,0.8752878438977094,21218,8251,0.04138705995865166,0.019926659762859344,0.6670932173728943,0.9713702201843262,0.006647925823926926,0.46435546875,1.0223103761672974,/kaggle/input/datasets/shuvroahmedimaging/ws2-eca/test_set/test_set/images/before/before-video-012/frame_0009.jpg,/kaggle/input/datasets/shuvroahmedimaging/ws2-eca/test_set/test_set/masks/before/before-video-012/frame_0009.jpg
before-video-012,frame_0010.jpg,strict_qmem_v2_T2K2_qmem_only_lambda0p02,qmem,2,margin,0.02,0.0,0.0,0.2688588007736944,0.42378048780487804,0.28583668922971467,0.819052295605205,23342,8146,0.04138705995865166,0.02505544014275074,0.639100193977356,0.9657905101776123,0.00689773028716445,0.4296875,1.029394268989563,/kaggle/input/datasets/shuvroahmedimaging/ws2-eca/test_set/test_set/images/before/before-video-012/frame_0010.jpg,/kaggle/input/datasets/shuvroahmedimaging/ws2-eca/test_set/test_set/masks/before/before-video-012/frame_0010.jpg
before-video-012,frame_0011.jpg,strict_qmem_v2_T2K2_qmem_only_lambda0p02,qmem,2,margin,0.02,0.0,0.0,0.3515578839563556,0.5202261599440429,0.3832775057974749,0.8094503899873028,23286,11026,0.04138705995865166,0.02757362090051174,0.6423956155776978,0.9631617069244385,0.006852715741842985,0.4404296875,1.0268211364746094,/kaggle/input/datasets/shuvroahmedimaging/ws2-eca/test_set/test_set/images/before/before-video-012/frame_0011.jpg,/kaggle/input/datasets/shuvroahmedimaging/ws2-eca/test_set/test_set/masks/before/before-video-012/frame_0011.jpg
before-video-012,frame_0012.jpg,strict_qmem_v2_T2K2_qmem_only_lambda0p02,qmem,2,margin,0.02,0.0,0.0,0.404783359615529,0.5762929306427903,0.4378782340278624,0.8426606221666406,24621,12794,0.04138705995865166,0.024869849905371666,0.6511924266815186,0.9670003056526184,0.007820961996912956,0.44482421875,1.0170425176620483,/kaggle/input/datasets/shuvroahmedimaging/ws2-eca/test_set/test_set/images/before/before-video-012/frame_0012.jpg,/kaggle/input/datasets/shuvroahmedimaging/ws2-eca/test_set/test_set/masks/before/before-video-012/frame_0012.jpg
before-video-012,frame_0013.jpg,strict_qmem_v2_T2K2_qmem_only_lambda0p02,qmem,2,margin,0.02,0.0,0.0,0.4423898124142138,0.6134122809336259,0.47859264147830394,0.8539780672701848,24244,13587,0.04138705995865166,0.019396530464291573,0.6740827560424805,0.9721928834915161,0.007728990167379379,0.46533203125,1.0147604942321777,/kaggle/input/datasets/shuvroahmedimaging/ws2-eca/test_set/test_set/images/before/before-video-012/frame_0013.jpg,/kaggle/input/datasets/shuvroahmedimaging/ws2-eca/test_set/test_set/masks/before/before-video-012/frame_0013.jpg
before-video-012,frame_0014.jpg,strict_qmem_v2_T2K2_qmem_only_lambda0p02,qmem,2,margin,0.02,0.0,0.0,0.4568625841405352,0.6271869277363009,0.487859396914446,0.8779083523937219,22816,12679,0.04138705995865166,0.009698834270238876,0.6850408911705017,0.9809898138046265,0.008297678083181381,0.467041015625,1.0159872770309448,/kaggle/input/datasets/shuvroahmedimaging/ws2-eca/test_set/test_set/images/before/before-video-012/frame_0014.jpg,/kaggle/input/datasets/shuvroahmedimaging/ws2-eca/test_set/test_set/masks/before/before-video-012/frame_0014.jpg
before-video-012,frame_0015.jpg,strict_qmem_v2_T2K2_qmem_only_lambda0p02,qmem,2,margin,0.02,0.0,0.0,0.47282608695652173,0.6420664206642066,0.5029666818804199,0.88751677852349,19719,11175,0.04138705995865166,0.00987314060330391,0.7160938382148743,0.981300950050354,0.007805896922945976,0.51806640625,1.012902021408081,/kaggle/input/datasets/shuvroahmedimaging/ws2-eca/test_set/test_set/images/before/before-video-012/frame_0015.jpg,/kaggle/input/datasets/shuvroahmedimaging/ws2-eca/test_set/test_set/masks/before/before-video-012/frame_0015.jpg
before-video-012,frame_0016.jpg,strict_qmem_v2_T2K2_qmem_only_lambda0p02,qmem,2,margin,0.02,0.0,0.0,0.3618227635447291,0.5313801079414032,0.3834640850164135,0.8650684071796159,17973,7967,0.04138705995865166,0.00894701573997736,0.7097007036209106,0.9830890893936157,0.006022248882800341,0.5263671875,1.0124210119247437,/kaggle/input/datasets/shuvroahmedimaging/ws2-eca/test_set/test_set/images/before/before-video-012/frame_0016.jpg,/kaggle/input/datasets/shuvroahmedimaging/ws2-eca/test_set/test_set/masks/before/before-video-012/frame_0016.jpg
before-video-012,frame_0017.jpg,strict_qmem_v2_T2K2_qmem_only_lambda0p02,qmem,2,margin,0.02,0.0,0.0,0.28682131022176904,0.44578265520383503,0.3012906335350506,0.8565773447015834,18673,6568,0.04138705995865166,0.00882753822952509,0.7029169201850891,0.9838511943817139,0.005809585563838482,0.52490234375,1.013938069343567,/kaggle/input/datasets/shuvroahmedimaging/ws2-eca/test_set/test_set/images/before/before-video-012/frame_0017.jpg,/kaggle/input/datasets/shuvroahmedimaging/ws2-eca/test_set/test_set/masks/before/before-video-012/frame_0017.jpg
before-video-012,frame_0018.jpg,strict_qmem_v2_T2K2_qmem_only_lambda0p02,qmem,2,margin,0.02,0.0,0.0,0.2501535118794577,0.4001964710771905,0.2608866995073892,0.8587643911139938,20300,6167,0.04138705995865166,0.011526391841471195,0.6855570077896118,0.9805384874343872,0.006554358173161745,0.488525390625,1.0176697969436646,/kaggle/input/datasets/shuvroahmedimaging/ws2-eca/test_set/test_set/images/before/before-video-012/frame_0018.jpg,/kaggle/input/datasets/shuvroahmedimaging/ws2-eca/test_set/test_set/masks/before/before-video-012/frame_0018.jpg
before-video-012,frame_0019.jpg,strict_qmem_v2_T2K2_qmem_only_lambda0p02,qmem,2,margin,0.02,0.0,0.0,0.2617941311900875,0.41495537935839166,0.28192760221791463,0.785678391959799,22183,7960,0.04138705995865166,0.01192797627300024,0.6541926860809326,0.9795201420783997,0.00685705803334713,0.43505859375,1.0124173164367676,/kaggle/input/datasets/shuvroahmedimaging/ws2-eca/test_set/test_set/images/before/before-video-012/frame_0019.jpg,/kaggle/input/datasets/shuvroahmedimaging/ws2-eca/test_set/test_set/masks/before/before-video-012/frame_0019.jpg
before-video-012,frame_0020.jpg,strict_qmem_v2_T2K2_qmem_only_lambda0p02,qmem,2,margin,0.02,0.0,0.0,0.30446194225721784,0.46680080482897385,0.30799447152105913,0.9636963696369637,27494,8787,0.04138705995865166,0.011472851037979126,0.6653635501861572,0.9793910384178162,0.007712157908827066,0.44384765625,1.0133520364761353,/kaggle/input/datasets/shuvroahmedimaging/ws2-eca/test_set/test_set/images/before/before-video-012/frame_0020.jpg,/kaggle/input/datasets/shuvroahmedimaging/ws2-eca/test_set/test_set/masks/before/before-video-012/frame_0020.jpg
before-video-012,frame_0021.jpg,strict_qmem_v2_T2K2_qmem_only_lambda0p02,qmem,2,margin,0.02,0.0,0.0,0.2839654260010584,0.44232565807550694,0.2907350550839805,0.9242163279366173,27685,8709,0.04138705995865166,0.011786897666752338,0.6622936725616455,0.9789782762527466,0.007927946746349335,0.4326171875,1.0132114887237549,/kaggle/input/datasets/shuvroahmedimaging/ws2-eca/test_set/test_set/images/before/before-video-012/frame_0021.jpg,/kaggle/input/datasets/shuvroahmedimaging/ws2-eca/test_set/test_set/masks/before/before-video-012/frame_0021.jpg
before-video-012,frame_0022.jpg,strict_qmem_v2_T2K2_qmem_only_lambda0p02,qmem,2,margin,0.02,0.0,0.0,0.3093126385809313,0.4724809483488569,0.31271453590192644,0.9660246699848518,28550,9242,0.04138705995865166,0.012062976136803627,0.6509085893630981,0.9784252047538757,0.008235384710133076,0.418212890625,1.0106592178344727,/kaggle/input/datasets/shuvroahmedimaging/ws2-eca/test_set/test_set/images/before/before-video-012/frame_0022.jpg,/kaggle/input/datasets/shuvroahmedimaging/ws2-eca/test_set/test_set/masks/before/before-video-012/frame_0022.jpg
before-video-012,frame_0023.jpg,strict_qmem_v2_T2K2_qmem_only_lambda0p02,qmem,2,margin,0.02,0.0,0.0,0.28659978502328914,0.4455150519368403,0.2935305126417379,0.9238854238854239,27251,8658,0.04138705995865166,0.01784658618271351,0.6688917279243469,0.9729939699172974,0.008332710713148117,0.447998046875,1.0150905847549438,/kaggle/input/datasets/shuvroahmedimaging/ws2-eca/test_set/test_set/images/before/before-video-012/frame_0023.jpg,/kaggle/input/datasets/shuvroahmedimaging/ws2-eca/test_set/test_set/masks/before/before-video-012/frame_0023.jpg
before-video-012,frame_0024.jpg,strict_qmem_v2_T2K2_qmem_only_lambda0p02,qmem,2,margin,0.02,0.0,0.0,0.34943930157296604,0.5179029559397658,0.35622218812336964,0.9483251633986928,26068,9792,0.04138705995865166,0.014389464631676674,0.6395189166069031,0.9757324457168579,0.008701547048985958,0.39990234375,1.0124313831329346,/kaggle/input/datasets/shuvroahmedimaging/ws2-eca/test_set/test_set/images/before/before-video-012/frame_0024.jpg,/kaggle/input/datasets/shuvroahmedimaging/ws2-eca/test_set/test_set/masks/before/before-video-012/frame_0024.jpg
before-video-012,frame_0025.jpg,strict_qmem_v2_T2K2_qmem_only_lambda0p02,qmem,2,margin,0.02,0.0,0.0,0.42620149222625153,0.597673602992752,0.434256349273762,0.9582942830365511,23546,10670,0.04138705995865166,0.014303239993751049,0.6370823383331299,0.9761797189712524,0.007934576831758022,0.402587890625,1.012808084487915,/kaggle/input/datasets/shuvroahmedimaging/ws2-eca/test_set/test_set/images/before/before-video-012/frame_0025.jpg,/kaggle/input/datasets/shuvroahmedimaging/ws2-eca/test_set/test_set/masks/before/before-video-012/frame_0025.jpg
before-video-012,frame_0026.jpg,strict_qmem_v2_T2K2_qmem_only_lambda0p02,qmem,2,margin,0.02,0.0,0.0,0.2606904328215804,0.41356771818776017,0.26504695974249304,0.9406885758998436,22679,6390,0.04138705995865166,0.01040184497833252,0.6464906930923462,0.9805305004119873,0.006842830218374729,0.423828125,1.0142829418182373,/kaggle/input/datasets/shuvroahmedimaging/ws2-eca/test_set/test_set/images/before/before-video-012/frame_0026.jpg,/kaggle/input/datasets/shuvroahmedimaging/ws2-eca/test_set/test_set/masks/before/before-video-012/frame_0026.jpg
before-video-012,frame_0027.jpg,strict_qmem_v2_T2K2_qmem_only_lambda0p02,qmem,2,margin,0.02,0.0,0.0,0.34083079369285807,0.5083874793092373,0.3456047831782607,0.9610498785727629,29771,10706,0.04138705995865166,0.020171750336885452,0.6541035175323486,0.9677042961120605,0.009322215802967548,0.417724609375,1.0370146036148071,/kaggle/input/datasets/shuvroahmedimaging/ws2-eca/test_set/test_set/images/before/before-video-012/frame_0027.jpg,/kaggle/input/datasets/shuvroahmedimaging/ws2-eca/test_set/test_set/masks/before/before-video-012/frame_0027.jpg
before-video-012,frame_0028.jpg,strict_qmem_v2_T2K2_qmem_only_lambda0p02,qmem,2,margin,0.02,0.0,0.0,0.3379076234155502,0.5051284819693371,0.3496898123925555,0.9093294460641399,26758,10290,0.04138705995865166,0.019235067069530487,0.6271589994430542,0.9682025909423828,0.00826198048889637,0.38525390625,1.0381677150726318,/kaggle/input/datasets/shuvroahmedimaging/ws2-eca/test_set/test_set/images/before/before-video-012/frame_0028.jpg,/kaggle/input/datasets/shuvroahmedimaging/ws2-eca/test_set/test_set/masks/before/before-video-012/frame_0028.jpg
before-video-012,frame_0029.jpg,strict_qmem_v2_T2K2_qmem_only_lambda0p02,qmem,2,margin,0.02,0.0,0.0,0.4138041505001246,0.5853769071957299,0.41596593552080724,0.9875966357998471,27947,11771,0.04138705995865166,0.019729044288396835,0.6469224691390991,0.9672589302062988,0.009151735343039036,0.40869140625,1.036337971687317,/kaggle/input/datasets/shuvroahmedimaging/ws2-eca/test_set/test_set/images/before/before-video-012/frame_0029.jpg,/kaggle/input/datasets/shuvroahmedimaging/ws2-eca/test_set/test_set/masks/before/before-video-012/frame_0029.jpg
before-video-012,frame_0030.jpg,strict_qmem_v2_T2K2_qmem_only_lambda0p02,qmem,2,margin,0.02,0.0,0.0,0.37426859358477266,0.5446804144865087,0.38202489745988344,0.9485438627836341,27794,11194,0.04138705995865166,0.0216786190867424,0.6447343230247498,0.9646013379096985,0.009824717417359352,0.394287109375,1.0435280799865723,/kaggle/input/datasets/shuvroahmedimaging/ws2-eca/test_set/test_set/images/before/before-video-012/frame_0030.jpg,/kaggle/input/datasets/shuvroahmedimaging/ws2-eca/test_set/test_set/masks/before/before-video-012/frame_0030.jpg
before-video-012,frame_0031.jpg,strict_qmem_v2_T2K2_qmem_only_lambda0p02,qmem,2,margin,0.02,0.0,0.0,0.37149587750294466,0.5417382342837513,0.383818365147248,0.9204535979321271,28761,11993,0.04138705995865166,0.015951266512274742,0.6464007496833801,0.9724341630935669,0.010546904057264328,0.38623046875,1.0245987176895142,/kaggle/input/datasets/shuvroahmedimaging/ws2-eca/test_set/test_set/images/before/before-video-012/frame_0031.jpg,/kaggle/input/datasets/shuvroahmedimaging/ws2-eca/test_set/test_set/masks/before/before-video-012/frame_0031.jpg
before-video-012,frame_0032.jpg,strict_qmem_v2_T2K2_qmem_only_lambda0p02,qmem,2,margin,0.02,0.0,0.0,0.3323619828359165,0.4989064340135073,0.3411339359079704,0.9281881595421213,30425,11182,0.04138705995865166,0.014865539036691189,0.6320295333862305,0.9742231369018555,0.008977060206234455,0.38134765625,1.0172404050827026,/kaggle/input/datasets/shuvroahmedimaging/ws2-eca/test_set/test_set/images/before/before-video-012/frame_0032.jpg,/kaggle/input/datasets/shuvroahmedimaging/ws2-eca/test_set/test_set/masks/before/before-video-012/frame_0032.jpg
before-video-012,frame_0033.jpg,strict_qmem_v2_T2K2_qmem_only_lambda0p02,qmem,2,margin,0.02,0.0,0.0,0.2945174098961515,0.4550227098448652,0.3045160271593242,0.8996967576393748,37998,12861,0.04138705995865166,0.015105629339814186,0.648867666721344,0.973660409450531,0.009171120822429657,0.394287109375,1.015467643737793,/kaggle/input/datasets/shuvroahmedimaging/ws2-eca/test_set/test_set/images/before/before-video-012/frame_0033.jpg,/kaggle/input/datasets/shuvroahmedimaging/ws2-eca/test_set/test_set/masks/before/before-video-012/frame_0033.jpg
before-video-012,frame_0034.jpg,strict_qmem_v2_T2K2_qmem_only_lambda0p02,qmem,2,margin,0.02,0.0,0.0,0.4155187037524495,0.5870903756353568,0.4396138255407371,0.8834649586468504,32317,16081,0.04138705995865166,0.013758230954408646,0.6380475759506226,0.9747713804244995,0.0093494588509202,0.37744140625,1.0100148916244507,/kaggle/input/datasets/shuvroahmedimaging/ws2-eca/test_set/test_set/images/before/before-video-012/frame_0034.jpg,/kaggle/input/datasets/shuvroahmedimaging/ws2-eca/test_set/test_set/masks/before/before-video-012/frame_0034.jpg
before-video-012,frame_0035.jpg,strict_qmem_v2_T2K2_qmem_only_lambda0p02,qmem,2,margin,0.02,0.0,0.0,0.39757014572911165,0.5689448174663169,0.45165731229482153,0.7685146255030332,28329,16649,0.04138705995865166,0.014964296482503414,0.6332077980041504,0.9730362892150879,0.007977844215929508,0.3837890625,1.02261483669281,/kaggle/input/datasets/shuvroahmedimaging/ws2-eca/test_set/test_set/images/before/before-video-012/frame_0035.jpg,/kaggle/input/datasets/shuvroahmedimaging/ws2-eca/test_set/test_set/masks/before/before-video-012/frame_0035.jpg
before-video-012,frame_0036.jpg,strict_qmem_v2_T2K2_qmem_only_lambda0p02,qmem,2,margin,0.02,0.0,0.0,0.3591082921369275,0.5284469151053462,0.4341289231347491,0.6751227495908347,26605,17108,0.04138705995865166,0.011763535439968109,0.6205400824546814,0.976344883441925,0.00764321256428957,0.373046875,1.0239485502243042,/kaggle/input/datasets/shuvroahmedimaging/ws2-eca/test_set/test_set/images/before/before-video-012/frame_0036.jpg,/kaggle/input/datasets/shuvroahmedimaging/ws2-eca/test_set/test_set/masks/before/before-video-012/frame_0036.jpg
before-video-012,frame_0037.jpg,strict_qmem_v2_T2K2_qmem_only_lambda0p02,qmem,2,margin,0.02,0.0,0.0,0.40885286783042396,0.5804053456058058,0.48626404181959737,0.7197497667782473,26973,18223,0.04138705995865166,0.011586484499275684,0.6119987964630127,0.976104199886322,0.008180918172001839,0.3525390625,1.0296632051467896,/kaggle/input/datasets/shuvroahmedimaging/ws2-eca/test_set/test_set/images/before/before-video-012/frame_0037.jpg,/kaggle/input/datasets/shuvroahmedimaging/ws2-eca/test_set/test_set/masks/before/before-video-012/frame_0037.jpg
before-video-012,frame_0038.jpg,strict_qmem_v2_T2K2_qmem_only_lambda0p02,qmem,2,margin,0.02,0.0,0.0,0.3853995396251233,0.5563731307856634,0.4425981873111782,0.7488817891373802,29128,17215,0.04138705995865166,0.012530985288321972,0.6315730214118958,0.9752933979034424,0.008489638566970825,0.377685546875,1.0249319076538086,/kaggle/input/datasets/shuvroahmedimaging/ws2-eca/test_set/test_set/images/before/before-video-012/frame_0038.jpg,/kaggle/input/datasets/shuvroahmedimaging/ws2-eca/test_set/test_set/masks/before/before-video-012/frame_0038.jpg
before-video-012,frame_0039.jpg,strict_qmem_v2_T2K2_qmem_only_lambda0p02,qmem,2,margin,0.02,0.0,0.0,0.42984424719477476,0.601246251874063,0.47601914017582253,0.8158814927840295,26959,15729,0.04138705995865166,0.0111888088285923,0.6438661813735962,0.9783434867858887,0.0073775602504611015,0.41015625,1.0159355401992798,/kaggle/input/datasets/shuvroahmedimaging/ws2-eca/test_set/test_set/images/before/before-video-012/frame_0039.jpg,/kaggle/input/datasets/shuvroahmedimaging/ws2-eca/test_set/test_set/masks/before/before-video-012/frame_0039.jpg
before-video-012,frame_0040.jpg,strict_qmem_v2_T2K2_qmem_only_lambda0p02,qmem,2,margin,0.02,0.0,0.0,0.5190222190822706,0.6833635644853727,0.5437220145801724,0.9195193691720382,27023,15979,0.04138705995865166,0.01582498662173748,0.6567203402519226,0.9717490077018738,0.008846154436469078,0.418212890625,1.0334941148757935,/kaggle/input/datasets/shuvroahmedimaging/ws2-eca/test_set/test_set/images/before/before-video-012/frame_0040.jpg,/kaggle/input/datasets/shuvroahmedimaging/ws2-eca/test_set/test_set/masks/before/before-video-012/frame_0040.jpg
before-video-012,frame_0041.jpg,strict_qmem_v2_T2K2_qmem_only_lambda0p02,qmem,2,margin,0.02,0.0,0.0,0.4666993945344461,0.6363940644873368,0.4760474044399933,0.9596231493943472,23964,11888,0.04138705995865166,0.014202025718986988,0.658761203289032,0.9734979867935181,0.009902890771627426,0.41845703125,1.0341887474060059,/kaggle/input/datasets/shuvroahmedimaging/ws2-eca/test_set/test_set/images/before/before-video-012/frame_0041.jpg,/kaggle/input/datasets/shuvroahmedimaging/ws2-eca/test_set/test_set/masks/before/before-video-012/frame_0041.jpg
before-video-012,frame_0042.jpg,strict_qmem_v2_T2K2_qmem_only_lambda0p02,qmem,2,margin,0.02,0.0,0.0,0.3172731311336376,0.4817119906797069,0.3369938229238161,0.8442772702847932,23312,9305,0.04138705995865166,0.012091309763491154,0.6503083109855652,0.9763879179954529,0.008729316294193268,0.42138671875,1.0317113399505615,/kaggle/input/datasets/shuvroahmedimaging/ws2-eca/test_set/test_set/images/before/before-video-012/frame_0042.jpg,/kaggle/input/datasets/shuvroahmedimaging/ws2-eca/test_set/test_set/masks/before/before-video-012/frame_0042.jpg
before-video-012,frame_0043.jpg,strict_qmem_v2_T2K2_qmem_only_lambda0p02,qmem,2,margin,0.02,0.0,0.0,0.2481775415664165,0.3976638471718741,0.2540902239052906,0.9142743749173171,27199,7559,0.04138705995865166,0.012140659615397453,0.6369928121566772,0.9765023589134216,0.007495959755033255,0.40673828125,1.030433177947998,/kaggle/input/datasets/shuvroahmedimaging/ws2-eca/test_set/test_set/images/before/before-video-012/frame_0043.jpg,/kaggle/input/datasets/shuvroahmedimaging/ws2-eca/test_set/test_set/masks/before/before-video-012/frame_0043.jpg
before-video-012,frame_0044.jpg,strict_qmem_v2_T2K2_qmem_only_lambda0p02,qmem,2,margin,0.02,0.0,0.0,0.26408437345878066,0.4178271308523409,0.27628497717801154,0.8567384615384616,25195,8125,0.04138705995865166,0.011932466179132462,0.660756528377533,0.9785424470901489,0.007287292275577784,0.44189453125,1.0250461101531982,/kaggle/input/datasets/shuvroahmedimaging/ws2-eca/test_set/test_set/images/before/before-video-012/frame_0044.jpg,/kaggle/input/datasets/shuvroahmedimaging/ws2-eca/test_set/test_set/masks/before/before-video-012/frame_0044.jpg
before-video-012,frame_0045.jpg,strict_qmem_v2_T2K2_qmem_only_lambda0p02,qmem,2,margin,0.02,0.0,0.0,0.38516992790937177,0.5561338289962825,0.39998140053938436,0.9122918655212642,21506,9429,0.04138705995865166,0.015926232561469078,0.6543087959289551,0.9738840460777283,0.007565476465970278,0.435791015625,1.0334100723266602,/kaggle/input/datasets/shuvroahmedimaging/ws2-eca/test_set/test_set/images/before/before-video-012/frame_0045.jpg,/kaggle/input/datasets/shuvroahmedimaging/ws2-eca/test_set/test_set/masks/before/before-video-012/frame_0045.jpg
before-video-012,frame_0046.jpg,strict_qmem_v2_T2K2_qmem_only_lambda0p02,qmem,2,margin,0.02,0.0,0.0,0.40540415490676907,0.5769218106995885,0.42202099990367015,0.9114740455632997,20762,9613,0.04138705995865166,0.01478031650185585,0.6643410325050354,0.9761024713516235,0.008494403213262558,0.448974609375,1.0266995429992676,/kaggle/input/datasets/shuvroahmedimaging/ws2-eca/test_set/test_set/images/before/before-video-012/frame_0046.jpg,/kaggle/input/datasets/shuvroahmedimaging/ws2-eca/test_set/test_set/masks/before/before-video-012/frame_0046.jpg
before-video-012,frame_0047.jpg,strict_qmem_v2_T2K2_qmem_only_lambda0p02,qmem,2,margin,0.02,0.0,0.0,0.4663833444752173,0.636100166075092,0.4783992946708464,0.9488973088506752,20416,10293,0.04138705995865166,0.013602755963802338,0.6654567718505859,0.9772904515266418,0.008454643189907074,0.451171875,1.0281784534454346,/kaggle/input/datasets/shuvroahmedimaging/ws2-eca/test_set/test_set/images/before/before-video-012/frame_0047.jpg,/kaggle/input/datasets/shuvroahmedimaging/ws2-eca/test_set/test_set/masks/before/before-video-012/frame_0047.jpg
before-video-012,frame_0048.jpg,strict_qmem_v2_T2K2_qmem_only_lambda0p02,qmem,2,margin,0.02,0.0,0.0,0.39862785862785866,0.5700270535422303,0.4055929263442907,0.9587,23637,10000,0.04138705995865166,0.01615438610315323,0.6938727498054504,0.9737135171890259,0.008606279268860817,0.486572265625,1.0335798263549805,/kaggle/input/datasets/shuvroahmedimaging/ws2-eca/test_set/test_set/images/before/before-video-012/frame_0048.jpg,/kaggle/input/datasets/shuvroahmedimaging/ws2-eca/test_set/test_set/masks/before/before-video-012/frame_0048.jpg
before-video-012,frame_0049.jpg,strict_qmem_v2_T2K2_qmem_only_lambda0p02,qmem,2,margin,0.02,0.0,0.0,0.256911439855412,0.4087979975501944,0.2637438152831226,0.9084023668639053,29104,8450,0.04138705995865166,0.014312134124338627,0.6614084243774414,0.975689172744751,0.008479485288262367,0.44091796875,1.021966576576233,/kaggle/input/datasets/shuvroahmedimaging/ws2-eca/test_set/test_set/images/before/before-video-012/frame_0049.jpg,/kaggle/input/datasets/shuvroahmedimaging/ws2-eca/test_set/test_set/masks/before/before-video-012/frame_0049.jpg
before-video-012,frame_0050.jpg,strict_qmem_v2_T2K2_qmem_only_lambda0p02,qmem,2,margin,0.02,0.0,0.0,0.2131099720798433,0.35134485246126895,0.2182392352665045,0.9006692497358225,23433,5678,0.04138705995865166,0.011374792084097862,0.6515956521034241,0.979947566986084,0.007147652097046375,0.431396484375,1.0147497653961182,/kaggle/input/datasets/shuvroahmedimaging/ws2-eca/test_set/test_set/images/before/before-video-012/frame_0050.jpg,/kaggle/input/datasets/shuvroahmedimaging/ws2-eca/test_set/test_set/masks/before/before-video-012/frame_0050.jpg
before-video-012,frame_0051.jpg,strict_qmem_v2_T2K2_qmem_only_lambda0p02,qmem,2,margin,0.02,0.0,0.0,0.13342806068662053,0.23544160465868652,0.13685942642219087,0.841816078658184,21270,3458,0.04138705995865166,0.01366253849118948,0.662955105304718,0.9782856106758118,0.006011239252984524,0.461669921875,1.0202693939208984,/kaggle/input/datasets/shuvroahmedimaging/ws2-eca/test_set/test_set/images/before/before-video-012/frame_0051.jpg,/kaggle/input/datasets/shuvroahmedimaging/ws2-eca/test_set/test_set/masks/before/before-video-012/frame_0051.jpg
before-video-012,frame_0052.jpg,strict_qmem_v2_T2K2_qmem_only_lambda0p02,qmem,2,margin,0.02,0.0,0.0,0.11422543701024714,0.20503110630240737,0.1169856248346415,0.8288034989065917,22678,3201,0.04138705995865166,0.018445851281285286,0.6595660448074341,0.9736539721488953,0.006807207595556974,0.460693359375,1.0200875997543335,/kaggle/input/datasets/shuvroahmedimaging/ws2-eca/test_set/test_set/images/before/before-video-012/frame_0052.jpg,/kaggle/input/datasets/shuvroahmedimaging/ws2-eca/test_set/test_set/masks/before/before-video-012/frame_0052.jpg
before-video-012,frame_0053.jpg,strict_qmem_v2_T2K2_qmem_only_lambda0p02,qmem,2,margin,0.02,0.0,0.0,0.1682414151925078,0.288025082837496,0.18476025049138364,0.6529886914378029,21877,6190,0.04138705995865166,0.019147196784615517,0.6344615817070007,0.9719460606575012,0.006369443144649267,0.424560546875,1.0198683738708496,/kaggle/input/datasets/shuvroahmedimaging/ws2-eca/test_set/test_set/images/before/before-video-012/frame_0053.jpg,/kaggle/input/datasets/shuvroahmedimaging/ws2-eca/test_set/test_set/masks/before/before-video-012/frame_0053.jpg
before-video-012,frame_0054.jpg,strict_qmem_v2_T2K2_qmem_only_lambda0p02,qmem,2,margin,0.02,0.0,0.0,0.20562761592971696,0.3411129825043825,0.20898791222676158,0.9274766355140187,23743,5350,0.04138705995865166,0.01849997229874134,0.6366472244262695,0.9733792543411255,0.0069853682070970535,0.42138671875,1.014211893081665,/kaggle/input/datasets/shuvroahmedimaging/ws2-eca/test_set/test_set/images/before/before-video-012/frame_0054.jpg,/kaggle/input/datasets/shuvroahmedimaging/ws2-eca/test_set/test_set/masks/before/before-video-012/frame_0054.jpg
before-video-012,frame_0055.jpg,strict_qmem_v2_T2K2_qmem_only_lambda0p02,qmem,2,margin,0.02,0.0,0.0,0.31331916400991855,0.47714093054619017,0.32222222222222224,0.918961038961039,21960,7700,0.04138705995865166,0.016985198482871056,0.6673038005828857,0.9741537570953369,0.007398023270070553,0.457763671875,1.021460771560669,/kaggle/input/datasets/shuvroahmedimaging/ws2-eca/test_set/test_set/images/before/before-video-012/frame_0055.jpg,/kaggle/input/datasets/shuvroahmedimaging/ws2-eca/test_set/test_set/masks/before/before-video-012/frame_0055.jpg
before-video-012,frame_0056.jpg,strict_qmem_v2_T2K2_qmem_only_lambda0p02,qmem,2,margin,0.02,0.0,0.0,0.3204352516298485,0.4853479202926864,0.34491114701130854,0.8186938286399041,19808,8345,0.04138705995865166,0.01559912133961916,0.6845364570617676,0.9750447869300842,0.007888458669185638,0.481689453125,1.024584412574768,/kaggle/input/datasets/shuvroahmedimaging/ws2-eca/test_set/test_set/images/before/before-video-012/frame_0056.jpg,/kaggle/input/datasets/shuvroahmedimaging/ws2-eca/test_set/test_set/masks/before/before-video-012/frame_0056.jpg
before-video-012,frame_0057.jpg,strict_qmem_v2_T2K2_qmem_only_lambda0p02,qmem,2,margin,0.02,0.0,0.0,0.36333767926988264,0.5330120113227756,0.38750764781133545,0.8534852382702438,17979,8163,0.04138705995865166,0.01162662636488676,0.6682389974594116,0.9787426590919495,0.0060652378015220165,0.4638671875,1.0234402418136597,/kaggle/input/datasets/shuvroahmedimaging/ws2-eca/test_set/test_set/images/before/before-video-012/frame_0057.jpg,/kaggle/input/datasets/shuvroahmedimaging/ws2-eca/test_set/test_set/masks/before/before-video-012/frame_0057.jpg
before-video-012,frame_0058.jpg,strict_qmem_v2_T2K2_qmem_only_lambda0p02,qmem,2,margin,0.02,0.0,0.0,0.43375181572940447,0.6050584361544307,0.46748672071568353,0.8573625922887613,17885,9752,0.04138705995865166,0.011976461857557297,0.6734709739685059,0.9785798788070679,0.006090905517339706,0.476806640625,1.0266700983047485,/kaggle/input/datasets/shuvroahmedimaging/ws2-eca/test_set/test_set/images/before/before-video-012/frame_0058.jpg,/kaggle/input/datasets/shuvroahmedimaging/ws2-eca/test_set/test_set/masks/before/before-video-012/frame_0058.jpg
before-video-012,frame_0059.jpg,strict_qmem_v2_T2K2_qmem_only_lambda0p02,qmem,2,margin,0.02,0.0,0.0,0.36454977338502703,0.5343150986434031,0.4070731707317073,0.7772732564908604,16400,8589,0.04138705995865166,0.01178557425737381,0.6831918954849243,0.9791162610054016,0.006563736125826836,0.4873046875,1.022782564163208,/kaggle/input/datasets/shuvroahmedimaging/ws2-eca/test_set/test_set/images/before/before-video-012/frame_0059.jpg,/kaggle/input/datasets/shuvroahmedimaging/ws2-eca/test_set/test_set/masks/before/before-video-012/frame_0059.jpg
before-video-012,frame_0060.jpg,strict_qmem_v2_T2K2_qmem_only_lambda0p02,qmem,2,margin,0.02,0.0,0.0,0.31101951866590866,0.4744696997072959,0.3343008452999287,0.8170504044803982,19638,8035,0.04138705995865166,0.018603889271616936,0.6998660564422607,0.9727306962013245,0.006880246568471193,0.50537109375,1.023879051208496,/kaggle/input/datasets/shuvroahmedimaging/ws2-eca/test_set/test_set/images/before/before-video-012/frame_0060.jpg,/kaggle/input/datasets/shuvroahmedimaging/ws2-eca/test_set/test_set/masks/before/before-video-012/frame_0060.jpg
before-video-012,frame_0061.jpg,strict_qmem_v2_T2K2_qmem_only_lambda0p02,qmem,2,margin,0.02,0.0,0.0,0.2881786304461731,0.44742029348268203,0.32560681269638875,0.7148570285942811,21959,10002,0.04138705995865166,0.02365715056657791,0.6683871150016785,0.9659845232963562,0.008579069748520851,0.4521484375,1.0286071300506592,/kaggle/input/datasets/shuvroahmedimaging/ws2-eca/test_set/test_set/images/before/before-video-012/frame_0061.jpg,/kaggle/input/datasets/shuvroahmedimaging/ws2-eca/test_set/test_set/masks/before/before-video-012/frame_0061.jpg
before-video-012,frame_0062.jpg,strict_qmem_v2_T2K2_qmem_only_lambda0p02,qmem,2,margin,0.02,0.0,0.0,0.2591302258529553,0.4116019463791623,0.2859478568272205,0.73425621241348,22630,8813,0.04138705995865166,0.022152546793222427,0.6475284695625305,0.9665400385856628,0.009220351465046406,0.412353515625,1.026239275932312,/kaggle/input/datasets/shuvroahmedimaging/ws2-eca/test_set/test_set/images/before/before-video-012/frame_0062.jpg,/kaggle/input/datasets/shuvroahmedimaging/ws2-eca/test_set/test_set/masks/before/before-video-012/frame_0062.jpg
before-video-012,frame_0063.jpg,strict_qmem_v2_T2K2_qmem_only_lambda0p02,qmem,2,margin,0.02,0.0,0.0,0.28368013505082756,0.4419794733983247,0.33981009319500616,0.6320006540757093,22748,12231,0.04138705995865166,0.024176012724637985,0.641193687915802,0.9637726545333862,0.009542625397443771,0.40185546875,1.0307868719100952,/kaggle/input/datasets/shuvroahmedimaging/ws2-eca/test_set/test_set/images/before/before-video-012/frame_0063.jpg,/kaggle/input/datasets/shuvroahmedimaging/ws2-eca/test_set/test_set/masks/before/before-video-012/frame_0063.jpg
before-video-012,frame_0064.jpg,strict_qmem_v2_T2K2_qmem_only_lambda0p02,qmem,2,margin,0.02,0.0,0.0,0.31868488526824834,0.48333743539256707,0.37085017184726365,0.693775171341765,26477,14153,0.04138705995865166,0.02481171488761902,0.6586781740188599,0.9627876281738281,0.01073408778756857,0.411376953125,1.0240364074707031,/kaggle/input/datasets/shuvroahmedimaging/ws2-eca/test_set/test_set/images/before/before-video-012/frame_0064.jpg,/kaggle/input/datasets/shuvroahmedimaging/ws2-eca/test_set/test_set/masks/before/before-video-012/frame_0064.jpg
before-video-012,frame_0065.jpg,strict_qmem_v2_T2K2_qmem_only_lambda0p02,qmem,2,margin,0.02,0.0,0.0,0.30768900343642613,0.47058437079131493,0.34515491736134535,0.7392156862745098,20753,9690,0.04138705995865166,0.01043638400733471,0.6491014361381531,0.9799450039863586,0.00802744459360838,0.416748046875,1.0137258768081665,/kaggle/input/datasets/shuvroahmedimaging/ws2-eca/test_set/test_set/images/before/before-video-012/frame_0065.jpg,/kaggle/input/datasets/shuvroahmedimaging/ws2-eca/test_set/test_set/masks/before/before-video-012/frame_0065.jpg
before-video-012,frame_0066.jpg,strict_qmem_v2_T2K2_qmem_only_lambda0p02,qmem,2,margin,0.02,0.0,0.0,0.24680207011034078,0.39589615068332223,0.2858354537743851,0.6437850229240958,17685,7852,0.04138705995865166,0.014066995121538639,0.6806334853172302,0.9770104289054871,0.006576073821634054,0.48681640625,1.027360200881958,/kaggle/input/datasets/shuvroahmedimaging/ws2-eca/test_set/test_set/images/before/before-video-012/frame_0066.jpg,/kaggle/input/datasets/shuvroahmedimaging/ws2-eca/test_set/test_set/masks/before/before-video-012/frame_0066.jpg
before-video-012,frame_0067.jpg,strict_qmem_v2_T2K2_qmem_only_lambda0p02,qmem,2,margin,0.02,0.0,0.0,0.35824827132038195,0.5275151515151515,0.3936798938608129,0.7992164544564153,16582,8168,0.04138705995865166,0.017113663256168365,0.6959838271141052,0.9748619794845581,0.005926290061324835,0.5205078125,1.0235430002212524,/kaggle/input/datasets/shuvroahmedimaging/ws2-eca/test_set/test_set/images/before/before-video-012/frame_0067.jpg,/kaggle/input/datasets/shuvroahmedimaging/ws2-eca/test_set/test_set/masks/before/before-video-012/frame_0067.jpg
before-video-012,frame_0068.jpg,strict_qmem_v2_T2K2_qmem_only_lambda0p02,qmem,2,margin,0.02,0.0,0.0,0.5492150796379054,0.7090236686390533,0.5901255848313224,0.8879214523897739,16244,10796,0.04138705995865166,0.025157321244478226,0.6909468173980713,0.967547595500946,0.006812291219830513,0.519287109375,1.0252313613891602,/kaggle/input/datasets/shuvroahmedimaging/ws2-eca/test_set/test_set/images/before/before-video-012/frame_0068.jpg,/kaggle/input/datasets/shuvroahmedimaging/ws2-eca/test_set/test_set/masks/before/before-video-012/frame_0068.jpg
before-video-012,frame_0069.jpg,strict_qmem_v2_T2K2_qmem_only_lambda0p02,qmem,2,margin,0.02,0.0,0.0,0.5185820727026417,0.68298195010259,0.5536859360686562,0.8910614525139665,20741,12888,0.04138705995865166,0.03697150573134422,0.6702350974082947,0.9533560872077942,0.008980831131339073,0.478515625,1.032097339630127,/kaggle/input/datasets/shuvroahmedimaging/ws2-eca/test_set/test_set/images/before/before-video-012/frame_0069.jpg,/kaggle/input/datasets/shuvroahmedimaging/ws2-eca/test_set/test_set/masks/before/before-video-012/frame_0069.jpg
before-video-012,frame_0070.jpg,strict_qmem_v2_T2K2_qmem_only_lambda0p02,qmem,2,margin,0.02,0.0,0.0,0.4164501186306632,0.5880194623913216,0.429420216690614,0.9323777403035414,25751,11860,0.04138705995865166,0.027239207178354263,0.6780847311019897,0.9606994390487671,0.010229283012449741,0.455322265625,1.0365016460418701,/kaggle/input/datasets/shuvroahmedimaging/ws2-eca/test_set/test_set/images/before/before-video-012/frame_0070.jpg,/kaggle/input/datasets/shuvroahmedimaging/ws2-eca/test_set/test_set/masks/before/before-video-012/frame_0070.jpg
before-video-012,frame_0071.jpg,strict_qmem_v2_T2K2_qmem_only_lambda0p02,qmem,2,margin,0.02,0.0,0.0,0.3055122042574443,0.468034237077416,0.31348685264068155,0.9231349618032633,31223,10603,0.04138705995865166,0.02498830109834671,0.6569268703460693,0.9630991816520691,0.011314613744616508,0.424560546875,1.027144432067871,/kaggle/input/datasets/shuvroahmedimaging/ws2-eca/test_set/test_set/images/before/before-video-012/frame_0071.jpg,/kaggle/input/datasets/shuvroahmedimaging/ws2-eca/test_set/test_set/masks/before/before-video-012/frame_0071.jpg
before-video-012,frame_0072.jpg,strict_qmem_v2_T2K2_qmem_only_lambda0p02,qmem,2,margin,0.02,0.0,0.0,0.3168701235674021,0.48124734231041816,0.32508617387973954,0.9261320240043645,26110,9165,0.04138705995865166,0.016617247834801674,0.667087197303772,0.9718039035797119,0.009222115390002728,0.440673828125,1.0244250297546387,/kaggle/input/datasets/shuvroahmedimaging/ws2-eca/test_set/test_set/images/before/before-video-012/frame_0072.jpg,/kaggle/input/datasets/shuvroahmedimaging/ws2-eca/test_set/test_set/masks/before/before-video-012/frame_0072.jpg
before-video-013,frame_0001.jpg,strict_qmem_v2_T2K2_qmem_only_lambda0p02,qmem,2,margin,0.02,0.0,0.0,0.34223721971679966,0.5099504240971782,0.3575146603413059,0.8889981158351765,30354,12207,0.04138705995865166,0.0,0.0,0.0,0.0,0.0,0.0,/kaggle/input/datasets/shuvroahmedimaging/ws2-eca/test_set/test_set/images/before/before-video-013/frame_0001.jpg,/kaggle/input/datasets/shuvroahmedimaging/ws2-eca/test_set/test_set/masks/before/before-video-013/frame_0001.jpg
before-video-013,frame_0002.jpg,strict_qmem_v2_T2K2_qmem_only_lambda0p02,qmem,2,margin,0.02,0.0,0.0,0.2691541580707121,0.4241473052885289,0.2826777242332549,0.8490798922800719,26769,8912,0.04138705995865166,0.015865059569478035,0.6365573406219482,0.9737637639045715,0.008756903931498528,0.39111328125,1.0042191743850708,/kaggle/input/datasets/shuvroahmedimaging/ws2-eca/test_set/test_set/images/before/before-video-013/frame_0002.jpg,/kaggle/input/datasets/shuvroahmedimaging/ws2-eca/test_set/test_set/masks/before/before-video-013/frame_0002.jpg
before-video-013,frame_0003.jpg,strict_qmem_v2_T2K2_qmem_only_lambda0p02,qmem,2,margin,0.02,0.0,0.0,0.29224265613428785,0.4523030635879558,0.3177015195733119,0.7848027842227379,29811,12068,0.04138705995865166,0.016767848283052444,0.643787145614624,0.9701759219169617,0.009896251372992992,0.379638671875,1.031724452972412,/kaggle/input/datasets/shuvroahmedimaging/ws2-eca/test_set/test_set/images/before/before-video-013/frame_0003.jpg,/kaggle/input/datasets/shuvroahmedimaging/ws2-eca/test_set/test_set/masks/before/before-video-013/frame_0003.jpg
before-video-013,frame_0004.jpg,strict_qmem_v2_T2K2_qmem_only_lambda0p02,qmem,2,margin,0.02,0.0,0.0,0.2764148549192116,0.43311130993803226,0.29499390601724373,0.814431704885344,22153,8024,0.04138705995865166,0.01416843943297863,0.6351399421691895,0.9737545251846313,0.0077071599662303925,0.39990234375,1.0255718231201172,/kaggle/input/datasets/shuvroahmedimaging/ws2-eca/test_set/test_set/images/before/before-video-013/frame_0004.jpg,/kaggle/input/datasets/shuvroahmedimaging/ws2-eca/test_set/test_set/masks/before/before-video-013/frame_0004.jpg
before-video-013,frame_0005.jpg,strict_qmem_v2_T2K2_qmem_only_lambda0p02,qmem,2,margin,0.02,0.0,0.0,0.2684703433922997,0.42329778506972926,0.2987593052109181,0.7258842443729904,18135,7464,0.04138705995865166,0.017576657235622406,0.6437277793884277,0.9724820852279663,0.006622374057769775,0.43359375,1.0231819152832031,/kaggle/input/datasets/shuvroahmedimaging/ws2-eca/test_set/test_set/images/before/before-video-013/frame_0005.jpg,/kaggle/input/datasets/shuvroahmedimaging/ws2-eca/test_set/test_set/masks/before/before-video-013/frame_0005.jpg
before-video-013,frame_0006.jpg,strict_qmem_v2_T2K2_qmem_only_lambda0p02,qmem,2,margin,0.02,0.0,0.0,0.2861990482102214,0.44503072616711176,0.31241812350363646,0.7732558139534884,22137,8944,0.04138705995865166,0.022422511130571365,0.6398884057998657,0.9672346115112305,0.007897639647126198,0.427734375,1.0294784307479858,/kaggle/input/datasets/shuvroahmedimaging/ws2-eca/test_set/test_set/images/before/before-video-013/frame_0006.jpg,/kaggle/input/datasets/shuvroahmedimaging/ws2-eca/test_set/test_set/masks/before/before-video-013/frame_0006.jpg
before-video-013,frame_0007.jpg,strict_qmem_v2_T2K2_qmem_only_lambda0p02,qmem,2,margin,0.02,0.0,0.0,0.29282152383161314,0.45299605310369573,0.3089818893783651,0.8484543010752689,24516,8928,0.04138705995865166,0.027291415259242058,0.6291460990905762,0.9611959457397461,0.009214571677148342,0.40185546875,1.0359258651733398,/kaggle/input/datasets/shuvroahmedimaging/ws2-eca/test_set/test_set/images/before/before-video-013/frame_0007.jpg,/kaggle/input/datasets/shuvroahmedimaging/ws2-eca/test_set/test_set/masks/before/before-video-013/frame_0007.jpg
before-video-013,frame_0008.jpg,strict_qmem_v2_T2K2_qmem_only_lambda0p02,qmem,2,margin,0.02,0.0,0.0,0.18445140072116337,0.31145456978455777,0.19101354123922856,0.8429916696848968,24370,5522,0.04138705995865166,0.015952104702591896,0.6117716431617737,0.9737714529037476,0.006966215558350086,0.380859375,1.0231248140335083,/kaggle/input/datasets/shuvroahmedimaging/ws2-eca/test_set/test_set/images/before/before-video-013/frame_0008.jpg,/kaggle/input/datasets/shuvroahmedimaging/ws2-eca/test_set/test_set/masks/before/before-video-013/frame_0008.jpg
before-video-013,frame_0009.jpg,strict_qmem_v2_T2K2_qmem_only_lambda0p02,qmem,2,margin,0.02,0.0,0.0,0.2366649404453651,0.38274706867671693,0.24845058171142764,0.8330295297119942,18394,5486,0.04138705995865166,0.013340292498469353,0.668030858039856,0.9772480130195618,0.007046706974506378,0.4658203125,1.0298113822937012,/kaggle/input/datasets/shuvroahmedimaging/ws2-eca/test_set/test_set/images/before/before-video-013/frame_0009.jpg,/kaggle/input/datasets/shuvroahmedimaging/ws2-eca/test_set/test_set/masks/before/before-video-013/frame_0009.jpg
