video,frame,method,kind,memory_frames,confidence_mode,lambda_qmem,lambda_code,lambda_clean,iou,dice,precision,recall,pred_pixels,gt_pixels,threshold,mean_qmem_mismatch,mean_qmem_confidence,mean_top_similarity,mean_score_margin,same_code_rate,mean_selected_age,img_path,mask_path
before-video-000,frame_0001.jpg,christian_original_simple,christian_original,0,none,,,,0.2869425823375109,0.4459291133506964,0.6399090022749431,0.34219673270768164,3077,5754,0.1355599034577608,0.0,0.0,0.0,0.0,0.0,0.0,/kaggle/input/datasets/shuvroahmedimaging/ws2-eca/test_set/test_set/images/before/before-video-000/frame_0001.jpg,/kaggle/input/datasets/shuvroahmedimaging/ws2-eca/test_set/test_set/masks/before/before-video-000/frame_0001.jpg
before-video-000,frame_0002.jpg,christian_original_simple,christian_original,0,none,,,,0.5182750460163029,0.6827156217526844,0.7648428405122235,0.6165154832655615,5154,6394,0.1355599034577608,0.0,0.0,0.0,0.0,0.0,0.0,/kaggle/input/datasets/shuvroahmedimaging/ws2-eca/test_set/test_set/images/before/before-video-000/frame_0002.jpg,/kaggle/input/datasets/shuvroahmedimaging/ws2-eca/test_set/test_set/masks/before/before-video-000/frame_0002.jpg
before-video-000,frame_0003.jpg,christian_original_simple,christian_original,0,none,,,,0.28033916269210385,0.4379139072847682,0.8097971680061232,0.30009927669834063,2613,7051,0.1355599034577608,0.0,0.0,0.0,0.0,0.0,0.0,/kaggle/input/datasets/shuvroahmedimaging/ws2-eca/test_set/test_set/images/before/before-video-000/frame_0003.jpg,/kaggle/input/datasets/shuvroahmedimaging/ws2-eca/test_set/test_set/masks/before/before-video-000/frame_0003.jpg
before-video-000,frame_0004.jpg,christian_original_simple,christian_original,0,none,,,,0.35826771653543305,0.527536231884058,0.6198320925075241,0.4591645153719784,6313,8522,0.1355599034577608,0.0,0.0,0.0,0.0,0.0,0.0,/kaggle/input/datasets/shuvroahmedimaging/ws2-eca/test_set/test_set/images/before/before-video-000/frame_0004.jpg,/kaggle/input/datasets/shuvroahmedimaging/ws2-eca/test_set/test_set/masks/before/before-video-000/frame_0004.jpg
before-video-000,frame_0005.jpg,christian_original_simple,christian_original,0,none,,,,0.26359286646367985,0.4172117039586919,0.5451601295430011,0.33790565406490464,5558,8967,0.1355599034577608,0.0,0.0,0.0,0.0,0.0,0.0,/kaggle/input/datasets/shuvroahmedimaging/ws2-eca/test_set/test_set/images/before/before-video-000/frame_0005.jpg,/kaggle/input/datasets/shuvroahmedimaging/ws2-eca/test_set/test_set/masks/before/before-video-000/frame_0005.jpg
before-video-000,frame_0006.jpg,christian_original_simple,christian_original,0,none,,,,0.2409356725146199,0.3883129123468426,0.5706371191135734,0.29428571428571426,4693,9100,0.1355599034577608,0.0,0.0,0.0,0.0,0.0,0.0,/kaggle/input/datasets/shuvroahmedimaging/ws2-eca/test_set/test_set/images/before/before-video-000/frame_0006.jpg,/kaggle/input/datasets/shuvroahmedimaging/ws2-eca/test_set/test_set/masks/before/before-video-000/frame_0006.jpg
before-video-000,frame_0007.jpg,christian_original_simple,christian_original,0,none,,,,0.14660676282809174,0.255722829449371,0.6066536203522505,0.16200679383328978,2044,7654,0.1355599034577608,0.0,0.0,0.0,0.0,0.0,0.0,/kaggle/input/datasets/shuvroahmedimaging/ws2-eca/test_set/test_set/images/before/before-video-000/frame_0007.jpg,/kaggle/input/datasets/shuvroahmedimaging/ws2-eca/test_set/test_set/masks/before/before-video-000/frame_0007.jpg
before-video-000,frame_0008.jpg,christian_original_simple,christian_original,0,none,,,,0.15612813370473538,0.27008794121190216,0.7072555205047318,0.16691483025610482,1585,6716,0.1355599034577608,0.0,0.0,0.0,0.0,0.0,0.0,/kaggle/input/datasets/shuvroahmedimaging/ws2-eca/test_set/test_set/images/before/before-video-000/frame_0008.jpg,/kaggle/input/datasets/shuvroahmedimaging/ws2-eca/test_set/test_set/masks/before/before-video-000/frame_0008.jpg
before-video-000,frame_0009.jpg,christian_original_simple,christian_original,0,none,,,,0.2719620116555148,0.4276259969455286,0.7468879668049793,0.2995720399429387,3374,8412,0.1355599034577608,0.0,0.0,0.0,0.0,0.0,0.0,/kaggle/input/datasets/shuvroahmedimaging/ws2-eca/test_set/test_set/images/before/before-video-000/frame_0009.jpg,/kaggle/input/datasets/shuvroahmedimaging/ws2-eca/test_set/test_set/masks/before/before-video-000/frame_0009.jpg
before-video-000,frame_0010.jpg,christian_original_simple,christian_original,0,none,,,,0.27762399940151117,0.43459421477924814,0.8159630606860159,0.29616919393455704,4548,12530,0.1355599034577608,0.0,0.0,0.0,0.0,0.0,0.0,/kaggle/input/datasets/shuvroahmedimaging/ws2-eca/test_set/test_set/images/before/before-video-000/frame_0010.jpg,/kaggle/input/datasets/shuvroahmedimaging/ws2-eca/test_set/test_set/masks/before/before-video-000/frame_0010.jpg
before-video-000,frame_0011.jpg,christian_original_simple,christian_original,0,none,,,,0.44365203761755484,0.6146246132131806,0.8345864661654135,0.48642378415535314,6783,11638,0.1355599034577608,0.0,0.0,0.0,0.0,0.0,0.0,/kaggle/input/datasets/shuvroahmedimaging/ws2-eca/test_set/test_set/images/before/before-video-000/frame_0011.jpg,/kaggle/input/datasets/shuvroahmedimaging/ws2-eca/test_set/test_set/masks/before/before-video-000/frame_0011.jpg
before-video-000,frame_0012.jpg,christian_original_simple,christian_original,0,none,,,,0.398979663149067,0.5703866520131882,0.8740048989589713,0.4233278955954323,6532,13486,0.1355599034577608,0.0,0.0,0.0,0.0,0.0,0.0,/kaggle/input/datasets/shuvroahmedimaging/ws2-eca/test_set/test_set/images/before/before-video-000/frame_0012.jpg,/kaggle/input/datasets/shuvroahmedimaging/ws2-eca/test_set/test_set/masks/before/before-video-000/frame_0012.jpg
before-video-000,frame_0013.jpg,christian_original_simple,christian_original,0,none,,,,0.34469634287605494,0.5126753630322421,0.8595007220961419,0.36527838667251206,4847,11405,0.1355599034577608,0.0,0.0,0.0,0.0,0.0,0.0,/kaggle/input/datasets/shuvroahmedimaging/ws2-eca/test_set/test_set/images/before/before-video-000/frame_0013.jpg,/kaggle/input/datasets/shuvroahmedimaging/ws2-eca/test_set/test_set/masks/before/before-video-000/frame_0013.jpg
before-video-000,frame_0014.jpg,christian_original_simple,christian_original,0,none,,,,0.3736011983434664,0.5439733145166463,0.7932647333956969,0.4139008199921905,5345,10244,0.1355599034577608,0.0,0.0,0.0,0.0,0.0,0.0,/kaggle/input/datasets/shuvroahmedimaging/ws2-eca/test_set/test_set/images/before/before-video-000/frame_0014.jpg,/kaggle/input/datasets/shuvroahmedimaging/ws2-eca/test_set/test_set/masks/before/before-video-000/frame_0014.jpg
before-video-000,frame_0015.jpg,christian_original_simple,christian_original,0,none,,,,0.44778703603506115,0.6185813588459527,0.7921133231240429,0.5074187614960147,5224,8155,0.1355599034577608,0.0,0.0,0.0,0.0,0.0,0.0,/kaggle/input/datasets/shuvroahmedimaging/ws2-eca/test_set/test_set/images/before/before-video-000/frame_0015.jpg,/kaggle/input/datasets/shuvroahmedimaging/ws2-eca/test_set/test_set/masks/before/before-video-000/frame_0015.jpg
before-video-000,frame_0016.jpg,christian_original_simple,christian_original,0,none,,,,0.3560558420324487,0.5251344833982563,0.7885793871866296,0.39363181312569523,3590,7192,0.1355599034577608,0.0,0.0,0.0,0.0,0.0,0.0,/kaggle/input/datasets/shuvroahmedimaging/ws2-eca/test_set/test_set/images/before/before-video-000/frame_0016.jpg,/kaggle/input/datasets/shuvroahmedimaging/ws2-eca/test_set/test_set/masks/before/before-video-000/frame_0016.jpg
before-video-000,frame_0017.jpg,christian_original_simple,christian_original,0,none,,,,0.20872135994087213,0.3453589335942277,0.7699018538713195,0.22260759892795207,1834,6343,0.1355599034577608,0.0,0.0,0.0,0.0,0.0,0.0,/kaggle/input/datasets/shuvroahmedimaging/ws2-eca/test_set/test_set/images/before/before-video-000/frame_0017.jpg,/kaggle/input/datasets/shuvroahmedimaging/ws2-eca/test_set/test_set/masks/before/before-video-000/frame_0017.jpg
before-video-000,frame_0018.jpg,christian_original_simple,christian_original,0,none,,,,0.42960052390307796,0.6010077874484654,0.8004183371099878,0.48113998323554064,5737,9544,0.1355599034577608,0.0,0.0,0.0,0.0,0.0,0.0,/kaggle/input/datasets/shuvroahmedimaging/ws2-eca/test_set/test_set/images/before/before-video-000/frame_0018.jpg,/kaggle/input/datasets/shuvroahmedimaging/ws2-eca/test_set/test_set/masks/before/before-video-000/frame_0018.jpg
before-video-000,frame_0019.jpg,christian_original_simple,christian_original,0,none,,,,0.30487998728342075,0.4672919965891095,0.745578231292517,0.3402820899494367,5145,11273,0.1355599034577608,0.0,0.0,0.0,0.0,0.0,0.0,/kaggle/input/datasets/shuvroahmedimaging/ws2-eca/test_set/test_set/images/before/before-video-000/frame_0019.jpg,/kaggle/input/datasets/shuvroahmedimaging/ws2-eca/test_set/test_set/masks/before/before-video-000/frame_0019.jpg
before-video-000,frame_0020.jpg,christian_original_simple,christian_original,0,none,,,,0.3884421425650811,0.5595366643761657,0.8064516129032258,0.4283781752592815,7068,13306,0.1355599034577608,0.0,0.0,0.0,0.0,0.0,0.0,/kaggle/input/datasets/shuvroahmedimaging/ws2-eca/test_set/test_set/images/before/before-video-000/frame_0020.jpg,/kaggle/input/datasets/shuvroahmedimaging/ws2-eca/test_set/test_set/masks/before/before-video-000/frame_0020.jpg
before-video-000,frame_0021.jpg,christian_original_simple,christian_original,0,none,,,,0.4652833200319234,0.6350762527233116,0.8977122745270567,0.49133156754153623,9092,16612,0.1355599034577608,0.0,0.0,0.0,0.0,0.0,0.0,/kaggle/input/datasets/shuvroahmedimaging/ws2-eca/test_set/test_set/images/before/before-video-000/frame_0021.jpg,/kaggle/input/datasets/shuvroahmedimaging/ws2-eca/test_set/test_set/masks/before/before-video-000/frame_0021.jpg
before-video-000,frame_0022.jpg,christian_original_simple,christian_original,0,none,,,,0.4629017129881029,0.6328541540122832,0.9622370446382761,0.47146663985117404,9745,19889,0.1355599034577608,0.0,0.0,0.0,0.0,0.0,0.0,/kaggle/input/datasets/shuvroahmedimaging/ws2-eca/test_set/test_set/images/before/before-video-000/frame_0022.jpg,/kaggle/input/datasets/shuvroahmedimaging/ws2-eca/test_set/test_set/masks/before/before-video-000/frame_0022.jpg
before-video-000,frame_0023.jpg,christian_original_simple,christian_original,0,none,,,,0.3011943539630836,0.4629506008010681,0.9324369747899159,0.3079143079143079,5950,18018,0.1355599034577608,0.0,0.0,0.0,0.0,0.0,0.0,/kaggle/input/datasets/shuvroahmedimaging/ws2-eca/test_set/test_set/images/before/before-video-000/frame_0023.jpg,/kaggle/input/datasets/shuvroahmedimaging/ws2-eca/test_set/test_set/masks/before/before-video-000/frame_0023.jpg
before-video-000,frame_0024.jpg,christian_original_simple,christian_original,0,none,,,,0.2623580313683072,0.41566342487468405,0.9410281280310379,0.26674364896073904,5155,18186,0.1355599034577608,0.0,0.0,0.0,0.0,0.0,0.0,/kaggle/input/datasets/shuvroahmedimaging/ws2-eca/test_set/test_set/images/before/before-video-000/frame_0024.jpg,/kaggle/input/datasets/shuvroahmedimaging/ws2-eca/test_set/test_set/masks/before/before-video-000/frame_0024.jpg
before-video-000,frame_0025.jpg,christian_original_simple,christian_original,0,none,,,,0.40035641860750937,0.5717921713182377,0.9709388971684053,0.4052120910561015,6710,16078,0.1355599034577608,0.0,0.0,0.0,0.0,0.0,0.0,/kaggle/input/datasets/shuvroahmedimaging/ws2-eca/test_set/test_set/images/before/before-video-000/frame_0025.jpg,/kaggle/input/datasets/shuvroahmedimaging/ws2-eca/test_set/test_set/masks/before/before-video-000/frame_0025.jpg
before-video-000,frame_0026.jpg,christian_original_simple,christian_original,0,none,,,,0.486908358509567,0.6549271926854047,0.954859641698406,0.4983802091002798,7089,13582,0.1355599034577608,0.0,0.0,0.0,0.0,0.0,0.0,/kaggle/input/datasets/shuvroahmedimaging/ws2-eca/test_set/test_set/images/before/before-video-000/frame_0026.jpg,/kaggle/input/datasets/shuvroahmedimaging/ws2-eca/test_set/test_set/masks/before/before-video-000/frame_0026.jpg
before-video-000,frame_0027.jpg,christian_original_simple,christian_original,0,none,,,,0.43902678308643184,0.6101718025634033,0.8723196881091618,0.46917592786747747,5130,9538,0.1355599034577608,0.0,0.0,0.0,0.0,0.0,0.0,/kaggle/input/datasets/shuvroahmedimaging/ws2-eca/test_set/test_set/images/before/before-video-000/frame_0027.jpg,/kaggle/input/datasets/shuvroahmedimaging/ws2-eca/test_set/test_set/masks/before/before-video-000/frame_0027.jpg
before-video-000,frame_0028.jpg,christian_original_simple,christian_original,0,none,,,,0.4147682639434407,0.5863409217101611,0.7409486387875386,0.48511576626240355,3563,5442,0.1355599034577608,0.0,0.0,0.0,0.0,0.0,0.0,/kaggle/input/datasets/shuvroahmedimaging/ws2-eca/test_set/test_set/images/before/before-video-000/frame_0028.jpg,/kaggle/input/datasets/shuvroahmedimaging/ws2-eca/test_set/test_set/masks/before/before-video-000/frame_0028.jpg
before-video-000,frame_0029.jpg,christian_original_simple,christian_original,0,none,,,,0.22203748488512695,0.3633889919604205,0.6851679104477612,0.24726477024070023,2144,5941,0.1355599034577608,0.0,0.0,0.0,0.0,0.0,0.0,/kaggle/input/datasets/shuvroahmedimaging/ws2-eca/test_set/test_set/images/before/before-video-000/frame_0029.jpg,/kaggle/input/datasets/shuvroahmedimaging/ws2-eca/test_set/test_set/masks/before/before-video-000/frame_0029.jpg
before-video-000,frame_0030.jpg,christian_original_simple,christian_original,0,none,,,,0.16306133625410735,0.2804002354326074,0.7240121580547112,0.17386861313868612,1645,6850,0.1355599034577608,0.0,0.0,0.0,0.0,0.0,0.0,/kaggle/input/datasets/shuvroahmedimaging/ws2-eca/test_set/test_set/images/before/before-video-000/frame_0030.jpg,/kaggle/input/datasets/shuvroahmedimaging/ws2-eca/test_set/test_set/masks/before/before-video-000/frame_0030.jpg
before-video-000,frame_0031.jpg,christian_original_simple,christian_original,0,none,,,,0.1298342541436464,0.22982885085574573,0.6968124536693847,0.1376079636949202,1349,6831,0.1355599034577608,0.0,0.0,0.0,0.0,0.0,0.0,/kaggle/input/datasets/shuvroahmedimaging/ws2-eca/test_set/test_set/images/before/before-video-000/frame_0031.jpg,/kaggle/input/datasets/shuvroahmedimaging/ws2-eca/test_set/test_set/masks/before/before-video-000/frame_0031.jpg
before-video-000,frame_0032.jpg,christian_original_simple,christian_original,0,none,,,,0.3071237938821597,0.4699230406784985,0.6793823796548593,0.35918367346938773,4404,8330,0.1355599034577608,0.0,0.0,0.0,0.0,0.0,0.0,/kaggle/input/datasets/shuvroahmedimaging/ws2-eca/test_set/test_set/images/before/before-video-000/frame_0032.jpg,/kaggle/input/datasets/shuvroahmedimaging/ws2-eca/test_set/test_set/masks/before/before-video-000/frame_0032.jpg
before-video-000,frame_0033.jpg,christian_original_simple,christian_original,0,none,,,,0.48392415498763397,0.6522222222222223,0.6841491841491841,0.6231422505307855,6864,7536,0.1355599034577608,0.0,0.0,0.0,0.0,0.0,0.0,/kaggle/input/datasets/shuvroahmedimaging/ws2-eca/test_set/test_set/images/before/before-video-000/frame_0033.jpg,/kaggle/input/datasets/shuvroahmedimaging/ws2-eca/test_set/test_set/masks/before/before-video-000/frame_0033.jpg
before-video-000,frame_0034.jpg,christian_original_simple,christian_original,0,none,,,,0.3552364374818683,0.524242748581826,0.5882776843622388,0.47277992277992276,4163,5180,0.1355599034577608,0.0,0.0,0.0,0.0,0.0,0.0,/kaggle/input/datasets/shuvroahmedimaging/ws2-eca/test_set/test_set/images/before/before-video-000/frame_0034.jpg,/kaggle/input/datasets/shuvroahmedimaging/ws2-eca/test_set/test_set/masks/before/before-video-000/frame_0034.jpg
before-video-000,frame_0035.jpg,christian_original_simple,christian_original,0,none,,,,0.4167194426852438,0.5882878855610192,0.6421600520494469,0.5427550178718724,3074,3637,0.1355599034577608,0.0,0.0,0.0,0.0,0.0,0.0,/kaggle/input/datasets/shuvroahmedimaging/ws2-eca/test_set/test_set/images/before/before-video-000/frame_0035.jpg,/kaggle/input/datasets/shuvroahmedimaging/ws2-eca/test_set/test_set/masks/before/before-video-000/frame_0035.jpg
before-video-000,frame_0036.jpg,christian_original_simple,christian_original,0,none,,,,0.38894811656005684,0.5600614046309326,0.5863916421109028,0.5359941234084231,3733,4084,0.1355599034577608,0.0,0.0,0.0,0.0,0.0,0.0,/kaggle/input/datasets/shuvroahmedimaging/ws2-eca/test_set/test_set/images/before/before-video-000/frame_0036.jpg,/kaggle/input/datasets/shuvroahmedimaging/ws2-eca/test_set/test_set/masks/before/before-video-000/frame_0036.jpg
before-video-000,frame_0037.jpg,christian_original_simple,christian_original,0,none,,,,0.4308169596690796,0.6021971668112172,0.5746206896551724,0.6325539022168236,3625,3293,0.1355599034577608,0.0,0.0,0.0,0.0,0.0,0.0,/kaggle/input/datasets/shuvroahmedimaging/ws2-eca/test_set/test_set/images/before/before-video-000/frame_0037.jpg,/kaggle/input/datasets/shuvroahmedimaging/ws2-eca/test_set/test_set/masks/before/before-video-000/frame_0037.jpg
before-video-000,frame_0038.jpg,christian_original_simple,christian_original,0,none,,,,0.3182080092192452,0.48278876625505407,0.5561430010070494,0.42653021818883957,3972,5179,0.1355599034577608,0.0,0.0,0.0,0.0,0.0,0.0,/kaggle/input/datasets/shuvroahmedimaging/ws2-eca/test_set/test_set/images/before/before-video-000/frame_0038.jpg,/kaggle/input/datasets/shuvroahmedimaging/ws2-eca/test_set/test_set/masks/before/before-video-000/frame_0038.jpg
before-video-000,frame_0039.jpg,christian_original_simple,christian_original,0,none,,,,0.444068144499179,0.6150238078317106,0.685085497150095,0.5579626047711154,6316,7755,0.1355599034577608,0.0,0.0,0.0,0.0,0.0,0.0,/kaggle/input/datasets/shuvroahmedimaging/ws2-eca/test_set/test_set/images/before/before-video-000/frame_0039.jpg,/kaggle/input/datasets/shuvroahmedimaging/ws2-eca/test_set/test_set/masks/before/before-video-000/frame_0039.jpg
before-video-000,frame_0040.jpg,christian_original_simple,christian_original,0,none,,,,0.42816570365292334,0.5996022766234657,0.7439169644376382,0.5021824029405008,5877,8706,0.1355599034577608,0.0,0.0,0.0,0.0,0.0,0.0,/kaggle/input/datasets/shuvroahmedimaging/ws2-eca/test_set/test_set/images/before/before-video-000/frame_0040.jpg,/kaggle/input/datasets/shuvroahmedimaging/ws2-eca/test_set/test_set/masks/before/before-video-000/frame_0040.jpg
before-video-000,frame_0041.jpg,christian_original_simple,christian_original,0,none,,,,0.356513940975053,0.5256325500330549,0.7511164548265201,0.4042710548211149,5822,10817,0.1355599034577608,0.0,0.0,0.0,0.0,0.0,0.0,/kaggle/input/datasets/shuvroahmedimaging/ws2-eca/test_set/test_set/images/before/before-video-000/frame_0041.jpg,/kaggle/input/datasets/shuvroahmedimaging/ws2-eca/test_set/test_set/masks/before/before-video-000/frame_0041.jpg
before-video-000,frame_0042.jpg,christian_original_simple,christian_original,0,none,,,,0.4336872787840933,0.6049956433343014,0.6937166962699822,0.5363948497854077,9008,11650,0.1355599034577608,0.0,0.0,0.0,0.0,0.0,0.0,/kaggle/input/datasets/shuvroahmedimaging/ws2-eca/test_set/test_set/images/before/before-video-000/frame_0042.jpg,/kaggle/input/datasets/shuvroahmedimaging/ws2-eca/test_set/test_set/masks/before/before-video-000/frame_0042.jpg
before-video-000,frame_0043.jpg,christian_original_simple,christian_original,0,none,,,,0.46819849124506885,0.6377863674931649,0.7384565003820543,0.5612710528499129,9161,12053,0.1355599034577608,0.0,0.0,0.0,0.0,0.0,0.0,/kaggle/input/datasets/shuvroahmedimaging/ws2-eca/test_set/test_set/images/before/before-video-000/frame_0043.jpg,/kaggle/input/datasets/shuvroahmedimaging/ws2-eca/test_set/test_set/masks/before/before-video-000/frame_0043.jpg
before-video-000,frame_0044.jpg,christian_original_simple,christian_original,0,none,,,,0.5452721506698596,0.7057296029485676,0.6977803544807023,0.7138620572784273,12074,11802,0.1355599034577608,0.0,0.0,0.0,0.0,0.0,0.0,/kaggle/input/datasets/shuvroahmedimaging/ws2-eca/test_set/test_set/images/before/before-video-000/frame_0044.jpg,/kaggle/input/datasets/shuvroahmedimaging/ws2-eca/test_set/test_set/masks/before/before-video-000/frame_0044.jpg
before-video-000,frame_0045.jpg,christian_original_simple,christian_original,0,none,,,,0.5678846388854943,0.7243959469992206,0.7940196497223408,0.6659978502328915,11705,13955,0.1355599034577608,0.0,0.0,0.0,0.0,0.0,0.0,/kaggle/input/datasets/shuvroahmedimaging/ws2-eca/test_set/test_set/images/before/before-video-000/frame_0045.jpg,/kaggle/input/datasets/shuvroahmedimaging/ws2-eca/test_set/test_set/masks/before/before-video-000/frame_0045.jpg
before-video-000,frame_0046.jpg,christian_original_simple,christian_original,0,none,,,,0.46902191691200523,0.6385499242896588,0.7536795626576955,0.5539329315407201,9512,12942,0.1355599034577608,0.0,0.0,0.0,0.0,0.0,0.0,/kaggle/input/datasets/shuvroahmedimaging/ws2-eca/test_set/test_set/images/before/before-video-000/frame_0046.jpg,/kaggle/input/datasets/shuvroahmedimaging/ws2-eca/test_set/test_set/masks/before/before-video-000/frame_0046.jpg
before-video-000,frame_0047.jpg,christian_original_simple,christian_original,0,none,,,,0.30552746882372767,0.4680521492190525,0.8199909543193126,0.32749277456647397,4422,11072,0.1355599034577608,0.0,0.0,0.0,0.0,0.0,0.0,/kaggle/input/datasets/shuvroahmedimaging/ws2-eca/test_set/test_set/images/before/before-video-000/frame_0047.jpg,/kaggle/input/datasets/shuvroahmedimaging/ws2-eca/test_set/test_set/masks/before/before-video-000/frame_0047.jpg
before-video-000,frame_0048.jpg,christian_original_simple,christian_original,0,none,,,,0.25934991188564716,0.41187903288501904,0.6771472392638037,0.2959445871969612,3912,8951,0.1355599034577608,0.0,0.0,0.0,0.0,0.0,0.0,/kaggle/input/datasets/shuvroahmedimaging/ws2-eca/test_set/test_set/images/before/before-video-000/frame_0048.jpg,/kaggle/input/datasets/shuvroahmedimaging/ws2-eca/test_set/test_set/masks/before/before-video-000/frame_0048.jpg
before-video-000,frame_0049.jpg,christian_original_simple,christian_original,0,none,,,,0.2100194462450227,0.3471340016836305,0.6591107236268526,0.2356118844795346,3441,9626,0.1355599034577608,0.0,0.0,0.0,0.0,0.0,0.0,/kaggle/input/datasets/shuvroahmedimaging/ws2-eca/test_set/test_set/images/before/before-video-000/frame_0049.jpg,/kaggle/input/datasets/shuvroahmedimaging/ws2-eca/test_set/test_set/masks/before/before-video-000/frame_0049.jpg
before-video-000,frame_0050.jpg,christian_original_simple,christian_original,0,none,,,,0.1553626915246973,0.26894185291662803,0.6239242685025818,0.17141506088190092,2324,8459,0.1355599034577608,0.0,0.0,0.0,0.0,0.0,0.0,/kaggle/input/datasets/shuvroahmedimaging/ws2-eca/test_set/test_set/images/before/before-video-000/frame_0050.jpg,/kaggle/input/datasets/shuvroahmedimaging/ws2-eca/test_set/test_set/masks/before/before-video-000/frame_0050.jpg
before-video-000,frame_0051.jpg,christian_original_simple,christian_original,0,none,,,,0.12057163444217606,0.21519665630693388,0.5323435843054083,0.1348556077904634,1886,7445,0.1355599034577608,0.0,0.0,0.0,0.0,0.0,0.0,/kaggle/input/datasets/shuvroahmedimaging/ws2-eca/test_set/test_set/images/before/before-video-000/frame_0051.jpg,/kaggle/input/datasets/shuvroahmedimaging/ws2-eca/test_set/test_set/masks/before/before-video-000/frame_0051.jpg
before-video-000,frame_0052.jpg,christian_original_simple,christian_original,0,none,,,,0.15081732490156305,0.2621047174701918,0.728110599078341,0.15981792894171198,1736,7909,0.1355599034577608,0.0,0.0,0.0,0.0,0.0,0.0,/kaggle/input/datasets/shuvroahmedimaging/ws2-eca/test_set/test_set/images/before/before-video-000/frame_0052.jpg,/kaggle/input/datasets/shuvroahmedimaging/ws2-eca/test_set/test_set/masks/before/before-video-000/frame_0052.jpg
before-video-000,frame_0053.jpg,christian_original_simple,christian_original,0,none,,,,0.2484922939468394,0.39806780570712946,0.6839840147556102,0.2807216754983598,3253,7926,0.1355599034577608,0.0,0.0,0.0,0.0,0.0,0.0,/kaggle/input/datasets/shuvroahmedimaging/ws2-eca/test_set/test_set/images/before/before-video-000/frame_0053.jpg,/kaggle/input/datasets/shuvroahmedimaging/ws2-eca/test_set/test_set/masks/before/before-video-000/frame_0053.jpg
before-video-000,frame_0054.jpg,christian_original_simple,christian_original,0,none,,,,0.3398621690243018,0.5073091499729291,0.6968269707486366,0.39883654937570945,4034,7048,0.1355599034577608,0.0,0.0,0.0,0.0,0.0,0.0,/kaggle/input/datasets/shuvroahmedimaging/ws2-eca/test_set/test_set/images/before/before-video-000/frame_0054.jpg,/kaggle/input/datasets/shuvroahmedimaging/ws2-eca/test_set/test_set/masks/before/before-video-000/frame_0054.jpg
before-video-000,frame_0055.jpg,christian_original_simple,christian_original,0,none,,,,0.4830421377183967,0.6514206514206514,0.757192174913694,0.5715774843641418,4345,5756,0.1355599034577608,0.0,0.0,0.0,0.0,0.0,0.0,/kaggle/input/datasets/shuvroahmedimaging/ws2-eca/test_set/test_set/images/before/before-video-000/frame_0055.jpg,/kaggle/input/datasets/shuvroahmedimaging/ws2-eca/test_set/test_set/masks/before/before-video-000/frame_0055.jpg
before-video-000,frame_0056.jpg,christian_original_simple,christian_original,0,none,,,,0.533880017263703,0.6961170512099043,0.7564207093355075,0.6447185545517721,4906,5756,0.1355599034577608,0.0,0.0,0.0,0.0,0.0,0.0,/kaggle/input/datasets/shuvroahmedimaging/ws2-eca/test_set/test_set/images/before/before-video-000/frame_0056.jpg,/kaggle/input/datasets/shuvroahmedimaging/ws2-eca/test_set/test_set/masks/before/before-video-000/frame_0056.jpg
before-video-000,frame_0057.jpg,christian_original_simple,christian_original,0,none,,,,0.4816542288557214,0.6501573976915005,0.6605543710021322,0.6400826446280992,4690,4840,0.1355599034577608,0.0,0.0,0.0,0.0,0.0,0.0,/kaggle/input/datasets/shuvroahmedimaging/ws2-eca/test_set/test_set/images/before/before-video-000/frame_0057.jpg,/kaggle/input/datasets/shuvroahmedimaging/ws2-eca/test_set/test_set/masks/before/before-video-000/frame_0057.jpg
before-video-000,frame_0058.jpg,christian_original_simple,christian_original,0,none,,,,0.510171198388721,0.6756468391571085,0.6842247433819557,0.6672813487881981,3702,3796,0.1355599034577608,0.0,0.0,0.0,0.0,0.0,0.0,/kaggle/input/datasets/shuvroahmedimaging/ws2-eca/test_set/test_set/images/before/before-video-000/frame_0058.jpg,/kaggle/input/datasets/shuvroahmedimaging/ws2-eca/test_set/test_set/masks/before/before-video-000/frame_0058.jpg
before-video-000,frame_0059.jpg,christian_original_simple,christian_original,0,none,,,,0.5363013698630137,0.6981720909496211,0.7037147992810066,0.6927160129755234,3338,3391,0.1355599034577608,0.0,0.0,0.0,0.0,0.0,0.0,/kaggle/input/datasets/shuvroahmedimaging/ws2-eca/test_set/test_set/images/before/before-video-000/frame_0059.jpg,/kaggle/input/datasets/shuvroahmedimaging/ws2-eca/test_set/test_set/masks/before/before-video-000/frame_0059.jpg
before-video-000,frame_0060.jpg,christian_original_simple,christian_original,0,none,,,,0.5755673587638822,0.7306159975482684,0.7790849673202614,0.6878245816503173,3060,3466,0.1355599034577608,0.0,0.0,0.0,0.0,0.0,0.0,/kaggle/input/datasets/shuvroahmedimaging/ws2-eca/test_set/test_set/images/before/before-video-000/frame_0060.jpg,/kaggle/input/datasets/shuvroahmedimaging/ws2-eca/test_set/test_set/masks/before/before-video-000/frame_0060.jpg
before-video-000,frame_0061.jpg,christian_original_simple,christian_original,0,none,,,,0.6029707955689829,0.7523166326370347,0.8406458406458407,0.6807845366685616,2849,3518,0.1355599034577608,0.0,0.0,0.0,0.0,0.0,0.0,/kaggle/input/datasets/shuvroahmedimaging/ws2-eca/test_set/test_set/images/before/before-video-000/frame_0061.jpg,/kaggle/input/datasets/shuvroahmedimaging/ws2-eca/test_set/test_set/masks/before/before-video-000/frame_0061.jpg
before-video-000,frame_0062.jpg,christian_original_simple,christian_original,0,none,,,,0.6093198992443325,0.7572390045390515,0.85326278659612,0.6806415306696679,2835,3554,0.1355599034577608,0.0,0.0,0.0,0.0,0.0,0.0,/kaggle/input/datasets/shuvroahmedimaging/ws2-eca/test_set/test_set/images/before/before-video-000/frame_0062.jpg,/kaggle/input/datasets/shuvroahmedimaging/ws2-eca/test_set/test_set/masks/before/before-video-000/frame_0062.jpg
before-video-000,frame_0063.jpg,christian_original_simple,christian_original,0,none,,,,0.5738376294868707,0.729220878616256,0.8041863605671843,0.6670400448053766,2962,3571,0.1355599034577608,0.0,0.0,0.0,0.0,0.0,0.0,/kaggle/input/datasets/shuvroahmedimaging/ws2-eca/test_set/test_set/images/before/before-video-000/frame_0063.jpg,/kaggle/input/datasets/shuvroahmedimaging/ws2-eca/test_set/test_set/masks/before/before-video-000/frame_0063.jpg
before-video-000,frame_0064.jpg,christian_original_simple,christian_original,0,none,,,,0.5608873884735953,0.718677583809671,0.7998624484181568,0.6524544179523142,2908,3565,0.1355599034577608,0.0,0.0,0.0,0.0,0.0,0.0,/kaggle/input/datasets/shuvroahmedimaging/ws2-eca/test_set/test_set/images/before/before-video-000/frame_0064.jpg,/kaggle/input/datasets/shuvroahmedimaging/ws2-eca/test_set/test_set/masks/before/before-video-000/frame_0064.jpg
before-video-000,frame_0065.jpg,christian_original_simple,christian_original,0,none,,,,0.562545899632803,0.7200375998746671,0.8166311300639659,0.6438778369291118,2814,3569,0.1355599034577608,0.0,0.0,0.0,0.0,0.0,0.0,/kaggle/input/datasets/shuvroahmedimaging/ws2-eca/test_set/test_set/images/before/before-video-000/frame_0065.jpg,/kaggle/input/datasets/shuvroahmedimaging/ws2-eca/test_set/test_set/masks/before/before-video-000/frame_0065.jpg
before-video-000,frame_0066.jpg,christian_original_simple,christian_original,0,none,,,,0.566950852557673,0.723635781725076,0.8433420365535248,0.6336883408071748,2681,3568,0.1355599034577608,0.0,0.0,0.0,0.0,0.0,0.0,/kaggle/input/datasets/shuvroahmedimaging/ws2-eca/test_set/test_set/images/before/before-video-000/frame_0066.jpg,/kaggle/input/datasets/shuvroahmedimaging/ws2-eca/test_set/test_set/masks/before/before-video-000/frame_0066.jpg
before-video-001,frame_0001.jpg,christian_original_simple,christian_original,0,none,,,,0.2989210185584808,0.4602604997341839,0.7822453128529478,0.3260521608134827,4427,10621,0.1355599034577608,0.0,0.0,0.0,0.0,0.0,0.0,/kaggle/input/datasets/shuvroahmedimaging/ws2-eca/test_set/test_set/images/before/before-video-001/frame_0001.jpg,/kaggle/input/datasets/shuvroahmedimaging/ws2-eca/test_set/test_set/masks/before/before-video-001/frame_0001.jpg
before-video-001,frame_0002.jpg,christian_original_simple,christian_original,0,none,,,,0.34105170128148476,0.5086331883484908,0.7283880709701774,0.39074524098825436,5298,9876,0.1355599034577608,0.0,0.0,0.0,0.0,0.0,0.0,/kaggle/input/datasets/shuvroahmedimaging/ws2-eca/test_set/test_set/images/before/before-video-001/frame_0002.jpg,/kaggle/input/datasets/shuvroahmedimaging/ws2-eca/test_set/test_set/masks/before/before-video-001/frame_0002.jpg
before-video-001,frame_0003.jpg,christian_original_simple,christian_original,0,none,,,,0.182469588401933,0.3086245772266065,0.4438589379813539,0.23655217109526896,4934,9258,0.1355599034577608,0.0,0.0,0.0,0.0,0.0,0.0,/kaggle/input/datasets/shuvroahmedimaging/ws2-eca/test_set/test_set/images/before/before-video-001/frame_0003.jpg,/kaggle/input/datasets/shuvroahmedimaging/ws2-eca/test_set/test_set/masks/before/before-video-001/frame_0003.jpg
before-video-001,frame_0004.jpg,christian_original_simple,christian_original,0,none,,,,0.175998072134308,0.2993169398907104,0.5376687116564417,0.2073828679602461,4075,10565,0.1355599034577608,0.0,0.0,0.0,0.0,0.0,0.0,/kaggle/input/datasets/shuvroahmedimaging/ws2-eca/test_set/test_set/images/before/before-video-001/frame_0004.jpg,/kaggle/input/datasets/shuvroahmedimaging/ws2-eca/test_set/test_set/masks/before/before-video-001/frame_0004.jpg
before-video-001,frame_0005.jpg,christian_original_simple,christian_original,0,none,,,,0.09517800811176205,0.17381285490906098,0.588957055214724,0.1019501834330952,1793,10358,0.1355599034577608,0.0,0.0,0.0,0.0,0.0,0.0,/kaggle/input/datasets/shuvroahmedimaging/ws2-eca/test_set/test_set/images/before/before-video-001/frame_0005.jpg,/kaggle/input/datasets/shuvroahmedimaging/ws2-eca/test_set/test_set/masks/before/before-video-001/frame_0005.jpg
before-video-001,frame_0006.jpg,christian_original_simple,christian_original,0,none,,,,0.15713468687446383,0.27159273446188065,0.5967960901439044,0.17579780852595378,3683,12503,0.1355599034577608,0.0,0.0,0.0,0.0,0.0,0.0,/kaggle/input/datasets/shuvroahmedimaging/ws2-eca/test_set/test_set/images/before/before-video-001/frame_0006.jpg,/kaggle/input/datasets/shuvroahmedimaging/ws2-eca/test_set/test_set/masks/before/before-video-001/frame_0006.jpg
before-video-001,frame_0007.jpg,christian_original_simple,christian_original,0,none,,,,0.19770580296896087,0.3301408450704225,0.5128354725787632,0.24342287454998615,5142,10833,0.1355599034577608,0.0,0.0,0.0,0.0,0.0,0.0,/kaggle/input/datasets/shuvroahmedimaging/ws2-eca/test_set/test_set/images/before/before-video-001/frame_0007.jpg,/kaggle/input/datasets/shuvroahmedimaging/ws2-eca/test_set/test_set/masks/before/before-video-001/frame_0007.jpg
before-video-001,frame_0008.jpg,christian_original_simple,christian_original,0,none,,,,0.20314074571716492,0.3376840929713129,0.8020557029177718,0.21386261161700998,3016,11311,0.1355599034577608,0.0,0.0,0.0,0.0,0.0,0.0,/kaggle/input/datasets/shuvroahmedimaging/ws2-eca/test_set/test_set/images/before/before-video-001/frame_0008.jpg,/kaggle/input/datasets/shuvroahmedimaging/ws2-eca/test_set/test_set/masks/before/before-video-001/frame_0008.jpg
before-video-001,frame_0009.jpg,christian_original_simple,christian_original,0,none,,,,0.24316625250015153,0.39120471941884843,0.8083820269997986,0.2580396192436326,4963,15548,0.1355599034577608,0.0,0.0,0.0,0.0,0.0,0.0,/kaggle/input/datasets/shuvroahmedimaging/ws2-eca/test_set/test_set/images/before/before-video-001/frame_0009.jpg,/kaggle/input/datasets/shuvroahmedimaging/ws2-eca/test_set/test_set/masks/before/before-video-001/frame_0009.jpg
before-video-001,frame_0010.jpg,christian_original_simple,christian_original,0,none,,,,0.42473583093179634,0.5962309948420591,0.8696892210857592,0.4536034880738651,10168,19495,0.1355599034577608,0.0,0.0,0.0,0.0,0.0,0.0,/kaggle/input/datasets/shuvroahmedimaging/ws2-eca/test_set/test_set/images/before/before-video-001/frame_0010.jpg,/kaggle/input/datasets/shuvroahmedimaging/ws2-eca/test_set/test_set/masks/before/before-video-001/frame_0010.jpg
before-video-001,frame_0011.jpg,christian_original_simple,christian_original,0,none,,,,0.4523580365736285,0.6229290921139827,0.9033889731917046,0.47535398701160436,9885,18786,0.1355599034577608,0.0,0.0,0.0,0.0,0.0,0.0,/kaggle/input/datasets/shuvroahmedimaging/ws2-eca/test_set/test_set/images/before/before-video-001/frame_0011.jpg,/kaggle/input/datasets/shuvroahmedimaging/ws2-eca/test_set/test_set/masks/before/before-video-001/frame_0011.jpg
before-video-002,frame_0001.jpg,christian_original_simple,christian_original,0,none,,,,0.2939486337516125,0.45434358997598223,0.8314811743241002,0.31257014590347926,6029,16038,0.1355599034577608,0.0,0.0,0.0,0.0,0.0,0.0,/kaggle/input/datasets/shuvroahmedimaging/ws2-eca/test_set/test_set/images/before/before-video-002/frame_0001.jpg,/kaggle/input/datasets/shuvroahmedimaging/ws2-eca/test_set/test_set/masks/before/before-video-002/frame_0001.jpg
before-video-002,frame_0002.jpg,christian_original_simple,christian_original,0,none,,,,0.37832887135409327,0.5489674913105704,0.8711875405580791,0.4007462686567164,6164,13400,0.1355599034577608,0.0,0.0,0.0,0.0,0.0,0.0,/kaggle/input/datasets/shuvroahmedimaging/ws2-eca/test_set/test_set/images/before/before-video-002/frame_0002.jpg,/kaggle/input/datasets/shuvroahmedimaging/ws2-eca/test_set/test_set/masks/before/before-video-002/frame_0002.jpg
before-video-002,frame_0003.jpg,christian_original_simple,christian_original,0,none,,,,0.41850190320826536,0.5900618141741338,0.8095989480604865,0.4641887816646562,7605,13264,0.1355599034577608,0.0,0.0,0.0,0.0,0.0,0.0,/kaggle/input/datasets/shuvroahmedimaging/ws2-eca/test_set/test_set/images/before/before-video-002/frame_0003.jpg,/kaggle/input/datasets/shuvroahmedimaging/ws2-eca/test_set/test_set/masks/before/before-video-002/frame_0003.jpg
before-video-002,frame_0004.jpg,christian_original_simple,christian_original,0,none,,,,0.305354253148526,0.46784886541260173,0.7608695652173914,0.33776947622383063,5704,12849,0.1355599034577608,0.0,0.0,0.0,0.0,0.0,0.0,/kaggle/input/datasets/shuvroahmedimaging/ws2-eca/test_set/test_set/images/before/before-video-002/frame_0004.jpg,/kaggle/input/datasets/shuvroahmedimaging/ws2-eca/test_set/test_set/masks/before/before-video-002/frame_0004.jpg
before-video-002,frame_0005.jpg,christian_original_simple,christian_original,0,none,,,,0.23018722041199535,0.37423120089786754,0.774721189591078,0.2467002071618822,5380,16895,0.1355599034577608,0.0,0.0,0.0,0.0,0.0,0.0,/kaggle/input/datasets/shuvroahmedimaging/ws2-eca/test_set/test_set/images/before/before-video-002/frame_0005.jpg,/kaggle/input/datasets/shuvroahmedimaging/ws2-eca/test_set/test_set/masks/before/before-video-002/frame_0005.jpg
before-video-002,frame_0006.jpg,christian_original_simple,christian_original,0,none,,,,0.27939754744822676,0.4367642379891823,0.8270823919264949,0.29673061334774387,6639,18505,0.1355599034577608,0.0,0.0,0.0,0.0,0.0,0.0,/kaggle/input/datasets/shuvroahmedimaging/ws2-eca/test_set/test_set/images/before/before-video-002/frame_0006.jpg,/kaggle/input/datasets/shuvroahmedimaging/ws2-eca/test_set/test_set/masks/before/before-video-002/frame_0006.jpg
before-video-002,frame_0007.jpg,christian_original_simple,christian_original,0,none,,,,0.38905094280654234,0.5601679979000262,0.8557516040329972,0.41635542672389764,8728,17939,0.1355599034577608,0.0,0.0,0.0,0.0,0.0,0.0,/kaggle/input/datasets/shuvroahmedimaging/ws2-eca/test_set/test_set/images/before/before-video-002/frame_0007.jpg,/kaggle/input/datasets/shuvroahmedimaging/ws2-eca/test_set/test_set/masks/before/before-video-002/frame_0007.jpg
before-video-002,frame_0008.jpg,christian_original_simple,christian_original,0,none,,,,0.3692104829404978,0.5393042012760323,0.7794919382902216,0.41226993865030676,8621,16300,0.1355599034577608,0.0,0.0,0.0,0.0,0.0,0.0,/kaggle/input/datasets/shuvroahmedimaging/ws2-eca/test_set/test_set/images/before/before-video-002/frame_0008.jpg,/kaggle/input/datasets/shuvroahmedimaging/ws2-eca/test_set/test_set/masks/before/before-video-002/frame_0008.jpg
before-video-002,frame_0009.jpg,christian_original_simple,christian_original,0,none,,,,0.3701624815361891,0.5403191030616645,0.8469649858050561,0.3966947381751409,7397,15793,0.1355599034577608,0.0,0.0,0.0,0.0,0.0,0.0,/kaggle/input/datasets/shuvroahmedimaging/ws2-eca/test_set/test_set/images/before/before-video-002/frame_0009.jpg,/kaggle/input/datasets/shuvroahmedimaging/ws2-eca/test_set/test_set/masks/before/before-video-002/frame_0009.jpg
before-video-002,frame_0010.jpg,christian_original_simple,christian_original,0,none,,,,0.16014746875281,0.27608122771663307,0.6047538200339558,0.1788691372903485,2945,9957,0.1355599034577608,0.0,0.0,0.0,0.0,0.0,0.0,/kaggle/input/datasets/shuvroahmedimaging/ws2-eca/test_set/test_set/images/before/before-video-002/frame_0010.jpg,/kaggle/input/datasets/shuvroahmedimaging/ws2-eca/test_set/test_set/masks/before/before-video-002/frame_0010.jpg
before-video-002,frame_0011.jpg,christian_original_simple,christian_original,0,none,,,,0.09023192822075504,0.165527950310559,0.2019321841257814,0.14024470464412578,5279,7601,0.1355599034577608,0.0,0.0,0.0,0.0,0.0,0.0,/kaggle/input/datasets/shuvroahmedimaging/ws2-eca/test_set/test_set/images/before/before-video-002/frame_0011.jpg,/kaggle/input/datasets/shuvroahmedimaging/ws2-eca/test_set/test_set/masks/before/before-video-002/frame_0011.jpg
before-video-002,frame_0012.jpg,christian_original_simple,christian_original,0,none,,,,0.2760341683462904,0.4326438510718315,0.5792547834843907,0.3452581032412965,4965,8330,0.1355599034577608,0.0,0.0,0.0,0.0,0.0,0.0,/kaggle/input/datasets/shuvroahmedimaging/ws2-eca/test_set/test_set/images/before/before-video-002/frame_0012.jpg,/kaggle/input/datasets/shuvroahmedimaging/ws2-eca/test_set/test_set/masks/before/before-video-002/frame_0012.jpg
before-video-002,frame_0013.jpg,christian_original_simple,christian_original,0,none,,,,0.09820976186454991,0.17885428681276433,0.3706182281708094,0.11786763960677005,3138,9867,0.1355599034577608,0.0,0.0,0.0,0.0,0.0,0.0,/kaggle/input/datasets/shuvroahmedimaging/ws2-eca/test_set/test_set/images/before/before-video-002/frame_0013.jpg,/kaggle/input/datasets/shuvroahmedimaging/ws2-eca/test_set/test_set/masks/before/before-video-002/frame_0013.jpg
before-video-002,frame_0014.jpg,christian_original_simple,christian_original,0,none,,,,0.05440856876746352,0.10320206109679794,0.22403323745605624,0.06704284621270085,3129,10456,0.1355599034577608,0.0,0.0,0.0,0.0,0.0,0.0,/kaggle/input/datasets/shuvroahmedimaging/ws2-eca/test_set/test_set/images/before/before-video-002/frame_0014.jpg,/kaggle/input/datasets/shuvroahmedimaging/ws2-eca/test_set/test_set/masks/before/before-video-002/frame_0014.jpg
before-video-002,frame_0015.jpg,christian_original_simple,christian_original,0,none,,,,0.2810147936672723,0.4387377804791572,0.7325778078484438,0.31313715566481093,5912,13831,0.1355599034577608,0.0,0.0,0.0,0.0,0.0,0.0,/kaggle/input/datasets/shuvroahmedimaging/ws2-eca/test_set/test_set/images/before/before-video-002/frame_0015.jpg,/kaggle/input/datasets/shuvroahmedimaging/ws2-eca/test_set/test_set/masks/before/before-video-002/frame_0015.jpg
before-video-002,frame_0016.jpg,christian_original_simple,christian_original,0,none,,,,0.39224819096731267,0.5634745205806798,0.6976331360946746,0.47259244413267865,6760,9979,0.1355599034577608,0.0,0.0,0.0,0.0,0.0,0.0,/kaggle/input/datasets/shuvroahmedimaging/ws2-eca/test_set/test_set/images/before/before-video-002/frame_0016.jpg,/kaggle/input/datasets/shuvroahmedimaging/ws2-eca/test_set/test_set/masks/before/before-video-002/frame_0016.jpg
before-video-002,frame_0017.jpg,christian_original_simple,christian_original,0,none,,,,0.3045222229410623,0.46687165244991075,0.694760147601476,0.3515572484875644,6775,13389,0.1355599034577608,0.0,0.0,0.0,0.0,0.0,0.0,/kaggle/input/datasets/shuvroahmedimaging/ws2-eca/test_set/test_set/images/before/before-video-002/frame_0017.jpg,/kaggle/input/datasets/shuvroahmedimaging/ws2-eca/test_set/test_set/masks/before/before-video-002/frame_0017.jpg
before-video-002,frame_0018.jpg,christian_original_simple,christian_original,0,none,,,,0.36946692715601454,0.5395777288660635,0.6630271461484524,0.45488282592261703,9983,14551,0.1355599034577608,0.0,0.0,0.0,0.0,0.0,0.0,/kaggle/input/datasets/shuvroahmedimaging/ws2-eca/test_set/test_set/images/before/before-video-002/frame_0018.jpg,/kaggle/input/datasets/shuvroahmedimaging/ws2-eca/test_set/test_set/masks/before/before-video-002/frame_0018.jpg
before-video-002,frame_0019.jpg,christian_original_simple,christian_original,0,none,,,,0.33145489027363856,0.49788377014488033,0.667721864425281,0.3969242748686003,9161,15411,0.1355599034577608,0.0,0.0,0.0,0.0,0.0,0.0,/kaggle/input/datasets/shuvroahmedimaging/ws2-eca/test_set/test_set/images/before/before-video-002/frame_0019.jpg,/kaggle/input/datasets/shuvroahmedimaging/ws2-eca/test_set/test_set/masks/before/before-video-002/frame_0019.jpg
before-video-002,frame_0020.jpg,christian_original_simple,christian_original,0,none,,,,0.2988687677482426,0.4601985591914268,0.7044880939317458,0.34170747285501385,9113,18788,0.1355599034577608,0.0,0.0,0.0,0.0,0.0,0.0,/kaggle/input/datasets/shuvroahmedimaging/ws2-eca/test_set/test_set/images/before/before-video-002/frame_0020.jpg,/kaggle/input/datasets/shuvroahmedimaging/ws2-eca/test_set/test_set/masks/before/before-video-002/frame_0020.jpg
before-video-002,frame_0021.jpg,christian_original_simple,christian_original,0,none,,,,0.3949743945838035,0.5662819276358771,0.7538308622546177,0.453462879920279,12073,20070,0.1355599034577608,0.0,0.0,0.0,0.0,0.0,0.0,/kaggle/input/datasets/shuvroahmedimaging/ws2-eca/test_set/test_set/images/before/before-video-002/frame_0021.jpg,/kaggle/input/datasets/shuvroahmedimaging/ws2-eca/test_set/test_set/masks/before/before-video-002/frame_0021.jpg
before-video-002,frame_0022.jpg,christian_original_simple,christian_original,0,none,,,,0.3641245389455413,0.5338582050976182,0.722449418854929,0.4233461562716781,9292,15857,0.1355599034577608,0.0,0.0,0.0,0.0,0.0,0.0,/kaggle/input/datasets/shuvroahmedimaging/ws2-eca/test_set/test_set/images/before/before-video-002/frame_0022.jpg,/kaggle/input/datasets/shuvroahmedimaging/ws2-eca/test_set/test_set/masks/before/before-video-002/frame_0022.jpg
before-video-002,frame_0023.jpg,christian_original_simple,christian_original,0,none,,,,0.3177383037277958,0.48224795898993733,0.7726235741444867,0.35051404126129854,6575,14493,0.1355599034577608,0.0,0.0,0.0,0.0,0.0,0.0,/kaggle/input/datasets/shuvroahmedimaging/ws2-eca/test_set/test_set/images/before/before-video-002/frame_0023.jpg,/kaggle/input/datasets/shuvroahmedimaging/ws2-eca/test_set/test_set/masks/before/before-video-002/frame_0023.jpg
before-video-002,frame_0024.jpg,christian_original_simple,christian_original,0,none,,,,0.20597336203417194,0.3415885765283356,0.7111007895959127,0.22478343855527821,4306,13622,0.1355599034577608,0.0,0.0,0.0,0.0,0.0,0.0,/kaggle/input/datasets/shuvroahmedimaging/ws2-eca/test_set/test_set/images/before/before-video-002/frame_0024.jpg,/kaggle/input/datasets/shuvroahmedimaging/ws2-eca/test_set/test_set/masks/before/before-video-002/frame_0024.jpg
before-video-002,frame_0025.jpg,christian_original_simple,christian_original,0,none,,,,0.2473435655253837,0.3965925224798864,0.6989157631359466,0.2768417575156921,3597,9081,0.1355599034577608,0.0,0.0,0.0,0.0,0.0,0.0,/kaggle/input/datasets/shuvroahmedimaging/ws2-eca/test_set/test_set/images/before/before-video-002/frame_0025.jpg,/kaggle/input/datasets/shuvroahmedimaging/ws2-eca/test_set/test_set/masks/before/before-video-002/frame_0025.jpg
before-video-002,frame_0026.jpg,christian_original_simple,christian_original,0,none,,,,0.29396325459317585,0.4543610547667343,0.8118042971783588,0.31546122120511016,3863,9941,0.1355599034577608,0.0,0.0,0.0,0.0,0.0,0.0,/kaggle/input/datasets/shuvroahmedimaging/ws2-eca/test_set/test_set/images/before/before-video-002/frame_0026.jpg,/kaggle/input/datasets/shuvroahmedimaging/ws2-eca/test_set/test_set/masks/before/before-video-002/frame_0026.jpg
before-video-002,frame_0027.jpg,christian_original_simple,christian_original,0,none,,,,0.28019378098242453,0.4377365132447417,0.9073330901130974,0.2884481558803062,2741,8622,0.1355599034577608,0.0,0.0,0.0,0.0,0.0,0.0,/kaggle/input/datasets/shuvroahmedimaging/ws2-eca/test_set/test_set/images/before/before-video-002/frame_0027.jpg,/kaggle/input/datasets/shuvroahmedimaging/ws2-eca/test_set/test_set/masks/before/before-video-002/frame_0027.jpg
before-video-002,frame_0028.jpg,christian_original_simple,christian_original,0,none,,,,0.11943587483472895,0.21338582677165355,0.7687943262411348,0.12388571428571428,1410,8750,0.1355599034577608,0.0,0.0,0.0,0.0,0.0,0.0,/kaggle/input/datasets/shuvroahmedimaging/ws2-eca/test_set/test_set/images/before/before-video-002/frame_0028.jpg,/kaggle/input/datasets/shuvroahmedimaging/ws2-eca/test_set/test_set/masks/before/before-video-002/frame_0028.jpg
before-video-002,frame_0029.jpg,christian_original_simple,christian_original,0,none,,,,0.38704800302381254,0.5580888364065765,0.7647498132935027,0.43935926773455375,4017,6992,0.1355599034577608,0.0,0.0,0.0,0.0,0.0,0.0,/kaggle/input/datasets/shuvroahmedimaging/ws2-eca/test_set/test_set/images/before/before-video-002/frame_0029.jpg,/kaggle/input/datasets/shuvroahmedimaging/ws2-eca/test_set/test_set/masks/before/before-video-002/frame_0029.jpg
before-video-002,frame_0030.jpg,christian_original_simple,christian_original,0,none,,,,0.4593782503178089,0.6295533734558125,0.6963910301331465,0.5744219653179191,5708,6920,0.1355599034577608,0.0,0.0,0.0,0.0,0.0,0.0,/kaggle/input/datasets/shuvroahmedimaging/ws2-eca/test_set/test_set/images/before/before-video-002/frame_0030.jpg,/kaggle/input/datasets/shuvroahmedimaging/ws2-eca/test_set/test_set/masks/before/before-video-002/frame_0030.jpg
before-video-002,frame_0031.jpg,christian_original_simple,christian_original,0,none,,,,0.37818383167220376,0.5488147850542386,0.6319685403654869,0.48499911237351323,4323,5633,0.1355599034577608,0.0,0.0,0.0,0.0,0.0,0.0,/kaggle/input/datasets/shuvroahmedimaging/ws2-eca/test_set/test_set/images/before/before-video-002/frame_0031.jpg,/kaggle/input/datasets/shuvroahmedimaging/ws2-eca/test_set/test_set/masks/before/before-video-002/frame_0031.jpg
before-video-002,frame_0032.jpg,christian_original_simple,christian_original,0,none,,,,0.14350194552529183,0.25098679733224444,0.2437219138250066,0.25869809203142535,3783,3564,0.1355599034577608,0.0,0.0,0.0,0.0,0.0,0.0,/kaggle/input/datasets/shuvroahmedimaging/ws2-eca/test_set/test_set/images/before/before-video-002/frame_0032.jpg,/kaggle/input/datasets/shuvroahmedimaging/ws2-eca/test_set/test_set/masks/before/before-video-002/frame_0032.jpg
before-video-002,frame_0033.jpg,christian_original_simple,christian_original,0,none,,,,0.06490384615384616,0.12189616252821671,0.18120805369127516,0.09183673469387756,3278,6468,0.1355599034577608,0.0,0.0,0.0,0.0,0.0,0.0,/kaggle/input/datasets/shuvroahmedimaging/ws2-eca/test_set/test_set/images/before/before-video-002/frame_0033.jpg,/kaggle/input/datasets/shuvroahmedimaging/ws2-eca/test_set/test_set/masks/before/before-video-002/frame_0033.jpg
before-video-002,frame_0034.jpg,christian_original_simple,christian_original,0,none,,,,0.09448412990647323,0.17265509352711614,0.31155900922778046,0.11941548771407297,4118,10744,0.1355599034577608,0.0,0.0,0.0,0.0,0.0,0.0,/kaggle/input/datasets/shuvroahmedimaging/ws2-eca/test_set/test_set/images/before/before-video-002/frame_0034.jpg,/kaggle/input/datasets/shuvroahmedimaging/ws2-eca/test_set/test_set/masks/before/before-video-002/frame_0034.jpg
before-video-002,frame_0035.jpg,christian_original_simple,christian_original,0,none,,,,0.0763169164882227,0.1418112366703804,0.4640625,0.08369340597407476,1920,10646,0.1355599034577608,0.0,0.0,0.0,0.0,0.0,0.0,/kaggle/input/datasets/shuvroahmedimaging/ws2-eca/test_set/test_set/images/before/before-video-002/frame_0035.jpg,/kaggle/input/datasets/shuvroahmedimaging/ws2-eca/test_set/test_set/masks/before/before-video-002/frame_0035.jpg
before-video-002,frame_0036.jpg,christian_original_simple,christian_original,0,none,,,,0.1616464582003829,0.2783057737735538,0.6394849785407726,0.17785423395590508,3961,14242,0.1355599034577608,0.0,0.0,0.0,0.0,0.0,0.0,/kaggle/input/datasets/shuvroahmedimaging/ws2-eca/test_set/test_set/images/before/before-video-002/frame_0036.jpg,/kaggle/input/datasets/shuvroahmedimaging/ws2-eca/test_set/test_set/masks/before/before-video-002/frame_0036.jpg
before-video-002,frame_0037.jpg,christian_original_simple,christian_original,0,none,,,,0.23748435544430538,0.3838179519595449,0.9027117031398668,0.24372230428360414,4204,15571,0.1355599034577608,0.0,0.0,0.0,0.0,0.0,0.0,/kaggle/input/datasets/shuvroahmedimaging/ws2-eca/test_set/test_set/images/before/before-video-002/frame_0037.jpg,/kaggle/input/datasets/shuvroahmedimaging/ws2-eca/test_set/test_set/masks/before/before-video-002/frame_0037.jpg
before-video-002,frame_0038.jpg,christian_original_simple,christian_original,0,none,,,,0.2876547127895906,0.44678858382215214,0.8405044510385756,0.30426317556226923,5392,14895,0.1355599034577608,0.0,0.0,0.0,0.0,0.0,0.0,/kaggle/input/datasets/shuvroahmedimaging/ws2-eca/test_set/test_set/images/before/before-video-002/frame_0038.jpg,/kaggle/input/datasets/shuvroahmedimaging/ws2-eca/test_set/test_set/masks/before/before-video-002/frame_0038.jpg
before-video-002,frame_0039.jpg,christian_original_simple,christian_original,0,none,,,,0.1518408249219374,0.2636489723868365,0.8997418244406197,0.1544541291180381,2324,13538,0.1355599034577608,0.0,0.0,0.0,0.0,0.0,0.0,/kaggle/input/datasets/shuvroahmedimaging/ws2-eca/test_set/test_set/images/before/before-video-002/frame_0039.jpg,/kaggle/input/datasets/shuvroahmedimaging/ws2-eca/test_set/test_set/masks/before/before-video-002/frame_0039.jpg
before-video-002,frame_0040.jpg,christian_original_simple,christian_original,0,none,,,,0.18200853668357897,0.30796484295155685,0.9149797570850202,0.18513967395756534,2470,12207,0.1355599034577608,0.0,0.0,0.0,0.0,0.0,0.0,/kaggle/input/datasets/shuvroahmedimaging/ws2-eca/test_set/test_set/images/before/before-video-002/frame_0040.jpg,/kaggle/input/datasets/shuvroahmedimaging/ws2-eca/test_set/test_set/masks/before/before-video-002/frame_0040.jpg
before-video-002,frame_0041.jpg,christian_original_simple,christian_original,0,none,,,,0.39143186341259034,0.5626317374284854,0.8668522384597541,0.4164716371336231,4311,8973,0.1355599034577608,0.0,0.0,0.0,0.0,0.0,0.0,/kaggle/input/datasets/shuvroahmedimaging/ws2-eca/test_set/test_set/images/before/before-video-002/frame_0041.jpg,/kaggle/input/datasets/shuvroahmedimaging/ws2-eca/test_set/test_set/masks/before/before-video-002/frame_0041.jpg
before-video-002,frame_0042.jpg,christian_original_simple,christian_original,0,none,,,,0.3749416705552963,0.5453928389614797,0.7505838393274171,0.4283049040511727,4282,7504,0.1355599034577608,0.0,0.0,0.0,0.0,0.0,0.0,/kaggle/input/datasets/shuvroahmedimaging/ws2-eca/test_set/test_set/images/before/before-video-002/frame_0042.jpg,/kaggle/input/datasets/shuvroahmedimaging/ws2-eca/test_set/test_set/masks/before/before-video-002/frame_0042.jpg
before-video-002,frame_0043.jpg,christian_original_simple,christian_original,0,none,,,,0.3966772872098316,0.5680299820759329,0.7563462790193101,0.4547945205479452,4609,7665,0.1355599034577608,0.0,0.0,0.0,0.0,0.0,0.0,/kaggle/input/datasets/shuvroahmedimaging/ws2-eca/test_set/test_set/images/before/before-video-002/frame_0043.jpg,/kaggle/input/datasets/shuvroahmedimaging/ws2-eca/test_set/test_set/masks/before/before-video-002/frame_0043.jpg
before-video-002,frame_0044.jpg,christian_original_simple,christian_original,0,none,,,,0.38451935081148564,0.5554553651938684,0.7298578199052133,0.4483260553129549,4642,7557,0.1355599034577608,0.0,0.0,0.0,0.0,0.0,0.0,/kaggle/input/datasets/shuvroahmedimaging/ws2-eca/test_set/test_set/images/before/before-video-002/frame_0044.jpg,/kaggle/input/datasets/shuvroahmedimaging/ws2-eca/test_set/test_set/masks/before/before-video-002/frame_0044.jpg
before-video-002,frame_0045.jpg,christian_original_simple,christian_original,0,none,,,,0.3070649052268811,0.4698541044120232,0.8257645968489342,0.3283380420095811,3237,8141,0.1355599034577608,0.0,0.0,0.0,0.0,0.0,0.0,/kaggle/input/datasets/shuvroahmedimaging/ws2-eca/test_set/test_set/images/before/before-video-002/frame_0045.jpg,/kaggle/input/datasets/shuvroahmedimaging/ws2-eca/test_set/test_set/masks/before/before-video-002/frame_0045.jpg
before-video-002,frame_0046.jpg,christian_original_simple,christian_original,0,none,,,,0.09733315283606335,0.17739945719220332,0.9466754443712969,0.09786973388688491,1519,14693,0.1355599034577608,0.0,0.0,0.0,0.0,0.0,0.0,/kaggle/input/datasets/shuvroahmedimaging/ws2-eca/test_set/test_set/images/before/before-video-002/frame_0046.jpg,/kaggle/input/datasets/shuvroahmedimaging/ws2-eca/test_set/test_set/masks/before/before-video-002/frame_0046.jpg
before-video-002,frame_0047.jpg,christian_original_simple,christian_original,0,none,,,,0.3983435942538845,0.5697363593479742,0.9119127516778524,0.4142846253525421,5960,13119,0.1355599034577608,0.0,0.0,0.0,0.0,0.0,0.0,/kaggle/input/datasets/shuvroahmedimaging/ws2-eca/test_set/test_set/images/before/before-video-002/frame_0047.jpg,/kaggle/input/datasets/shuvroahmedimaging/ws2-eca/test_set/test_set/masks/before/before-video-002/frame_0047.jpg
before-video-002,frame_0048.jpg,christian_original_simple,christian_original,0,none,,,,0.4630885613668971,0.6330287497214174,0.7113092256836622,0.5702698361708962,9983,12452,0.1355599034577608,0.0,0.0,0.0,0.0,0.0,0.0,/kaggle/input/datasets/shuvroahmedimaging/ws2-eca/test_set/test_set/images/before/before-video-002/frame_0048.jpg,/kaggle/input/datasets/shuvroahmedimaging/ws2-eca/test_set/test_set/masks/before/before-video-002/frame_0048.jpg
before-video-002,frame_0049.jpg,christian_original_simple,christian_original,0,none,,,,0.4662507466648968,0.635976824189752,0.753674498444373,0.5500743872836896,9321,12771,0.1355599034577608,0.0,0.0,0.0,0.0,0.0,0.0,/kaggle/input/datasets/shuvroahmedimaging/ws2-eca/test_set/test_set/images/before/before-video-002/frame_0049.jpg,/kaggle/input/datasets/shuvroahmedimaging/ws2-eca/test_set/test_set/masks/before/before-video-002/frame_0049.jpg
before-video-003,frame_0001.jpg,christian_original_simple,christian_original,0,none,,,,0.3773544290173286,0.5479409236539814,0.5562430588608599,0.539882968894364,6303,6494,0.1355599034577608,0.0,0.0,0.0,0.0,0.0,0.0,/kaggle/input/datasets/shuvroahmedimaging/ws2-eca/test_set/test_set/images/before/before-video-003/frame_0001.jpg,/kaggle/input/datasets/shuvroahmedimaging/ws2-eca/test_set/test_set/masks/before/before-video-003/frame_0001.jpg
before-video-003,frame_0002.jpg,christian_original_simple,christian_original,0,none,,,,0.32116589485153907,0.4861855670103093,0.5874439461883408,0.41470277875483647,2007,2843,0.1355599034577608,0.0,0.0,0.0,0.0,0.0,0.0,/kaggle/input/datasets/shuvroahmedimaging/ws2-eca/test_set/test_set/images/before/before-video-003/frame_0002.jpg,/kaggle/input/datasets/shuvroahmedimaging/ws2-eca/test_set/test_set/masks/before/before-video-003/frame_0002.jpg
before-video-003,frame_0003.jpg,christian_original_simple,christian_original,0,none,,,,0.25825740318906604,0.41050011314777096,0.8033658104517272,0.2756838905775076,1129,3290,0.1355599034577608,0.0,0.0,0.0,0.0,0.0,0.0,/kaggle/input/datasets/shuvroahmedimaging/ws2-eca/test_set/test_set/images/before/before-video-003/frame_0003.jpg,/kaggle/input/datasets/shuvroahmedimaging/ws2-eca/test_set/test_set/masks/before/before-video-003/frame_0003.jpg
before-video-003,frame_0004.jpg,christian_original_simple,christian_original,0,none,,,,0.23666462293071736,0.38274665344571146,0.5319735391400221,0.29890041815084406,3628,6457,0.1355599034577608,0.0,0.0,0.0,0.0,0.0,0.0,/kaggle/input/datasets/shuvroahmedimaging/ws2-eca/test_set/test_set/images/before/before-video-003/frame_0004.jpg,/kaggle/input/datasets/shuvroahmedimaging/ws2-eca/test_set/test_set/masks/before/before-video-003/frame_0004.jpg
before-video-003,frame_0005.jpg,christian_original_simple,christian_original,0,none,,,,0.22380377965420184,0.3657510842423446,0.7294888597640892,0.24405858107515566,3815,11403,0.1355599034577608,0.0,0.0,0.0,0.0,0.0,0.0,/kaggle/input/datasets/shuvroahmedimaging/ws2-eca/test_set/test_set/images/before/before-video-003/frame_0005.jpg,/kaggle/input/datasets/shuvroahmedimaging/ws2-eca/test_set/test_set/masks/before/before-video-003/frame_0005.jpg
before-video-003,frame_0006.jpg,christian_original_simple,christian_original,0,none,,,,0.21766708953729053,0.357514942150573,0.8808430154012429,0.22427077600440287,3701,14536,0.1355599034577608,0.0,0.0,0.0,0.0,0.0,0.0,/kaggle/input/datasets/shuvroahmedimaging/ws2-eca/test_set/test_set/images/before/before-video-003/frame_0006.jpg,/kaggle/input/datasets/shuvroahmedimaging/ws2-eca/test_set/test_set/masks/before/before-video-003/frame_0006.jpg
before-video-003,frame_0007.jpg,christian_original_simple,christian_original,0,none,,,,0.18213960464991696,0.3081524448271174,0.9645390070921985,0.1833674900226513,3525,18542,0.1355599034577608,0.0,0.0,0.0,0.0,0.0,0.0,/kaggle/input/datasets/shuvroahmedimaging/ws2-eca/test_set/test_set/images/before/before-video-003/frame_0007.jpg,/kaggle/input/datasets/shuvroahmedimaging/ws2-eca/test_set/test_set/masks/before/before-video-003/frame_0007.jpg
before-video-003,frame_0008.jpg,christian_original_simple,christian_original,0,none,,,,0.20209335518316857,0.33623570800351804,0.9935031185031185,0.20236078763497778,3848,18892,0.1355599034577608,0.0,0.0,0.0,0.0,0.0,0.0,/kaggle/input/datasets/shuvroahmedimaging/ws2-eca/test_set/test_set/images/before/before-video-003/frame_0008.jpg,/kaggle/input/datasets/shuvroahmedimaging/ws2-eca/test_set/test_set/masks/before/before-video-003/frame_0008.jpg
before-video-003,frame_0009.jpg,christian_original_simple,christian_original,0,none,,,,0.19580060201159974,0.3274803536345776,0.9947780678851175,0.19600205776438598,2681,13607,0.1355599034577608,0.0,0.0,0.0,0.0,0.0,0.0,/kaggle/input/datasets/shuvroahmedimaging/ws2-eca/test_set/test_set/images/before/before-video-003/frame_0009.jpg,/kaggle/input/datasets/shuvroahmedimaging/ws2-eca/test_set/test_set/masks/before/before-video-003/frame_0009.jpg
before-video-003,frame_0010.jpg,christian_original_simple,christian_original,0,none,,,,0.44583186774533945,0.6167132952195596,0.9234972677595629,0.4629291453615778,5490,10952,0.1355599034577608,0.0,0.0,0.0,0.0,0.0,0.0,/kaggle/input/datasets/shuvroahmedimaging/ws2-eca/test_set/test_set/images/before/before-video-003/frame_0010.jpg,/kaggle/input/datasets/shuvroahmedimaging/ws2-eca/test_set/test_set/masks/before/before-video-003/frame_0010.jpg
before-video-003,frame_0011.jpg,christian_original_simple,christian_original,0,none,,,,0.5975934749253008,0.748117070211798,0.8214008214008214,0.6868386857248933,9009,10774,0.1355599034577608,0.0,0.0,0.0,0.0,0.0,0.0,/kaggle/input/datasets/shuvroahmedimaging/ws2-eca/test_set/test_set/images/before/before-video-003/frame_0011.jpg,/kaggle/input/datasets/shuvroahmedimaging/ws2-eca/test_set/test_set/masks/before/before-video-003/frame_0011.jpg
before-video-003,frame_0012.jpg,christian_original_simple,christian_original,0,none,,,,0.626356838465868,0.7702575765066495,0.8021830913397179,0.7407759604412324,9711,10516,0.1355599034577608,0.0,0.0,0.0,0.0,0.0,0.0,/kaggle/input/datasets/shuvroahmedimaging/ws2-eca/test_set/test_set/images/before/before-video-003/frame_0012.jpg,/kaggle/input/datasets/shuvroahmedimaging/ws2-eca/test_set/test_set/masks/before/before-video-003/frame_0012.jpg
before-video-003,frame_0013.jpg,christian_original_simple,christian_original,0,none,,,,0.6640554135400346,0.7981169474727453,0.7929302875147696,0.8033719074221868,10156,10024,0.1355599034577608,0.0,0.0,0.0,0.0,0.0,0.0,/kaggle/input/datasets/shuvroahmedimaging/ws2-eca/test_set/test_set/images/before/before-video-003/frame_0013.jpg,/kaggle/input/datasets/shuvroahmedimaging/ws2-eca/test_set/test_set/masks/before/before-video-003/frame_0013.jpg
before-video-003,frame_0014.jpg,christian_original_simple,christian_original,0,none,,,,0.734876128288842,0.8471799413294958,0.8825971629569831,0.8144955300127714,8671,9396,0.1355599034577608,0.0,0.0,0.0,0.0,0.0,0.0,/kaggle/input/datasets/shuvroahmedimaging/ws2-eca/test_set/test_set/images/before/before-video-003/frame_0014.jpg,/kaggle/input/datasets/shuvroahmedimaging/ws2-eca/test_set/test_set/masks/before/before-video-003/frame_0014.jpg
before-video-003,frame_0015.jpg,christian_original_simple,christian_original,0,none,,,,0.47938675599072406,0.6480884786205695,0.8749118269456854,0.5146611341632088,4253,7230,0.1355599034577608,0.0,0.0,0.0,0.0,0.0,0.0,/kaggle/input/datasets/shuvroahmedimaging/ws2-eca/test_set/test_set/images/before/before-video-003/frame_0015.jpg,/kaggle/input/datasets/shuvroahmedimaging/ws2-eca/test_set/test_set/masks/before/before-video-003/frame_0015.jpg
before-video-003,frame_0016.jpg,christian_original_simple,christian_original,0,none,,,,0.26524685382381413,0.41928079571537874,0.5747677554689841,0.330006882312457,3337,5812,0.1355599034577608,0.0,0.0,0.0,0.0,0.0,0.0,/kaggle/input/datasets/shuvroahmedimaging/ws2-eca/test_set/test_set/images/before/before-video-003/frame_0016.jpg,/kaggle/input/datasets/shuvroahmedimaging/ws2-eca/test_set/test_set/masks/before/before-video-003/frame_0016.jpg
before-video-003,frame_0017.jpg,christian_original_simple,christian_original,0,none,,,,0.2594739667203435,0.41203545857483803,0.5408368762586708,0.33278259672311716,4469,7263,0.1355599034577608,0.0,0.0,0.0,0.0,0.0,0.0,/kaggle/input/datasets/shuvroahmedimaging/ws2-eca/test_set/test_set/images/before/before-video-003/frame_0017.jpg,/kaggle/input/datasets/shuvroahmedimaging/ws2-eca/test_set/test_set/masks/before/before-video-003/frame_0017.jpg
before-video-003,frame_0018.jpg,christian_original_simple,christian_original,0,none,,,,0.3835976592316173,0.5544930734338605,0.7468626155878467,0.44092415675570285,6056,10258,0.1355599034577608,0.0,0.0,0.0,0.0,0.0,0.0,/kaggle/input/datasets/shuvroahmedimaging/ws2-eca/test_set/test_set/images/before/before-video-003/frame_0018.jpg,/kaggle/input/datasets/shuvroahmedimaging/ws2-eca/test_set/test_set/masks/before/before-video-003/frame_0018.jpg
before-video-003,frame_0019.jpg,christian_original_simple,christian_original,0,none,,,,0.32413793103448274,0.4895833333333333,0.7205286343612335,0.37074984132740957,5675,11029,0.1355599034577608,0.0,0.0,0.0,0.0,0.0,0.0,/kaggle/input/datasets/shuvroahmedimaging/ws2-eca/test_set/test_set/images/before/before-video-003/frame_0019.jpg,/kaggle/input/datasets/shuvroahmedimaging/ws2-eca/test_set/test_set/masks/before/before-video-003/frame_0019.jpg
before-video-003,frame_0020.jpg,christian_original_simple,christian_original,0,none,,,,0.29440079280809794,0.4548835174450399,0.7873911397198031,0.3198246693325131,5282,13004,0.1355599034577608,0.0,0.0,0.0,0.0,0.0,0.0,/kaggle/input/datasets/shuvroahmedimaging/ws2-eca/test_set/test_set/images/before/before-video-003/frame_0020.jpg,/kaggle/input/datasets/shuvroahmedimaging/ws2-eca/test_set/test_set/masks/before/before-video-003/frame_0020.jpg
before-video-003,frame_0021.jpg,christian_original_simple,christian_original,0,none,,,,0.2813056015706485,0.43909212794483815,0.8077871740662438,0.3014860599684377,5676,15208,0.1355599034577608,0.0,0.0,0.0,0.0,0.0,0.0,/kaggle/input/datasets/shuvroahmedimaging/ws2-eca/test_set/test_set/images/before/before-video-003/frame_0021.jpg,/kaggle/input/datasets/shuvroahmedimaging/ws2-eca/test_set/test_set/masks/before/before-video-003/frame_0021.jpg
before-video-003,frame_0022.jpg,christian_original_simple,christian_original,0,none,,,,0.32570152170878125,0.4913647851727043,0.8645543820641097,0.3432144170650975,5397,13595,0.1355599034577608,0.0,0.0,0.0,0.0,0.0,0.0,/kaggle/input/datasets/shuvroahmedimaging/ws2-eca/test_set/test_set/images/before/before-video-003/frame_0022.jpg,/kaggle/input/datasets/shuvroahmedimaging/ws2-eca/test_set/test_set/masks/before/before-video-003/frame_0022.jpg
before-video-003,frame_0023.jpg,christian_original_simple,christian_original,0,none,,,,0.2702416117549042,0.425496392582434,0.9514666666666667,0.27401889255817524,3750,13021,0.1355599034577608,0.0,0.0,0.0,0.0,0.0,0.0,/kaggle/input/datasets/shuvroahmedimaging/ws2-eca/test_set/test_set/images/before/before-video-003/frame_0023.jpg,/kaggle/input/datasets/shuvroahmedimaging/ws2-eca/test_set/test_set/masks/before/before-video-003/frame_0023.jpg
before-video-003,frame_0024.jpg,christian_original_simple,christian_original,0,none,,,,0.11129664585450849,0.2003005161037434,0.9720989220038047,0.11165331391114348,1577,13730,0.1355599034577608,0.0,0.0,0.0,0.0,0.0,0.0,/kaggle/input/datasets/shuvroahmedimaging/ws2-eca/test_set/test_set/images/before/before-video-003/frame_0024.jpg,/kaggle/input/datasets/shuvroahmedimaging/ws2-eca/test_set/test_set/masks/before/before-video-003/frame_0024.jpg
before-video-003,frame_0025.jpg,christian_original_simple,christian_original,0,none,,,,0.24767864352038757,0.3970231354149814,0.9951338199513382,0.24797898140662894,2466,9896,0.1355599034577608,0.0,0.0,0.0,0.0,0.0,0.0,/kaggle/input/datasets/shuvroahmedimaging/ws2-eca/test_set/test_set/images/before/before-video-003/frame_0025.jpg,/kaggle/input/datasets/shuvroahmedimaging/ws2-eca/test_set/test_set/masks/before/before-video-003/frame_0025.jpg
before-video-003,frame_0026.jpg,christian_original_simple,christian_original,0,none,,,,0.6574826327563876,0.7933508560062513,0.8360533013924241,0.7547985942146526,6679,7398,0.1355599034577608,0.0,0.0,0.0,0.0,0.0,0.0,/kaggle/input/datasets/shuvroahmedimaging/ws2-eca/test_set/test_set/images/before/before-video-003/frame_0026.jpg,/kaggle/input/datasets/shuvroahmedimaging/ws2-eca/test_set/test_set/masks/before/before-video-003/frame_0026.jpg
before-video-003,frame_0027.jpg,christian_original_simple,christian_original,0,none,,,,0.4297396913153651,0.6011439619753485,0.6293859649122807,0.5753276792598304,5928,6485,0.1355599034577608,0.0,0.0,0.0,0.0,0.0,0.0,/kaggle/input/datasets/shuvroahmedimaging/ws2-eca/test_set/test_set/images/before/before-video-003/frame_0027.jpg,/kaggle/input/datasets/shuvroahmedimaging/ws2-eca/test_set/test_set/masks/before/before-video-003/frame_0027.jpg
before-video-003,frame_0028.jpg,christian_original_simple,christian_original,0,none,,,,0.325616813889735,0.4912683823529412,0.5441126569392603,0.44777994973471097,5894,7162,0.1355599034577608,0.0,0.0,0.0,0.0,0.0,0.0,/kaggle/input/datasets/shuvroahmedimaging/ws2-eca/test_set/test_set/images/before/before-video-003/frame_0028.jpg,/kaggle/input/datasets/shuvroahmedimaging/ws2-eca/test_set/test_set/masks/before/before-video-003/frame_0028.jpg
before-video-003,frame_0029.jpg,christian_original_simple,christian_original,0,none,,,,0.41382956227532247,0.5854023332336225,0.6841461282992484,0.5115671154097503,5721,7651,0.1355599034577608,0.0,0.0,0.0,0.0,0.0,0.0,/kaggle/input/datasets/shuvroahmedimaging/ws2-eca/test_set/test_set/images/before/before-video-003/frame_0029.jpg,/kaggle/input/datasets/shuvroahmedimaging/ws2-eca/test_set/test_set/masks/before/before-video-003/frame_0029.jpg
before-video-003,frame_0030.jpg,christian_original_simple,christian_original,0,none,,,,0.41314600117901357,0.5847180699436835,0.7408386187455955,0.48294475709199497,5676,8707,0.1355599034577608,0.0,0.0,0.0,0.0,0.0,0.0,/kaggle/input/datasets/shuvroahmedimaging/ws2-eca/test_set/test_set/images/before/before-video-003/frame_0030.jpg,/kaggle/input/datasets/shuvroahmedimaging/ws2-eca/test_set/test_set/masks/before/before-video-003/frame_0030.jpg
before-video-003,frame_0031.jpg,christian_original_simple,christian_original,0,none,,,,0.4358852808722446,0.6071310663585342,0.8167283493708364,0.4831421315351607,6755,11419,0.1355599034577608,0.0,0.0,0.0,0.0,0.0,0.0,/kaggle/input/datasets/shuvroahmedimaging/ws2-eca/test_set/test_set/images/before/before-video-003/frame_0031.jpg,/kaggle/input/datasets/shuvroahmedimaging/ws2-eca/test_set/test_set/masks/before/before-video-003/frame_0031.jpg
before-video-003,frame_0032.jpg,christian_original_simple,christian_original,0,none,,,,0.4489991227370604,0.6197369145247399,0.8516109514445621,0.48710849627963315,6611,11558,0.1355599034577608,0.0,0.0,0.0,0.0,0.0,0.0,/kaggle/input/datasets/shuvroahmedimaging/ws2-eca/test_set/test_set/images/before/before-video-003/frame_0032.jpg,/kaggle/input/datasets/shuvroahmedimaging/ws2-eca/test_set/test_set/masks/before/before-video-003/frame_0032.jpg
before-video-003,frame_0033.jpg,christian_original_simple,christian_original,0,none,,,,0.39046801202232717,0.5616353754940712,0.7548140770252324,0.44718725413060584,6024,10168,0.1355599034577608,0.0,0.0,0.0,0.0,0.0,0.0,/kaggle/input/datasets/shuvroahmedimaging/ws2-eca/test_set/test_set/images/before/before-video-003/frame_0033.jpg,/kaggle/input/datasets/shuvroahmedimaging/ws2-eca/test_set/test_set/masks/before/before-video-003/frame_0033.jpg
before-video-003,frame_0034.jpg,christian_original_simple,christian_original,0,none,,,,0.3429716077338443,0.5107652399481193,0.6520947176684881,0.4197846711438013,6039,9381,0.1355599034577608,0.0,0.0,0.0,0.0,0.0,0.0,/kaggle/input/datasets/shuvroahmedimaging/ws2-eca/test_set/test_set/images/before/before-video-003/frame_0034.jpg,/kaggle/input/datasets/shuvroahmedimaging/ws2-eca/test_set/test_set/masks/before/before-video-003/frame_0034.jpg
before-video-003,frame_0035.jpg,christian_original_simple,christian_original,0,none,,,,0.3448723897911833,0.5128700572769305,0.6114859305578411,0.4416448775849774,6077,8414,0.1355599034577608,0.0,0.0,0.0,0.0,0.0,0.0,/kaggle/input/datasets/shuvroahmedimaging/ws2-eca/test_set/test_set/images/before/before-video-003/frame_0035.jpg,/kaggle/input/datasets/shuvroahmedimaging/ws2-eca/test_set/test_set/masks/before/before-video-003/frame_0035.jpg
before-video-003,frame_0036.jpg,christian_original_simple,christian_original,0,none,,,,0.19654345906395862,0.32851871375856617,0.47616136919315405,0.25076452599388377,3272,6213,0.1355599034577608,0.0,0.0,0.0,0.0,0.0,0.0,/kaggle/input/datasets/shuvroahmedimaging/ws2-eca/test_set/test_set/images/before/before-video-003/frame_0036.jpg,/kaggle/input/datasets/shuvroahmedimaging/ws2-eca/test_set/test_set/masks/before/before-video-003/frame_0036.jpg
before-video-003,frame_0037.jpg,christian_original_simple,christian_original,0,none,,,,0.17959573886916144,0.3045038786615723,0.5651052857756769,0.20839936608557844,2327,6310,0.1355599034577608,0.0,0.0,0.0,0.0,0.0,0.0,/kaggle/input/datasets/shuvroahmedimaging/ws2-eca/test_set/test_set/images/before/before-video-003/frame_0037.jpg,/kaggle/input/datasets/shuvroahmedimaging/ws2-eca/test_set/test_set/masks/before/before-video-003/frame_0037.jpg
before-video-003,frame_0038.jpg,christian_original_simple,christian_original,0,none,,,,0.47446646341463417,0.6435771517187904,0.7343688556822651,0.5727649133568471,5086,6521,0.1355599034577608,0.0,0.0,0.0,0.0,0.0,0.0,/kaggle/input/datasets/shuvroahmedimaging/ws2-eca/test_set/test_set/images/before/before-video-003/frame_0038.jpg,/kaggle/input/datasets/shuvroahmedimaging/ws2-eca/test_set/test_set/masks/before/before-video-003/frame_0038.jpg
before-video-003,frame_0039.jpg,christian_original_simple,christian_original,0,none,,,,0.3707525613621287,0.5409474646448352,0.7865519937451134,0.41222750368792,6395,12202,0.1355599034577608,0.0,0.0,0.0,0.0,0.0,0.0,/kaggle/input/datasets/shuvroahmedimaging/ws2-eca/test_set/test_set/images/before/before-video-003/frame_0039.jpg,/kaggle/input/datasets/shuvroahmedimaging/ws2-eca/test_set/test_set/masks/before/before-video-003/frame_0039.jpg
before-video-003,frame_0040.jpg,christian_original_simple,christian_original,0,none,,,,0.40959763750461425,0.5811553972660137,0.7727019498607243,0.46570972886762363,7180,11913,0.1355599034577608,0.0,0.0,0.0,0.0,0.0,0.0,/kaggle/input/datasets/shuvroahmedimaging/ws2-eca/test_set/test_set/images/before/before-video-003/frame_0040.jpg,/kaggle/input/datasets/shuvroahmedimaging/ws2-eca/test_set/test_set/masks/before/before-video-003/frame_0040.jpg
before-video-003,frame_0041.jpg,christian_original_simple,christian_original,0,none,,,,0.3014813269351137,0.4632895158704713,0.6026692617822883,0.3762694210571999,7193,11521,0.1355599034577608,0.0,0.0,0.0,0.0,0.0,0.0,/kaggle/input/datasets/shuvroahmedimaging/ws2-eca/test_set/test_set/images/before/before-video-003/frame_0041.jpg,/kaggle/input/datasets/shuvroahmedimaging/ws2-eca/test_set/test_set/masks/before/before-video-003/frame_0041.jpg
before-video-003,frame_0042.jpg,christian_original_simple,christian_original,0,none,,,,0.21004651162790697,0.3471709717097171,0.5323797547940899,0.2575665399239544,6362,13150,0.1355599034577608,0.0,0.0,0.0,0.0,0.0,0.0,/kaggle/input/datasets/shuvroahmedimaging/ws2-eca/test_set/test_set/images/before/before-video-003/frame_0042.jpg,/kaggle/input/datasets/shuvroahmedimaging/ws2-eca/test_set/test_set/masks/before/before-video-003/frame_0042.jpg
before-video-003,frame_0043.jpg,christian_original_simple,christian_original,0,none,,,,0.13337870023817625,0.2353647553287301,0.5371334612222527,0.15069967707212056,3649,13006,0.1355599034577608,0.0,0.0,0.0,0.0,0.0,0.0,/kaggle/input/datasets/shuvroahmedimaging/ws2-eca/test_set/test_set/images/before/before-video-003/frame_0043.jpg,/kaggle/input/datasets/shuvroahmedimaging/ws2-eca/test_set/test_set/masks/before/before-video-003/frame_0043.jpg
before-video-003,frame_0044.jpg,christian_original_simple,christian_original,0,none,,,,0.15165684082130515,0.2633715798764342,0.6613475177304965,0.16442583204760855,2256,9074,0.1355599034577608,0.0,0.0,0.0,0.0,0.0,0.0,/kaggle/input/datasets/shuvroahmedimaging/ws2-eca/test_set/test_set/images/before/before-video-003/frame_0044.jpg,/kaggle/input/datasets/shuvroahmedimaging/ws2-eca/test_set/test_set/masks/before/before-video-003/frame_0044.jpg
before-video-003,frame_0045.jpg,christian_original_simple,christian_original,0,none,,,,0.017915904936014627,0.035201149425287355,0.8305084745762712,0.01798165137614679,177,8175,0.1355599034577608,0.0,0.0,0.0,0.0,0.0,0.0,/kaggle/input/datasets/shuvroahmedimaging/ws2-eca/test_set/test_set/images/before/before-video-003/frame_0045.jpg,/kaggle/input/datasets/shuvroahmedimaging/ws2-eca/test_set/test_set/masks/before/before-video-003/frame_0045.jpg
before-video-003,frame_0046.jpg,christian_original_simple,christian_original,0,none,,,,0.11088658752210154,0.1996361982719418,0.3602790315962249,0.13807202390312942,2437,6359,0.1355599034577608,0.0,0.0,0.0,0.0,0.0,0.0,/kaggle/input/datasets/shuvroahmedimaging/ws2-eca/test_set/test_set/images/before/before-video-003/frame_0046.jpg,/kaggle/input/datasets/shuvroahmedimaging/ws2-eca/test_set/test_set/masks/before/before-video-003/frame_0046.jpg
before-video-004,frame_0001.jpg,christian_original_simple,christian_original,0,none,,,,0.3593193055076463,0.5286753510404331,0.7691361063253753,0.40275808738239466,4063,7759,0.1355599034577608,0.0,0.0,0.0,0.0,0.0,0.0,/kaggle/input/datasets/shuvroahmedimaging/ws2-eca/test_set/test_set/images/before/before-video-004/frame_0001.jpg,/kaggle/input/datasets/shuvroahmedimaging/ws2-eca/test_set/test_set/masks/before/before-video-004/frame_0001.jpg
before-video-004,frame_0002.jpg,christian_original_simple,christian_original,0,none,,,,0.35884274381707887,0.5281593406593407,0.7312666413084823,0.41335196731885615,5258,9302,0.1355599034577608,0.0,0.0,0.0,0.0,0.0,0.0,/kaggle/input/datasets/shuvroahmedimaging/ws2-eca/test_set/test_set/images/before/before-video-004/frame_0002.jpg,/kaggle/input/datasets/shuvroahmedimaging/ws2-eca/test_set/test_set/masks/before/before-video-004/frame_0002.jpg
before-video-004,frame_0003.jpg,christian_original_simple,christian_original,0,none,,,,0.3241575700047461,0.48960573476702507,0.6591073582629674,0.3894511760513186,4145,7015,0.1355599034577608,0.0,0.0,0.0,0.0,0.0,0.0,/kaggle/input/datasets/shuvroahmedimaging/ws2-eca/test_set/test_set/images/before/before-video-004/frame_0003.jpg,/kaggle/input/datasets/shuvroahmedimaging/ws2-eca/test_set/test_set/masks/before/before-video-004/frame_0003.jpg
before-video-004,frame_0004.jpg,christian_original_simple,christian_original,0,none,,,,0.5251679979713453,0.6886690497963256,0.72122584015323,0.6589245943366211,5743,6286,0.1355599034577608,0.0,0.0,0.0,0.0,0.0,0.0,/kaggle/input/datasets/shuvroahmedimaging/ws2-eca/test_set/test_set/images/before/before-video-004/frame_0004.jpg,/kaggle/input/datasets/shuvroahmedimaging/ws2-eca/test_set/test_set/masks/before/before-video-004/frame_0004.jpg
before-video-004,frame_0005.jpg,christian_original_simple,christian_original,0,none,,,,0.5842045775642837,0.7375367876571837,0.7807779456193353,0.6988338685144498,5296,5917,0.1355599034577608,0.0,0.0,0.0,0.0,0.0,0.0,/kaggle/input/datasets/shuvroahmedimaging/ws2-eca/test_set/test_set/images/before/before-video-004/frame_0005.jpg,/kaggle/input/datasets/shuvroahmedimaging/ws2-eca/test_set/test_set/masks/before/before-video-004/frame_0005.jpg
before-video-004,frame_0006.jpg,christian_original_simple,christian_original,0,none,,,,0.3675600417681866,0.5375413591244591,0.6152053597436644,0.47728813559322036,3433,4425,0.1355599034577608,0.0,0.0,0.0,0.0,0.0,0.0,/kaggle/input/datasets/shuvroahmedimaging/ws2-eca/test_set/test_set/images/before/before-video-004/frame_0006.jpg,/kaggle/input/datasets/shuvroahmedimaging/ws2-eca/test_set/test_set/masks/before/before-video-004/frame_0006.jpg
before-video-004,frame_0007.jpg,christian_original_simple,christian_original,0,none,,,,0.21931137724550898,0.3597298956414979,0.5313746826260428,0.27190051967334816,2757,5388,0.1355599034577608,0.0,0.0,0.0,0.0,0.0,0.0,/kaggle/input/datasets/shuvroahmedimaging/ws2-eca/test_set/test_set/images/before/before-video-004/frame_0007.jpg,/kaggle/input/datasets/shuvroahmedimaging/ws2-eca/test_set/test_set/masks/before/before-video-004/frame_0007.jpg
before-video-004,frame_0008.jpg,christian_original_simple,christian_original,0,none,,,,0.34227882647259494,0.5099966113181972,0.5455863694036615,0.4787657070144743,5517,6287,0.1355599034577608,0.0,0.0,0.0,0.0,0.0,0.0,/kaggle/input/datasets/shuvroahmedimaging/ws2-eca/test_set/test_set/images/before/before-video-004/frame_0008.jpg,/kaggle/input/datasets/shuvroahmedimaging/ws2-eca/test_set/test_set/masks/before/before-video-004/frame_0008.jpg
before-video-004,frame_0009.jpg,christian_original_simple,christian_original,0,none,,,,0.3578655975563192,0.5271001757469245,0.7729896907216495,0.3998933333333333,4850,9375,0.1355599034577608,0.0,0.0,0.0,0.0,0.0,0.0,/kaggle/input/datasets/shuvroahmedimaging/ws2-eca/test_set/test_set/images/before/before-video-004/frame_0009.jpg,/kaggle/input/datasets/shuvroahmedimaging/ws2-eca/test_set/test_set/masks/before/before-video-004/frame_0009.jpg
before-video-004,frame_0010.jpg,christian_original_simple,christian_original,0,none,,,,0.48422210005497524,0.6524927772427587,0.9165452653485953,0.5065562456866805,4805,8694,0.1355599034577608,0.0,0.0,0.0,0.0,0.0,0.0,/kaggle/input/datasets/shuvroahmedimaging/ws2-eca/test_set/test_set/images/before/before-video-004/frame_0010.jpg,/kaggle/input/datasets/shuvroahmedimaging/ws2-eca/test_set/test_set/masks/before/before-video-004/frame_0010.jpg
before-video-005,frame_0001.jpg,christian_original_simple,christian_original,0,none,,,,0.4063752446639948,0.577904433693419,0.877970197341925,0.43070236096018966,4966,10123,0.1355599034577608,0.0,0.0,0.0,0.0,0.0,0.0,/kaggle/input/datasets/shuvroahmedimaging/ws2-eca/test_set/test_set/images/before/before-video-005/frame_0001.jpg,/kaggle/input/datasets/shuvroahmedimaging/ws2-eca/test_set/test_set/masks/before/before-video-005/frame_0001.jpg
before-video-005,frame_0002.jpg,christian_original_simple,christian_original,0,none,,,,0.6230628228628562,0.7677618069815195,0.6980955937266616,0.8528740875912408,5356,4384,0.1355599034577608,0.0,0.0,0.0,0.0,0.0,0.0,/kaggle/input/datasets/shuvroahmedimaging/ws2-eca/test_set/test_set/images/before/before-video-005/frame_0002.jpg,/kaggle/input/datasets/shuvroahmedimaging/ws2-eca/test_set/test_set/masks/before/before-video-005/frame_0002.jpg
before-video-005,frame_0003.jpg,christian_original_simple,christian_original,0,none,,,,0.3024412296564195,0.4644220756681708,0.4389763779527559,0.49299926308032427,3048,2714,0.1355599034577608,0.0,0.0,0.0,0.0,0.0,0.0,/kaggle/input/datasets/shuvroahmedimaging/ws2-eca/test_set/test_set/images/before/before-video-005/frame_0003.jpg,/kaggle/input/datasets/shuvroahmedimaging/ws2-eca/test_set/test_set/masks/before/before-video-005/frame_0003.jpg
before-video-005,frame_0004.jpg,christian_original_simple,christian_original,0,none,,,,0.20612094395280237,0.34179150107000916,0.3711819389110226,0.31671388101983,1506,1765,0.1355599034577608,0.0,0.0,0.0,0.0,0.0,0.0,/kaggle/input/datasets/shuvroahmedimaging/ws2-eca/test_set/test_set/images/before/before-video-005/frame_0004.jpg,/kaggle/input/datasets/shuvroahmedimaging/ws2-eca/test_set/test_set/masks/before/before-video-005/frame_0004.jpg
before-video-005,frame_0005.jpg,christian_original_simple,christian_original,0,none,,,,0.048807339449541284,0.09307207837648705,0.07011070110701106,0.1383975026014568,1897,961,0.1355599034577608,0.0,0.0,0.0,0.0,0.0,0.0,/kaggle/input/datasets/shuvroahmedimaging/ws2-eca/test_set/test_set/images/before/before-video-005/frame_0005.jpg,/kaggle/input/datasets/shuvroahmedimaging/ws2-eca/test_set/test_set/masks/before/before-video-005/frame_0005.jpg
before-video-005,frame_0006.jpg,christian_original_simple,christian_original,0,none,,,,0.24174802417480243,0.3893672781729689,0.4140127388535032,0.3674911660777385,1256,1415,0.1355599034577608,0.0,0.0,0.0,0.0,0.0,0.0,/kaggle/input/datasets/shuvroahmedimaging/ws2-eca/test_set/test_set/images/before/before-video-005/frame_0006.jpg,/kaggle/input/datasets/shuvroahmedimaging/ws2-eca/test_set/test_set/masks/before/before-video-005/frame_0006.jpg
before-video-005,frame_0007.jpg,christian_original_simple,christian_original,0,none,,,,0.328335832083958,0.49435665914221216,0.4669509594882729,0.5251798561151079,469,417,0.1355599034577608,0.0,0.0,0.0,0.0,0.0,0.0,/kaggle/input/datasets/shuvroahmedimaging/ws2-eca/test_set/test_set/images/before/before-video-005/frame_0007.jpg,/kaggle/input/datasets/shuvroahmedimaging/ws2-eca/test_set/test_set/masks/before/before-video-005/frame_0007.jpg
before-video-005,frame_0008.jpg,christian_original_simple,christian_original,0,none,,,,0.018037518037518036,0.03543586109142452,0.036656891495601175,0.03429355281207133,682,729,0.1355599034577608,0.0,0.0,0.0,0.0,0.0,0.0,/kaggle/input/datasets/shuvroahmedimaging/ws2-eca/test_set/test_set/images/before/before-video-005/frame_0008.jpg,/kaggle/input/datasets/shuvroahmedimaging/ws2-eca/test_set/test_set/masks/before/before-video-005/frame_0008.jpg
before-video-005,frame_0009.jpg,christian_original_simple,christian_original,0,none,,,,0.03612167300380228,0.06972477064220184,0.10284167794316644,0.0527411519777932,739,1441,0.1355599034577608,0.0,0.0,0.0,0.0,0.0,0.0,/kaggle/input/datasets/shuvroahmedimaging/ws2-eca/test_set/test_set/images/before/before-video-005/frame_0009.jpg,/kaggle/input/datasets/shuvroahmedimaging/ws2-eca/test_set/test_set/masks/before/before-video-005/frame_0009.jpg
before-video-005,frame_0010.jpg,christian_original_simple,christian_original,0,none,,,,0.2387950036737693,0.38552787663107946,0.676378772112383,0.26959767731231854,961,2411,0.1355599034577608,0.0,0.0,0.0,0.0,0.0,0.0,/kaggle/input/datasets/shuvroahmedimaging/ws2-eca/test_set/test_set/images/before/before-video-005/frame_0010.jpg,/kaggle/input/datasets/shuvroahmedimaging/ws2-eca/test_set/test_set/masks/before/before-video-005/frame_0010.jpg
before-video-005,frame_0011.jpg,christian_original_simple,christian_original,0,none,,,,0.21308339709257842,0.3513087354146957,0.7588555858310627,0.22855970455478047,734,2437,0.1355599034577608,0.0,0.0,0.0,0.0,0.0,0.0,/kaggle/input/datasets/shuvroahmedimaging/ws2-eca/test_set/test_set/images/before/before-video-005/frame_0011.jpg,/kaggle/input/datasets/shuvroahmedimaging/ws2-eca/test_set/test_set/masks/before/before-video-005/frame_0011.jpg
before-video-005,frame_0012.jpg,christian_original_simple,christian_original,0,none,,,,0.253495217071376,0.4044614029938362,0.8331318016928658,0.26705426356589146,827,2580,0.1355599034577608,0.0,0.0,0.0,0.0,0.0,0.0,/kaggle/input/datasets/shuvroahmedimaging/ws2-eca/test_set/test_set/images/before/before-video-005/frame_0012.jpg,/kaggle/input/datasets/shuvroahmedimaging/ws2-eca/test_set/test_set/masks/before/before-video-005/frame_0012.jpg
before-video-005,frame_0013.jpg,christian_original_simple,christian_original,0,none,,,,0.5938331854480923,0.7451635351426583,0.9053094352384173,0.6331598864711447,2957,4228,0.1355599034577608,0.0,0.0,0.0,0.0,0.0,0.0,/kaggle/input/datasets/shuvroahmedimaging/ws2-eca/test_set/test_set/images/before/before-video-005/frame_0013.jpg,/kaggle/input/datasets/shuvroahmedimaging/ws2-eca/test_set/test_set/masks/before/before-video-005/frame_0013.jpg
before-video-005,frame_0014.jpg,christian_original_simple,christian_original,0,none,,,,0.6412867765923052,0.7814439082044716,0.8872735405949452,0.6981696585709257,4471,5682,0.1355599034577608,0.0,0.0,0.0,0.0,0.0,0.0,/kaggle/input/datasets/shuvroahmedimaging/ws2-eca/test_set/test_set/images/before/before-video-005/frame_0014.jpg,/kaggle/input/datasets/shuvroahmedimaging/ws2-eca/test_set/test_set/masks/before/before-video-005/frame_0014.jpg
before-video-005,frame_0015.jpg,christian_original_simple,christian_original,0,none,,,,0.5062381852551985,0.6721887550200804,0.713467430398295,0.6354253173567446,7507,8429,0.1355599034577608,0.0,0.0,0.0,0.0,0.0,0.0,/kaggle/input/datasets/shuvroahmedimaging/ws2-eca/test_set/test_set/images/before/before-video-005/frame_0015.jpg,/kaggle/input/datasets/shuvroahmedimaging/ws2-eca/test_set/test_set/masks/before/before-video-005/frame_0015.jpg
before-video-005,frame_0016.jpg,christian_original_simple,christian_original,0,none,,,,0.5547020484171322,0.7135798772271298,0.7072615749901069,0.7200120858092457,10108,9929,0.1355599034577608,0.0,0.0,0.0,0.0,0.0,0.0,/kaggle/input/datasets/shuvroahmedimaging/ws2-eca/test_set/test_set/images/before/before-video-005/frame_0016.jpg,/kaggle/input/datasets/shuvroahmedimaging/ws2-eca/test_set/test_set/masks/before/before-video-005/frame_0016.jpg
before-video-005,frame_0017.jpg,christian_original_simple,christian_original,0,none,,,,0.47517032551097654,0.6442243546980038,0.7369965950452038,0.5721969006381039,8517,10970,0.1355599034577608,0.0,0.0,0.0,0.0,0.0,0.0,/kaggle/input/datasets/shuvroahmedimaging/ws2-eca/test_set/test_set/images/before/before-video-005/frame_0017.jpg,/kaggle/input/datasets/shuvroahmedimaging/ws2-eca/test_set/test_set/masks/before/before-video-005/frame_0017.jpg
before-video-005,frame_0018.jpg,christian_original_simple,christian_original,0,none,,,,0.3535788642400747,0.5224355574413917,0.7269372693726938,0.4077324281811408,6775,12079,0.1355599034577608,0.0,0.0,0.0,0.0,0.0,0.0,/kaggle/input/datasets/shuvroahmedimaging/ws2-eca/test_set/test_set/images/before/before-video-005/frame_0018.jpg,/kaggle/input/datasets/shuvroahmedimaging/ws2-eca/test_set/test_set/masks/before/before-video-005/frame_0018.jpg
before-video-005,frame_0019.jpg,christian_original_simple,christian_original,0,none,,,,0.31012151155027373,0.47342404321459514,0.6493778834055641,0.37249398556535684,7153,12470,0.1355599034577608,0.0,0.0,0.0,0.0,0.0,0.0,/kaggle/input/datasets/shuvroahmedimaging/ws2-eca/test_set/test_set/images/before/before-video-005/frame_0019.jpg,/kaggle/input/datasets/shuvroahmedimaging/ws2-eca/test_set/test_set/masks/before/before-video-005/frame_0019.jpg
before-video-005,frame_0020.jpg,christian_original_simple,christian_original,0,none,,,,0.3348754932643897,0.5017329255861366,0.7388171720204143,0.3798425682975768,6662,12958,0.1355599034577608,0.0,0.0,0.0,0.0,0.0,0.0,/kaggle/input/datasets/shuvroahmedimaging/ws2-eca/test_set/test_set/images/before/before-video-005/frame_0020.jpg,/kaggle/input/datasets/shuvroahmedimaging/ws2-eca/test_set/test_set/masks/before/before-video-005/frame_0020.jpg
before-video-005,frame_0021.jpg,christian_original_simple,christian_original,0,none,,,,0.3222576530612245,0.4874354893165485,0.8746754370780682,0.33785771596683606,5777,14956,0.1355599034577608,0.0,0.0,0.0,0.0,0.0,0.0,/kaggle/input/datasets/shuvroahmedimaging/ws2-eca/test_set/test_set/images/before/before-video-005/frame_0021.jpg,/kaggle/input/datasets/shuvroahmedimaging/ws2-eca/test_set/test_set/masks/before/before-video-005/frame_0021.jpg
before-video-005,frame_0022.jpg,christian_original_simple,christian_original,0,none,,,,0.3209115107446601,0.48589403322520397,0.8866367713004484,0.3346422043192743,5575,14771,0.1355599034577608,0.0,0.0,0.0,0.0,0.0,0.0,/kaggle/input/datasets/shuvroahmedimaging/ws2-eca/test_set/test_set/images/before/before-video-005/frame_0022.jpg,/kaggle/input/datasets/shuvroahmedimaging/ws2-eca/test_set/test_set/masks/before/before-video-005/frame_0022.jpg
before-video-005,frame_0023.jpg,christian_original_simple,christian_original,0,none,,,,0.33517612871216956,0.5020702834695827,0.9109998073588904,0.34652304535795414,5191,13647,0.1355599034577608,0.0,0.0,0.0,0.0,0.0,0.0,/kaggle/input/datasets/shuvroahmedimaging/ws2-eca/test_set/test_set/images/before/before-video-005/frame_0023.jpg,/kaggle/input/datasets/shuvroahmedimaging/ws2-eca/test_set/test_set/masks/before/before-video-005/frame_0023.jpg
before-video-005,frame_0024.jpg,christian_original_simple,christian_original,0,none,,,,0.3706608171099534,0.5408498039529487,0.8735944164404809,0.3916671495624964,7737,17257,0.1355599034577608,0.0,0.0,0.0,0.0,0.0,0.0,/kaggle/input/datasets/shuvroahmedimaging/ws2-eca/test_set/test_set/images/before/before-video-005/frame_0024.jpg,/kaggle/input/datasets/shuvroahmedimaging/ws2-eca/test_set/test_set/masks/before/before-video-005/frame_0024.jpg
before-video-005,frame_0025.jpg,christian_original_simple,christian_original,0,none,,,,0.48632770775475326,0.654401724757456,0.898736675878405,0.5145214148491355,10132,17698,0.1355599034577608,0.0,0.0,0.0,0.0,0.0,0.0,/kaggle/input/datasets/shuvroahmedimaging/ws2-eca/test_set/test_set/images/before/before-video-005/frame_0025.jpg,/kaggle/input/datasets/shuvroahmedimaging/ws2-eca/test_set/test_set/masks/before/before-video-005/frame_0025.jpg
before-video-005,frame_0026.jpg,christian_original_simple,christian_original,0,none,,,,0.44046242774566474,0.6115569823434992,0.9186497536429395,0.4583398713321826,9539,19119,0.1355599034577608,0.0,0.0,0.0,0.0,0.0,0.0,/kaggle/input/datasets/shuvroahmedimaging/ws2-eca/test_set/test_set/images/before/before-video-005/frame_0026.jpg,/kaggle/input/datasets/shuvroahmedimaging/ws2-eca/test_set/test_set/masks/before/before-video-005/frame_0026.jpg
before-video-005,frame_0027.jpg,christian_original_simple,christian_original,0,none,,,,0.5245212280879522,0.6881127247349705,0.860956340956341,0.5730654267685155,12025,18066,0.1355599034577608,0.0,0.0,0.0,0.0,0.0,0.0,/kaggle/input/datasets/shuvroahmedimaging/ws2-eca/test_set/test_set/images/before/before-video-005/frame_0027.jpg,/kaggle/input/datasets/shuvroahmedimaging/ws2-eca/test_set/test_set/masks/before/before-video-005/frame_0027.jpg
before-video-005,frame_0028.jpg,christian_original_simple,christian_original,0,none,,,,0.5257586450247,0.6891766882516188,0.8862333729858333,0.5638114895080839,9247,14535,0.1355599034577608,0.0,0.0,0.0,0.0,0.0,0.0,/kaggle/input/datasets/shuvroahmedimaging/ws2-eca/test_set/test_set/images/before/before-video-005/frame_0028.jpg,/kaggle/input/datasets/shuvroahmedimaging/ws2-eca/test_set/test_set/masks/before/before-video-005/frame_0028.jpg
before-video-005,frame_0029.jpg,christian_original_simple,christian_original,0,none,,,,0.4803457688808007,0.6489642879095212,0.9090752540037885,0.5045880328809023,5807,10462,0.1355599034577608,0.0,0.0,0.0,0.0,0.0,0.0,/kaggle/input/datasets/shuvroahmedimaging/ws2-eca/test_set/test_set/images/before/before-video-005/frame_0029.jpg,/kaggle/input/datasets/shuvroahmedimaging/ws2-eca/test_set/test_set/masks/before/before-video-005/frame_0029.jpg
before-video-005,frame_0030.jpg,christian_original_simple,christian_original,0,none,,,,0.3159513920935241,0.480187025131502,0.8979234972677596,0.3277223773434384,4575,12535,0.1355599034577608,0.0,0.0,0.0,0.0,0.0,0.0,/kaggle/input/datasets/shuvroahmedimaging/ws2-eca/test_set/test_set/images/before/before-video-005/frame_0030.jpg,/kaggle/input/datasets/shuvroahmedimaging/ws2-eca/test_set/test_set/masks/before/before-video-005/frame_0030.jpg
before-video-005,frame_0031.jpg,christian_original_simple,christian_original,0,none,,,,0.2809540512101017,0.43866374589266155,0.736551724137931,0.3123415870540066,4350,10258,0.1355599034577608,0.0,0.0,0.0,0.0,0.0,0.0,/kaggle/input/datasets/shuvroahmedimaging/ws2-eca/test_set/test_set/images/before/before-video-005/frame_0031.jpg,/kaggle/input/datasets/shuvroahmedimaging/ws2-eca/test_set/test_set/masks/before/before-video-005/frame_0031.jpg
before-video-005,frame_0032.jpg,christian_original_simple,christian_original,0,none,,,,0.3210304513322458,0.48603035760226393,0.7213991140980602,0.3664649286157666,6547,12888,0.1355599034577608,0.0,0.0,0.0,0.0,0.0,0.0,/kaggle/input/datasets/shuvroahmedimaging/ws2-eca/test_set/test_set/images/before/before-video-005/frame_0032.jpg,/kaggle/input/datasets/shuvroahmedimaging/ws2-eca/test_set/test_set/masks/before/before-video-005/frame_0032.jpg
before-video-005,frame_0033.jpg,christian_original_simple,christian_original,0,none,,,,0.3905404545165192,0.5617103094671305,0.855409927495817,0.4181434023991276,7172,14672,0.1355599034577608,0.0,0.0,0.0,0.0,0.0,0.0,/kaggle/input/datasets/shuvroahmedimaging/ws2-eca/test_set/test_set/images/before/before-video-005/frame_0033.jpg,/kaggle/input/datasets/shuvroahmedimaging/ws2-eca/test_set/test_set/masks/before/before-video-005/frame_0033.jpg
before-video-005,frame_0034.jpg,christian_original_simple,christian_original,0,none,,,,0.31516327190430005,0.4792762672697773,0.859308885754584,0.33231062930387945,5672,14667,0.1355599034577608,0.0,0.0,0.0,0.0,0.0,0.0,/kaggle/input/datasets/shuvroahmedimaging/ws2-eca/test_set/test_set/images/before/before-video-005/frame_0034.jpg,/kaggle/input/datasets/shuvroahmedimaging/ws2-eca/test_set/test_set/masks/before/before-video-005/frame_0034.jpg
before-video-005,frame_0035.jpg,christian_original_simple,christian_original,0,none,,,,0.5033566736446979,0.6696437145875348,0.8442910764015014,0.5548659186758972,8259,12567,0.1355599034577608,0.0,0.0,0.0,0.0,0.0,0.0,/kaggle/input/datasets/shuvroahmedimaging/ws2-eca/test_set/test_set/images/before/before-video-005/frame_0035.jpg,/kaggle/input/datasets/shuvroahmedimaging/ws2-eca/test_set/test_set/masks/before/before-video-005/frame_0035.jpg
before-video-005,frame_0036.jpg,christian_original_simple,christian_original,0,none,,,,0.30100901866238056,0.46273164035689773,0.7114816378218658,0.342860048820179,4738,9832,0.1355599034577608,0.0,0.0,0.0,0.0,0.0,0.0,/kaggle/input/datasets/shuvroahmedimaging/ws2-eca/test_set/test_set/images/before/before-video-005/frame_0036.jpg,/kaggle/input/datasets/shuvroahmedimaging/ws2-eca/test_set/test_set/masks/before/before-video-005/frame_0036.jpg
before-video-005,frame_0037.jpg,christian_original_simple,christian_original,0,none,,,,0.3628999594977724,0.5325408618127786,0.705511811023622,0.4276849642004773,6350,10475,0.1355599034577608,0.0,0.0,0.0,0.0,0.0,0.0,/kaggle/input/datasets/shuvroahmedimaging/ws2-eca/test_set/test_set/images/before/before-video-005/frame_0037.jpg,/kaggle/input/datasets/shuvroahmedimaging/ws2-eca/test_set/test_set/masks/before/before-video-005/frame_0037.jpg
before-video-005,frame_0038.jpg,christian_original_simple,christian_original,0,none,,,,0.42810195575504967,0.5995397653926026,0.8484511517077046,0.46354799513973266,6295,11522,0.1355599034577608,0.0,0.0,0.0,0.0,0.0,0.0,/kaggle/input/datasets/shuvroahmedimaging/ws2-eca/test_set/test_set/images/before/before-video-005/frame_0038.jpg,/kaggle/input/datasets/shuvroahmedimaging/ws2-eca/test_set/test_set/masks/before/before-video-005/frame_0038.jpg
before-video-005,frame_0039.jpg,christian_original_simple,christian_original,0,none,,,,0.4489555139149143,0.6196953731200306,0.8661132681751238,0.482437169065553,7469,13409,0.1355599034577608,0.0,0.0,0.0,0.0,0.0,0.0,/kaggle/input/datasets/shuvroahmedimaging/ws2-eca/test_set/test_set/images/before/before-video-005/frame_0039.jpg,/kaggle/input/datasets/shuvroahmedimaging/ws2-eca/test_set/test_set/masks/before/before-video-005/frame_0039.jpg
before-video-005,frame_0040.jpg,christian_original_simple,christian_original,0,none,,,,0.4850173798393863,0.6532144154324226,0.9758832750512481,0.49090137086012375,8293,16486,0.1355599034577608,0.0,0.0,0.0,0.0,0.0,0.0,/kaggle/input/datasets/shuvroahmedimaging/ws2-eca/test_set/test_set/images/before/before-video-005/frame_0040.jpg,/kaggle/input/datasets/shuvroahmedimaging/ws2-eca/test_set/test_set/masks/before/before-video-005/frame_0040.jpg
before-video-005,frame_0041.jpg,christian_original_simple,christian_original,0,none,,,,0.49060734463276834,0.6582650305585824,0.9582068965517241,0.5013350653099516,7250,13857,0.1355599034577608,0.0,0.0,0.0,0.0,0.0,0.0,/kaggle/input/datasets/shuvroahmedimaging/ws2-eca/test_set/test_set/images/before/before-video-005/frame_0041.jpg,/kaggle/input/datasets/shuvroahmedimaging/ws2-eca/test_set/test_set/masks/before/before-video-005/frame_0041.jpg
before-video-005,frame_0042.jpg,christian_original_simple,christian_original,0,none,,,,0.5058579797113874,0.6718535034868827,0.9401221455124801,0.5226987524913265,7532,13547,0.1355599034577608,0.0,0.0,0.0,0.0,0.0,0.0,/kaggle/input/datasets/shuvroahmedimaging/ws2-eca/test_set/test_set/images/before/before-video-005/frame_0042.jpg,/kaggle/input/datasets/shuvroahmedimaging/ws2-eca/test_set/test_set/masks/before/before-video-005/frame_0042.jpg
before-video-005,frame_0043.jpg,christian_original_simple,christian_original,0,none,,,,0.5520057306590258,0.7113449644604449,0.9042478291480873,0.5862751065124772,8522,13144,0.1355599034577608,0.0,0.0,0.0,0.0,0.0,0.0,/kaggle/input/datasets/shuvroahmedimaging/ws2-eca/test_set/test_set/images/before/before-video-005/frame_0043.jpg,/kaggle/input/datasets/shuvroahmedimaging/ws2-eca/test_set/test_set/masks/before/before-video-005/frame_0043.jpg
before-video-005,frame_0044.jpg,christian_original_simple,christian_original,0,none,,,,0.4049620501101771,0.5764740052279989,0.8884512085944494,0.42665520206362856,5585,11630,0.1355599034577608,0.0,0.0,0.0,0.0,0.0,0.0,/kaggle/input/datasets/shuvroahmedimaging/ws2-eca/test_set/test_set/images/before/before-video-005/frame_0044.jpg,/kaggle/input/datasets/shuvroahmedimaging/ws2-eca/test_set/test_set/masks/before/before-video-005/frame_0044.jpg
before-video-005,frame_0045.jpg,christian_original_simple,christian_original,0,none,,,,0.41735063943500667,0.5889165712746617,0.7244864148442677,0.49608621667612024,6036,8815,0.1355599034577608,0.0,0.0,0.0,0.0,0.0,0.0,/kaggle/input/datasets/shuvroahmedimaging/ws2-eca/test_set/test_set/images/before/before-video-005/frame_0045.jpg,/kaggle/input/datasets/shuvroahmedimaging/ws2-eca/test_set/test_set/masks/before/before-video-005/frame_0045.jpg
before-video-005,frame_0046.jpg,christian_original_simple,christian_original,0,none,,,,0.44103722831934583,0.6121108041514224,0.8327915481511581,0.48388619997639004,4922,8471,0.1355599034577608,0.0,0.0,0.0,0.0,0.0,0.0,/kaggle/input/datasets/shuvroahmedimaging/ws2-eca/test_set/test_set/images/before/before-video-005/frame_0046.jpg,/kaggle/input/datasets/shuvroahmedimaging/ws2-eca/test_set/test_set/masks/before/before-video-005/frame_0046.jpg
before-video-005,frame_0047.jpg,christian_original_simple,christian_original,0,none,,,,0.30100496428139,0.46272684969753375,0.8578329882677709,0.3168089715814961,2898,7847,0.1355599034577608,0.0,0.0,0.0,0.0,0.0,0.0,/kaggle/input/datasets/shuvroahmedimaging/ws2-eca/test_set/test_set/images/before/before-video-005/frame_0047.jpg,/kaggle/input/datasets/shuvroahmedimaging/ws2-eca/test_set/test_set/masks/before/before-video-005/frame_0047.jpg
before-video-005,frame_0048.jpg,christian_original_simple,christian_original,0,none,,,,0.20258352999627374,0.33691386077256763,0.7733522996680892,0.21537039482371584,2109,7573,0.1355599034577608,0.0,0.0,0.0,0.0,0.0,0.0,/kaggle/input/datasets/shuvroahmedimaging/ws2-eca/test_set/test_set/images/before/before-video-005/frame_0048.jpg,/kaggle/input/datasets/shuvroahmedimaging/ws2-eca/test_set/test_set/masks/before/before-video-005/frame_0048.jpg
before-video-005,frame_0049.jpg,christian_original_simple,christian_original,0,none,,,,0.05908683974932856,0.11158072696534235,0.6477644492911668,0.06104830421377184,917,9730,0.1355599034577608,0.0,0.0,0.0,0.0,0.0,0.0,/kaggle/input/datasets/shuvroahmedimaging/ws2-eca/test_set/test_set/images/before/before-video-005/frame_0049.jpg,/kaggle/input/datasets/shuvroahmedimaging/ws2-eca/test_set/test_set/masks/before/before-video-005/frame_0049.jpg
before-video-005,frame_0050.jpg,christian_original_simple,christian_original,0,none,,,,0.08729239088451139,0.1605683836589698,0.6721189591078067,0.09117498739283914,1345,9915,0.1355599034577608,0.0,0.0,0.0,0.0,0.0,0.0,/kaggle/input/datasets/shuvroahmedimaging/ws2-eca/test_set/test_set/images/before/before-video-005/frame_0050.jpg,/kaggle/input/datasets/shuvroahmedimaging/ws2-eca/test_set/test_set/masks/before/before-video-005/frame_0050.jpg
before-video-005,frame_0051.jpg,christian_original_simple,christian_original,0,none,,,,0.04825506247307195,0.09206740649404029,0.8888888888888888,0.04854789770264413,504,9228,0.1355599034577608,0.0,0.0,0.0,0.0,0.0,0.0,/kaggle/input/datasets/shuvroahmedimaging/ws2-eca/test_set/test_set/images/before/before-video-005/frame_0051.jpg,/kaggle/input/datasets/shuvroahmedimaging/ws2-eca/test_set/test_set/masks/before/before-video-005/frame_0051.jpg
before-video-005,frame_0052.jpg,christian_original_simple,christian_original,0,none,,,,0.023809523809523808,0.046511627906976744,1.0,0.023809523809523808,210,8820,0.1355599034577608,0.0,0.0,0.0,0.0,0.0,0.0,/kaggle/input/datasets/shuvroahmedimaging/ws2-eca/test_set/test_set/images/before/before-video-005/frame_0052.jpg,/kaggle/input/datasets/shuvroahmedimaging/ws2-eca/test_set/test_set/masks/before/before-video-005/frame_0052.jpg
before-video-005,frame_0053.jpg,christian_original_simple,christian_original,0,none,,,,0.24290385873119685,0.39086508103557144,0.9919871794871795,0.2433813892529489,1872,7630,0.1355599034577608,0.0,0.0,0.0,0.0,0.0,0.0,/kaggle/input/datasets/shuvroahmedimaging/ws2-eca/test_set/test_set/images/before/before-video-005/frame_0053.jpg,/kaggle/input/datasets/shuvroahmedimaging/ws2-eca/test_set/test_set/masks/before/before-video-005/frame_0053.jpg
before-video-005,frame_0054.jpg,christian_original_simple,christian_original,0,none,,,,0.35109339132535944,0.5197174282392918,0.8800726832222895,0.3687349321152138,3302,7881,0.1355599034577608,0.0,0.0,0.0,0.0,0.0,0.0,/kaggle/input/datasets/shuvroahmedimaging/ws2-eca/test_set/test_set/images/before/before-video-005/frame_0054.jpg,/kaggle/input/datasets/shuvroahmedimaging/ws2-eca/test_set/test_set/masks/before/before-video-005/frame_0054.jpg
before-video-005,frame_0055.jpg,christian_original_simple,christian_original,0,none,,,,0.46825581395348836,0.63783955017027,0.9328237201760482,0.48459687123947054,4317,8310,0.1355599034577608,0.0,0.0,0.0,0.0,0.0,0.0,/kaggle/input/datasets/shuvroahmedimaging/ws2-eca/test_set/test_set/images/before/before-video-005/frame_0055.jpg,/kaggle/input/datasets/shuvroahmedimaging/ws2-eca/test_set/test_set/masks/before/before-video-005/frame_0055.jpg
before-video-006,frame_0001.jpg,christian_original_simple,christian_original,0,none,,,,0.43144424131627057,0.6028097062579821,0.5685501533070522,0.6414628119594762,4566,4047,0.1355599034577608,0.0,0.0,0.0,0.0,0.0,0.0,/kaggle/input/datasets/shuvroahmedimaging/ws2-eca/test_set/test_set/images/before/before-video-006/frame_0001.jpg,/kaggle/input/datasets/shuvroahmedimaging/ws2-eca/test_set/test_set/masks/before/before-video-006/frame_0001.jpg
before-video-006,frame_0002.jpg,christian_original_simple,christian_original,0,none,,,,0.4271566638825916,0.5986121561742329,0.6100886162235856,0.5875594945018874,5868,6093,0.1355599034577608,0.0,0.0,0.0,0.0,0.0,0.0,/kaggle/input/datasets/shuvroahmedimaging/ws2-eca/test_set/test_set/images/before/before-video-006/frame_0002.jpg,/kaggle/input/datasets/shuvroahmedimaging/ws2-eca/test_set/test_set/masks/before/before-video-006/frame_0002.jpg
before-video-006,frame_0003.jpg,christian_original_simple,christian_original,0,none,,,,0.34497177503658794,0.5129799471475206,0.8631964425843578,0.36492314497401307,3823,9043,0.1355599034577608,0.0,0.0,0.0,0.0,0.0,0.0,/kaggle/input/datasets/shuvroahmedimaging/ws2-eca/test_set/test_set/images/before/before-video-006/frame_0003.jpg,/kaggle/input/datasets/shuvroahmedimaging/ws2-eca/test_set/test_set/masks/before/before-video-006/frame_0003.jpg
before-video-006,frame_0004.jpg,christian_original_simple,christian_original,0,none,,,,0.3744637034494594,0.5448870021226121,0.8105497771173849,0.4103817942448749,5384,10634,0.1355599034577608,0.0,0.0,0.0,0.0,0.0,0.0,/kaggle/input/datasets/shuvroahmedimaging/ws2-eca/test_set/test_set/images/before/before-video-006/frame_0004.jpg,/kaggle/input/datasets/shuvroahmedimaging/ws2-eca/test_set/test_set/masks/before/before-video-006/frame_0004.jpg
before-video-006,frame_0005.jpg,christian_original_simple,christian_original,0,none,,,,0.13493975903614458,0.23779193205944799,0.9082774049217002,0.13680397607615197,1788,11871,0.1355599034577608,0.0,0.0,0.0,0.0,0.0,0.0,/kaggle/input/datasets/shuvroahmedimaging/ws2-eca/test_set/test_set/images/before/before-video-006/frame_0005.jpg,/kaggle/input/datasets/shuvroahmedimaging/ws2-eca/test_set/test_set/masks/before/before-video-006/frame_0005.jpg
before-video-006,frame_0006.jpg,christian_original_simple,christian_original,0,none,,,,0.38837306566290253,0.5594649957826244,0.8418857660924751,0.41892989262834973,5515,11083,0.1355599034577608,0.0,0.0,0.0,0.0,0.0,0.0,/kaggle/input/datasets/shuvroahmedimaging/ws2-eca/test_set/test_set/images/before/before-video-006/frame_0006.jpg,/kaggle/input/datasets/shuvroahmedimaging/ws2-eca/test_set/test_set/masks/before/before-video-006/frame_0006.jpg
before-video-006,frame_0007.jpg,christian_original_simple,christian_original,0,none,,,,0.4319187711533455,0.6032727272727273,0.7628755364806867,0.49889735364875704,6524,9976,0.1355599034577608,0.0,0.0,0.0,0.0,0.0,0.0,/kaggle/input/datasets/shuvroahmedimaging/ws2-eca/test_set/test_set/images/before/before-video-006/frame_0007.jpg,/kaggle/input/datasets/shuvroahmedimaging/ws2-eca/test_set/test_set/masks/before/before-video-006/frame_0007.jpg
before-video-006,frame_0008.jpg,christian_original_simple,christian_original,0,none,,,,0.45022353069458076,0.6209022556390977,0.8208747514910537,0.4992744860943168,5030,8270,0.1355599034577608,0.0,0.0,0.0,0.0,0.0,0.0,/kaggle/input/datasets/shuvroahmedimaging/ws2-eca/test_set/test_set/images/before/before-video-006/frame_0008.jpg,/kaggle/input/datasets/shuvroahmedimaging/ws2-eca/test_set/test_set/masks/before/before-video-006/frame_0008.jpg
before-video-006,frame_0009.jpg,christian_original_simple,christian_original,0,none,,,,0.3901867051501759,0.561344319730098,0.8958376475460758,0.4087301587301587,4829,10584,0.1355599034577608,0.0,0.0,0.0,0.0,0.0,0.0,/kaggle/input/datasets/shuvroahmedimaging/ws2-eca/test_set/test_set/images/before/before-video-006/frame_0009.jpg,/kaggle/input/datasets/shuvroahmedimaging/ws2-eca/test_set/test_set/masks/before/before-video-006/frame_0009.jpg
before-video-006,frame_0010.jpg,christian_original_simple,christian_original,0,none,,,,0.24116619642617224,0.3886122537345746,0.8584409373505499,0.25115433048831676,4182,14294,0.1355599034577608,0.0,0.0,0.0,0.0,0.0,0.0,/kaggle/input/datasets/shuvroahmedimaging/ws2-eca/test_set/test_set/images/before/before-video-006/frame_0010.jpg,/kaggle/input/datasets/shuvroahmedimaging/ws2-eca/test_set/test_set/masks/before/before-video-006/frame_0010.jpg
before-video-006,frame_0011.jpg,christian_original_simple,christian_original,0,none,,,,0.3254598662207358,0.4910897334805236,0.871902561948761,0.34180341364359806,7143,18221,0.1355599034577608,0.0,0.0,0.0,0.0,0.0,0.0,/kaggle/input/datasets/shuvroahmedimaging/ws2-eca/test_set/test_set/images/before/before-video-006/frame_0011.jpg,/kaggle/input/datasets/shuvroahmedimaging/ws2-eca/test_set/test_set/masks/before/before-video-006/frame_0011.jpg
before-video-006,frame_0012.jpg,christian_original_simple,christian_original,0,none,,,,0.3238073551178413,0.48920615808033024,0.8534133533383346,0.3428778105973838,6665,16589,0.1355599034577608,0.0,0.0,0.0,0.0,0.0,0.0,/kaggle/input/datasets/shuvroahmedimaging/ws2-eca/test_set/test_set/images/before/before-video-006/frame_0012.jpg,/kaggle/input/datasets/shuvroahmedimaging/ws2-eca/test_set/test_set/masks/before/before-video-006/frame_0012.jpg
before-video-006,frame_0013.jpg,christian_original_simple,christian_original,0,none,,,,0.27305426356589146,0.428975058456742,0.8521385717050513,0.2866349847015168,5167,15361,0.1355599034577608,0.0,0.0,0.0,0.0,0.0,0.0,/kaggle/input/datasets/shuvroahmedimaging/ws2-eca/test_set/test_set/images/before/before-video-006/frame_0013.jpg,/kaggle/input/datasets/shuvroahmedimaging/ws2-eca/test_set/test_set/masks/before/before-video-006/frame_0013.jpg
before-video-006,frame_0014.jpg,christian_original_simple,christian_original,0,none,,,,0.15630517609887556,0.27035280880816526,0.7841491841491841,0.16333268595843853,2145,10298,0.1355599034577608,0.0,0.0,0.0,0.0,0.0,0.0,/kaggle/input/datasets/shuvroahmedimaging/ws2-eca/test_set/test_set/images/before/before-video-006/frame_0014.jpg,/kaggle/input/datasets/shuvroahmedimaging/ws2-eca/test_set/test_set/masks/before/before-video-006/frame_0014.jpg
before-video-006,frame_0015.jpg,christian_original_simple,christian_original,0,none,,,,0.14305285991551547,0.25029964043148223,0.8292521508934481,0.14739442418538995,1511,8501,0.1355599034577608,0.0,0.0,0.0,0.0,0.0,0.0,/kaggle/input/datasets/shuvroahmedimaging/ws2-eca/test_set/test_set/images/before/before-video-006/frame_0015.jpg,/kaggle/input/datasets/shuvroahmedimaging/ws2-eca/test_set/test_set/masks/before/before-video-006/frame_0015.jpg
before-video-006,frame_0016.jpg,christian_original_simple,christian_original,0,none,,,,0.29852422200834133,0.45978999382334773,0.880321665089877,0.31115198127403443,2114,5981,0.1355599034577608,0.0,0.0,0.0,0.0,0.0,0.0,/kaggle/input/datasets/shuvroahmedimaging/ws2-eca/test_set/test_set/images/before/before-video-006/frame_0016.jpg,/kaggle/input/datasets/shuvroahmedimaging/ws2-eca/test_set/test_set/masks/before/before-video-006/frame_0016.jpg
before-video-006,frame_0017.jpg,christian_original_simple,christian_original,0,none,,,,0.4281279105867743,0.5995652173913043,0.969760900140647,0.43392070484581496,2844,6356,0.1355599034577608,0.0,0.0,0.0,0.0,0.0,0.0,/kaggle/input/datasets/shuvroahmedimaging/ws2-eca/test_set/test_set/images/before/before-video-006/frame_0017.jpg,/kaggle/input/datasets/shuvroahmedimaging/ws2-eca/test_set/test_set/masks/before/before-video-006/frame_0017.jpg
before-video-006,frame_0018.jpg,christian_original_simple,christian_original,0,none,,,,0.30280649926144754,0.46485260770975056,0.7414104882459313,0.3385631709331131,1659,3633,0.1355599034577608,0.0,0.0,0.0,0.0,0.0,0.0,/kaggle/input/datasets/shuvroahmedimaging/ws2-eca/test_set/test_set/images/before/before-video-006/frame_0018.jpg,/kaggle/input/datasets/shuvroahmedimaging/ws2-eca/test_set/test_set/masks/before/before-video-006/frame_0018.jpg
before-video-006,frame_0019.jpg,christian_original_simple,christian_original,0,none,,,,0.4794421300489042,0.6481390793339863,0.7937031484257872,0.547692944340989,3335,4833,0.1355599034577608,0.0,0.0,0.0,0.0,0.0,0.0,/kaggle/input/datasets/shuvroahmedimaging/ws2-eca/test_set/test_set/images/before/before-video-006/frame_0019.jpg,/kaggle/input/datasets/shuvroahmedimaging/ws2-eca/test_set/test_set/masks/before/before-video-006/frame_0019.jpg
before-video-006,frame_0020.jpg,christian_original_simple,christian_original,0,none,,,,0.5865041617122473,0.7393666854037849,0.6432996413433323,0.8691629955947137,3067,2270,0.1355599034577608,0.0,0.0,0.0,0.0,0.0,0.0,/kaggle/input/datasets/shuvroahmedimaging/ws2-eca/test_set/test_set/images/before/before-video-006/frame_0020.jpg,/kaggle/input/datasets/shuvroahmedimaging/ws2-eca/test_set/test_set/masks/before/before-video-006/frame_0020.jpg
before-video-006,frame_0021.jpg,christian_original_simple,christian_original,0,none,,,,0.5444118431581755,0.7050086355785837,0.5844788087056129,0.8881636205395996,3492,2298,0.1355599034577608,0.0,0.0,0.0,0.0,0.0,0.0,/kaggle/input/datasets/shuvroahmedimaging/ws2-eca/test_set/test_set/images/before/before-video-006/frame_0021.jpg,/kaggle/input/datasets/shuvroahmedimaging/ws2-eca/test_set/test_set/masks/before/before-video-006/frame_0021.jpg
before-video-006,frame_0022.jpg,christian_original_simple,christian_original,0,none,,,,0.6024135681669929,0.751882760024425,0.6878957169459963,0.8289946140035906,2685,2228,0.1355599034577608,0.0,0.0,0.0,0.0,0.0,0.0,/kaggle/input/datasets/shuvroahmedimaging/ws2-eca/test_set/test_set/images/before/before-video-006/frame_0022.jpg,/kaggle/input/datasets/shuvroahmedimaging/ws2-eca/test_set/test_set/masks/before/before-video-006/frame_0022.jpg
before-video-006,frame_0023.jpg,christian_original_simple,christian_original,0,none,,,,0.35858585858585856,0.5278810408921933,0.5288640595903166,0.5269016697588126,1611,1617,0.1355599034577608,0.0,0.0,0.0,0.0,0.0,0.0,/kaggle/input/datasets/shuvroahmedimaging/ws2-eca/test_set/test_set/images/before/before-video-006/frame_0023.jpg,/kaggle/input/datasets/shuvroahmedimaging/ws2-eca/test_set/test_set/masks/before/before-video-006/frame_0023.jpg
before-video-006,frame_0024.jpg,christian_original_simple,christian_original,0,none,,,,0.19317187044061862,0.32379554903399366,0.6734486266531028,0.21313586606567933,983,3106,0.1355599034577608,0.0,0.0,0.0,0.0,0.0,0.0,/kaggle/input/datasets/shuvroahmedimaging/ws2-eca/test_set/test_set/images/before/before-video-006/frame_0024.jpg,/kaggle/input/datasets/shuvroahmedimaging/ws2-eca/test_set/test_set/masks/before/before-video-006/frame_0024.jpg
before-video-006,frame_0025.jpg,christian_original_simple,christian_original,0,none,,,,0.3010255379046853,0.46275115919629056,0.760284408329101,0.3325927571650744,1969,4501,0.1355599034577608,0.0,0.0,0.0,0.0,0.0,0.0,/kaggle/input/datasets/shuvroahmedimaging/ws2-eca/test_set/test_set/images/before/before-video-006/frame_0025.jpg,/kaggle/input/datasets/shuvroahmedimaging/ws2-eca/test_set/test_set/masks/before/before-video-006/frame_0025.jpg
before-video-006,frame_0026.jpg,christian_original_simple,christian_original,0,none,,,,0.31130216729356974,0.4747985247916951,0.8132896583996256,0.33526234567901236,2137,5184,0.1355599034577608,0.0,0.0,0.0,0.0,0.0,0.0,/kaggle/input/datasets/shuvroahmedimaging/ws2-eca/test_set/test_set/images/before/before-video-006/frame_0026.jpg,/kaggle/input/datasets/shuvroahmedimaging/ws2-eca/test_set/test_set/masks/before/before-video-006/frame_0026.jpg
before-video-006,frame_0027.jpg,christian_original_simple,christian_original,0,none,,,,0.2510176390773406,0.40130151843817785,0.8367598684210527,0.26394293125810636,2432,7710,0.1355599034577608,0.0,0.0,0.0,0.0,0.0,0.0,/kaggle/input/datasets/shuvroahmedimaging/ws2-eca/test_set/test_set/images/before/before-video-006/frame_0027.jpg,/kaggle/input/datasets/shuvroahmedimaging/ws2-eca/test_set/test_set/masks/before/before-video-006/frame_0027.jpg
before-video-006,frame_0028.jpg,christian_original_simple,christian_original,0,none,,,,0.21198984986255023,0.3498211637442205,0.7771317829457365,0.22571203422267253,2580,8883,0.1355599034577608,0.0,0.0,0.0,0.0,0.0,0.0,/kaggle/input/datasets/shuvroahmedimaging/ws2-eca/test_set/test_set/images/before/before-video-006/frame_0028.jpg,/kaggle/input/datasets/shuvroahmedimaging/ws2-eca/test_set/test_set/masks/before/before-video-006/frame_0028.jpg
before-video-006,frame_0029.jpg,christian_original_simple,christian_original,0,none,,,,0.21164195496979682,0.34934735315445975,0.7714171337069655,0.22580267166627607,2498,8534,0.1355599034577608,0.0,0.0,0.0,0.0,0.0,0.0,/kaggle/input/datasets/shuvroahmedimaging/ws2-eca/test_set/test_set/images/before/before-video-006/frame_0029.jpg,/kaggle/input/datasets/shuvroahmedimaging/ws2-eca/test_set/test_set/masks/before/before-video-006/frame_0029.jpg
before-video-006,frame_0030.jpg,christian_original_simple,christian_original,0,none,,,,0.39503879357447275,0.5663481121729594,0.9826039684696929,0.39782106305711457,3679,9087,0.1355599034577608,0.0,0.0,0.0,0.0,0.0,0.0,/kaggle/input/datasets/shuvroahmedimaging/ws2-eca/test_set/test_set/images/before/before-video-006/frame_0030.jpg,/kaggle/input/datasets/shuvroahmedimaging/ws2-eca/test_set/test_set/masks/before/before-video-006/frame_0030.jpg
before-video-006,frame_0031.jpg,christian_original_simple,christian_original,0,none,,,,0.3457868720542591,0.5138805842658238,0.9778933680104032,0.34851118062796893,3076,8631,0.1355599034577608,0.0,0.0,0.0,0.0,0.0,0.0,/kaggle/input/datasets/shuvroahmedimaging/ws2-eca/test_set/test_set/images/before/before-video-006/frame_0031.jpg,/kaggle/input/datasets/shuvroahmedimaging/ws2-eca/test_set/test_set/masks/before/before-video-006/frame_0031.jpg
before-video-006,frame_0032.jpg,christian_original_simple,christian_original,0,none,,,,0.4100418410041841,0.5816023738872403,0.9686434901158828,0.4155578300921187,2934,6839,0.1355599034577608,0.0,0.0,0.0,0.0,0.0,0.0,/kaggle/input/datasets/shuvroahmedimaging/ws2-eca/test_set/test_set/images/before/before-video-006/frame_0032.jpg,/kaggle/input/datasets/shuvroahmedimaging/ws2-eca/test_set/test_set/masks/before/before-video-006/frame_0032.jpg
before-video-006,frame_0033.jpg,christian_original_simple,christian_original,0,none,,,,0.5485734290215298,0.7084887532496892,0.9005747126436782,0.5839388857834917,3480,5367,0.1355599034577608,0.0,0.0,0.0,0.0,0.0,0.0,/kaggle/input/datasets/shuvroahmedimaging/ws2-eca/test_set/test_set/images/before/before-video-006/frame_0033.jpg,/kaggle/input/datasets/shuvroahmedimaging/ws2-eca/test_set/test_set/masks/before/before-video-006/frame_0033.jpg
before-video-006,frame_0034.jpg,christian_original_simple,christian_original,0,none,,,,0.6672558550596553,0.8004240657301882,0.8926987880579368,0.7254383857794859,3383,4163,0.1355599034577608,0.0,0.0,0.0,0.0,0.0,0.0,/kaggle/input/datasets/shuvroahmedimaging/ws2-eca/test_set/test_set/images/before/before-video-006/frame_0034.jpg,/kaggle/input/datasets/shuvroahmedimaging/ws2-eca/test_set/test_set/masks/before/before-video-006/frame_0034.jpg
before-video-006,frame_0035.jpg,christian_original_simple,christian_original,0,none,,,,0.5050410316529894,0.6711325751674716,0.8842364532019704,0.5407983931709767,2436,3983,0.1355599034577608,0.0,0.0,0.0,0.0,0.0,0.0,/kaggle/input/datasets/shuvroahmedimaging/ws2-eca/test_set/test_set/images/before/before-video-006/frame_0035.jpg,/kaggle/input/datasets/shuvroahmedimaging/ws2-eca/test_set/test_set/masks/before/before-video-006/frame_0035.jpg
before-video-006,frame_0036.jpg,christian_original_simple,christian_original,0,none,,,,0.42161985630306986,0.593154146565587,0.9188612099644128,0.4379240162822252,2810,5896,0.1355599034577608,0.0,0.0,0.0,0.0,0.0,0.0,/kaggle/input/datasets/shuvroahmedimaging/ws2-eca/test_set/test_set/images/before/before-video-006/frame_0036.jpg,/kaggle/input/datasets/shuvroahmedimaging/ws2-eca/test_set/test_set/masks/before/before-video-006/frame_0036.jpg
before-video-006,frame_0037.jpg,christian_original_simple,christian_original,0,none,,,,0.3794741843522331,0.5501722158438577,0.9425649095200629,0.38845654993514916,2542,6168,0.1355599034577608,0.0,0.0,0.0,0.0,0.0,0.0,/kaggle/input/datasets/shuvroahmedimaging/ws2-eca/test_set/test_set/images/before/before-video-006/frame_0037.jpg,/kaggle/input/datasets/shuvroahmedimaging/ws2-eca/test_set/test_set/masks/before/before-video-006/frame_0037.jpg
before-video-006,frame_0038.jpg,christian_original_simple,christian_original,0,none,,,,0.45189761694616065,0.6224924012158055,0.9835345773874863,0.45534239613772076,3644,7871,0.1355599034577608,0.0,0.0,0.0,0.0,0.0,0.0,/kaggle/input/datasets/shuvroahmedimaging/ws2-eca/test_set/test_set/images/before/before-video-006/frame_0038.jpg,/kaggle/input/datasets/shuvroahmedimaging/ws2-eca/test_set/test_set/masks/before/before-video-006/frame_0038.jpg
before-video-007,frame_0001.jpg,christian_original_simple,christian_original,0,none,,,,0.18269311239434263,0.30894424002264365,0.6932359479199746,0.19876172266229628,3149,10983,0.1355599034577608,0.0,0.0,0.0,0.0,0.0,0.0,/kaggle/input/datasets/shuvroahmedimaging/ws2-eca/test_set/test_set/images/before/before-video-007/frame_0001.jpg,/kaggle/input/datasets/shuvroahmedimaging/ws2-eca/test_set/test_set/masks/before/before-video-007/frame_0001.jpg
before-video-007,frame_0002.jpg,christian_original_simple,christian_original,0,none,,,,0.13516931291274414,0.23814828567892066,0.7616785431512272,0.14113849765258216,2526,13632,0.1355599034577608,0.0,0.0,0.0,0.0,0.0,0.0,/kaggle/input/datasets/shuvroahmedimaging/ws2-eca/test_set/test_set/images/before/before-video-007/frame_0002.jpg,/kaggle/input/datasets/shuvroahmedimaging/ws2-eca/test_set/test_set/masks/before/before-video-007/frame_0002.jpg
before-video-007,frame_0003.jpg,christian_original_simple,christian_original,0,none,,,,0.1782892261382165,0.3026238756719357,0.7654819601507808,0.18859038142620232,3714,15075,0.1355599034577608,0.0,0.0,0.0,0.0,0.0,0.0,/kaggle/input/datasets/shuvroahmedimaging/ws2-eca/test_set/test_set/images/before/before-video-007/frame_0003.jpg,/kaggle/input/datasets/shuvroahmedimaging/ws2-eca/test_set/test_set/masks/before/before-video-007/frame_0003.jpg
before-video-007,frame_0004.jpg,christian_original_simple,christian_original,0,none,,,,0.3564908722109533,0.525607476635514,0.8360338932659432,0.38328903428065153,6727,14673,0.1355599034577608,0.0,0.0,0.0,0.0,0.0,0.0,/kaggle/input/datasets/shuvroahmedimaging/ws2-eca/test_set/test_set/images/before/before-video-007/frame_0004.jpg,/kaggle/input/datasets/shuvroahmedimaging/ws2-eca/test_set/test_set/masks/before/before-video-007/frame_0004.jpg
before-video-007,frame_0005.jpg,christian_original_simple,christian_original,0,none,,,,0.38150839985702373,0.5523070288917636,0.8513693166710982,0.40873117181516466,7522,15668,0.1355599034577608,0.0,0.0,0.0,0.0,0.0,0.0,/kaggle/input/datasets/shuvroahmedimaging/ws2-eca/test_set/test_set/images/before/before-video-007/frame_0005.jpg,/kaggle/input/datasets/shuvroahmedimaging/ws2-eca/test_set/test_set/masks/before/before-video-007/frame_0005.jpg
before-video-007,frame_0006.jpg,christian_original_simple,christian_original,0,none,,,,0.4607226107226107,0.6308146493257799,0.8419595314164005,0.5043378412860423,9390,15676,0.1355599034577608,0.0,0.0,0.0,0.0,0.0,0.0,/kaggle/input/datasets/shuvroahmedimaging/ws2-eca/test_set/test_set/images/before/before-video-007/frame_0006.jpg,/kaggle/input/datasets/shuvroahmedimaging/ws2-eca/test_set/test_set/masks/before/before-video-007/frame_0006.jpg
before-video-007,frame_0007.jpg,christian_original_simple,christian_original,0,none,,,,0.5398955613577023,0.7012106209094917,0.908923076923077,0.5707739869714034,11375,18114,0.1355599034577608,0.0,0.0,0.0,0.0,0.0,0.0,/kaggle/input/datasets/shuvroahmedimaging/ws2-eca/test_set/test_set/images/before/before-video-007/frame_0007.jpg,/kaggle/input/datasets/shuvroahmedimaging/ws2-eca/test_set/test_set/masks/before/before-video-007/frame_0007.jpg
before-video-007,frame_0008.jpg,christian_original_simple,christian_original,0,none,,,,0.6085086976350251,0.7566122564704929,0.9408683388737786,0.6327055954477713,9927,14762,0.1355599034577608,0.0,0.0,0.0,0.0,0.0,0.0,/kaggle/input/datasets/shuvroahmedimaging/ws2-eca/test_set/test_set/images/before/before-video-007/frame_0008.jpg,/kaggle/input/datasets/shuvroahmedimaging/ws2-eca/test_set/test_set/masks/before/before-video-007/frame_0008.jpg
before-video-007,frame_0009.jpg,christian_original_simple,christian_original,0,none,,,,0.4405384119710747,0.6116302186878728,0.9418337670289301,0.4528593508500773,6533,13587,0.1355599034577608,0.0,0.0,0.0,0.0,0.0,0.0,/kaggle/input/datasets/shuvroahmedimaging/ws2-eca/test_set/test_set/images/before/before-video-007/frame_0009.jpg,/kaggle/input/datasets/shuvroahmedimaging/ws2-eca/test_set/test_set/masks/before/before-video-007/frame_0009.jpg
before-video-007,frame_0010.jpg,christian_original_simple,christian_original,0,none,,,,0.578494623655914,0.7329700272479565,0.8664996420901933,0.635099685204617,5588,7624,0.1355599034577608,0.0,0.0,0.0,0.0,0.0,0.0,/kaggle/input/datasets/shuvroahmedimaging/ws2-eca/test_set/test_set/images/before/before-video-007/frame_0010.jpg,/kaggle/input/datasets/shuvroahmedimaging/ws2-eca/test_set/test_set/masks/before/before-video-007/frame_0010.jpg
before-video-008,frame_0001.jpg,christian_original_simple,christian_original,0,none,,,,0.46847940438617786,0.638046952496418,0.8867953431372549,0.49827853331038047,6528,11618,0.1355599034577608,0.0,0.0,0.0,0.0,0.0,0.0,/kaggle/input/datasets/shuvroahmedimaging/ws2-eca/test_set/test_set/images/before/before-video-008/frame_0001.jpg,/kaggle/input/datasets/shuvroahmedimaging/ws2-eca/test_set/test_set/masks/before/before-video-008/frame_0001.jpg
before-video-008,frame_0002.jpg,christian_original_simple,christian_original,0,none,,,,0.44194405375839974,0.6129836349842852,0.8043230944254836,0.49518473122045176,3516,5711,0.1355599034577608,0.0,0.0,0.0,0.0,0.0,0.0,/kaggle/input/datasets/shuvroahmedimaging/ws2-eca/test_set/test_set/images/before/before-video-008/frame_0002.jpg,/kaggle/input/datasets/shuvroahmedimaging/ws2-eca/test_set/test_set/masks/before/before-video-008/frame_0002.jpg
before-video-008,frame_0003.jpg,christian_original_simple,christian_original,0,none,,,,0.32883176049463064,0.4949185747520509,0.8119726797910808,0.35593518844663613,2489,5678,0.1355599034577608,0.0,0.0,0.0,0.0,0.0,0.0,/kaggle/input/datasets/shuvroahmedimaging/ws2-eca/test_set/test_set/images/before/before-video-008/frame_0003.jpg,/kaggle/input/datasets/shuvroahmedimaging/ws2-eca/test_set/test_set/masks/before/before-video-008/frame_0003.jpg
before-video-008,frame_0004.jpg,christian_original_simple,christian_original,0,none,,,,0.2112816424157863,0.3488563435905875,0.6302021403091558,0.24118316268486917,1682,4395,0.1355599034577608,0.0,0.0,0.0,0.0,0.0,0.0,/kaggle/input/datasets/shuvroahmedimaging/ws2-eca/test_set/test_set/images/before/before-video-008/frame_0004.jpg,/kaggle/input/datasets/shuvroahmedimaging/ws2-eca/test_set/test_set/masks/before/before-video-008/frame_0004.jpg
before-video-008,frame_0005.jpg,christian_original_simple,christian_original,0,none,,,,0.17575126837517888,0.29895994689090505,0.5798283261802575,0.20140131186642815,2330,6708,0.1355599034577608,0.0,0.0,0.0,0.0,0.0,0.0,/kaggle/input/datasets/shuvroahmedimaging/ws2-eca/test_set/test_set/images/before/before-video-008/frame_0005.jpg,/kaggle/input/datasets/shuvroahmedimaging/ws2-eca/test_set/test_set/masks/before/before-video-008/frame_0005.jpg
before-video-008,frame_0006.jpg,christian_original_simple,christian_original,0,none,,,,0.10868218426409416,0.19605651792129,0.3747329874885566,0.13275675675675674,3277,9250,0.1355599034577608,0.0,0.0,0.0,0.0,0.0,0.0,/kaggle/input/datasets/shuvroahmedimaging/ws2-eca/test_set/test_set/images/before/before-video-008/frame_0006.jpg,/kaggle/input/datasets/shuvroahmedimaging/ws2-eca/test_set/test_set/masks/before/before-video-008/frame_0006.jpg
before-video-008,frame_0007.jpg,christian_original_simple,christian_original,0,none,,,,0.11988304093567251,0.21409921671018275,0.5247784706268461,0.13448275862068965,3047,11890,0.1355599034577608,0.0,0.0,0.0,0.0,0.0,0.0,/kaggle/input/datasets/shuvroahmedimaging/ws2-eca/test_set/test_set/images/before/before-video-008/frame_0007.jpg,/kaggle/input/datasets/shuvroahmedimaging/ws2-eca/test_set/test_set/masks/before/before-video-008/frame_0007.jpg
before-video-008,frame_0008.jpg,christian_original_simple,christian_original,0,none,,,,0.11617014742014742,0.2081584921235468,0.46184371184371187,0.13435751709439658,3276,11261,0.1355599034577608,0.0,0.0,0.0,0.0,0.0,0.0,/kaggle/input/datasets/shuvroahmedimaging/ws2-eca/test_set/test_set/images/before/before-video-008/frame_0008.jpg,/kaggle/input/datasets/shuvroahmedimaging/ws2-eca/test_set/test_set/masks/before/before-video-008/frame_0008.jpg
before-video-008,frame_0009.jpg,christian_original_simple,christian_original,0,none,,,,0.15229842855044792,0.26433851644149886,0.5483870967741935,0.17413937867338372,3782,11910,0.1355599034577608,0.0,0.0,0.0,0.0,0.0,0.0,/kaggle/input/datasets/shuvroahmedimaging/ws2-eca/test_set/test_set/images/before/before-video-008/frame_0009.jpg,/kaggle/input/datasets/shuvroahmedimaging/ws2-eca/test_set/test_set/masks/before/before-video-008/frame_0009.jpg
before-video-008,frame_0010.jpg,christian_original_simple,christian_original,0,none,,,,0.13091395733291347,0.23151886398440763,0.6104992657856094,0.14284487201511767,2724,11642,0.1355599034577608,0.0,0.0,0.0,0.0,0.0,0.0,/kaggle/input/datasets/shuvroahmedimaging/ws2-eca/test_set/test_set/images/before/before-video-008/frame_0010.jpg,/kaggle/input/datasets/shuvroahmedimaging/ws2-eca/test_set/test_set/masks/before/before-video-008/frame_0010.jpg
before-video-008,frame_0011.jpg,christian_original_simple,christian_original,0,none,,,,0.13070489844683392,0.2311918850380389,0.7493150684931507,0.1366816591704148,1460,8004,0.1355599034577608,0.0,0.0,0.0,0.0,0.0,0.0,/kaggle/input/datasets/shuvroahmedimaging/ws2-eca/test_set/test_set/images/before/before-video-008/frame_0011.jpg,/kaggle/input/datasets/shuvroahmedimaging/ws2-eca/test_set/test_set/masks/before/before-video-008/frame_0011.jpg
before-video-008,frame_0012.jpg,christian_original_simple,christian_original,0,none,,,,0.3006719799968745,0.46233329328367173,0.7268605969021534,0.3389711064129669,2647,5676,0.1355599034577608,0.0,0.0,0.0,0.0,0.0,0.0,/kaggle/input/datasets/shuvroahmedimaging/ws2-eca/test_set/test_set/images/before/before-video-008/frame_0012.jpg,/kaggle/input/datasets/shuvroahmedimaging/ws2-eca/test_set/test_set/masks/before/before-video-008/frame_0012.jpg
before-video-008,frame_0013.jpg,christian_original_simple,christian_original,0,none,,,,0.4096292481977343,0.5811872146118722,0.6142857142857143,0.551473136915078,2590,2885,0.1355599034577608,0.0,0.0,0.0,0.0,0.0,0.0,/kaggle/input/datasets/shuvroahmedimaging/ws2-eca/test_set/test_set/images/before/before-video-008/frame_0013.jpg,/kaggle/input/datasets/shuvroahmedimaging/ws2-eca/test_set/test_set/masks/before/before-video-008/frame_0013.jpg
before-video-008,frame_0014.jpg,christian_original_simple,christian_original,0,none,,,,0.4374407582938389,0.6086383119024068,0.5886479591836735,0.6300341296928328,1568,1465,0.1355599034577608,0.0,0.0,0.0,0.0,0.0,0.0,/kaggle/input/datasets/shuvroahmedimaging/ws2-eca/test_set/test_set/images/before/before-video-008/frame_0014.jpg,/kaggle/input/datasets/shuvroahmedimaging/ws2-eca/test_set/test_set/masks/before/before-video-008/frame_0014.jpg
before-video-008,frame_0015.jpg,christian_original_simple,christian_original,0,none,,,,0.6743150684931507,0.8054816935978728,0.8651142355008787,0.7535399923459625,2276,2613,0.1355599034577608,0.0,0.0,0.0,0.0,0.0,0.0,/kaggle/input/datasets/shuvroahmedimaging/ws2-eca/test_set/test_set/images/before/before-video-008/frame_0015.jpg,/kaggle/input/datasets/shuvroahmedimaging/ws2-eca/test_set/test_set/masks/before/before-video-008/frame_0015.jpg
before-video-008,frame_0016.jpg,christian_original_simple,christian_original,0,none,,,,0.4980318060148008,0.6649148623081774,0.7654888673765731,0.5876997398736529,4132,5382,0.1355599034577608,0.0,0.0,0.0,0.0,0.0,0.0,/kaggle/input/datasets/shuvroahmedimaging/ws2-eca/test_set/test_set/images/before/before-video-008/frame_0016.jpg,/kaggle/input/datasets/shuvroahmedimaging/ws2-eca/test_set/test_set/masks/before/before-video-008/frame_0016.jpg
before-video-008,frame_0017.jpg,christian_original_simple,christian_original,0,none,,,,0.3877311417669504,0.5587986463620981,0.7778213935230618,0.436021564528551,5095,9089,0.1355599034577608,0.0,0.0,0.0,0.0,0.0,0.0,/kaggle/input/datasets/shuvroahmedimaging/ws2-eca/test_set/test_set/images/before/before-video-008/frame_0017.jpg,/kaggle/input/datasets/shuvroahmedimaging/ws2-eca/test_set/test_set/masks/before/before-video-008/frame_0017.jpg
before-video-008,frame_0018.jpg,christian_original_simple,christian_original,0,none,,,,0.5101384421759194,0.6756181127882211,0.8051202824983448,0.582003828972559,4531,6268,0.1355599034577608,0.0,0.0,0.0,0.0,0.0,0.0,/kaggle/input/datasets/shuvroahmedimaging/ws2-eca/test_set/test_set/images/before/before-video-008/frame_0018.jpg,/kaggle/input/datasets/shuvroahmedimaging/ws2-eca/test_set/test_set/masks/before/before-video-008/frame_0018.jpg
before-video-008,frame_0019.jpg,christian_original_simple,christian_original,0,none,,,,0.284160254709472,0.4425619834710744,0.9415384615384615,0.28926401080351116,2275,7405,0.1355599034577608,0.0,0.0,0.0,0.0,0.0,0.0,/kaggle/input/datasets/shuvroahmedimaging/ws2-eca/test_set/test_set/images/before/before-video-008/frame_0019.jpg,/kaggle/input/datasets/shuvroahmedimaging/ws2-eca/test_set/test_set/masks/before/before-video-008/frame_0019.jpg
before-video-008,frame_0020.jpg,christian_original_simple,christian_original,0,none,,,,0.19573925710123816,0.32739454850007615,0.6587009803921569,0.21783181357649442,1632,4935,0.1355599034577608,0.0,0.0,0.0,0.0,0.0,0.0,/kaggle/input/datasets/shuvroahmedimaging/ws2-eca/test_set/test_set/images/before/before-video-008/frame_0020.jpg,/kaggle/input/datasets/shuvroahmedimaging/ws2-eca/test_set/test_set/masks/before/before-video-008/frame_0020.jpg
before-video-008,frame_0021.jpg,christian_original_simple,christian_original,0,none,,,,0.33419267299864314,0.5009661344452354,0.6168294515401953,0.42174657534246573,3993,5840,0.1355599034577608,0.0,0.0,0.0,0.0,0.0,0.0,/kaggle/input/datasets/shuvroahmedimaging/ws2-eca/test_set/test_set/images/before/before-video-008/frame_0021.jpg,/kaggle/input/datasets/shuvroahmedimaging/ws2-eca/test_set/test_set/masks/before/before-video-008/frame_0021.jpg
before-video-008,frame_0022.jpg,christian_original_simple,christian_original,0,none,,,,0.41145748327076875,0.5830249768732655,0.7425625920471282,0.4799162383399962,6790,10506,0.1355599034577608,0.0,0.0,0.0,0.0,0.0,0.0,/kaggle/input/datasets/shuvroahmedimaging/ws2-eca/test_set/test_set/images/before/before-video-008/frame_0022.jpg,/kaggle/input/datasets/shuvroahmedimaging/ws2-eca/test_set/test_set/masks/before/before-video-008/frame_0022.jpg
before-video-008,frame_0023.jpg,christian_original_simple,christian_original,0,none,,,,0.4522927940757619,0.6228672288684056,0.7484681853888453,0.5333631885356024,6365,8932,0.1355599034577608,0.0,0.0,0.0,0.0,0.0,0.0,/kaggle/input/datasets/shuvroahmedimaging/ws2-eca/test_set/test_set/images/before/before-video-008/frame_0023.jpg,/kaggle/input/datasets/shuvroahmedimaging/ws2-eca/test_set/test_set/masks/before/before-video-008/frame_0023.jpg
before-video-008,frame_0024.jpg,christian_original_simple,christian_original,0,none,,,,0.2878857669276831,0.4470672389127325,0.8982035928143712,0.2975954289342116,4175,12601,0.1355599034577608,0.0,0.0,0.0,0.0,0.0,0.0,/kaggle/input/datasets/shuvroahmedimaging/ws2-eca/test_set/test_set/images/before/before-video-008/frame_0024.jpg,/kaggle/input/datasets/shuvroahmedimaging/ws2-eca/test_set/test_set/masks/before/before-video-008/frame_0024.jpg
before-video-008,frame_0025.jpg,christian_original_simple,christian_original,0,none,,,,0.39589653520676993,0.5672290534744067,0.7531895504252734,0.4549123933584075,6584,10901,0.1355599034577608,0.0,0.0,0.0,0.0,0.0,0.0,/kaggle/input/datasets/shuvroahmedimaging/ws2-eca/test_set/test_set/images/before/before-video-008/frame_0025.jpg,/kaggle/input/datasets/shuvroahmedimaging/ws2-eca/test_set/test_set/masks/before/before-video-008/frame_0025.jpg
before-video-008,frame_0026.jpg,christian_original_simple,christian_original,0,none,,,,0.3451834862385321,0.5132139812446718,0.6616596446235574,0.4191714053614947,5459,8617,0.1355599034577608,0.0,0.0,0.0,0.0,0.0,0.0,/kaggle/input/datasets/shuvroahmedimaging/ws2-eca/test_set/test_set/images/before/before-video-008/frame_0026.jpg,/kaggle/input/datasets/shuvroahmedimaging/ws2-eca/test_set/test_set/masks/before/before-video-008/frame_0026.jpg
before-video-008,frame_0027.jpg,christian_original_simple,christian_original,0,none,,,,0.3597129573478876,0.5291013156916673,0.6287985865724381,0.4566919029898627,5660,7793,0.1355599034577608,0.0,0.0,0.0,0.0,0.0,0.0,/kaggle/input/datasets/shuvroahmedimaging/ws2-eca/test_set/test_set/images/before/before-video-008/frame_0027.jpg,/kaggle/input/datasets/shuvroahmedimaging/ws2-eca/test_set/test_set/masks/before/before-video-008/frame_0027.jpg
before-video-008,frame_0028.jpg,christian_original_simple,christian_original,0,none,,,,0.3606266902918959,0.530089102124743,0.7147874306839187,0.4212418300653595,5410,9180,0.1355599034577608,0.0,0.0,0.0,0.0,0.0,0.0,/kaggle/input/datasets/shuvroahmedimaging/ws2-eca/test_set/test_set/images/before/before-video-008/frame_0028.jpg,/kaggle/input/datasets/shuvroahmedimaging/ws2-eca/test_set/test_set/masks/before/before-video-008/frame_0028.jpg
before-video-008,frame_0029.jpg,christian_original_simple,christian_original,0,none,,,,0.3457546784342568,0.5138450327908671,0.8965882602246239,0.3601157545323006,4719,11749,0.1355599034577608,0.0,0.0,0.0,0.0,0.0,0.0,/kaggle/input/datasets/shuvroahmedimaging/ws2-eca/test_set/test_set/images/before/before-video-008/frame_0029.jpg,/kaggle/input/datasets/shuvroahmedimaging/ws2-eca/test_set/test_set/masks/before/before-video-008/frame_0029.jpg
before-video-008,frame_0030.jpg,christian_original_simple,christian_original,0,none,,,,0.42055625060148205,0.5921008061784432,0.9311740890688259,0.43404847040127137,4693,10068,0.1355599034577608,0.0,0.0,0.0,0.0,0.0,0.0,/kaggle/input/datasets/shuvroahmedimaging/ws2-eca/test_set/test_set/images/before/before-video-008/frame_0030.jpg,/kaggle/input/datasets/shuvroahmedimaging/ws2-eca/test_set/test_set/masks/before/before-video-008/frame_0030.jpg
before-video-008,frame_0031.jpg,christian_original_simple,christian_original,0,none,,,,0.3524499446624409,0.5212022020532658,0.792713283548314,0.38823007868779785,4419,9023,0.1355599034577608,0.0,0.0,0.0,0.0,0.0,0.0,/kaggle/input/datasets/shuvroahmedimaging/ws2-eca/test_set/test_set/images/before/before-video-008/frame_0031.jpg,/kaggle/input/datasets/shuvroahmedimaging/ws2-eca/test_set/test_set/masks/before/before-video-008/frame_0031.jpg
before-video-008,frame_0032.jpg,christian_original_simple,christian_original,0,none,,,,0.30403299725022914,0.46629647852674494,0.6987571097535286,0.3498945147679325,4747,9480,0.1355599034577608,0.0,0.0,0.0,0.0,0.0,0.0,/kaggle/input/datasets/shuvroahmedimaging/ws2-eca/test_set/test_set/images/before/before-video-008/frame_0032.jpg,/kaggle/input/datasets/shuvroahmedimaging/ws2-eca/test_set/test_set/masks/before/before-video-008/frame_0032.jpg
before-video-008,frame_0033.jpg,christian_original_simple,christian_original,0,none,,,,0.2601855586930214,0.41293213828425096,0.688550840672538,0.29489084466796206,3747,8749,0.1355599034577608,0.0,0.0,0.0,0.0,0.0,0.0,/kaggle/input/datasets/shuvroahmedimaging/ws2-eca/test_set/test_set/images/before/before-video-008/frame_0033.jpg,/kaggle/input/datasets/shuvroahmedimaging/ws2-eca/test_set/test_set/masks/before/before-video-008/frame_0033.jpg
before-video-008,frame_0034.jpg,christian_original_simple,christian_original,0,none,,,,0.13659541086487548,0.24035889914588907,0.6762135922330097,0.1461546532368062,2060,9531,0.1355599034577608,0.0,0.0,0.0,0.0,0.0,0.0,/kaggle/input/datasets/shuvroahmedimaging/ws2-eca/test_set/test_set/images/before/before-video-008/frame_0034.jpg,/kaggle/input/datasets/shuvroahmedimaging/ws2-eca/test_set/test_set/masks/before/before-video-008/frame_0034.jpg
before-video-008,frame_0035.jpg,christian_original_simple,christian_original,0,none,,,,0.14049073403043794,0.2463689179375454,0.8010625737898465,0.14556962025316456,1694,9322,0.1355599034577608,0.0,0.0,0.0,0.0,0.0,0.0,/kaggle/input/datasets/shuvroahmedimaging/ws2-eca/test_set/test_set/images/before/before-video-008/frame_0035.jpg,/kaggle/input/datasets/shuvroahmedimaging/ws2-eca/test_set/test_set/masks/before/before-video-008/frame_0035.jpg
before-video-008,frame_0036.jpg,christian_original_simple,christian_original,0,none,,,,0.25503748828491096,0.40642210398581163,0.9963386727688787,0.2552767354596623,2185,8528,0.1355599034577608,0.0,0.0,0.0,0.0,0.0,0.0,/kaggle/input/datasets/shuvroahmedimaging/ws2-eca/test_set/test_set/images/before/before-video-008/frame_0036.jpg,/kaggle/input/datasets/shuvroahmedimaging/ws2-eca/test_set/test_set/masks/before/before-video-008/frame_0036.jpg
before-video-008,frame_0037.jpg,christian_original_simple,christian_original,0,none,,,,0.29625504663789504,0.4570937600687359,0.976594768242313,0.29837352776219855,2179,7132,0.1355599034577608,0.0,0.0,0.0,0.0,0.0,0.0,/kaggle/input/datasets/shuvroahmedimaging/ws2-eca/test_set/test_set/images/before/before-video-008/frame_0037.jpg,/kaggle/input/datasets/shuvroahmedimaging/ws2-eca/test_set/test_set/masks/before/before-video-008/frame_0037.jpg
before-video-008,frame_0038.jpg,christian_original_simple,christian_original,0,none,,,,0.3153221235594181,0.4794599253088193,0.8303482587064677,0.3370355411954766,4020,9904,0.1355599034577608,0.0,0.0,0.0,0.0,0.0,0.0,/kaggle/input/datasets/shuvroahmedimaging/ws2-eca/test_set/test_set/images/before/before-video-008/frame_0038.jpg,/kaggle/input/datasets/shuvroahmedimaging/ws2-eca/test_set/test_set/masks/before/before-video-008/frame_0038.jpg
before-video-008,frame_0039.jpg,christian_original_simple,christian_original,0,none,,,,0.20594118823764754,0.3415443310939703,0.5477520617185422,0.24813208001928175,3759,8298,0.1355599034577608,0.0,0.0,0.0,0.0,0.0,0.0,/kaggle/input/datasets/shuvroahmedimaging/ws2-eca/test_set/test_set/images/before/before-video-008/frame_0039.jpg,/kaggle/input/datasets/shuvroahmedimaging/ws2-eca/test_set/test_set/masks/before/before-video-008/frame_0039.jpg
before-video-008,frame_0040.jpg,christian_original_simple,christian_original,0,none,,,,0.24992845559477248,0.3999084179195604,0.5683297180043384,0.3084893441657836,4610,8493,0.1355599034577608,0.0,0.0,0.0,0.0,0.0,0.0,/kaggle/input/datasets/shuvroahmedimaging/ws2-eca/test_set/test_set/images/before/before-video-008/frame_0040.jpg,/kaggle/input/datasets/shuvroahmedimaging/ws2-eca/test_set/test_set/masks/before/before-video-008/frame_0040.jpg
before-video-008,frame_0041.jpg,christian_original_simple,christian_original,0,none,,,,0.1069762395573397,0.19327648730765462,0.38712210443659206,0.12878787878787878,2547,7656,0.1355599034577608,0.0,0.0,0.0,0.0,0.0,0.0,/kaggle/input/datasets/shuvroahmedimaging/ws2-eca/test_set/test_set/images/before/before-video-008/frame_0041.jpg,/kaggle/input/datasets/shuvroahmedimaging/ws2-eca/test_set/test_set/masks/before/before-video-008/frame_0041.jpg
before-video-008,frame_0042.jpg,christian_original_simple,christian_original,0,none,,,,0.07773355186139078,0.14425374755594178,0.3818286371477861,0.08892460158028659,1739,7467,0.1355599034577608,0.0,0.0,0.0,0.0,0.0,0.0,/kaggle/input/datasets/shuvroahmedimaging/ws2-eca/test_set/test_set/images/before/before-video-008/frame_0042.jpg,/kaggle/input/datasets/shuvroahmedimaging/ws2-eca/test_set/test_set/masks/before/before-video-008/frame_0042.jpg
before-video-008,frame_0043.jpg,christian_original_simple,christian_original,0,none,,,,0.196249823769914,0.32810842663523865,0.5603864734299517,0.23196133977670388,2484,6001,0.1355599034577608,0.0,0.0,0.0,0.0,0.0,0.0,/kaggle/input/datasets/shuvroahmedimaging/ws2-eca/test_set/test_set/images/before/before-video-008/frame_0043.jpg,/kaggle/input/datasets/shuvroahmedimaging/ws2-eca/test_set/test_set/masks/before/before-video-008/frame_0043.jpg
before-video-008,frame_0044.jpg,christian_original_simple,christian_original,0,none,,,,0.3314877656724415,0.4979208584842388,0.6562942008486563,0.40112383834017723,2828,4627,0.1355599034577608,0.0,0.0,0.0,0.0,0.0,0.0,/kaggle/input/datasets/shuvroahmedimaging/ws2-eca/test_set/test_set/images/before/before-video-008/frame_0044.jpg,/kaggle/input/datasets/shuvroahmedimaging/ws2-eca/test_set/test_set/masks/before/before-video-008/frame_0044.jpg
before-video-008,frame_0045.jpg,christian_original_simple,christian_original,0,none,,,,0.30568431324713347,0.46823617339312407,0.6399387129724209,0.36918090748379495,3916,6788,0.1355599034577608,0.0,0.0,0.0,0.0,0.0,0.0,/kaggle/input/datasets/shuvroahmedimaging/ws2-eca/test_set/test_set/images/before/before-video-008/frame_0045.jpg,/kaggle/input/datasets/shuvroahmedimaging/ws2-eca/test_set/test_set/masks/before/before-video-008/frame_0045.jpg
before-video-008,frame_0046.jpg,christian_original_simple,christian_original,0,none,,,,0.24575645756457565,0.39454976303317535,0.5568561872909699,0.3055045871559633,3588,6540,0.1355599034577608,0.0,0.0,0.0,0.0,0.0,0.0,/kaggle/input/datasets/shuvroahmedimaging/ws2-eca/test_set/test_set/images/before/before-video-008/frame_0046.jpg,/kaggle/input/datasets/shuvroahmedimaging/ws2-eca/test_set/test_set/masks/before/before-video-008/frame_0046.jpg
before-video-008,frame_0047.jpg,christian_original_simple,christian_original,0,none,,,,0.30762009075262087,0.4705037692952016,0.5531795160382668,0.40932750364355613,3554,4803,0.1355599034577608,0.0,0.0,0.0,0.0,0.0,0.0,/kaggle/input/datasets/shuvroahmedimaging/ws2-eca/test_set/test_set/images/before/before-video-008/frame_0047.jpg,/kaggle/input/datasets/shuvroahmedimaging/ws2-eca/test_set/test_set/masks/before/before-video-008/frame_0047.jpg
before-video-008,frame_0048.jpg,christian_original_simple,christian_original,0,none,,,,0.21083598921304242,0.34824863332658434,0.43743641912512715,0.2892700975445678,1966,2973,0.1355599034577608,0.0,0.0,0.0,0.0,0.0,0.0,/kaggle/input/datasets/shuvroahmedimaging/ws2-eca/test_set/test_set/images/before/before-video-008/frame_0048.jpg,/kaggle/input/datasets/shuvroahmedimaging/ws2-eca/test_set/test_set/masks/before/before-video-008/frame_0048.jpg
before-video-008,frame_0049.jpg,christian_original_simple,christian_original,0,none,,,,0.10427226647356988,0.18885245901639344,0.20253164556962025,0.1769041769041769,1422,1628,0.1355599034577608,0.0,0.0,0.0,0.0,0.0,0.0,/kaggle/input/datasets/shuvroahmedimaging/ws2-eca/test_set/test_set/images/before/before-video-008/frame_0049.jpg,/kaggle/input/datasets/shuvroahmedimaging/ws2-eca/test_set/test_set/masks/before/before-video-008/frame_0049.jpg
before-video-008,frame_0050.jpg,christian_original_simple,christian_original,0,none,,,,0.196524064171123,0.32849162011173183,0.43899317406143346,0.26243305279265494,2344,3921,0.1355599034577608,0.0,0.0,0.0,0.0,0.0,0.0,/kaggle/input/datasets/shuvroahmedimaging/ws2-eca/test_set/test_set/images/before/before-video-008/frame_0050.jpg,/kaggle/input/datasets/shuvroahmedimaging/ws2-eca/test_set/test_set/masks/before/before-video-008/frame_0050.jpg
before-video-008,frame_0051.jpg,christian_original_simple,christian_original,0,none,,,,0.2343551349060602,0.37972075989929044,0.41464633841539617,0.35022165927802407,4001,4737,0.1355599034577608,0.0,0.0,0.0,0.0,0.0,0.0,/kaggle/input/datasets/shuvroahmedimaging/ws2-eca/test_set/test_set/images/before/before-video-008/frame_0051.jpg,/kaggle/input/datasets/shuvroahmedimaging/ws2-eca/test_set/test_set/masks/before/before-video-008/frame_0051.jpg
before-video-008,frame_0052.jpg,christian_original_simple,christian_original,0,none,,,,0.24594865911372438,0.39479742173112337,0.49782293178519593,0.32710280373831774,3445,5243,0.1355599034577608,0.0,0.0,0.0,0.0,0.0,0.0,/kaggle/input/datasets/shuvroahmedimaging/ws2-eca/test_set/test_set/images/before/before-video-008/frame_0052.jpg,/kaggle/input/datasets/shuvroahmedimaging/ws2-eca/test_set/test_set/masks/before/before-video-008/frame_0052.jpg
before-video-008,frame_0053.jpg,christian_original_simple,christian_original,0,none,,,,0.1693004751906288,0.2895756544750024,0.41880809185347184,0.2212913476816409,3658,6923,0.1355599034577608,0.0,0.0,0.0,0.0,0.0,0.0,/kaggle/input/datasets/shuvroahmedimaging/ws2-eca/test_set/test_set/images/before/before-video-008/frame_0053.jpg,/kaggle/input/datasets/shuvroahmedimaging/ws2-eca/test_set/test_set/masks/before/before-video-008/frame_0053.jpg
before-video-008,frame_0054.jpg,christian_original_simple,christian_original,0,none,,,,0.14230114327414253,0.24914821124361158,0.5,0.1659103800340329,2340,7052,0.1355599034577608,0.0,0.0,0.0,0.0,0.0,0.0,/kaggle/input/datasets/shuvroahmedimaging/ws2-eca/test_set/test_set/images/before/before-video-008/frame_0054.jpg,/kaggle/input/datasets/shuvroahmedimaging/ws2-eca/test_set/test_set/masks/before/before-video-008/frame_0054.jpg
before-video-008,frame_0055.jpg,christian_original_simple,christian_original,0,none,,,,0.0862937062937063,0.15887730140337325,0.3988364576599871,0.09919614147909968,1547,6220,0.1355599034577608,0.0,0.0,0.0,0.0,0.0,0.0,/kaggle/input/datasets/shuvroahmedimaging/ws2-eca/test_set/test_set/images/before/before-video-008/frame_0055.jpg,/kaggle/input/datasets/shuvroahmedimaging/ws2-eca/test_set/test_set/masks/before/before-video-008/frame_0055.jpg
before-video-008,frame_0056.jpg,christian_original_simple,christian_original,0,none,,,,0.25626181474480153,0.4079751716354745,0.6451516954193932,0.29830834823270524,3362,7271,0.1355599034577608,0.0,0.0,0.0,0.0,0.0,0.0,/kaggle/input/datasets/shuvroahmedimaging/ws2-eca/test_set/test_set/images/before/before-video-008/frame_0056.jpg,/kaggle/input/datasets/shuvroahmedimaging/ws2-eca/test_set/test_set/masks/before/before-video-008/frame_0056.jpg
before-video-008,frame_0057.jpg,christian_original_simple,christian_original,0,none,,,,0.33518776077885953,0.5020833333333333,0.7257750221434898,0.38379391100702576,5645,10675,0.1355599034577608,0.0,0.0,0.0,0.0,0.0,0.0,/kaggle/input/datasets/shuvroahmedimaging/ws2-eca/test_set/test_set/images/before/before-video-008/frame_0057.jpg,/kaggle/input/datasets/shuvroahmedimaging/ws2-eca/test_set/test_set/masks/before/before-video-008/frame_0057.jpg
before-video-008,frame_0058.jpg,christian_original_simple,christian_original,0,none,,,,0.44382513661202183,0.6147907047157671,0.8553074978938501,0.47985347985347987,4748,8463,0.1355599034577608,0.0,0.0,0.0,0.0,0.0,0.0,/kaggle/input/datasets/shuvroahmedimaging/ws2-eca/test_set/test_set/images/before/before-video-008/frame_0058.jpg,/kaggle/input/datasets/shuvroahmedimaging/ws2-eca/test_set/test_set/masks/before/before-video-008/frame_0058.jpg
before-video-008,frame_0059.jpg,christian_original_simple,christian_original,0,none,,,,0.441394867938716,0.6124551679165308,0.8651436993367723,0.47400827697587566,5428,9907,0.1355599034577608,0.0,0.0,0.0,0.0,0.0,0.0,/kaggle/input/datasets/shuvroahmedimaging/ws2-eca/test_set/test_set/images/before/before-video-008/frame_0059.jpg,/kaggle/input/datasets/shuvroahmedimaging/ws2-eca/test_set/test_set/masks/before/before-video-008/frame_0059.jpg
before-video-008,frame_0060.jpg,christian_original_simple,christian_original,0,none,,,,0.34494675882682607,0.5129522883533578,0.8184840425531915,0.3735207848690199,4512,9887,0.1355599034577608,0.0,0.0,0.0,0.0,0.0,0.0,/kaggle/input/datasets/shuvroahmedimaging/ws2-eca/test_set/test_set/images/before/before-video-008/frame_0060.jpg,/kaggle/input/datasets/shuvroahmedimaging/ws2-eca/test_set/test_set/masks/before/before-video-008/frame_0060.jpg
before-video-008,frame_0061.jpg,christian_original_simple,christian_original,0,none,,,,0.33259214914906354,0.499165704017456,0.724478390461997,0.38075190914431173,5368,10214,0.1355599034577608,0.0,0.0,0.0,0.0,0.0,0.0,/kaggle/input/datasets/shuvroahmedimaging/ws2-eca/test_set/test_set/images/before/before-video-008/frame_0061.jpg,/kaggle/input/datasets/shuvroahmedimaging/ws2-eca/test_set/test_set/masks/before/before-video-008/frame_0061.jpg
before-video-008,frame_0062.jpg,christian_original_simple,christian_original,0,none,,,,0.5943644419828302,0.7455816579095923,0.8577280447597162,0.6593701996927803,10009,13020,0.1355599034577608,0.0,0.0,0.0,0.0,0.0,0.0,/kaggle/input/datasets/shuvroahmedimaging/ws2-eca/test_set/test_set/images/before/before-video-008/frame_0062.jpg,/kaggle/input/datasets/shuvroahmedimaging/ws2-eca/test_set/test_set/masks/before/before-video-008/frame_0062.jpg
before-video-008,frame_0063.jpg,christian_original_simple,christian_original,0,none,,,,0.57614917094471,0.7310845718992176,0.927784112504751,0.603200098844752,10524,16187,0.1355599034577608,0.0,0.0,0.0,0.0,0.0,0.0,/kaggle/input/datasets/shuvroahmedimaging/ws2-eca/test_set/test_set/images/before/before-video-008/frame_0063.jpg,/kaggle/input/datasets/shuvroahmedimaging/ws2-eca/test_set/test_set/masks/before/before-video-008/frame_0063.jpg
before-video-008,frame_0064.jpg,christian_original_simple,christian_original,0,none,,,,0.4841404516381673,0.6524186455584873,0.9692930876780348,0.4916815801683569,7653,15087,0.1355599034577608,0.0,0.0,0.0,0.0,0.0,0.0,/kaggle/input/datasets/shuvroahmedimaging/ws2-eca/test_set/test_set/images/before/before-video-008/frame_0064.jpg,/kaggle/input/datasets/shuvroahmedimaging/ws2-eca/test_set/test_set/masks/before/before-video-008/frame_0064.jpg
before-video-008,frame_0065.jpg,christian_original_simple,christian_original,0,none,,,,0.44562899786780386,0.616519174041298,0.9539230602043034,0.455432188440386,4601,9637,0.1355599034577608,0.0,0.0,0.0,0.0,0.0,0.0,/kaggle/input/datasets/shuvroahmedimaging/ws2-eca/test_set/test_set/images/before/before-video-008/frame_0065.jpg,/kaggle/input/datasets/shuvroahmedimaging/ws2-eca/test_set/test_set/masks/before/before-video-008/frame_0065.jpg
before-video-008,frame_0066.jpg,christian_original_simple,christian_original,0,none,,,,0.5362208160593498,0.6981038278531354,0.8164451827242525,0.6097258404664434,6020,8061,0.1355599034577608,0.0,0.0,0.0,0.0,0.0,0.0,/kaggle/input/datasets/shuvroahmedimaging/ws2-eca/test_set/test_set/images/before/before-video-008/frame_0066.jpg,/kaggle/input/datasets/shuvroahmedimaging/ws2-eca/test_set/test_set/masks/before/before-video-008/frame_0066.jpg
before-video-008,frame_0067.jpg,christian_original_simple,christian_original,0,none,,,,0.6920090891876538,0.8179732527558614,0.8034516873694625,0.8330294050604058,9097,8774,0.1355599034577608,0.0,0.0,0.0,0.0,0.0,0.0,/kaggle/input/datasets/shuvroahmedimaging/ws2-eca/test_set/test_set/images/before/before-video-008/frame_0067.jpg,/kaggle/input/datasets/shuvroahmedimaging/ws2-eca/test_set/test_set/masks/before/before-video-008/frame_0067.jpg
before-video-008,frame_0068.jpg,christian_original_simple,christian_original,0,none,,,,0.5848710027552809,0.7380676430302392,0.7743754145478665,0.705012077294686,9046,9936,0.1355599034577608,0.0,0.0,0.0,0.0,0.0,0.0,/kaggle/input/datasets/shuvroahmedimaging/ws2-eca/test_set/test_set/images/before/before-video-008/frame_0068.jpg,/kaggle/input/datasets/shuvroahmedimaging/ws2-eca/test_set/test_set/masks/before/before-video-008/frame_0068.jpg
before-video-008,frame_0069.jpg,christian_original_simple,christian_original,0,none,,,,0.47470571748878926,0.6437972157552145,0.7738435179897202,0.5511714936544093,8755,12292,0.1355599034577608,0.0,0.0,0.0,0.0,0.0,0.0,/kaggle/input/datasets/shuvroahmedimaging/ws2-eca/test_set/test_set/images/before/before-video-008/frame_0069.jpg,/kaggle/input/datasets/shuvroahmedimaging/ws2-eca/test_set/test_set/masks/before/before-video-008/frame_0069.jpg
before-video-008,frame_0070.jpg,christian_original_simple,christian_original,0,none,,,,0.3388313856427379,0.5061599082248491,0.8071905822462615,0.36866962144881205,6286,13763,0.1355599034577608,0.0,0.0,0.0,0.0,0.0,0.0,/kaggle/input/datasets/shuvroahmedimaging/ws2-eca/test_set/test_set/images/before/before-video-008/frame_0070.jpg,/kaggle/input/datasets/shuvroahmedimaging/ws2-eca/test_set/test_set/masks/before/before-video-008/frame_0070.jpg
before-video-008,frame_0071.jpg,christian_original_simple,christian_original,0,none,,,,0.2680090754395916,0.4227242227689555,0.7458563535911602,0.2949438202247191,5068,12816,0.1355599034577608,0.0,0.0,0.0,0.0,0.0,0.0,/kaggle/input/datasets/shuvroahmedimaging/ws2-eca/test_set/test_set/images/before/before-video-008/frame_0071.jpg,/kaggle/input/datasets/shuvroahmedimaging/ws2-eca/test_set/test_set/masks/before/before-video-008/frame_0071.jpg
before-video-008,frame_0072.jpg,christian_original_simple,christian_original,0,none,,,,0.27333235810415446,0.4293181687632834,0.6005142214366062,0.3340783121759342,6223,11186,0.1355599034577608,0.0,0.0,0.0,0.0,0.0,0.0,/kaggle/input/datasets/shuvroahmedimaging/ws2-eca/test_set/test_set/images/before/before-video-008/frame_0072.jpg,/kaggle/input/datasets/shuvroahmedimaging/ws2-eca/test_set/test_set/masks/before/before-video-008/frame_0072.jpg
before-video-008,frame_0073.jpg,christian_original_simple,christian_original,0,none,,,,0.41158878504672897,0.583156779661017,0.7576383154417836,0.47399690029275016,7266,11614,0.1355599034577608,0.0,0.0,0.0,0.0,0.0,0.0,/kaggle/input/datasets/shuvroahmedimaging/ws2-eca/test_set/test_set/images/before/before-video-008/frame_0073.jpg,/kaggle/input/datasets/shuvroahmedimaging/ws2-eca/test_set/test_set/masks/before/before-video-008/frame_0073.jpg
before-video-008,frame_0074.jpg,christian_original_simple,christian_original,0,none,,,,0.5006288319446628,0.6672253941647897,0.8220185854414043,0.5614916688706691,7748,11343,0.1355599034577608,0.0,0.0,0.0,0.0,0.0,0.0,/kaggle/input/datasets/shuvroahmedimaging/ws2-eca/test_set/test_set/images/before/before-video-008/frame_0074.jpg,/kaggle/input/datasets/shuvroahmedimaging/ws2-eca/test_set/test_set/masks/before/before-video-008/frame_0074.jpg
before-video-008,frame_0075.jpg,christian_original_simple,christian_original,0,none,,,,0.4747982062780269,0.6438822670882997,0.8998810130885603,0.5012782880409052,5883,10561,0.1355599034577608,0.0,0.0,0.0,0.0,0.0,0.0,/kaggle/input/datasets/shuvroahmedimaging/ws2-eca/test_set/test_set/images/before/before-video-008/frame_0075.jpg,/kaggle/input/datasets/shuvroahmedimaging/ws2-eca/test_set/test_set/masks/before/before-video-008/frame_0075.jpg
before-video-008,frame_0076.jpg,christian_original_simple,christian_original,0,none,,,,0.525552353506244,0.6889994332850576,0.8844164241836405,0.5643115007735946,6186,9695,0.1355599034577608,0.0,0.0,0.0,0.0,0.0,0.0,/kaggle/input/datasets/shuvroahmedimaging/ws2-eca/test_set/test_set/images/before/before-video-008/frame_0076.jpg,/kaggle/input/datasets/shuvroahmedimaging/ws2-eca/test_set/test_set/masks/before/before-video-008/frame_0076.jpg
before-video-008,frame_0077.jpg,christian_original_simple,christian_original,0,none,,,,0.4053474729241877,0.5768644135827246,0.81289592760181,0.4470573597113351,4420,8037,0.1355599034577608,0.0,0.0,0.0,0.0,0.0,0.0,/kaggle/input/datasets/shuvroahmedimaging/ws2-eca/test_set/test_set/images/before/before-video-008/frame_0077.jpg,/kaggle/input/datasets/shuvroahmedimaging/ws2-eca/test_set/test_set/masks/before/before-video-008/frame_0077.jpg
before-video-008,frame_0078.jpg,christian_original_simple,christian_original,0,none,,,,0.32701859766662816,0.49286211699164345,0.6769488283118126,0.38748973446482343,4182,7306,0.1355599034577608,0.0,0.0,0.0,0.0,0.0,0.0,/kaggle/input/datasets/shuvroahmedimaging/ws2-eca/test_set/test_set/images/before/before-video-008/frame_0078.jpg,/kaggle/input/datasets/shuvroahmedimaging/ws2-eca/test_set/test_set/masks/before/before-video-008/frame_0078.jpg
before-video-008,frame_0079.jpg,christian_original_simple,christian_original,0,none,,,,0.3315884648329685,0.4980344507183189,0.8319006685768864,0.3554014077323268,4188,9803,0.1355599034577608,0.0,0.0,0.0,0.0,0.0,0.0,/kaggle/input/datasets/shuvroahmedimaging/ws2-eca/test_set/test_set/images/before/before-video-008/frame_0079.jpg,/kaggle/input/datasets/shuvroahmedimaging/ws2-eca/test_set/test_set/masks/before/before-video-008/frame_0079.jpg
before-video-008,frame_0080.jpg,christian_original_simple,christian_original,0,none,,,,0.2486768041670167,0.3983045145663729,0.8607153242221576,0.25910364145658266,3439,11424,0.1355599034577608,0.0,0.0,0.0,0.0,0.0,0.0,/kaggle/input/datasets/shuvroahmedimaging/ws2-eca/test_set/test_set/images/before/before-video-008/frame_0080.jpg,/kaggle/input/datasets/shuvroahmedimaging/ws2-eca/test_set/test_set/masks/before/before-video-008/frame_0080.jpg
before-video-008,frame_0081.jpg,christian_original_simple,christian_original,0,none,,,,0.367384370015949,0.5373534729107132,0.8830745639256278,0.3861693210393965,5217,11930,0.1355599034577608,0.0,0.0,0.0,0.0,0.0,0.0,/kaggle/input/datasets/shuvroahmedimaging/ws2-eca/test_set/test_set/images/before/before-video-008/frame_0081.jpg,/kaggle/input/datasets/shuvroahmedimaging/ws2-eca/test_set/test_set/masks/before/before-video-008/frame_0081.jpg
before-video-008,frame_0082.jpg,christian_original_simple,christian_original,0,none,,,,0.376363077868223,0.5468950510517212,0.9059149722735674,0.3916726604331495,5410,12513,0.1355599034577608,0.0,0.0,0.0,0.0,0.0,0.0,/kaggle/input/datasets/shuvroahmedimaging/ws2-eca/test_set/test_set/images/before/before-video-008/frame_0082.jpg,/kaggle/input/datasets/shuvroahmedimaging/ws2-eca/test_set/test_set/masks/before/before-video-008/frame_0082.jpg
before-video-008,frame_0083.jpg,christian_original_simple,christian_original,0,none,,,,0.3616520242731637,0.5311959558334441,0.8499361430395913,0.38631965944272445,4698,10336,0.1355599034577608,0.0,0.0,0.0,0.0,0.0,0.0,/kaggle/input/datasets/shuvroahmedimaging/ws2-eca/test_set/test_set/images/before/before-video-008/frame_0083.jpg,/kaggle/input/datasets/shuvroahmedimaging/ws2-eca/test_set/test_set/masks/before/before-video-008/frame_0083.jpg
before-video-008,frame_0084.jpg,christian_original_simple,christian_original,0,none,,,,0.29379124175164967,0.45415555813144776,0.7528823981552651,0.32514522821576763,2602,6025,0.1355599034577608,0.0,0.0,0.0,0.0,0.0,0.0,/kaggle/input/datasets/shuvroahmedimaging/ws2-eca/test_set/test_set/images/before/before-video-008/frame_0084.jpg,/kaggle/input/datasets/shuvroahmedimaging/ws2-eca/test_set/test_set/masks/before/before-video-008/frame_0084.jpg
before-video-008,frame_0085.jpg,christian_original_simple,christian_original,0,none,,,,0.197567882725304,0.329948532480178,0.6804360298336202,0.21777451340433346,1743,5446,0.1355599034577608,0.0,0.0,0.0,0.0,0.0,0.0,/kaggle/input/datasets/shuvroahmedimaging/ws2-eca/test_set/test_set/images/before/before-video-008/frame_0085.jpg,/kaggle/input/datasets/shuvroahmedimaging/ws2-eca/test_set/test_set/masks/before/before-video-008/frame_0085.jpg
before-video-008,frame_0086.jpg,christian_original_simple,christian_original,0,none,,,,0.4961113385182153,0.6632010943912449,0.7321051041981275,0.6061515378844711,3311,3999,0.1355599034577608,0.0,0.0,0.0,0.0,0.0,0.0,/kaggle/input/datasets/shuvroahmedimaging/ws2-eca/test_set/test_set/images/before/before-video-008/frame_0086.jpg,/kaggle/input/datasets/shuvroahmedimaging/ws2-eca/test_set/test_set/masks/before/before-video-008/frame_0086.jpg
before-video-008,frame_0087.jpg,christian_original_simple,christian_original,0,none,,,,0.2681564245810056,0.42290748898678415,0.7206005004170142,0.2992726013162452,1199,2887,0.1355599034577608,0.0,0.0,0.0,0.0,0.0,0.0,/kaggle/input/datasets/shuvroahmedimaging/ws2-eca/test_set/test_set/images/before/before-video-008/frame_0087.jpg,/kaggle/input/datasets/shuvroahmedimaging/ws2-eca/test_set/test_set/masks/before/before-video-008/frame_0087.jpg
before-video-008,frame_0088.jpg,christian_original_simple,christian_original,0,none,,,,0.44853658536585367,0.6192961778077117,0.8482472324723247,0.48766905330151156,2168,3771,0.1355599034577608,0.0,0.0,0.0,0.0,0.0,0.0,/kaggle/input/datasets/shuvroahmedimaging/ws2-eca/test_set/test_set/images/before/before-video-008/frame_0088.jpg,/kaggle/input/datasets/shuvroahmedimaging/ws2-eca/test_set/test_set/masks/before/before-video-008/frame_0088.jpg
before-video-008,frame_0089.jpg,christian_original_simple,christian_original,0,none,,,,0.4091212458286986,0.5806757183454373,0.7707460184409053,0.46580547112462006,2386,3948,0.1355599034577608,0.0,0.0,0.0,0.0,0.0,0.0,/kaggle/input/datasets/shuvroahmedimaging/ws2-eca/test_set/test_set/images/before/before-video-008/frame_0089.jpg,/kaggle/input/datasets/shuvroahmedimaging/ws2-eca/test_set/test_set/masks/before/before-video-008/frame_0089.jpg
before-video-008,frame_0090.jpg,christian_original_simple,christian_original,0,none,,,,0.29196850393700785,0.4519746465138957,0.6917910447761194,0.33562635771180305,1340,2762,0.1355599034577608,0.0,0.0,0.0,0.0,0.0,0.0,/kaggle/input/datasets/shuvroahmedimaging/ws2-eca/test_set/test_set/images/before/before-video-008/frame_0090.jpg,/kaggle/input/datasets/shuvroahmedimaging/ws2-eca/test_set/test_set/masks/before/before-video-008/frame_0090.jpg
before-video-008,frame_0091.jpg,christian_original_simple,christian_original,0,none,,,,0.25547817224392727,0.40698146394263296,0.6793134598012647,0.29051574270813213,2214,5177,0.1355599034577608,0.0,0.0,0.0,0.0,0.0,0.0,/kaggle/input/datasets/shuvroahmedimaging/ws2-eca/test_set/test_set/images/before/before-video-008/frame_0091.jpg,/kaggle/input/datasets/shuvroahmedimaging/ws2-eca/test_set/test_set/masks/before/before-video-008/frame_0091.jpg
before-video-009,frame_0001.jpg,christian_original_simple,christian_original,0,none,,,,0.33055555555555555,0.4968684759916493,0.7450199203187251,0.3727220956719818,1757,3512,0.1355599034577608,0.0,0.0,0.0,0.0,0.0,0.0,/kaggle/input/datasets/shuvroahmedimaging/ws2-eca/test_set/test_set/images/before/before-video-009/frame_0001.jpg,/kaggle/input/datasets/shuvroahmedimaging/ws2-eca/test_set/test_set/masks/before/before-video-009/frame_0001.jpg
before-video-009,frame_0002.jpg,christian_original_simple,christian_original,0,none,,,,0.35133881998377187,0.5199862755189569,0.7179062055897679,0.4076116191500807,4222,7436,0.1355599034577608,0.0,0.0,0.0,0.0,0.0,0.0,/kaggle/input/datasets/shuvroahmedimaging/ws2-eca/test_set/test_set/images/before/before-video-009/frame_0002.jpg,/kaggle/input/datasets/shuvroahmedimaging/ws2-eca/test_set/test_set/masks/before/before-video-009/frame_0002.jpg
before-video-009,frame_0003.jpg,christian_original_simple,christian_original,0,none,,,,0.34611795446061966,0.5142461005199307,0.7455276381909548,0.3924867724867725,4975,9450,0.1355599034577608,0.0,0.0,0.0,0.0,0.0,0.0,/kaggle/input/datasets/shuvroahmedimaging/ws2-eca/test_set/test_set/images/before/before-video-009/frame_0003.jpg,/kaggle/input/datasets/shuvroahmedimaging/ws2-eca/test_set/test_set/masks/before/before-video-009/frame_0003.jpg
before-video-009,frame_0004.jpg,christian_original_simple,christian_original,0,none,,,,0.38164395867644857,0.5524490680537495,0.8710063215445071,0.4045068634452115,5853,12603,0.1355599034577608,0.0,0.0,0.0,0.0,0.0,0.0,/kaggle/input/datasets/shuvroahmedimaging/ws2-eca/test_set/test_set/images/before/before-video-009/frame_0004.jpg,/kaggle/input/datasets/shuvroahmedimaging/ws2-eca/test_set/test_set/masks/before/before-video-009/frame_0004.jpg
before-video-009,frame_0005.jpg,christian_original_simple,christian_original,0,none,,,,0.1645009926006136,0.2825261526540101,0.897587395371738,0.16764759977929006,2031,10874,0.1355599034577608,0.0,0.0,0.0,0.0,0.0,0.0,/kaggle/input/datasets/shuvroahmedimaging/ws2-eca/test_set/test_set/images/before/before-video-009/frame_0005.jpg,/kaggle/input/datasets/shuvroahmedimaging/ws2-eca/test_set/test_set/masks/before/before-video-009/frame_0005.jpg
before-video-009,frame_0006.jpg,christian_original_simple,christian_original,0,none,,,,0.05278696268304204,0.1002804262478968,0.9977678571428571,0.052793197118223695,448,8467,0.1355599034577608,0.0,0.0,0.0,0.0,0.0,0.0,/kaggle/input/datasets/shuvroahmedimaging/ws2-eca/test_set/test_set/images/before/before-video-009/frame_0006.jpg,/kaggle/input/datasets/shuvroahmedimaging/ws2-eca/test_set/test_set/masks/before/before-video-009/frame_0006.jpg
before-video-009,frame_0007.jpg,christian_original_simple,christian_original,0,none,,,,0.3350700474701864,0.5019512618159744,0.9207763283487114,0.34501669051025274,3143,8388,0.1355599034577608,0.0,0.0,0.0,0.0,0.0,0.0,/kaggle/input/datasets/shuvroahmedimaging/ws2-eca/test_set/test_set/images/before/before-video-009/frame_0007.jpg,/kaggle/input/datasets/shuvroahmedimaging/ws2-eca/test_set/test_set/masks/before/before-video-009/frame_0007.jpg
before-video-009,frame_0008.jpg,christian_original_simple,christian_original,0,none,,,,0.3291858263456857,0.4953194953194953,0.8414381193823461,0.35095645486878785,4339,10403,0.1355599034577608,0.0,0.0,0.0,0.0,0.0,0.0,/kaggle/input/datasets/shuvroahmedimaging/ws2-eca/test_set/test_set/images/before/before-video-009/frame_0008.jpg,/kaggle/input/datasets/shuvroahmedimaging/ws2-eca/test_set/test_set/masks/before/before-video-009/frame_0008.jpg
before-video-009,frame_0009.jpg,christian_original_simple,christian_original,0,none,,,,0.38022633326556887,0.5509622937941869,0.8754875955687315,0.40196289132459345,6409,13959,0.1355599034577608,0.0,0.0,0.0,0.0,0.0,0.0,/kaggle/input/datasets/shuvroahmedimaging/ws2-eca/test_set/test_set/images/before/before-video-009/frame_0009.jpg,/kaggle/input/datasets/shuvroahmedimaging/ws2-eca/test_set/test_set/masks/before/before-video-009/frame_0009.jpg
before-video-009,frame_0010.jpg,christian_original_simple,christian_original,0,none,,,,0.34148452715862365,0.5091143732860138,0.9054654999282743,0.354109396914446,6971,17825,0.1355599034577608,0.0,0.0,0.0,0.0,0.0,0.0,/kaggle/input/datasets/shuvroahmedimaging/ws2-eca/test_set/test_set/images/before/before-video-009/frame_0010.jpg,/kaggle/input/datasets/shuvroahmedimaging/ws2-eca/test_set/test_set/masks/before/before-video-009/frame_0010.jpg
before-video-009,frame_0011.jpg,christian_original_simple,christian_original,0,none,,,,0.2868680511852318,0.44583910669166193,0.9369647139431312,0.29251336898395724,5838,18700,0.1355599034577608,0.0,0.0,0.0,0.0,0.0,0.0,/kaggle/input/datasets/shuvroahmedimaging/ws2-eca/test_set/test_set/images/before/before-video-009/frame_0011.jpg,/kaggle/input/datasets/shuvroahmedimaging/ws2-eca/test_set/test_set/masks/before/before-video-009/frame_0011.jpg
before-video-009,frame_0012.jpg,christian_original_simple,christian_original,0,none,,,,0.26756440281030447,0.42217090069284063,0.9242696629213483,0.27356168939142,4450,15035,0.1355599034577608,0.0,0.0,0.0,0.0,0.0,0.0,/kaggle/input/datasets/shuvroahmedimaging/ws2-eca/test_set/test_set/images/before/before-video-009/frame_0012.jpg,/kaggle/input/datasets/shuvroahmedimaging/ws2-eca/test_set/test_set/masks/before/before-video-009/frame_0012.jpg
before-video-009,frame_0013.jpg,christian_original_simple,christian_original,0,none,,,,0.2658329676758812,0.4200127101507886,0.8959822528962288,0.2742982191367341,4057,13252,0.1355599034577608,0.0,0.0,0.0,0.0,0.0,0.0,/kaggle/input/datasets/shuvroahmedimaging/ws2-eca/test_set/test_set/images/before/before-video-009/frame_0013.jpg,/kaggle/input/datasets/shuvroahmedimaging/ws2-eca/test_set/test_set/masks/before/before-video-009/frame_0013.jpg
before-video-009,frame_0014.jpg,christian_original_simple,christian_original,0,none,,,,0.2804527644754027,0.43805249558003534,0.848301290492494,0.2952607938399487,3797,10909,0.1355599034577608,0.0,0.0,0.0,0.0,0.0,0.0,/kaggle/input/datasets/shuvroahmedimaging/ws2-eca/test_set/test_set/images/before/before-video-009/frame_0014.jpg,/kaggle/input/datasets/shuvroahmedimaging/ws2-eca/test_set/test_set/masks/before/before-video-009/frame_0014.jpg
before-video-010,frame_0001.jpg,christian_original_simple,christian_original,0,none,,,,0.13370545298411335,0.2358733525223451,0.7251979506287843,0.14084124830393488,2147,11055,0.1355599034577608,0.0,0.0,0.0,0.0,0.0,0.0,/kaggle/input/datasets/shuvroahmedimaging/ws2-eca/test_set/test_set/images/before/before-video-010/frame_0001.jpg,/kaggle/input/datasets/shuvroahmedimaging/ws2-eca/test_set/test_set/masks/before/before-video-010/frame_0001.jpg
before-video-010,frame_0002.jpg,christian_original_simple,christian_original,0,none,,,,0.06972846128059002,0.1303666562206205,0.64,0.07257501744591766,1300,11464,0.1355599034577608,0.0,0.0,0.0,0.0,0.0,0.0,/kaggle/input/datasets/shuvroahmedimaging/ws2-eca/test_set/test_set/images/before/before-video-010/frame_0002.jpg,/kaggle/input/datasets/shuvroahmedimaging/ws2-eca/test_set/test_set/masks/before/before-video-010/frame_0002.jpg
before-video-010,frame_0003.jpg,christian_original_simple,christian_original,0,none,,,,0.12406367041198502,0.22074135776759685,0.5380710659898477,0.1388525019648939,1970,7634,0.1355599034577608,0.0,0.0,0.0,0.0,0.0,0.0,/kaggle/input/datasets/shuvroahmedimaging/ws2-eca/test_set/test_set/images/before/before-video-010/frame_0003.jpg,/kaggle/input/datasets/shuvroahmedimaging/ws2-eca/test_set/test_set/masks/before/before-video-010/frame_0003.jpg
before-video-010,frame_0004.jpg,christian_original_simple,christian_original,0,none,,,,0.4006912442396313,0.5721335746010857,0.6865377023292538,0.4904117315284828,5066,7092,0.1355599034577608,0.0,0.0,0.0,0.0,0.0,0.0,/kaggle/input/datasets/shuvroahmedimaging/ws2-eca/test_set/test_set/images/before/before-video-010/frame_0004.jpg,/kaggle/input/datasets/shuvroahmedimaging/ws2-eca/test_set/test_set/masks/before/before-video-010/frame_0004.jpg
before-video-010,frame_0005.jpg,christian_original_simple,christian_original,0,none,,,,0.5069175428887659,0.6727873668747705,0.5903012727565652,0.7820704375667022,6207,4685,0.1355599034577608,0.0,0.0,0.0,0.0,0.0,0.0,/kaggle/input/datasets/shuvroahmedimaging/ws2-eca/test_set/test_set/images/before/before-video-010/frame_0005.jpg,/kaggle/input/datasets/shuvroahmedimaging/ws2-eca/test_set/test_set/masks/before/before-video-010/frame_0005.jpg
before-video-010,frame_0006.jpg,christian_original_simple,christian_original,0,none,,,,0.5069006645084342,0.6727725011307101,0.6676391382405745,0.6779854147675478,4456,4388,0.1355599034577608,0.0,0.0,0.0,0.0,0.0,0.0,/kaggle/input/datasets/shuvroahmedimaging/ws2-eca/test_set/test_set/images/before/before-video-010/frame_0006.jpg,/kaggle/input/datasets/shuvroahmedimaging/ws2-eca/test_set/test_set/masks/before/before-video-010/frame_0006.jpg
before-video-010,frame_0007.jpg,christian_original_simple,christian_original,0,none,,,,0.2856893542757417,0.44441427989683724,0.6013960323291697,0.35242195909580193,2722,4645,0.1355599034577608,0.0,0.0,0.0,0.0,0.0,0.0,/kaggle/input/datasets/shuvroahmedimaging/ws2-eca/test_set/test_set/images/before/before-video-010/frame_0007.jpg,/kaggle/input/datasets/shuvroahmedimaging/ws2-eca/test_set/test_set/masks/before/before-video-010/frame_0007.jpg
before-video-010,frame_0008.jpg,christian_original_simple,christian_original,0,none,,,,0.2115704982583674,0.34925,0.4843966712898752,0.2730648944487881,2884,5116,0.1355599034577608,0.0,0.0,0.0,0.0,0.0,0.0,/kaggle/input/datasets/shuvroahmedimaging/ws2-eca/test_set/test_set/images/before/before-video-010/frame_0008.jpg,/kaggle/input/datasets/shuvroahmedimaging/ws2-eca/test_set/test_set/masks/before/before-video-010/frame_0008.jpg
before-video-010,frame_0009.jpg,christian_original_simple,christian_original,0,none,,,,0.4890023975815699,0.656818818258191,0.6958908173861444,0.6219011003579478,6741,7543,0.1355599034577608,0.0,0.0,0.0,0.0,0.0,0.0,/kaggle/input/datasets/shuvroahmedimaging/ws2-eca/test_set/test_set/images/before/before-video-010/frame_0009.jpg,/kaggle/input/datasets/shuvroahmedimaging/ws2-eca/test_set/test_set/masks/before/before-video-010/frame_0009.jpg
before-video-010,frame_0010.jpg,christian_original_simple,christian_original,0,none,,,,0.5993452530848653,0.7494882695638482,0.9251700680272109,0.6298795818446473,5145,7557,0.1355599034577608,0.0,0.0,0.0,0.0,0.0,0.0,/kaggle/input/datasets/shuvroahmedimaging/ws2-eca/test_set/test_set/images/before/before-video-010/frame_0010.jpg,/kaggle/input/datasets/shuvroahmedimaging/ws2-eca/test_set/test_set/masks/before/before-video-010/frame_0010.jpg
before-video-010,frame_0011.jpg,christian_original_simple,christian_original,0,none,,,,0.6504444779267742,0.788205221836772,0.8491345397324941,0.7354344122657581,5084,5870,0.1355599034577608,0.0,0.0,0.0,0.0,0.0,0.0,/kaggle/input/datasets/shuvroahmedimaging/ws2-eca/test_set/test_set/images/before/before-video-010/frame_0011.jpg,/kaggle/input/datasets/shuvroahmedimaging/ws2-eca/test_set/test_set/masks/before/before-video-010/frame_0011.jpg
before-video-011,frame_0001.jpg,christian_original_simple,christian_original,0,none,,,,0.44745523091423184,0.6182646915188019,0.8014349018780333,0.5032463230422685,4739,7547,0.1355599034577608,0.0,0.0,0.0,0.0,0.0,0.0,/kaggle/input/datasets/shuvroahmedimaging/ws2-eca/test_set/test_set/images/before/before-video-011/frame_0001.jpg,/kaggle/input/datasets/shuvroahmedimaging/ws2-eca/test_set/test_set/masks/before/before-video-011/frame_0001.jpg
before-video-011,frame_0002.jpg,christian_original_simple,christian_original,0,none,,,,0.5674586338565973,0.7240492624171065,0.781021897810219,0.6748234106962664,3425,3964,0.1355599034577608,0.0,0.0,0.0,0.0,0.0,0.0,/kaggle/input/datasets/shuvroahmedimaging/ws2-eca/test_set/test_set/images/before/before-video-011/frame_0002.jpg,/kaggle/input/datasets/shuvroahmedimaging/ws2-eca/test_set/test_set/masks/before/before-video-011/frame_0002.jpg
before-video-011,frame_0003.jpg,christian_original_simple,christian_original,0,none,,,,0.5405561158334534,0.7017675114560927,0.8354486751280339,0.6049661399548533,4491,6202,0.1355599034577608,0.0,0.0,0.0,0.0,0.0,0.0,/kaggle/input/datasets/shuvroahmedimaging/ws2-eca/test_set/test_set/images/before/before-video-011/frame_0003.jpg,/kaggle/input/datasets/shuvroahmedimaging/ws2-eca/test_set/test_set/masks/before/before-video-011/frame_0003.jpg
before-video-011,frame_0004.jpg,christian_original_simple,christian_original,0,none,,,,0.45477363577205543,0.6252156687328264,0.8304192836530301,0.5013322402131585,5891,9758,0.1355599034577608,0.0,0.0,0.0,0.0,0.0,0.0,/kaggle/input/datasets/shuvroahmedimaging/ws2-eca/test_set/test_set/images/before/before-video-011/frame_0004.jpg,/kaggle/input/datasets/shuvroahmedimaging/ws2-eca/test_set/test_set/masks/before/before-video-011/frame_0004.jpg
before-video-011,frame_0005.jpg,christian_original_simple,christian_original,0,none,,,,0.3972808586762075,0.5686485379218518,0.8247177658942365,0.4339194998046112,6732,12795,0.1355599034577608,0.0,0.0,0.0,0.0,0.0,0.0,/kaggle/input/datasets/shuvroahmedimaging/ws2-eca/test_set/test_set/images/before/before-video-011/frame_0005.jpg,/kaggle/input/datasets/shuvroahmedimaging/ws2-eca/test_set/test_set/masks/before/before-video-011/frame_0005.jpg
before-video-011,frame_0006.jpg,christian_original_simple,christian_original,0,none,,,,0.2910383312296552,0.4508593187197695,0.8214888430526908,0.31068718530600664,5333,14101,0.1355599034577608,0.0,0.0,0.0,0.0,0.0,0.0,/kaggle/input/datasets/shuvroahmedimaging/ws2-eca/test_set/test_set/images/before/before-video-011/frame_0006.jpg,/kaggle/input/datasets/shuvroahmedimaging/ws2-eca/test_set/test_set/masks/before/before-video-011/frame_0006.jpg
before-video-011,frame_0007.jpg,christian_original_simple,christian_original,0,none,,,,0.10017510579308332,0.18210756681477552,0.6591454632741238,0.105647891658972,2083,12996,0.1355599034577608,0.0,0.0,0.0,0.0,0.0,0.0,/kaggle/input/datasets/shuvroahmedimaging/ws2-eca/test_set/test_set/images/before/before-video-011/frame_0007.jpg,/kaggle/input/datasets/shuvroahmedimaging/ws2-eca/test_set/test_set/masks/before/before-video-011/frame_0007.jpg
before-video-011,frame_0008.jpg,christian_original_simple,christian_original,0,none,,,,0.09230033476805356,0.1690017513134851,0.6591530054644809,0.09692647649658498,1464,9956,0.1355599034577608,0.0,0.0,0.0,0.0,0.0,0.0,/kaggle/input/datasets/shuvroahmedimaging/ws2-eca/test_set/test_set/images/before/before-video-011/frame_0008.jpg,/kaggle/input/datasets/shuvroahmedimaging/ws2-eca/test_set/test_set/masks/before/before-video-011/frame_0008.jpg
before-video-011,frame_0009.jpg,christian_original_simple,christian_original,0,none,,,,0.131023348236463,0.23168990886131546,0.6977513227513228,0.13890717577353523,1512,7595,0.1355599034577608,0.0,0.0,0.0,0.0,0.0,0.0,/kaggle/input/datasets/shuvroahmedimaging/ws2-eca/test_set/test_set/images/before/before-video-011/frame_0009.jpg,/kaggle/input/datasets/shuvroahmedimaging/ws2-eca/test_set/test_set/masks/before/before-video-011/frame_0009.jpg
before-video-011,frame_0010.jpg,christian_original_simple,christian_original,0,none,,,,0.33192760499033563,0.4984168865435356,0.8623601917370464,0.35049633546711195,4381,10779,0.1355599034577608,0.0,0.0,0.0,0.0,0.0,0.0,/kaggle/input/datasets/shuvroahmedimaging/ws2-eca/test_set/test_set/images/before/before-video-011/frame_0010.jpg,/kaggle/input/datasets/shuvroahmedimaging/ws2-eca/test_set/test_set/masks/before/before-video-011/frame_0010.jpg
before-video-011,frame_0011.jpg,christian_original_simple,christian_original,0,none,,,,0.35532302092811646,0.5243370258475999,0.9190397740644858,0.3668044335900808,4249,10646,0.1355599034577608,0.0,0.0,0.0,0.0,0.0,0.0,/kaggle/input/datasets/shuvroahmedimaging/ws2-eca/test_set/test_set/images/before/before-video-011/frame_0011.jpg,/kaggle/input/datasets/shuvroahmedimaging/ws2-eca/test_set/test_set/masks/before/before-video-011/frame_0011.jpg
before-video-011,frame_0012.jpg,christian_original_simple,christian_original,0,none,,,,0.32475029780995146,0.4902815245209933,0.936822627544277,0.3320217350571482,3783,10674,0.1355599034577608,0.0,0.0,0.0,0.0,0.0,0.0,/kaggle/input/datasets/shuvroahmedimaging/ws2-eca/test_set/test_set/images/before/before-video-011/frame_0012.jpg,/kaggle/input/datasets/shuvroahmedimaging/ws2-eca/test_set/test_set/masks/before/before-video-011/frame_0012.jpg
before-video-011,frame_0013.jpg,christian_original_simple,christian_original,0,none,,,,0.2801377726750861,0.43766816143497755,0.8288043478260869,0.2973434072629783,4416,12309,0.1355599034577608,0.0,0.0,0.0,0.0,0.0,0.0,/kaggle/input/datasets/shuvroahmedimaging/ws2-eca/test_set/test_set/images/before/before-video-011/frame_0013.jpg,/kaggle/input/datasets/shuvroahmedimaging/ws2-eca/test_set/test_set/masks/before/before-video-011/frame_0013.jpg
before-video-011,frame_0014.jpg,christian_original_simple,christian_original,0,none,,,,0.2844602166604408,0.44292569434346374,0.7769086889984697,0.3097627118644068,5881,14750,0.1355599034577608,0.0,0.0,0.0,0.0,0.0,0.0,/kaggle/input/datasets/shuvroahmedimaging/ws2-eca/test_set/test_set/images/before/before-video-011/frame_0014.jpg,/kaggle/input/datasets/shuvroahmedimaging/ws2-eca/test_set/test_set/masks/before/before-video-011/frame_0014.jpg
before-video-012,frame_0001.jpg,christian_original_simple,christian_original,0,none,,,,0.5281972265023113,0.6912684008872757,0.7749519611167628,0.6238966238966239,8847,10989,0.1355599034577608,0.0,0.0,0.0,0.0,0.0,0.0,/kaggle/input/datasets/shuvroahmedimaging/ws2-eca/test_set/test_set/images/before/before-video-012/frame_0001.jpg,/kaggle/input/datasets/shuvroahmedimaging/ws2-eca/test_set/test_set/masks/before/before-video-012/frame_0001.jpg
before-video-012,frame_0002.jpg,christian_original_simple,christian_original,0,none,,,,0.5092579505300353,0.6748454766810265,0.7574897508672344,0.6084606940808917,9513,11843,0.1355599034577608,0.0,0.0,0.0,0.0,0.0,0.0,/kaggle/input/datasets/shuvroahmedimaging/ws2-eca/test_set/test_set/images/before/before-video-012/frame_0002.jpg,/kaggle/input/datasets/shuvroahmedimaging/ws2-eca/test_set/test_set/masks/before/before-video-012/frame_0002.jpg
before-video-012,frame_0003.jpg,christian_original_simple,christian_original,0,none,,,,0.5926581158779302,0.744237711746737,0.6944444444444444,0.8017231063778868,9648,8357,0.1355599034577608,0.0,0.0,0.0,0.0,0.0,0.0,/kaggle/input/datasets/shuvroahmedimaging/ws2-eca/test_set/test_set/images/before/before-video-012/frame_0003.jpg,/kaggle/input/datasets/shuvroahmedimaging/ws2-eca/test_set/test_set/masks/before/before-video-012/frame_0003.jpg
before-video-012,frame_0004.jpg,christian_original_simple,christian_original,0,none,,,,0.5302422465668878,0.6930173934963448,0.7851267991775188,0.6202508798844869,8754,11081,0.1355599034577608,0.0,0.0,0.0,0.0,0.0,0.0,/kaggle/input/datasets/shuvroahmedimaging/ws2-eca/test_set/test_set/images/before/before-video-012/frame_0004.jpg,/kaggle/input/datasets/shuvroahmedimaging/ws2-eca/test_set/test_set/masks/before/before-video-012/frame_0004.jpg
before-video-012,frame_0005.jpg,christian_original_simple,christian_original,0,none,,,,0.3525392688596182,0.5212998645974377,0.7992654104120089,0.38678516228748067,6262,12940,0.1355599034577608,0.0,0.0,0.0,0.0,0.0,0.0,/kaggle/input/datasets/shuvroahmedimaging/ws2-eca/test_set/test_set/images/before/before-video-012/frame_0005.jpg,/kaggle/input/datasets/shuvroahmedimaging/ws2-eca/test_set/test_set/masks/before/before-video-012/frame_0005.jpg
before-video-012,frame_0006.jpg,christian_original_simple,christian_original,0,none,,,,0.192512077294686,0.32286813854567553,0.8279085872576177,0.20053677765663006,2888,11923,0.1355599034577608,0.0,0.0,0.0,0.0,0.0,0.0,/kaggle/input/datasets/shuvroahmedimaging/ws2-eca/test_set/test_set/images/before/before-video-012/frame_0006.jpg,/kaggle/input/datasets/shuvroahmedimaging/ws2-eca/test_set/test_set/masks/before/before-video-012/frame_0006.jpg
before-video-012,frame_0007.jpg,christian_original_simple,christian_original,0,none,,,,0.17847978055039376,0.3028983330830455,0.9172351068667576,0.18140120514434752,2199,11119,0.1355599034577608,0.0,0.0,0.0,0.0,0.0,0.0,/kaggle/input/datasets/shuvroahmedimaging/ws2-eca/test_set/test_set/images/before/before-video-012/frame_0007.jpg,/kaggle/input/datasets/shuvroahmedimaging/ws2-eca/test_set/test_set/masks/before/before-video-012/frame_0007.jpg
before-video-012,frame_0008.jpg,christian_original_simple,christian_original,0,none,,,,0.26601338432122373,0.42023787049273176,0.6575423395037416,0.3087949690187737,5078,10813,0.1355599034577608,0.0,0.0,0.0,0.0,0.0,0.0,/kaggle/input/datasets/shuvroahmedimaging/ws2-eca/test_set/test_set/images/before/before-video-012/frame_0008.jpg,/kaggle/input/datasets/shuvroahmedimaging/ws2-eca/test_set/test_set/masks/before/before-video-012/frame_0008.jpg
before-video-012,frame_0009.jpg,christian_original_simple,christian_original,0,none,,,,0.35163348153875895,0.5203089244851259,0.6345717774289202,0.4409162525754454,5733,8251,0.1355599034577608,0.0,0.0,0.0,0.0,0.0,0.0,/kaggle/input/datasets/shuvroahmedimaging/ws2-eca/test_set/test_set/images/before/before-video-012/frame_0009.jpg,/kaggle/input/datasets/shuvroahmedimaging/ws2-eca/test_set/test_set/masks/before/before-video-012/frame_0009.jpg
before-video-012,frame_0010.jpg,christian_original_simple,christian_original,0,none,,,,0.3375987956341739,0.5047833427124367,0.5911037891268534,0.44046157623373433,6070,8146,0.1355599034577608,0.0,0.0,0.0,0.0,0.0,0.0,/kaggle/input/datasets/shuvroahmedimaging/ws2-eca/test_set/test_set/images/before/before-video-012/frame_0010.jpg,/kaggle/input/datasets/shuvroahmedimaging/ws2-eca/test_set/test_set/masks/before/before-video-012/frame_0010.jpg
before-video-012,frame_0011.jpg,christian_original_simple,christian_original,0,none,,,,0.261971591392362,0.41517827053986656,0.8081868276043034,0.2793397424269907,3811,11026,0.1355599034577608,0.0,0.0,0.0,0.0,0.0,0.0,/kaggle/input/datasets/shuvroahmedimaging/ws2-eca/test_set/test_set/images/before/before-video-012/frame_0011.jpg,/kaggle/input/datasets/shuvroahmedimaging/ws2-eca/test_set/test_set/masks/before/before-video-012/frame_0011.jpg
before-video-012,frame_0012.jpg,christian_original_simple,christian_original,0,none,,,,0.2100467110804809,0.3471712441463106,0.9119015957446809,0.2143973737689542,3008,12794,0.1355599034577608,0.0,0.0,0.0,0.0,0.0,0.0,/kaggle/input/datasets/shuvroahmedimaging/ws2-eca/test_set/test_set/images/before/before-video-012/frame_0012.jpg,/kaggle/input/datasets/shuvroahmedimaging/ws2-eca/test_set/test_set/masks/before/before-video-012/frame_0012.jpg
before-video-012,frame_0013.jpg,christian_original_simple,christian_original,0,none,,,,0.22891996005136253,0.3725547106286643,0.8815934065934066,0.2361816442187385,3640,13587,0.1355599034577608,0.0,0.0,0.0,0.0,0.0,0.0,/kaggle/input/datasets/shuvroahmedimaging/ws2-eca/test_set/test_set/images/before/before-video-012/frame_0013.jpg,/kaggle/input/datasets/shuvroahmedimaging/ws2-eca/test_set/test_set/masks/before/before-video-012/frame_0013.jpg
before-video-012,frame_0014.jpg,christian_original_simple,christian_original,0,none,,,,0.38144098262432596,0.5522363784223366,0.883281304197017,0.40168783027052607,5766,12679,0.1355599034577608,0.0,0.0,0.0,0.0,0.0,0.0,/kaggle/input/datasets/shuvroahmedimaging/ws2-eca/test_set/test_set/images/before/before-video-012/frame_0014.jpg,/kaggle/input/datasets/shuvroahmedimaging/ws2-eca/test_set/test_set/masks/before/before-video-012/frame_0014.jpg
before-video-012,frame_0015.jpg,christian_original_simple,christian_original,0,none,,,,0.5726300318445333,0.7282450674974039,0.867408781694496,0.6275615212527964,8085,11175,0.1355599034577608,0.0,0.0,0.0,0.0,0.0,0.0,/kaggle/input/datasets/shuvroahmedimaging/ws2-eca/test_set/test_set/images/before/before-video-012/frame_0015.jpg,/kaggle/input/datasets/shuvroahmedimaging/ws2-eca/test_set/test_set/masks/before/before-video-012/frame_0015.jpg
before-video-012,frame_0016.jpg,christian_original_simple,christian_original,0,none,,,,0.5184975675981446,0.6829086574281031,0.8401466544454629,0.5752478975775073,5455,7967,0.1355599034577608,0.0,0.0,0.0,0.0,0.0,0.0,/kaggle/input/datasets/shuvroahmedimaging/ws2-eca/test_set/test_set/images/before/before-video-012/frame_0016.jpg,/kaggle/input/datasets/shuvroahmedimaging/ws2-eca/test_set/test_set/masks/before/before-video-012/frame_0016.jpg
before-video-012,frame_0017.jpg,christian_original_simple,christian_original,0,none,,,,0.31714245135634145,0.48156135432391634,0.8252032520325203,0.3399817295980512,2706,6568,0.1355599034577608,0.0,0.0,0.0,0.0,0.0,0.0,/kaggle/input/datasets/shuvroahmedimaging/ws2-eca/test_set/test_set/images/before/before-video-012/frame_0017.jpg,/kaggle/input/datasets/shuvroahmedimaging/ws2-eca/test_set/test_set/masks/before/before-video-012/frame_0017.jpg
before-video-012,frame_0018.jpg,christian_original_simple,christian_original,0,none,,,,0.2819207484865162,0.4398411505849522,0.6504761904761904,0.3322523106859089,3150,6167,0.1355599034577608,0.0,0.0,0.0,0.0,0.0,0.0,/kaggle/input/datasets/shuvroahmedimaging/ws2-eca/test_set/test_set/images/before/before-video-012/frame_0018.jpg,/kaggle/input/datasets/shuvroahmedimaging/ws2-eca/test_set/test_set/masks/before/before-video-012/frame_0018.jpg
before-video-012,frame_0019.jpg,christian_original_simple,christian_original,0,none,,,,0.18815015829941203,0.3167110772744576,0.6530612244897959,0.20904522613065327,2548,7960,0.1355599034577608,0.0,0.0,0.0,0.0,0.0,0.0,/kaggle/input/datasets/shuvroahmedimaging/ws2-eca/test_set/test_set/images/before/before-video-012/frame_0019.jpg,/kaggle/input/datasets/shuvroahmedimaging/ws2-eca/test_set/test_set/masks/before/before-video-012/frame_0019.jpg
before-video-012,frame_0020.jpg,christian_original_simple,christian_original,0,none,,,,0.29851410267817424,0.45977799095518707,0.5777509901842603,0.3818140434733128,5807,8787,0.1355599034577608,0.0,0.0,0.0,0.0,0.0,0.0,/kaggle/input/datasets/shuvroahmedimaging/ws2-eca/test_set/test_set/images/before/before-video-012/frame_0020.jpg,/kaggle/input/datasets/shuvroahmedimaging/ws2-eca/test_set/test_set/masks/before/before-video-012/frame_0020.jpg
before-video-012,frame_0021.jpg,christian_original_simple,christian_original,0,none,,,,0.34167975607502543,0.5093313132704359,0.6362697866483138,0.4246182110460443,5812,8709,0.1355599034577608,0.0,0.0,0.0,0.0,0.0,0.0,/kaggle/input/datasets/shuvroahmedimaging/ws2-eca/test_set/test_set/images/before/before-video-012/frame_0021.jpg,/kaggle/input/datasets/shuvroahmedimaging/ws2-eca/test_set/test_set/masks/before/before-video-012/frame_0021.jpg
before-video-012,frame_0022.jpg,christian_original_simple,christian_original,0,none,,,,0.29142435151850826,0.45132237312365975,0.6649115417017691,0.34159272884657,4748,9242,0.1355599034577608,0.0,0.0,0.0,0.0,0.0,0.0,/kaggle/input/datasets/shuvroahmedimaging/ws2-eca/test_set/test_set/images/before/before-video-012/frame_0022.jpg,/kaggle/input/datasets/shuvroahmedimaging/ws2-eca/test_set/test_set/masks/before/before-video-012/frame_0022.jpg
before-video-012,frame_0023.jpg,christian_original_simple,christian_original,0,none,,,,0.11901602531387159,0.21271549758277844,0.5058568329718004,0.1346731346731347,2305,8658,0.1355599034577608,0.0,0.0,0.0,0.0,0.0,0.0,/kaggle/input/datasets/shuvroahmedimaging/ws2-eca/test_set/test_set/images/before/before-video-012/frame_0023.jpg,/kaggle/input/datasets/shuvroahmedimaging/ws2-eca/test_set/test_set/masks/before/before-video-012/frame_0023.jpg
before-video-012,frame_0024.jpg,christian_original_simple,christian_original,0,none,,,,0.23774783280405115,0.3841619859926496,0.598401382588032,0.28288398692810457,4629,9792,0.1355599034577608,0.0,0.0,0.0,0.0,0.0,0.0,/kaggle/input/datasets/shuvroahmedimaging/ws2-eca/test_set/test_set/images/before/before-video-012/frame_0024.jpg,/kaggle/input/datasets/shuvroahmedimaging/ws2-eca/test_set/test_set/masks/before/before-video-012/frame_0024.jpg
before-video-012,frame_0025.jpg,christian_original_simple,christian_original,0,none,,,,0.2680303153777198,0.42275064267352186,0.6725971370143149,0.3082474226804124,4890,10670,0.1355599034577608,0.0,0.0,0.0,0.0,0.0,0.0,/kaggle/input/datasets/shuvroahmedimaging/ws2-eca/test_set/test_set/images/before/before-video-012/frame_0025.jpg,/kaggle/input/datasets/shuvroahmedimaging/ws2-eca/test_set/test_set/masks/before/before-video-012/frame_0025.jpg
before-video-012,frame_0026.jpg,christian_original_simple,christian_original,0,none,,,,0.2600924124513619,0.4128148219627521,0.5383840926252202,0.33474178403755867,3973,6390,0.1355599034577608,0.0,0.0,0.0,0.0,0.0,0.0,/kaggle/input/datasets/shuvroahmedimaging/ws2-eca/test_set/test_set/images/before/before-video-012/frame_0026.jpg,/kaggle/input/datasets/shuvroahmedimaging/ws2-eca/test_set/test_set/masks/before/before-video-012/frame_0026.jpg
before-video-012,frame_0027.jpg,christian_original_simple,christian_original,0,none,,,,0.506168666553997,0.6721274685816876,0.8415285192469795,0.5594993461610313,7118,10706,0.1355599034577608,0.0,0.0,0.0,0.0,0.0,0.0,/kaggle/input/datasets/shuvroahmedimaging/ws2-eca/test_set/test_set/images/before/before-video-012/frame_0027.jpg,/kaggle/input/datasets/shuvroahmedimaging/ws2-eca/test_set/test_set/masks/before/before-video-012/frame_0027.jpg
before-video-012,frame_0028.jpg,christian_original_simple,christian_original,0,none,,,,0.5182012847965739,0.6826516220028209,0.863514719000892,0.5644314868804665,6726,10290,0.1355599034577608,0.0,0.0,0.0,0.0,0.0,0.0,/kaggle/input/datasets/shuvroahmedimaging/ws2-eca/test_set/test_set/images/before/before-video-012/frame_0028.jpg,/kaggle/input/datasets/shuvroahmedimaging/ws2-eca/test_set/test_set/masks/before/before-video-012/frame_0028.jpg
before-video-012,frame_0029.jpg,christian_original_simple,christian_original,0,none,,,,0.5659188303503907,0.7227945911139729,0.9810633648943918,0.5721688896440404,6865,11771,0.1355599034577608,0.0,0.0,0.0,0.0,0.0,0.0,/kaggle/input/datasets/shuvroahmedimaging/ws2-eca/test_set/test_set/images/before/before-video-012/frame_0029.jpg,/kaggle/input/datasets/shuvroahmedimaging/ws2-eca/test_set/test_set/masks/before/before-video-012/frame_0029.jpg
before-video-012,frame_0030.jpg,christian_original_simple,christian_original,0,none,,,,0.44849597761455057,0.61925747057048,0.9549432135542729,0.45819188851170267,5371,11194,0.1355599034577608,0.0,0.0,0.0,0.0,0.0,0.0,/kaggle/input/datasets/shuvroahmedimaging/ws2-eca/test_set/test_set/images/before/before-video-012/frame_0030.jpg,/kaggle/input/datasets/shuvroahmedimaging/ws2-eca/test_set/test_set/masks/before/before-video-012/frame_0030.jpg
before-video-012,frame_0031.jpg,christian_original_simple,christian_original,0,none,,,,0.5187883435582822,0.6831608179752587,0.8659754224270353,0.564079046110231,7812,11993,0.1355599034577608,0.0,0.0,0.0,0.0,0.0,0.0,/kaggle/input/datasets/shuvroahmedimaging/ws2-eca/test_set/test_set/images/before/before-video-012/frame_0031.jpg,/kaggle/input/datasets/shuvroahmedimaging/ws2-eca/test_set/test_set/masks/before/before-video-012/frame_0031.jpg
before-video-012,frame_0032.jpg,christian_original_simple,christian_original,0,none,,,,0.3918770581778266,0.5630914826498423,0.7607305936073059,0.4469683419781792,6570,11182,0.1355599034577608,0.0,0.0,0.0,0.0,0.0,0.0,/kaggle/input/datasets/shuvroahmedimaging/ws2-eca/test_set/test_set/images/before/before-video-012/frame_0032.jpg,/kaggle/input/datasets/shuvroahmedimaging/ws2-eca/test_set/test_set/masks/before/before-video-012/frame_0032.jpg
before-video-012,frame_0033.jpg,christian_original_simple,christian_original,0,none,,,,0.3503262350326235,0.5188764402909786,0.8181513730743469,0.37990824974729803,5972,12861,0.1355599034577608,0.0,0.0,0.0,0.0,0.0,0.0,/kaggle/input/datasets/shuvroahmedimaging/ws2-eca/test_set/test_set/images/before/before-video-012/frame_0033.jpg,/kaggle/input/datasets/shuvroahmedimaging/ws2-eca/test_set/test_set/masks/before/before-video-012/frame_0033.jpg
before-video-012,frame_0034.jpg,christian_original_simple,christian_original,0,none,,,,0.2422594142259414,0.39003031323678006,0.8619736282433007,0.2520365648902431,4702,16081,0.1355599034577608,0.0,0.0,0.0,0.0,0.0,0.0,/kaggle/input/datasets/shuvroahmedimaging/ws2-eca/test_set/test_set/images/before/before-video-012/frame_0034.jpg,/kaggle/input/datasets/shuvroahmedimaging/ws2-eca/test_set/test_set/masks/before/before-video-012/frame_0034.jpg
before-video-012,frame_0035.jpg,christian_original_simple,christian_original,0,none,,,,0.24443558945750554,0.3928457069667444,0.8238679969301612,0.25791338819148296,5212,16649,0.1355599034577608,0.0,0.0,0.0,0.0,0.0,0.0,/kaggle/input/datasets/shuvroahmedimaging/ws2-eca/test_set/test_set/images/before/before-video-012/frame_0035.jpg,/kaggle/input/datasets/shuvroahmedimaging/ws2-eca/test_set/test_set/masks/before/before-video-012/frame_0035.jpg
before-video-012,frame_0036.jpg,christian_original_simple,christian_original,0,none,,,,0.18033059684934546,0.3055594717796889,0.779429393430832,0.19002805704933365,4171,17108,0.1355599034577608,0.0,0.0,0.0,0.0,0.0,0.0,/kaggle/input/datasets/shuvroahmedimaging/ws2-eca/test_set/test_set/images/before/before-video-012/frame_0036.jpg,/kaggle/input/datasets/shuvroahmedimaging/ws2-eca/test_set/test_set/masks/before/before-video-012/frame_0036.jpg
before-video-012,frame_0037.jpg,christian_original_simple,christian_original,0,none,,,,0.2341323606044815,0.37942828188996325,0.8228937728937729,0.24655654941557373,5460,18223,0.1355599034577608,0.0,0.0,0.0,0.0,0.0,0.0,/kaggle/input/datasets/shuvroahmedimaging/ws2-eca/test_set/test_set/images/before/before-video-012/frame_0037.jpg,/kaggle/input/datasets/shuvroahmedimaging/ws2-eca/test_set/test_set/masks/before/before-video-012/frame_0037.jpg
before-video-012,frame_0038.jpg,christian_original_simple,christian_original,0,none,,,,0.08823049741777657,0.16215406134478969,0.5790224759186586,0.0942782457159454,2803,17215,0.1355599034577608,0.0,0.0,0.0,0.0,0.0,0.0,/kaggle/input/datasets/shuvroahmedimaging/ws2-eca/test_set/test_set/images/before/before-video-012/frame_0038.jpg,/kaggle/input/datasets/shuvroahmedimaging/ws2-eca/test_set/test_set/masks/before/before-video-012/frame_0038.jpg
before-video-012,frame_0039.jpg,christian_original_simple,christian_original,0,none,,,,0.005395909147948299,0.010733899151273091,0.29152542372881357,0.0054676076037891794,295,15729,0.1355599034577608,0.0,0.0,0.0,0.0,0.0,0.0,/kaggle/input/datasets/shuvroahmedimaging/ws2-eca/test_set/test_set/images/before/before-video-012/frame_0039.jpg,/kaggle/input/datasets/shuvroahmedimaging/ws2-eca/test_set/test_set/masks/before/before-video-012/frame_0039.jpg
before-video-012,frame_0040.jpg,christian_original_simple,christian_original,0,none,,,,0.42369611094362375,0.5952058275453159,0.9206078868072841,0.43976469115714373,7633,15979,0.1355599034577608,0.0,0.0,0.0,0.0,0.0,0.0,/kaggle/input/datasets/shuvroahmedimaging/ws2-eca/test_set/test_set/images/before/before-video-012/frame_0040.jpg,/kaggle/input/datasets/shuvroahmedimaging/ws2-eca/test_set/test_set/masks/before/before-video-012/frame_0040.jpg
before-video-012,frame_0041.jpg,christian_original_simple,christian_original,0,none,,,,0.5582600502512562,0.7165171823037388,0.8934405629555164,0.5980820995962315,7958,11888,0.1355599034577608,0.0,0.0,0.0,0.0,0.0,0.0,/kaggle/input/datasets/shuvroahmedimaging/ws2-eca/test_set/test_set/images/before/before-video-012/frame_0041.jpg,/kaggle/input/datasets/shuvroahmedimaging/ws2-eca/test_set/test_set/masks/before/before-video-012/frame_0041.jpg
before-video-012,frame_0042.jpg,christian_original_simple,christian_original,0,none,,,,0.40559440559440557,0.5771144278606966,0.7887481371087929,0.4550241805480924,5368,9305,0.1355599034577608,0.0,0.0,0.0,0.0,0.0,0.0,/kaggle/input/datasets/shuvroahmedimaging/ws2-eca/test_set/test_set/images/before/before-video-012/frame_0042.jpg,/kaggle/input/datasets/shuvroahmedimaging/ws2-eca/test_set/test_set/masks/before/before-video-012/frame_0042.jpg
before-video-012,frame_0043.jpg,christian_original_simple,christian_original,0,none,,,,0.3075128324778348,0.470378301213419,0.7223896958070705,0.3487233761079508,3649,7559,0.1355599034577608,0.0,0.0,0.0,0.0,0.0,0.0,/kaggle/input/datasets/shuvroahmedimaging/ws2-eca/test_set/test_set/images/before/before-video-012/frame_0043.jpg,/kaggle/input/datasets/shuvroahmedimaging/ws2-eca/test_set/test_set/masks/before/before-video-012/frame_0043.jpg
before-video-012,frame_0044.jpg,christian_original_simple,christian_original,0,none,,,,0.13900103818202791,0.24407534940247114,0.6889651229273871,0.1483076923076923,1749,8125,0.1355599034577608,0.0,0.0,0.0,0.0,0.0,0.0,/kaggle/input/datasets/shuvroahmedimaging/ws2-eca/test_set/test_set/images/before/before-video-012/frame_0044.jpg,/kaggle/input/datasets/shuvroahmedimaging/ws2-eca/test_set/test_set/masks/before/before-video-012/frame_0044.jpg
before-video-012,frame_0045.jpg,christian_original_simple,christian_original,0,none,,,,0.2728834107900586,0.4287641876339392,0.8520504731861199,0.28645667621168736,3170,9429,0.1355599034577608,0.0,0.0,0.0,0.0,0.0,0.0,/kaggle/input/datasets/shuvroahmedimaging/ws2-eca/test_set/test_set/images/before/before-video-012/frame_0045.jpg,/kaggle/input/datasets/shuvroahmedimaging/ws2-eca/test_set/test_set/masks/before/before-video-012/frame_0045.jpg
before-video-012,frame_0046.jpg,christian_original_simple,christian_original,0,none,,,,0.3517260894170911,0.5204102993510572,0.7903772785078423,0.3879122022261521,4718,9613,0.1355599034577608,0.0,0.0,0.0,0.0,0.0,0.0,/kaggle/input/datasets/shuvroahmedimaging/ws2-eca/test_set/test_set/images/before/before-video-012/frame_0046.jpg,/kaggle/input/datasets/shuvroahmedimaging/ws2-eca/test_set/test_set/masks/before/before-video-012/frame_0046.jpg
before-video-012,frame_0047.jpg,christian_original_simple,christian_original,0,none,,,,0.4038671023965142,0.5753637245392822,0.8602088167053364,0.4322354998542699,5172,10293,0.1355599034577608,0.0,0.0,0.0,0.0,0.0,0.0,/kaggle/input/datasets/shuvroahmedimaging/ws2-eca/test_set/test_set/images/before/before-video-012/frame_0047.jpg,/kaggle/input/datasets/shuvroahmedimaging/ws2-eca/test_set/test_set/masks/before/before-video-012/frame_0047.jpg
before-video-012,frame_0048.jpg,christian_original_simple,christian_original,0,none,,,,0.3742325666636122,0.5446422617856904,0.8172903742245348,0.4084,4997,10000,0.1355599034577608,0.0,0.0,0.0,0.0,0.0,0.0,/kaggle/input/datasets/shuvroahmedimaging/ws2-eca/test_set/test_set/images/before/before-video-012/frame_0048.jpg,/kaggle/input/datasets/shuvroahmedimaging/ws2-eca/test_set/test_set/masks/before/before-video-012/frame_0048.jpg
before-video-012,frame_0049.jpg,christian_original_simple,christian_original,0,none,,,,0.3228947870918465,0.48816397228637415,0.6256011838697744,0.40023668639053256,5406,8450,0.1355599034577608,0.0,0.0,0.0,0.0,0.0,0.0,/kaggle/input/datasets/shuvroahmedimaging/ws2-eca/test_set/test_set/images/before/before-video-012/frame_0049.jpg,/kaggle/input/datasets/shuvroahmedimaging/ws2-eca/test_set/test_set/masks/before/before-video-012/frame_0049.jpg
before-video-012,frame_0050.jpg,christian_original_simple,christian_original,0,none,,,,0.3103815169478644,0.4737269458299501,0.6938498131158681,0.35963367382881295,2943,5678,0.1355599034577608,0.0,0.0,0.0,0.0,0.0,0.0,/kaggle/input/datasets/shuvroahmedimaging/ws2-eca/test_set/test_set/images/before/before-video-012/frame_0050.jpg,/kaggle/input/datasets/shuvroahmedimaging/ws2-eca/test_set/test_set/masks/before/before-video-012/frame_0050.jpg
before-video-012,frame_0051.jpg,christian_original_simple,christian_original,0,none,,,,0.40902413431269674,0.5805778969317843,0.5985872235872236,0.5636205899363794,3256,3458,0.1355599034577608,0.0,0.0,0.0,0.0,0.0,0.0,/kaggle/input/datasets/shuvroahmedimaging/ws2-eca/test_set/test_set/images/before/before-video-012/frame_0051.jpg,/kaggle/input/datasets/shuvroahmedimaging/ws2-eca/test_set/test_set/masks/before/before-video-012/frame_0051.jpg
before-video-012,frame_0052.jpg,christian_original_simple,christian_original,0,none,,,,0.11593999719613066,0.20778894472361809,0.17377600336205085,0.2583567635114027,4759,3201,0.1355599034577608,0.0,0.0,0.0,0.0,0.0,0.0,/kaggle/input/datasets/shuvroahmedimaging/ws2-eca/test_set/test_set/images/before/before-video-012/frame_0052.jpg,/kaggle/input/datasets/shuvroahmedimaging/ws2-eca/test_set/test_set/masks/before/before-video-012/frame_0052.jpg
before-video-012,frame_0053.jpg,christian_original_simple,christian_original,0,none,,,,0.09489784526068996,0.17334556949117977,0.2350013823610727,0.13731825525040386,3617,6190,0.1355599034577608,0.0,0.0,0.0,0.0,0.0,0.0,/kaggle/input/datasets/shuvroahmedimaging/ws2-eca/test_set/test_set/images/before/before-video-012/frame_0053.jpg,/kaggle/input/datasets/shuvroahmedimaging/ws2-eca/test_set/test_set/masks/before/before-video-012/frame_0053.jpg
before-video-012,frame_0054.jpg,christian_original_simple,christian_original,0,none,,,,0.26239199636198274,0.41570605187319887,0.5812625923438549,0.32355140186915887,2978,5350,0.1355599034577608,0.0,0.0,0.0,0.0,0.0,0.0,/kaggle/input/datasets/shuvroahmedimaging/ws2-eca/test_set/test_set/images/before/before-video-012/frame_0054.jpg,/kaggle/input/datasets/shuvroahmedimaging/ws2-eca/test_set/test_set/masks/before/before-video-012/frame_0054.jpg
before-video-012,frame_0055.jpg,christian_original_simple,christian_original,0,none,,,,0.0925287356321839,0.1693845344555497,0.44598337950138506,0.10454545454545454,1805,7700,0.1355599034577608,0.0,0.0,0.0,0.0,0.0,0.0,/kaggle/input/datasets/shuvroahmedimaging/ws2-eca/test_set/test_set/images/before/before-video-012/frame_0055.jpg,/kaggle/input/datasets/shuvroahmedimaging/ws2-eca/test_set/test_set/masks/before/before-video-012/frame_0055.jpg
before-video-012,frame_0056.jpg,christian_original_simple,christian_original,0,none,,,,0.2518955349620893,0.40242261103633914,0.6751340671747107,0.2866387058118634,3543,8345,0.1355599034577608,0.0,0.0,0.0,0.0,0.0,0.0,/kaggle/input/datasets/shuvroahmedimaging/ws2-eca/test_set/test_set/images/before/before-video-012/frame_0056.jpg,/kaggle/input/datasets/shuvroahmedimaging/ws2-eca/test_set/test_set/masks/before/before-video-012/frame_0056.jpg
before-video-012,frame_0057.jpg,christian_original_simple,christian_original,0,none,,,,0.21401120017568903,0.35256874095513746,0.6736951261666091,0.23876025970844053,2893,8163,0.1355599034577608,0.0,0.0,0.0,0.0,0.0,0.0,/kaggle/input/datasets/shuvroahmedimaging/ws2-eca/test_set/test_set/images/before/before-video-012/frame_0057.jpg,/kaggle/input/datasets/shuvroahmedimaging/ws2-eca/test_set/test_set/masks/before/before-video-012/frame_0057.jpg
before-video-012,frame_0058.jpg,christian_original_simple,christian_original,0,none,,,,0.23371260781794825,0.3788769059129788,0.6896831844029244,0.2611771944216571,3693,9752,0.1355599034577608,0.0,0.0,0.0,0.0,0.0,0.0,/kaggle/input/datasets/shuvroahmedimaging/ws2-eca/test_set/test_set/images/before/before-video-012/frame_0058.jpg,/kaggle/input/datasets/shuvroahmedimaging/ws2-eca/test_set/test_set/masks/before/before-video-012/frame_0058.jpg
before-video-012,frame_0059.jpg,christian_original_simple,christian_original,0,none,,,,0.15469922706396325,0.26794722545595656,0.8033740546829552,0.1607870532075911,1719,8589,0.1355599034577608,0.0,0.0,0.0,0.0,0.0,0.0,/kaggle/input/datasets/shuvroahmedimaging/ws2-eca/test_set/test_set/images/before/before-video-012/frame_0059.jpg,/kaggle/input/datasets/shuvroahmedimaging/ws2-eca/test_set/test_set/masks/before/before-video-012/frame_0059.jpg
before-video-012,frame_0060.jpg,christian_original_simple,christian_original,0,none,,,,0.18804359793019929,0.31656009637661014,0.6197387518142236,0.21257000622277536,2756,8035,0.1355599034577608,0.0,0.0,0.0,0.0,0.0,0.0,/kaggle/input/datasets/shuvroahmedimaging/ws2-eca/test_set/test_set/images/before/before-video-012/frame_0060.jpg,/kaggle/input/datasets/shuvroahmedimaging/ws2-eca/test_set/test_set/masks/before/before-video-012/frame_0060.jpg
before-video-012,frame_0061.jpg,christian_original_simple,christian_original,0,none,,,,0.3452971271153089,0.5133395740697402,0.6187588152327221,0.4386122775444911,7090,10002,0.1355599034577608,0.0,0.0,0.0,0.0,0.0,0.0,/kaggle/input/datasets/shuvroahmedimaging/ws2-eca/test_set/test_set/images/before/before-video-012/frame_0061.jpg,/kaggle/input/datasets/shuvroahmedimaging/ws2-eca/test_set/test_set/masks/before/before-video-012/frame_0061.jpg
before-video-012,frame_0062.jpg,christian_original_simple,christian_original,0,none,,,,0.43797906535893844,0.6091591677652318,0.615473708593931,0.6029728809712924,8634,8813,0.1355599034577608,0.0,0.0,0.0,0.0,0.0,0.0,/kaggle/input/datasets/shuvroahmedimaging/ws2-eca/test_set/test_set/images/before/before-video-012/frame_0062.jpg,/kaggle/input/datasets/shuvroahmedimaging/ws2-eca/test_set/test_set/masks/before/before-video-012/frame_0062.jpg
before-video-012,frame_0063.jpg,christian_original_simple,christian_original,0,none,,,,0.3581575246132208,0.5274167659089732,0.7191471335780852,0.4164009484097784,7082,12231,0.1355599034577608,0.0,0.0,0.0,0.0,0.0,0.0,/kaggle/input/datasets/shuvroahmedimaging/ws2-eca/test_set/test_set/images/before/before-video-012/frame_0063.jpg,/kaggle/input/datasets/shuvroahmedimaging/ws2-eca/test_set/test_set/masks/before/before-video-012/frame_0063.jpg
before-video-012,frame_0064.jpg,christian_original_simple,christian_original,0,none,,,,0.35810403695521187,0.5273587695947944,0.8721669655959563,0.3779410725641207,6133,14153,0.1355599034577608,0.0,0.0,0.0,0.0,0.0,0.0,/kaggle/input/datasets/shuvroahmedimaging/ws2-eca/test_set/test_set/images/before/before-video-012/frame_0064.jpg,/kaggle/input/datasets/shuvroahmedimaging/ws2-eca/test_set/test_set/masks/before/before-video-012/frame_0064.jpg
before-video-012,frame_0065.jpg,christian_original_simple,christian_original,0,none,,,,0.35564034830251445,0.5246824480369515,0.8725396063370139,0.3751289989680083,4166,9690,0.1355599034577608,0.0,0.0,0.0,0.0,0.0,0.0,/kaggle/input/datasets/shuvroahmedimaging/ws2-eca/test_set/test_set/images/before/before-video-012/frame_0065.jpg,/kaggle/input/datasets/shuvroahmedimaging/ws2-eca/test_set/test_set/masks/before/before-video-012/frame_0065.jpg
before-video-012,frame_0066.jpg,christian_original_simple,christian_original,0,none,,,,0.19970210815765352,0.3329194919300926,0.6655211912943871,0.22198166072338257,2619,7852,0.1355599034577608,0.0,0.0,0.0,0.0,0.0,0.0,/kaggle/input/datasets/shuvroahmedimaging/ws2-eca/test_set/test_set/images/before/before-video-012/frame_0066.jpg,/kaggle/input/datasets/shuvroahmedimaging/ws2-eca/test_set/test_set/masks/before/before-video-012/frame_0066.jpg
before-video-012,frame_0067.jpg,christian_original_simple,christian_original,0,none,,,,0.3771334567139626,0.5477079289233986,0.701875239188672,0.44906953966699314,5226,8168,0.1355599034577608,0.0,0.0,0.0,0.0,0.0,0.0,/kaggle/input/datasets/shuvroahmedimaging/ws2-eca/test_set/test_set/images/before/before-video-012/frame_0067.jpg,/kaggle/input/datasets/shuvroahmedimaging/ws2-eca/test_set/test_set/masks/before/before-video-012/frame_0067.jpg
before-video-012,frame_0068.jpg,christian_original_simple,christian_original,0,none,,,,0.5181422351233672,0.6826003824091779,0.8687374749498998,0.5621526491293072,6986,10796,0.1355599034577608,0.0,0.0,0.0,0.0,0.0,0.0,/kaggle/input/datasets/shuvroahmedimaging/ws2-eca/test_set/test_set/images/before/before-video-012/frame_0068.jpg,/kaggle/input/datasets/shuvroahmedimaging/ws2-eca/test_set/test_set/masks/before/before-video-012/frame_0068.jpg
before-video-012,frame_0069.jpg,christian_original_simple,christian_original,0,none,,,,0.5618427641462194,0.719461365822379,0.8780324203465624,0.6094040968342644,8945,12888,0.1355599034577608,0.0,0.0,0.0,0.0,0.0,0.0,/kaggle/input/datasets/shuvroahmedimaging/ws2-eca/test_set/test_set/images/before/before-video-012/frame_0069.jpg,/kaggle/input/datasets/shuvroahmedimaging/ws2-eca/test_set/test_set/masks/before/before-video-012/frame_0069.jpg
before-video-012,frame_0070.jpg,christian_original_simple,christian_original,0,none,,,,0.5523294570772536,0.7116137035976715,0.8196306880633106,0.628752107925801,9098,11860,0.1355599034577608,0.0,0.0,0.0,0.0,0.0,0.0,/kaggle/input/datasets/shuvroahmedimaging/ws2-eca/test_set/test_set/images/before/before-video-012/frame_0070.jpg,/kaggle/input/datasets/shuvroahmedimaging/ws2-eca/test_set/test_set/masks/before/before-video-012/frame_0070.jpg
before-video-012,frame_0071.jpg,christian_original_simple,christian_original,0,none,,,,0.5215767305094174,0.6855740102371253,0.768231300479925,0.6189757615769121,8543,10603,0.1355599034577608,0.0,0.0,0.0,0.0,0.0,0.0,/kaggle/input/datasets/shuvroahmedimaging/ws2-eca/test_set/test_set/images/before/before-video-012/frame_0071.jpg,/kaggle/input/datasets/shuvroahmedimaging/ws2-eca/test_set/test_set/masks/before/before-video-012/frame_0071.jpg
before-video-012,frame_0072.jpg,christian_original_simple,christian_original,0,none,,,,0.3386528112822416,0.5059606321042418,0.6935208056241687,0.3982542280414621,5263,9165,0.1355599034577608,0.0,0.0,0.0,0.0,0.0,0.0,/kaggle/input/datasets/shuvroahmedimaging/ws2-eca/test_set/test_set/images/before/before-video-012/frame_0072.jpg,/kaggle/input/datasets/shuvroahmedimaging/ws2-eca/test_set/test_set/masks/before/before-video-012/frame_0072.jpg
before-video-013,frame_0001.jpg,christian_original_simple,christian_original,0,none,,,,0.5326590212978133,0.6950783101733513,0.8032223415682063,0.6125993282542803,9310,12207,0.1355599034577608,0.0,0.0,0.0,0.0,0.0,0.0,/kaggle/input/datasets/shuvroahmedimaging/ws2-eca/test_set/test_set/images/before/before-video-013/frame_0001.jpg,/kaggle/input/datasets/shuvroahmedimaging/ws2-eca/test_set/test_set/masks/before/before-video-013/frame_0001.jpg
before-video-013,frame_0002.jpg,christian_original_simple,christian_original,0,none,,,,0.3481379892393712,0.5164723374285938,0.8533747090768037,0.37028725314183125,3867,8912,0.1355599034577608,0.0,0.0,0.0,0.0,0.0,0.0,/kaggle/input/datasets/shuvroahmedimaging/ws2-eca/test_set/test_set/images/before/before-video-013/frame_0002.jpg,/kaggle/input/datasets/shuvroahmedimaging/ws2-eca/test_set/test_set/masks/before/before-video-013/frame_0002.jpg
before-video-013,frame_0003.jpg,christian_original_simple,christian_original,0,none,,,,0.1440106616494199,0.25176454464469267,0.7275247524752475,0.1522207490884985,2525,12068,0.1355599034577608,0.0,0.0,0.0,0.0,0.0,0.0,/kaggle/input/datasets/shuvroahmedimaging/ws2-eca/test_set/test_set/images/before/before-video-013/frame_0003.jpg,/kaggle/input/datasets/shuvroahmedimaging/ws2-eca/test_set/test_set/masks/before/before-video-013/frame_0003.jpg
before-video-013,frame_0004.jpg,christian_original_simple,christian_original,0,none,,,,0.2920293398533007,0.4520475361441223,0.5756699440909967,0.3721335992023928,5187,8024,0.1355599034577608,0.0,0.0,0.0,0.0,0.0,0.0,/kaggle/input/datasets/shuvroahmedimaging/ws2-eca/test_set/test_set/images/before/before-video-013/frame_0004.jpg,/kaggle/input/datasets/shuvroahmedimaging/ws2-eca/test_set/test_set/masks/before/before-video-013/frame_0004.jpg
before-video-013,frame_0005.jpg,christian_original_simple,christian_original,0,none,,,,0.4840945661591781,0.6523769808173477,0.8641184268669907,0.5239817792068596,4526,7464,0.1355599034577608,0.0,0.0,0.0,0.0,0.0,0.0,/kaggle/input/datasets/shuvroahmedimaging/ws2-eca/test_set/test_set/images/before/before-video-013/frame_0005.jpg,/kaggle/input/datasets/shuvroahmedimaging/ws2-eca/test_set/test_set/masks/before/before-video-013/frame_0005.jpg
before-video-013,frame_0006.jpg,christian_original_simple,christian_original,0,none,,,,0.4822655000470411,0.6507140590288797,0.7526060784025841,0.5731216457960644,6811,8944,0.1355599034577608,0.0,0.0,0.0,0.0,0.0,0.0,/kaggle/input/datasets/shuvroahmedimaging/ws2-eca/test_set/test_set/images/before/before-video-013/frame_0006.jpg,/kaggle/input/datasets/shuvroahmedimaging/ws2-eca/test_set/test_set/masks/before/before-video-013/frame_0006.jpg
before-video-013,frame_0007.jpg,christian_original_simple,christian_original,0,none,,,,0.47436145510835914,0.6434805433427391,0.776897480589447,0.549171146953405,6311,8928,0.1355599034577608,0.0,0.0,0.0,0.0,0.0,0.0,/kaggle/input/datasets/shuvroahmedimaging/ws2-eca/test_set/test_set/images/before/before-video-013/frame_0007.jpg,/kaggle/input/datasets/shuvroahmedimaging/ws2-eca/test_set/test_set/masks/before/before-video-013/frame_0007.jpg
before-video-013,frame_0008.jpg,christian_original_simple,christian_original,0,none,,,,0.23730539793394442,0.38358419567262464,0.5469483568075117,0.29536399855124956,2982,5522,0.1355599034577608,0.0,0.0,0.0,0.0,0.0,0.0,/kaggle/input/datasets/shuvroahmedimaging/ws2-eca/test_set/test_set/images/before/before-video-013/frame_0008.jpg,/kaggle/input/datasets/shuvroahmedimaging/ws2-eca/test_set/test_set/masks/before/before-video-013/frame_0008.jpg
before-video-013,frame_0009.jpg,christian_original_simple,christian_original,0,none,,,,0.4736383442265795,0.6428149024246008,0.6997854077253219,0.5944221655122129,4660,5486,0.1355599034577608,0.0,0.0,0.0,0.0,0.0,0.0,/kaggle/input/datasets/shuvroahmedimaging/ws2-eca/test_set/test_set/images/before/before-video-013/frame_0009.jpg,/kaggle/input/datasets/shuvroahmedimaging/ws2-eca/test_set/test_set/masks/before/before-video-013/frame_0009.jpg
