video,frame,method,kind,memory_frames,confidence_mode,lambda_qmem,lambda_code,lambda_clean,iou,dice,precision,recall,pred_pixels,gt_pixels,threshold,mean_qmem_mismatch,mean_qmem_confidence,mean_top_similarity,mean_score_margin,same_code_rate,mean_selected_age,img_path,mask_path
before-video-000,frame_0001.jpg,continued_baseline_corrected_crop,baseline,0,none,0.0,0.0,0.0,0.2100898410504492,0.3472301541976014,0.21521675758963896,0.8981578032672923,24013,5754,0.03512730775400996,0.0,0.0,0.0,0.0,0.0,0.0,/kaggle/input/datasets/shuvroahmedimaging/ws2-eca/test_set/test_set/images/before/before-video-000/frame_0001.jpg,/kaggle/input/datasets/shuvroahmedimaging/ws2-eca/test_set/test_set/masks/before/before-video-000/frame_0001.jpg
before-video-000,frame_0002.jpg,continued_baseline_corrected_crop,baseline,0,none,0.0,0.0,0.0,0.2665783664459161,0.4209425543781372,0.27083520229658203,0.9443228026274633,22294,6394,0.03512730775400996,0.0,0.0,0.0,0.0,0.0,0.0,/kaggle/input/datasets/shuvroahmedimaging/ws2-eca/test_set/test_set/images/before/before-video-000/frame_0002.jpg,/kaggle/input/datasets/shuvroahmedimaging/ws2-eca/test_set/test_set/masks/before/before-video-000/frame_0002.jpg
before-video-000,frame_0003.jpg,continued_baseline_corrected_crop,baseline,0,none,0.0,0.0,0.0,0.26963944338238566,0.42474963232719376,0.2820012089087274,0.8601616791944405,21507,7051,0.03512730775400996,0.0,0.0,0.0,0.0,0.0,0.0,/kaggle/input/datasets/shuvroahmedimaging/ws2-eca/test_set/test_set/images/before/before-video-000/frame_0003.jpg,/kaggle/input/datasets/shuvroahmedimaging/ws2-eca/test_set/test_set/masks/before/before-video-000/frame_0003.jpg
before-video-000,frame_0004.jpg,continued_baseline_corrected_crop,baseline,0,none,0.0,0.0,0.0,0.2504830053667263,0.40061800806843867,0.2648984070528586,0.8215207697723539,26429,8522,0.03512730775400996,0.0,0.0,0.0,0.0,0.0,0.0,/kaggle/input/datasets/shuvroahmedimaging/ws2-eca/test_set/test_set/images/before/before-video-000/frame_0004.jpg,/kaggle/input/datasets/shuvroahmedimaging/ws2-eca/test_set/test_set/masks/before/before-video-000/frame_0004.jpg
before-video-000,frame_0005.jpg,continued_baseline_corrected_crop,baseline,0,none,0.0,0.0,0.0,0.25480306472105646,0.4061243901690651,0.28013884185573995,0.7380394780863165,23624,8967,0.03512730775400996,0.0,0.0,0.0,0.0,0.0,0.0,/kaggle/input/datasets/shuvroahmedimaging/ws2-eca/test_set/test_set/images/before/before-video-000/frame_0005.jpg,/kaggle/input/datasets/shuvroahmedimaging/ws2-eca/test_set/test_set/masks/before/before-video-000/frame_0005.jpg
before-video-000,frame_0006.jpg,continued_baseline_corrected_crop,baseline,0,none,0.0,0.0,0.0,0.2403975741239892,0.387613744397664,0.2574418185098322,0.7840659340659341,27715,9100,0.03512730775400996,0.0,0.0,0.0,0.0,0.0,0.0,/kaggle/input/datasets/shuvroahmedimaging/ws2-eca/test_set/test_set/images/before/before-video-000/frame_0006.jpg,/kaggle/input/datasets/shuvroahmedimaging/ws2-eca/test_set/test_set/masks/before/before-video-000/frame_0006.jpg
before-video-000,frame_0007.jpg,continued_baseline_corrected_crop,baseline,0,none,0.0,0.0,0.0,0.21352890298399885,0.35191399637691917,0.22771820592643838,0.7741050431147113,26019,7654,0.03512730775400996,0.0,0.0,0.0,0.0,0.0,0.0,/kaggle/input/datasets/shuvroahmedimaging/ws2-eca/test_set/test_set/images/before/before-video-000/frame_0007.jpg,/kaggle/input/datasets/shuvroahmedimaging/ws2-eca/test_set/test_set/masks/before/before-video-000/frame_0007.jpg
before-video-000,frame_0008.jpg,continued_baseline_corrected_crop,baseline,0,none,0.0,0.0,0.0,0.1865904365904366,0.31449846692947875,0.1990810425413927,0.7483621203097082,25246,6716,0.03512730775400996,0.0,0.0,0.0,0.0,0.0,0.0,/kaggle/input/datasets/shuvroahmedimaging/ws2-eca/test_set/test_set/images/before/before-video-000/frame_0008.jpg,/kaggle/input/datasets/shuvroahmedimaging/ws2-eca/test_set/test_set/masks/before/before-video-000/frame_0008.jpg
before-video-000,frame_0009.jpg,continued_baseline_corrected_crop,baseline,0,none,0.0,0.0,0.0,0.2609301515415433,0.4138693189667081,0.2695893172083648,0.8903946742748454,27783,8412,0.03512730775400996,0.0,0.0,0.0,0.0,0.0,0.0,/kaggle/input/datasets/shuvroahmedimaging/ws2-eca/test_set/test_set/images/before/before-video-000/frame_0009.jpg,/kaggle/input/datasets/shuvroahmedimaging/ws2-eca/test_set/test_set/masks/before/before-video-000/frame_0009.jpg
before-video-000,frame_0010.jpg,continued_baseline_corrected_crop,baseline,0,none,0.0,0.0,0.0,0.2967626454340647,0.457697708179633,0.326087693716301,0.767438148443735,29489,12530,0.03512730775400996,0.0,0.0,0.0,0.0,0.0,0.0,/kaggle/input/datasets/shuvroahmedimaging/ws2-eca/test_set/test_set/images/before/before-video-000/frame_0010.jpg,/kaggle/input/datasets/shuvroahmedimaging/ws2-eca/test_set/test_set/masks/before/before-video-000/frame_0010.jpg
before-video-000,frame_0011.jpg,continued_baseline_corrected_crop,baseline,0,none,0.0,0.0,0.0,0.3604750907291323,0.5299253079833155,0.3691465639570241,0.9388211032823509,29598,11638,0.03512730775400996,0.0,0.0,0.0,0.0,0.0,0.0,/kaggle/input/datasets/shuvroahmedimaging/ws2-eca/test_set/test_set/images/before/before-video-000/frame_0011.jpg,/kaggle/input/datasets/shuvroahmedimaging/ws2-eca/test_set/test_set/masks/before/before-video-000/frame_0011.jpg
before-video-000,frame_0012.jpg,continued_baseline_corrected_crop,baseline,0,none,0.0,0.0,0.0,0.43277723258096173,0.6041095890410959,0.4432314410480349,0.9483167729497256,28854,13486,0.03512730775400996,0.0,0.0,0.0,0.0,0.0,0.0,/kaggle/input/datasets/shuvroahmedimaging/ws2-eca/test_set/test_set/images/before/before-video-000/frame_0012.jpg,/kaggle/input/datasets/shuvroahmedimaging/ws2-eca/test_set/test_set/masks/before/before-video-000/frame_0012.jpg
before-video-000,frame_0013.jpg,continued_baseline_corrected_crop,baseline,0,none,0.0,0.0,0.0,0.3786008230452675,0.5492537313432836,0.3945625119663029,0.9034633932485752,26115,11405,0.03512730775400996,0.0,0.0,0.0,0.0,0.0,0.0,/kaggle/input/datasets/shuvroahmedimaging/ws2-eca/test_set/test_set/images/before/before-video-000/frame_0013.jpg,/kaggle/input/datasets/shuvroahmedimaging/ws2-eca/test_set/test_set/masks/before/before-video-000/frame_0013.jpg
before-video-000,frame_0014.jpg,continued_baseline_corrected_crop,baseline,0,none,0.0,0.0,0.0,0.35091181811004973,0.519518466573165,0.3707256046705588,0.8678250683326826,23980,10244,0.03512730775400996,0.0,0.0,0.0,0.0,0.0,0.0,/kaggle/input/datasets/shuvroahmedimaging/ws2-eca/test_set/test_set/images/before/before-video-000/frame_0014.jpg,/kaggle/input/datasets/shuvroahmedimaging/ws2-eca/test_set/test_set/masks/before/before-video-000/frame_0014.jpg
before-video-000,frame_0015.jpg,continued_baseline_corrected_crop,baseline,0,none,0.0,0.0,0.0,0.3278285792275147,0.4937814780552986,0.34262076835298594,0.8836296750459841,21032,8155,0.03512730775400996,0.0,0.0,0.0,0.0,0.0,0.0,/kaggle/input/datasets/shuvroahmedimaging/ws2-eca/test_set/test_set/images/before/before-video-000/frame_0015.jpg,/kaggle/input/datasets/shuvroahmedimaging/ws2-eca/test_set/test_set/masks/before/before-video-000/frame_0015.jpg
before-video-000,frame_0016.jpg,continued_baseline_corrected_crop,baseline,0,none,0.0,0.0,0.0,0.3061537699886133,0.46878671872038813,0.3222343806992861,0.8598442714126807,19191,7192,0.03512730775400996,0.0,0.0,0.0,0.0,0.0,0.0,/kaggle/input/datasets/shuvroahmedimaging/ws2-eca/test_set/test_set/images/before/before-video-000/frame_0016.jpg,/kaggle/input/datasets/shuvroahmedimaging/ws2-eca/test_set/test_set/masks/before/before-video-000/frame_0016.jpg
before-video-000,frame_0017.jpg,continued_baseline_corrected_crop,baseline,0,none,0.0,0.0,0.0,0.2457445724187137,0.3945344460808378,0.2663941218717198,0.7602081034210941,18101,6343,0.03512730775400996,0.0,0.0,0.0,0.0,0.0,0.0,/kaggle/input/datasets/shuvroahmedimaging/ws2-eca/test_set/test_set/images/before/before-video-000/frame_0017.jpg,/kaggle/input/datasets/shuvroahmedimaging/ws2-eca/test_set/test_set/masks/before/before-video-000/frame_0017.jpg
before-video-000,frame_0018.jpg,continued_baseline_corrected_crop,baseline,0,none,0.0,0.0,0.0,0.3742985971943888,0.5447121869417813,0.41767764298093585,0.7827954735959766,17887,9544,0.03512730775400996,0.0,0.0,0.0,0.0,0.0,0.0,/kaggle/input/datasets/shuvroahmedimaging/ws2-eca/test_set/test_set/images/before/before-video-000/frame_0018.jpg,/kaggle/input/datasets/shuvroahmedimaging/ws2-eca/test_set/test_set/masks/before/before-video-000/frame_0018.jpg
before-video-000,frame_0019.jpg,continued_baseline_corrected_crop,baseline,0,none,0.0,0.0,0.0,0.45754062402077084,0.6278255528255529,0.48015220557147553,0.9066796771045862,21287,11273,0.03512730775400996,0.0,0.0,0.0,0.0,0.0,0.0,/kaggle/input/datasets/shuvroahmedimaging/ws2-eca/test_set/test_set/images/before/before-video-000/frame_0019.jpg,/kaggle/input/datasets/shuvroahmedimaging/ws2-eca/test_set/test_set/masks/before/before-video-000/frame_0019.jpg
before-video-000,frame_0020.jpg,continued_baseline_corrected_crop,baseline,0,none,0.0,0.0,0.0,0.5004482842937484,0.6670650225433212,0.5222864920040831,0.9228919284533293,23512,13306,0.03512730775400996,0.0,0.0,0.0,0.0,0.0,0.0,/kaggle/input/datasets/shuvroahmedimaging/ws2-eca/test_set/test_set/images/before/before-video-000/frame_0020.jpg,/kaggle/input/datasets/shuvroahmedimaging/ws2-eca/test_set/test_set/masks/before/before-video-000/frame_0020.jpg
before-video-000,frame_0021.jpg,continued_baseline_corrected_crop,baseline,0,none,0.0,0.0,0.0,0.5215906414383292,0.6855860271922809,0.5998916429635649,0.7998434866361667,22149,16612,0.03512730775400996,0.0,0.0,0.0,0.0,0.0,0.0,/kaggle/input/datasets/shuvroahmedimaging/ws2-eca/test_set/test_set/images/before/before-video-000/frame_0021.jpg,/kaggle/input/datasets/shuvroahmedimaging/ws2-eca/test_set/test_set/masks/before/before-video-000/frame_0021.jpg
before-video-000,frame_0022.jpg,continued_baseline_corrected_crop,baseline,0,none,0.0,0.0,0.0,0.4890912274557871,0.6568989440511747,0.6170908448214917,0.7021971944290814,22632,19889,0.03512730775400996,0.0,0.0,0.0,0.0,0.0,0.0,/kaggle/input/datasets/shuvroahmedimaging/ws2-eca/test_set/test_set/images/before/before-video-000/frame_0022.jpg,/kaggle/input/datasets/shuvroahmedimaging/ws2-eca/test_set/test_set/masks/before/before-video-000/frame_0022.jpg
before-video-000,frame_0023.jpg,continued_baseline_corrected_crop,baseline,0,none,0.0,0.0,0.0,0.4124014782352749,0.5839720286197235,0.5010131510985737,0.6998556998556998,25169,18018,0.03512730775400996,0.0,0.0,0.0,0.0,0.0,0.0,/kaggle/input/datasets/shuvroahmedimaging/ws2-eca/test_set/test_set/images/before/before-video-000/frame_0023.jpg,/kaggle/input/datasets/shuvroahmedimaging/ws2-eca/test_set/test_set/masks/before/before-video-000/frame_0023.jpg
before-video-000,frame_0024.jpg,continued_baseline_corrected_crop,baseline,0,none,0.0,0.0,0.0,0.4149507922105116,0.5865232833464877,0.531800697736828,0.6537996260860002,22358,18186,0.03512730775400996,0.0,0.0,0.0,0.0,0.0,0.0,/kaggle/input/datasets/shuvroahmedimaging/ws2-eca/test_set/test_set/images/before/before-video-000/frame_0024.jpg,/kaggle/input/datasets/shuvroahmedimaging/ws2-eca/test_set/test_set/masks/before/before-video-000/frame_0024.jpg
before-video-000,frame_0025.jpg,continued_baseline_corrected_crop,baseline,0,none,0.0,0.0,0.0,0.4457550771110093,0.6166398225648879,0.5357650837348016,0.7262719243687026,21795,16078,0.03512730775400996,0.0,0.0,0.0,0.0,0.0,0.0,/kaggle/input/datasets/shuvroahmedimaging/ws2-eca/test_set/test_set/images/before/before-video-000/frame_0025.jpg,/kaggle/input/datasets/shuvroahmedimaging/ws2-eca/test_set/test_set/masks/before/before-video-000/frame_0025.jpg
before-video-000,frame_0026.jpg,continued_baseline_corrected_crop,baseline,0,none,0.0,0.0,0.0,0.4269195695786978,0.5983793041744421,0.45831538551905077,0.861728758651156,25537,13582,0.03512730775400996,0.0,0.0,0.0,0.0,0.0,0.0,/kaggle/input/datasets/shuvroahmedimaging/ws2-eca/test_set/test_set/images/before/before-video-000/frame_0026.jpg,/kaggle/input/datasets/shuvroahmedimaging/ws2-eca/test_set/test_set/masks/before/before-video-000/frame_0026.jpg
before-video-000,frame_0027.jpg,continued_baseline_corrected_crop,baseline,0,none,0.0,0.0,0.0,0.34216780118419465,0.50987335694136,0.3571728893373697,0.8906479345774796,23784,9538,0.03512730775400996,0.0,0.0,0.0,0.0,0.0,0.0,/kaggle/input/datasets/shuvroahmedimaging/ws2-eca/test_set/test_set/images/before/before-video-000/frame_0027.jpg,/kaggle/input/datasets/shuvroahmedimaging/ws2-eca/test_set/test_set/masks/before/before-video-000/frame_0027.jpg
before-video-000,frame_0028.jpg,continued_baseline_corrected_crop,baseline,0,none,0.0,0.0,0.0,0.18476997176548746,0.3119086002663489,0.1927074311449853,0.8177140757074605,23092,5442,0.03512730775400996,0.0,0.0,0.0,0.0,0.0,0.0,/kaggle/input/datasets/shuvroahmedimaging/ws2-eca/test_set/test_set/images/before/before-video-000/frame_0028.jpg,/kaggle/input/datasets/shuvroahmedimaging/ws2-eca/test_set/test_set/masks/before/before-video-000/frame_0028.jpg
before-video-000,frame_0029.jpg,continued_baseline_corrected_crop,baseline,0,none,0.0,0.0,0.0,0.1692034673401133,0.28943374197314653,0.1750768035594477,0.8345396397912809,28319,5941,0.03512730775400996,0.0,0.0,0.0,0.0,0.0,0.0,/kaggle/input/datasets/shuvroahmedimaging/ws2-eca/test_set/test_set/images/before/before-video-000/frame_0029.jpg,/kaggle/input/datasets/shuvroahmedimaging/ws2-eca/test_set/test_set/masks/before/before-video-000/frame_0029.jpg
before-video-000,frame_0030.jpg,continued_baseline_corrected_crop,baseline,0,none,0.0,0.0,0.0,0.1936954176959744,0.32453072169756325,0.20274601209119383,0.8127007299270073,27458,6850,0.03512730775400996,0.0,0.0,0.0,0.0,0.0,0.0,/kaggle/input/datasets/shuvroahmedimaging/ws2-eca/test_set/test_set/images/before/before-video-000/frame_0030.jpg,/kaggle/input/datasets/shuvroahmedimaging/ws2-eca/test_set/test_set/masks/before/before-video-000/frame_0030.jpg
before-video-000,frame_0031.jpg,continued_baseline_corrected_crop,baseline,0,none,0.0,0.0,0.0,0.23227469823039962,0.3769852591535901,0.24059237679048312,0.87044356609574,24714,6831,0.03512730775400996,0.0,0.0,0.0,0.0,0.0,0.0,/kaggle/input/datasets/shuvroahmedimaging/ws2-eca/test_set/test_set/images/before/before-video-000/frame_0031.jpg,/kaggle/input/datasets/shuvroahmedimaging/ws2-eca/test_set/test_set/masks/before/before-video-000/frame_0031.jpg
before-video-000,frame_0032.jpg,continued_baseline_corrected_crop,baseline,0,none,0.0,0.0,0.0,0.2766175427535661,0.4333600839557997,0.29167359149077615,0.8427370948379351,24068,8330,0.03512730775400996,0.0,0.0,0.0,0.0,0.0,0.0,/kaggle/input/datasets/shuvroahmedimaging/ws2-eca/test_set/test_set/images/before/before-video-000/frame_0032.jpg,/kaggle/input/datasets/shuvroahmedimaging/ws2-eca/test_set/test_set/masks/before/before-video-000/frame_0032.jpg
before-video-000,frame_0033.jpg,continued_baseline_corrected_crop,baseline,0,none,0.0,0.0,0.0,0.28402577205065543,0.4423988649340762,0.29923692711015404,0.8481953290870489,21361,7536,0.03512730775400996,0.0,0.0,0.0,0.0,0.0,0.0,/kaggle/input/datasets/shuvroahmedimaging/ws2-eca/test_set/test_set/images/before/before-video-000/frame_0033.jpg,/kaggle/input/datasets/shuvroahmedimaging/ws2-eca/test_set/test_set/masks/before/before-video-000/frame_0033.jpg
before-video-000,frame_0034.jpg,continued_baseline_corrected_crop,baseline,0,none,0.0,0.0,0.0,0.20552795947474548,0.3409758485639687,0.21617008069522037,0.8067567567567567,19332,5180,0.03512730775400996,0.0,0.0,0.0,0.0,0.0,0.0,/kaggle/input/datasets/shuvroahmedimaging/ws2-eca/test_set/test_set/images/before/before-video-000/frame_0034.jpg,/kaggle/input/datasets/shuvroahmedimaging/ws2-eca/test_set/test_set/masks/before/before-video-000/frame_0034.jpg
before-video-000,frame_0035.jpg,continued_baseline_corrected_crop,baseline,0,none,0.0,0.0,0.0,0.17551158084101642,0.2986131037780966,0.18074451456029642,0.8583997800384933,17273,3637,0.03512730775400996,0.0,0.0,0.0,0.0,0.0,0.0,/kaggle/input/datasets/shuvroahmedimaging/ws2-eca/test_set/test_set/images/before/before-video-000/frame_0035.jpg,/kaggle/input/datasets/shuvroahmedimaging/ws2-eca/test_set/test_set/masks/before/before-video-000/frame_0035.jpg
before-video-000,frame_0036.jpg,continued_baseline_corrected_crop,baseline,0,none,0.0,0.0,0.0,0.20877081037183132,0.3454266244361263,0.2148143726871195,0.8812438785504407,16754,4084,0.03512730775400996,0.0,0.0,0.0,0.0,0.0,0.0,/kaggle/input/datasets/shuvroahmedimaging/ws2-eca/test_set/test_set/images/before/before-video-000/frame_0036.jpg,/kaggle/input/datasets/shuvroahmedimaging/ws2-eca/test_set/test_set/masks/before/before-video-000/frame_0036.jpg
before-video-000,frame_0037.jpg,continued_baseline_corrected_crop,baseline,0,none,0.0,0.0,0.0,0.14112445480074087,0.24734279281637783,0.149436922687587,0.7172790768296387,15806,3293,0.03512730775400996,0.0,0.0,0.0,0.0,0.0,0.0,/kaggle/input/datasets/shuvroahmedimaging/ws2-eca/test_set/test_set/images/before/before-video-000/frame_0037.jpg,/kaggle/input/datasets/shuvroahmedimaging/ws2-eca/test_set/test_set/masks/before/before-video-000/frame_0037.jpg
before-video-000,frame_0038.jpg,continued_baseline_corrected_crop,baseline,0,none,0.0,0.0,0.0,0.217822696017352,0.3577248095797491,0.22253653936822254,0.9113728519019115,21210,5179,0.03512730775400996,0.0,0.0,0.0,0.0,0.0,0.0,/kaggle/input/datasets/shuvroahmedimaging/ws2-eca/test_set/test_set/images/before/before-video-000/frame_0038.jpg,/kaggle/input/datasets/shuvroahmedimaging/ws2-eca/test_set/test_set/masks/before/before-video-000/frame_0038.jpg
before-video-000,frame_0039.jpg,continued_baseline_corrected_crop,baseline,0,none,0.0,0.0,0.0,0.25327612199930416,0.40418247432219856,0.2656288007783994,0.8448742746615087,24666,7755,0.03512730775400996,0.0,0.0,0.0,0.0,0.0,0.0,/kaggle/input/datasets/shuvroahmedimaging/ws2-eca/test_set/test_set/images/before/before-video-000/frame_0039.jpg,/kaggle/input/datasets/shuvroahmedimaging/ws2-eca/test_set/test_set/masks/before/before-video-000/frame_0039.jpg
before-video-000,frame_0040.jpg,continued_baseline_corrected_crop,baseline,0,none,0.0,0.0,0.0,0.22085871072785382,0.361808797016621,0.23045461695768443,0.8413737652193889,31785,8706,0.03512730775400996,0.0,0.0,0.0,0.0,0.0,0.0,/kaggle/input/datasets/shuvroahmedimaging/ws2-eca/test_set/test_set/images/before/before-video-000/frame_0040.jpg,/kaggle/input/datasets/shuvroahmedimaging/ws2-eca/test_set/test_set/masks/before/before-video-000/frame_0040.jpg
before-video-000,frame_0041.jpg,continued_baseline_corrected_crop,baseline,0,none,0.0,0.0,0.0,0.24744382633558132,0.39672139315877325,0.271536730100266,0.7360636035869464,29322,10817,0.03512730775400996,0.0,0.0,0.0,0.0,0.0,0.0,/kaggle/input/datasets/shuvroahmedimaging/ws2-eca/test_set/test_set/images/before/before-video-000/frame_0041.jpg,/kaggle/input/datasets/shuvroahmedimaging/ws2-eca/test_set/test_set/masks/before/before-video-000/frame_0041.jpg
before-video-000,frame_0042.jpg,continued_baseline_corrected_crop,baseline,0,none,0.0,0.0,0.0,0.25560618243545075,0.4071438736302832,0.2812991609858416,0.7367381974248927,30512,11650,0.03512730775400996,0.0,0.0,0.0,0.0,0.0,0.0,/kaggle/input/datasets/shuvroahmedimaging/ws2-eca/test_set/test_set/images/before/before-video-000/frame_0042.jpg,/kaggle/input/datasets/shuvroahmedimaging/ws2-eca/test_set/test_set/masks/before/before-video-000/frame_0042.jpg
before-video-000,frame_0043.jpg,continued_baseline_corrected_crop,baseline,0,none,0.0,0.0,0.0,0.2698840570296515,0.4250530676964783,0.3072315882874889,0.6894549074919107,27048,12053,0.03512730775400996,0.0,0.0,0.0,0.0,0.0,0.0,/kaggle/input/datasets/shuvroahmedimaging/ws2-eca/test_set/test_set/images/before/before-video-000/frame_0043.jpg,/kaggle/input/datasets/shuvroahmedimaging/ws2-eca/test_set/test_set/masks/before/before-video-000/frame_0043.jpg
before-video-000,frame_0044.jpg,continued_baseline_corrected_crop,baseline,0,none,0.0,0.0,0.0,0.2745603259729754,0.4308314332056134,0.2981229057549042,0.7764785629554313,30739,11802,0.03512730775400996,0.0,0.0,0.0,0.0,0.0,0.0,/kaggle/input/datasets/shuvroahmedimaging/ws2-eca/test_set/test_set/images/before/before-video-000/frame_0044.jpg,/kaggle/input/datasets/shuvroahmedimaging/ws2-eca/test_set/test_set/masks/before/before-video-000/frame_0044.jpg
before-video-000,frame_0045.jpg,continued_baseline_corrected_crop,baseline,0,none,0.0,0.0,0.0,0.32528139975482,0.49088653898711293,0.3473461858859931,0.8366176997491939,33612,13955,0.03512730775400996,0.0,0.0,0.0,0.0,0.0,0.0,/kaggle/input/datasets/shuvroahmedimaging/ws2-eca/test_set/test_set/images/before/before-video-000/frame_0045.jpg,/kaggle/input/datasets/shuvroahmedimaging/ws2-eca/test_set/test_set/masks/before/before-video-000/frame_0045.jpg
before-video-000,frame_0046.jpg,continued_baseline_corrected_crop,baseline,0,none,0.0,0.0,0.0,0.30761410455348065,0.4704967673295687,0.31997551065842933,0.8884252820275074,35934,12942,0.03512730775400996,0.0,0.0,0.0,0.0,0.0,0.0,/kaggle/input/datasets/shuvroahmedimaging/ws2-eca/test_set/test_set/images/before/before-video-000/frame_0046.jpg,/kaggle/input/datasets/shuvroahmedimaging/ws2-eca/test_set/test_set/masks/before/before-video-000/frame_0046.jpg
before-video-000,frame_0047.jpg,continued_baseline_corrected_crop,baseline,0,none,0.0,0.0,0.0,0.2840120931886893,0.442382271468144,0.29713470602828085,0.8654263005780347,32248,11072,0.03512730775400996,0.0,0.0,0.0,0.0,0.0,0.0,/kaggle/input/datasets/shuvroahmedimaging/ws2-eca/test_set/test_set/images/before/before-video-000/frame_0047.jpg,/kaggle/input/datasets/shuvroahmedimaging/ws2-eca/test_set/test_set/masks/before/before-video-000/frame_0047.jpg
before-video-000,frame_0048.jpg,continued_baseline_corrected_crop,baseline,0,none,0.0,0.0,0.0,0.2072631995856564,0.343360419926311,0.2217766911165444,0.7600268126466316,30675,8951,0.03512730775400996,0.0,0.0,0.0,0.0,0.0,0.0,/kaggle/input/datasets/shuvroahmedimaging/ws2-eca/test_set/test_set/images/before/before-video-000/frame_0048.jpg,/kaggle/input/datasets/shuvroahmedimaging/ws2-eca/test_set/test_set/masks/before/before-video-000/frame_0048.jpg
before-video-000,frame_0049.jpg,continued_baseline_corrected_crop,baseline,0,none,0.0,0.0,0.0,0.2506441407651414,0.4008240755228707,0.26758356545961004,0.7983586120922501,28720,9626,0.03512730775400996,0.0,0.0,0.0,0.0,0.0,0.0,/kaggle/input/datasets/shuvroahmedimaging/ws2-eca/test_set/test_set/images/before/before-video-000/frame_0049.jpg,/kaggle/input/datasets/shuvroahmedimaging/ws2-eca/test_set/test_set/masks/before/before-video-000/frame_0049.jpg
before-video-000,frame_0050.jpg,continued_baseline_corrected_crop,baseline,0,none,0.0,0.0,0.0,0.2583330330438543,0.4105956471935853,0.27092702467782775,0.8474997044567916,26461,8459,0.03512730775400996,0.0,0.0,0.0,0.0,0.0,0.0,/kaggle/input/datasets/shuvroahmedimaging/ws2-eca/test_set/test_set/images/before/before-video-000/frame_0050.jpg,/kaggle/input/datasets/shuvroahmedimaging/ws2-eca/test_set/test_set/masks/before/before-video-000/frame_0050.jpg
before-video-000,frame_0051.jpg,continued_baseline_corrected_crop,baseline,0,none,0.0,0.0,0.0,0.2540307539271356,0.4051427815970386,0.2686861601858752,0.8232370718603089,22811,7445,0.03512730775400996,0.0,0.0,0.0,0.0,0.0,0.0,/kaggle/input/datasets/shuvroahmedimaging/ws2-eca/test_set/test_set/images/before/before-video-000/frame_0051.jpg,/kaggle/input/datasets/shuvroahmedimaging/ws2-eca/test_set/test_set/masks/before/before-video-000/frame_0051.jpg
before-video-000,frame_0052.jpg,continued_baseline_corrected_crop,baseline,0,none,0.0,0.0,0.0,0.2985567359376984,0.45982855839118675,0.30976637976462323,0.8918953091414844,22772,7909,0.03512730775400996,0.0,0.0,0.0,0.0,0.0,0.0,/kaggle/input/datasets/shuvroahmedimaging/ws2-eca/test_set/test_set/images/before/before-video-000/frame_0052.jpg,/kaggle/input/datasets/shuvroahmedimaging/ws2-eca/test_set/test_set/masks/before/before-video-000/frame_0052.jpg
before-video-000,frame_0053.jpg,continued_baseline_corrected_crop,baseline,0,none,0.0,0.0,0.0,0.31858643403952286,0.4832241949638831,0.3298617511520737,0.9031037093111279,21700,7926,0.03512730775400996,0.0,0.0,0.0,0.0,0.0,0.0,/kaggle/input/datasets/shuvroahmedimaging/ws2-eca/test_set/test_set/images/before/before-video-000/frame_0053.jpg,/kaggle/input/datasets/shuvroahmedimaging/ws2-eca/test_set/test_set/masks/before/before-video-000/frame_0053.jpg
before-video-000,frame_0054.jpg,continued_baseline_corrected_crop,baseline,0,none,0.0,0.0,0.0,0.29575059764843636,0.4564930908543243,0.31069653016247245,0.8601021566401816,19511,7048,0.03512730775400996,0.0,0.0,0.0,0.0,0.0,0.0,/kaggle/input/datasets/shuvroahmedimaging/ws2-eca/test_set/test_set/images/before/before-video-000/frame_0054.jpg,/kaggle/input/datasets/shuvroahmedimaging/ws2-eca/test_set/test_set/masks/before/before-video-000/frame_0054.jpg
before-video-000,frame_0055.jpg,continued_baseline_corrected_crop,baseline,0,none,0.0,0.0,0.0,0.28738494856524094,0.4464631171671293,0.2945289091110864,0.9221681723419041,18022,5756,0.03512730775400996,0.0,0.0,0.0,0.0,0.0,0.0,/kaggle/input/datasets/shuvroahmedimaging/ws2-eca/test_set/test_set/images/before/before-video-000/frame_0055.jpg,/kaggle/input/datasets/shuvroahmedimaging/ws2-eca/test_set/test_set/masks/before/before-video-000/frame_0055.jpg
before-video-000,frame_0056.jpg,continued_baseline_corrected_crop,baseline,0,none,0.0,0.0,0.0,0.30459352095339337,0.46695544023673713,0.31000512499288196,0.9457956914523975,17561,5756,0.03512730775400996,0.0,0.0,0.0,0.0,0.0,0.0,/kaggle/input/datasets/shuvroahmedimaging/ws2-eca/test_set/test_set/images/before/before-video-000/frame_0056.jpg,/kaggle/input/datasets/shuvroahmedimaging/ws2-eca/test_set/test_set/masks/before/before-video-000/frame_0056.jpg
before-video-000,frame_0057.jpg,continued_baseline_corrected_crop,baseline,0,none,0.0,0.0,0.0,0.2459759691679891,0.3948326055312955,0.25314979001399907,0.8966942148760331,17144,4840,0.03512730775400996,0.0,0.0,0.0,0.0,0.0,0.0,/kaggle/input/datasets/shuvroahmedimaging/ws2-eca/test_set/test_set/images/before/before-video-000/frame_0057.jpg,/kaggle/input/datasets/shuvroahmedimaging/ws2-eca/test_set/test_set/masks/before/before-video-000/frame_0057.jpg
before-video-000,frame_0058.jpg,continued_baseline_corrected_crop,baseline,0,none,0.0,0.0,0.0,0.19036684708326498,0.31984568042989026,0.1936919397007287,0.9172813487881981,17977,3796,0.03512730775400996,0.0,0.0,0.0,0.0,0.0,0.0,/kaggle/input/datasets/shuvroahmedimaging/ws2-eca/test_set/test_set/images/before/before-video-000/frame_0058.jpg,/kaggle/input/datasets/shuvroahmedimaging/ws2-eca/test_set/test_set/masks/before/before-video-000/frame_0058.jpg
before-video-000,frame_0059.jpg,continued_baseline_corrected_crop,baseline,0,none,0.0,0.0,0.0,0.19344321680854917,0.32417665806647444,0.1956521739130435,0.9448540253612504,16376,3391,0.03512730775400996,0.0,0.0,0.0,0.0,0.0,0.0,/kaggle/input/datasets/shuvroahmedimaging/ws2-eca/test_set/test_set/images/before/before-video-000/frame_0059.jpg,/kaggle/input/datasets/shuvroahmedimaging/ws2-eca/test_set/test_set/masks/before/before-video-000/frame_0059.jpg
before-video-000,frame_0060.jpg,continued_baseline_corrected_crop,baseline,0,none,0.0,0.0,0.0,0.17993719860939777,0.30499453499976237,0.18256812880468795,0.9258511252163878,17577,3466,0.03512730775400996,0.0,0.0,0.0,0.0,0.0,0.0,/kaggle/input/datasets/shuvroahmedimaging/ws2-eca/test_set/test_set/images/before/before-video-000/frame_0060.jpg,/kaggle/input/datasets/shuvroahmedimaging/ws2-eca/test_set/test_set/masks/before/before-video-000/frame_0060.jpg
before-video-000,frame_0061.jpg,continued_baseline_corrected_crop,baseline,0,none,0.0,0.0,0.0,0.1841669048299514,0.31104889704107735,0.18733647305075876,0.915861284820921,17199,3518,0.03512730775400996,0.0,0.0,0.0,0.0,0.0,0.0,/kaggle/input/datasets/shuvroahmedimaging/ws2-eca/test_set/test_set/images/before/before-video-000/frame_0061.jpg,/kaggle/input/datasets/shuvroahmedimaging/ws2-eca/test_set/test_set/masks/before/before-video-000/frame_0061.jpg
before-video-000,frame_0062.jpg,continued_baseline_corrected_crop,baseline,0,none,0.0,0.0,0.0,0.17904244707968525,0.3037082295436387,0.18230547875641823,0.9091164884637029,17723,3554,0.03512730775400996,0.0,0.0,0.0,0.0,0.0,0.0,/kaggle/input/datasets/shuvroahmedimaging/ws2-eca/test_set/test_set/images/before/before-video-000/frame_0062.jpg,/kaggle/input/datasets/shuvroahmedimaging/ws2-eca/test_set/test_set/masks/before/before-video-000/frame_0062.jpg
before-video-000,frame_0063.jpg,continued_baseline_corrected_crop,baseline,0,none,0.0,0.0,0.0,0.17899629281248272,0.3036418246667918,0.18238710041156903,0.9059087090450854,17737,3571,0.03512730775400996,0.0,0.0,0.0,0.0,0.0,0.0,/kaggle/input/datasets/shuvroahmedimaging/ws2-eca/test_set/test_set/images/before/before-video-000/frame_0063.jpg,/kaggle/input/datasets/shuvroahmedimaging/ws2-eca/test_set/test_set/masks/before/before-video-000/frame_0063.jpg
before-video-000,frame_0064.jpg,continued_baseline_corrected_crop,baseline,0,none,0.0,0.0,0.0,0.1758493031358885,0.2991017686822854,0.17911606499195917,0.906030855539972,18033,3565,0.03512730775400996,0.0,0.0,0.0,0.0,0.0,0.0,/kaggle/input/datasets/shuvroahmedimaging/ws2-eca/test_set/test_set/images/before/before-video-000/frame_0064.jpg,/kaggle/input/datasets/shuvroahmedimaging/ws2-eca/test_set/test_set/masks/before/before-video-000/frame_0064.jpg
before-video-000,frame_0065.jpg,continued_baseline_corrected_crop,baseline,0,none,0.0,0.0,0.0,0.17653449212384573,0.30009233610341646,0.17964733845558564,0.9106192210703278,18091,3569,0.03512730775400996,0.0,0.0,0.0,0.0,0.0,0.0,/kaggle/input/datasets/shuvroahmedimaging/ws2-eca/test_set/test_set/images/before/before-video-000/frame_0065.jpg,/kaggle/input/datasets/shuvroahmedimaging/ws2-eca/test_set/test_set/masks/before/before-video-000/frame_0065.jpg
before-video-000,frame_0066.jpg,continued_baseline_corrected_crop,baseline,0,none,0.0,0.0,0.0,0.17777411195425052,0.30188150707315936,0.18111030194386868,0.906109865470852,17851,3568,0.03512730775400996,0.0,0.0,0.0,0.0,0.0,0.0,/kaggle/input/datasets/shuvroahmedimaging/ws2-eca/test_set/test_set/images/before/before-video-000/frame_0066.jpg,/kaggle/input/datasets/shuvroahmedimaging/ws2-eca/test_set/test_set/masks/before/before-video-000/frame_0066.jpg
before-video-001,frame_0001.jpg,continued_baseline_corrected_crop,baseline,0,none,0.0,0.0,0.0,0.23720087436723425,0.3834476345460886,0.25458418225597335,0.7764805573863102,32394,10621,0.03512730775400996,0.0,0.0,0.0,0.0,0.0,0.0,/kaggle/input/datasets/shuvroahmedimaging/ws2-eca/test_set/test_set/images/before/before-video-001/frame_0001.jpg,/kaggle/input/datasets/shuvroahmedimaging/ws2-eca/test_set/test_set/masks/before/before-video-001/frame_0001.jpg
before-video-001,frame_0002.jpg,continued_baseline_corrected_crop,baseline,0,none,0.0,0.0,0.0,0.22350339132999114,0.3653498517679385,0.23974314364343782,0.7674159578776832,31613,9876,0.03512730775400996,0.0,0.0,0.0,0.0,0.0,0.0,/kaggle/input/datasets/shuvroahmedimaging/ws2-eca/test_set/test_set/images/before/before-video-001/frame_0002.jpg,/kaggle/input/datasets/shuvroahmedimaging/ws2-eca/test_set/test_set/masks/before/before-video-001/frame_0002.jpg
before-video-001,frame_0003.jpg,continued_baseline_corrected_crop,baseline,0,none,0.0,0.0,0.0,0.1923671526872594,0.32266429388585227,0.21099178774478838,0.6854612227262907,30077,9258,0.03512730775400996,0.0,0.0,0.0,0.0,0.0,0.0,/kaggle/input/datasets/shuvroahmedimaging/ws2-eca/test_set/test_set/images/before/before-video-001/frame_0003.jpg,/kaggle/input/datasets/shuvroahmedimaging/ws2-eca/test_set/test_set/masks/before/before-video-001/frame_0003.jpg
before-video-001,frame_0004.jpg,continued_baseline_corrected_crop,baseline,0,none,0.0,0.0,0.0,0.2284170247046187,0.3718884061535099,0.2614090350338045,0.6441079034548036,26032,10565,0.03512730775400996,0.0,0.0,0.0,0.0,0.0,0.0,/kaggle/input/datasets/shuvroahmedimaging/ws2-eca/test_set/test_set/images/before/before-video-001/frame_0004.jpg,/kaggle/input/datasets/shuvroahmedimaging/ws2-eca/test_set/test_set/masks/before/before-video-001/frame_0004.jpg
before-video-001,frame_0005.jpg,continued_baseline_corrected_crop,baseline,0,none,0.0,0.0,0.0,0.2158444177046408,0.3550526935216391,0.24556015983424598,0.6407607646263758,27028,10358,0.03512730775400996,0.0,0.0,0.0,0.0,0.0,0.0,/kaggle/input/datasets/shuvroahmedimaging/ws2-eca/test_set/test_set/images/before/before-video-001/frame_0005.jpg,/kaggle/input/datasets/shuvroahmedimaging/ws2-eca/test_set/test_set/masks/before/before-video-001/frame_0005.jpg
before-video-001,frame_0006.jpg,continued_baseline_corrected_crop,baseline,0,none,0.0,0.0,0.0,0.27030657130385144,0.42557690782691443,0.3178300694883133,0.6438454770854994,25328,12503,0.03512730775400996,0.0,0.0,0.0,0.0,0.0,0.0,/kaggle/input/datasets/shuvroahmedimaging/ws2-eca/test_set/test_set/images/before/before-video-001/frame_0006.jpg,/kaggle/input/datasets/shuvroahmedimaging/ws2-eca/test_set/test_set/masks/before/before-video-001/frame_0006.jpg
before-video-001,frame_0007.jpg,continued_baseline_corrected_crop,baseline,0,none,0.0,0.0,0.0,0.2574518133623565,0.4094817958454322,0.29351959332345995,0.6769131357887935,24983,10833,0.03512730775400996,0.0,0.0,0.0,0.0,0.0,0.0,/kaggle/input/datasets/shuvroahmedimaging/ws2-eca/test_set/test_set/images/before/before-video-001/frame_0007.jpg,/kaggle/input/datasets/shuvroahmedimaging/ws2-eca/test_set/test_set/masks/before/before-video-001/frame_0007.jpg
before-video-001,frame_0008.jpg,continued_baseline_corrected_crop,baseline,0,none,0.0,0.0,0.0,0.32520969077360595,0.4908048787113248,0.3542467257470002,0.798691539209619,25502,11311,0.03512730775400996,0.0,0.0,0.0,0.0,0.0,0.0,/kaggle/input/datasets/shuvroahmedimaging/ws2-eca/test_set/test_set/images/before/before-video-001/frame_0008.jpg,/kaggle/input/datasets/shuvroahmedimaging/ws2-eca/test_set/test_set/masks/before/before-video-001/frame_0008.jpg
before-video-001,frame_0009.jpg,continued_baseline_corrected_crop,baseline,0,none,0.0,0.0,0.0,0.38303278939472796,0.5539026873865498,0.42229798150273407,0.8046694108567018,29626,15548,0.03512730775400996,0.0,0.0,0.0,0.0,0.0,0.0,/kaggle/input/datasets/shuvroahmedimaging/ws2-eca/test_set/test_set/images/before/before-video-001/frame_0009.jpg,/kaggle/input/datasets/shuvroahmedimaging/ws2-eca/test_set/test_set/masks/before/before-video-001/frame_0009.jpg
before-video-001,frame_0010.jpg,continued_baseline_corrected_crop,baseline,0,none,0.0,0.0,0.0,0.44571650624738446,0.6166029153313346,0.5164877034984413,0.7648627853295716,28870,19495,0.03512730775400996,0.0,0.0,0.0,0.0,0.0,0.0,/kaggle/input/datasets/shuvroahmedimaging/ws2-eca/test_set/test_set/images/before/before-video-001/frame_0010.jpg,/kaggle/input/datasets/shuvroahmedimaging/ws2-eca/test_set/test_set/masks/before/before-video-001/frame_0010.jpg
before-video-001,frame_0011.jpg,continued_baseline_corrected_crop,baseline,0,none,0.0,0.0,0.0,0.42328420425785324,0.5947992719817577,0.4899534723418921,0.756733737889918,29015,18786,0.03512730775400996,0.0,0.0,0.0,0.0,0.0,0.0,/kaggle/input/datasets/shuvroahmedimaging/ws2-eca/test_set/test_set/images/before/before-video-001/frame_0011.jpg,/kaggle/input/datasets/shuvroahmedimaging/ws2-eca/test_set/test_set/masks/before/before-video-001/frame_0011.jpg
before-video-002,frame_0001.jpg,continued_baseline_corrected_crop,baseline,0,none,0.0,0.0,0.0,0.38264990089197226,0.5535022287928678,0.4319174969410942,0.7703578999875296,28605,16038,0.03512730775400996,0.0,0.0,0.0,0.0,0.0,0.0,/kaggle/input/datasets/shuvroahmedimaging/ws2-eca/test_set/test_set/images/before/before-video-002/frame_0001.jpg,/kaggle/input/datasets/shuvroahmedimaging/ws2-eca/test_set/test_set/masks/before/before-video-002/frame_0001.jpg
before-video-002,frame_0002.jpg,continued_baseline_corrected_crop,baseline,0,none,0.0,0.0,0.0,0.33857790259781706,0.5058770235796199,0.37168482640227024,0.7917164179104478,28543,13400,0.03512730775400996,0.0,0.0,0.0,0.0,0.0,0.0,/kaggle/input/datasets/shuvroahmedimaging/ws2-eca/test_set/test_set/images/before/before-video-002/frame_0002.jpg,/kaggle/input/datasets/shuvroahmedimaging/ws2-eca/test_set/test_set/masks/before/before-video-002/frame_0002.jpg
before-video-002,frame_0003.jpg,continued_baseline_corrected_crop,baseline,0,none,0.0,0.0,0.0,0.32135649108843345,0.4864039239308149,0.34030704394942807,0.8523069963811821,33220,13264,0.03512730775400996,0.0,0.0,0.0,0.0,0.0,0.0,/kaggle/input/datasets/shuvroahmedimaging/ws2-eca/test_set/test_set/images/before/before-video-002/frame_0003.jpg,/kaggle/input/datasets/shuvroahmedimaging/ws2-eca/test_set/test_set/masks/before/before-video-002/frame_0003.jpg
before-video-002,frame_0004.jpg,continued_baseline_corrected_crop,baseline,0,none,0.0,0.0,0.0,0.2919342963771611,0.45193365822983805,0.30229501301296036,0.8949334578566426,38039,12849,0.03512730775400996,0.0,0.0,0.0,0.0,0.0,0.0,/kaggle/input/datasets/shuvroahmedimaging/ws2-eca/test_set/test_set/images/before/before-video-002/frame_0004.jpg,/kaggle/input/datasets/shuvroahmedimaging/ws2-eca/test_set/test_set/masks/before/before-video-002/frame_0004.jpg
before-video-002,frame_0005.jpg,continued_baseline_corrected_crop,baseline,0,none,0.0,0.0,0.0,0.3460416214521691,0.5141618445332234,0.3686671462336862,0.849363717076058,38924,16895,0.03512730775400996,0.0,0.0,0.0,0.0,0.0,0.0,/kaggle/input/datasets/shuvroahmedimaging/ws2-eca/test_set/test_set/images/before/before-video-002/frame_0005.jpg,/kaggle/input/datasets/shuvroahmedimaging/ws2-eca/test_set/test_set/masks/before/before-video-002/frame_0005.jpg
before-video-002,frame_0006.jpg,continued_baseline_corrected_crop,baseline,0,none,0.0,0.0,0.0,0.400880268174723,0.5723262398392547,0.4322847682119205,0.8465820048635504,36240,18505,0.03512730775400996,0.0,0.0,0.0,0.0,0.0,0.0,/kaggle/input/datasets/shuvroahmedimaging/ws2-eca/test_set/test_set/images/before/before-video-002/frame_0006.jpg,/kaggle/input/datasets/shuvroahmedimaging/ws2-eca/test_set/test_set/masks/before/before-video-002/frame_0006.jpg
before-video-002,frame_0007.jpg,continued_baseline_corrected_crop,baseline,0,none,0.0,0.0,0.0,0.46446387698808617,0.6343125075141266,0.495135608596365,0.882323429399632,31967,17939,0.03512730775400996,0.0,0.0,0.0,0.0,0.0,0.0,/kaggle/input/datasets/shuvroahmedimaging/ws2-eca/test_set/test_set/images/before/before-video-002/frame_0007.jpg,/kaggle/input/datasets/shuvroahmedimaging/ws2-eca/test_set/test_set/masks/before/before-video-002/frame_0007.jpg
before-video-002,frame_0008.jpg,continued_baseline_corrected_crop,baseline,0,none,0.0,0.0,0.0,0.3580974349973673,0.5273516108187944,0.37718209428231875,0.8761963190184049,37865,16300,0.03512730775400996,0.0,0.0,0.0,0.0,0.0,0.0,/kaggle/input/datasets/shuvroahmedimaging/ws2-eca/test_set/test_set/images/before/before-video-002/frame_0008.jpg,/kaggle/input/datasets/shuvroahmedimaging/ws2-eca/test_set/test_set/masks/before/before-video-002/frame_0008.jpg
before-video-002,frame_0009.jpg,continued_baseline_corrected_crop,baseline,0,none,0.0,0.0,0.0,0.379817417915867,0.5505328646880815,0.39147286821705424,0.9273095675299183,37410,15793,0.03512730775400996,0.0,0.0,0.0,0.0,0.0,0.0,/kaggle/input/datasets/shuvroahmedimaging/ws2-eca/test_set/test_set/images/before/before-video-002/frame_0009.jpg,/kaggle/input/datasets/shuvroahmedimaging/ws2-eca/test_set/test_set/masks/before/before-video-002/frame_0009.jpg
before-video-002,frame_0010.jpg,continued_baseline_corrected_crop,baseline,0,none,0.0,0.0,0.0,0.2499593209307371,0.3999479290967868,0.2550783195881995,0.9256804258310736,36134,9957,0.03512730775400996,0.0,0.0,0.0,0.0,0.0,0.0,/kaggle/input/datasets/shuvroahmedimaging/ws2-eca/test_set/test_set/images/before/before-video-002/frame_0010.jpg,/kaggle/input/datasets/shuvroahmedimaging/ws2-eca/test_set/test_set/masks/before/before-video-002/frame_0010.jpg
before-video-002,frame_0011.jpg,continued_baseline_corrected_crop,baseline,0,none,0.0,0.0,0.0,0.17217125382262996,0.2937646751891469,0.17918523233609165,0.8147612156295224,34562,7601,0.03512730775400996,0.0,0.0,0.0,0.0,0.0,0.0,/kaggle/input/datasets/shuvroahmedimaging/ws2-eca/test_set/test_set/images/before/before-video-002/frame_0011.jpg,/kaggle/input/datasets/shuvroahmedimaging/ws2-eca/test_set/test_set/masks/before/before-video-002/frame_0011.jpg
before-video-002,frame_0012.jpg,continued_baseline_corrected_crop,baseline,0,none,0.0,0.0,0.0,0.21353298310736418,0.35191953754828004,0.22441895063973286,0.8148859543817527,30247,8330,0.03512730775400996,0.0,0.0,0.0,0.0,0.0,0.0,/kaggle/input/datasets/shuvroahmedimaging/ws2-eca/test_set/test_set/images/before/before-video-002/frame_0012.jpg,/kaggle/input/datasets/shuvroahmedimaging/ws2-eca/test_set/test_set/masks/before/before-video-002/frame_0012.jpg
before-video-002,frame_0013.jpg,continued_baseline_corrected_crop,baseline,0,none,0.0,0.0,0.0,0.18715565696477265,0.31530095630976934,0.20507973290239961,0.6816661599270295,32797,9867,0.03512730775400996,0.0,0.0,0.0,0.0,0.0,0.0,/kaggle/input/datasets/shuvroahmedimaging/ws2-eca/test_set/test_set/images/before/before-video-002/frame_0013.jpg,/kaggle/input/datasets/shuvroahmedimaging/ws2-eca/test_set/test_set/masks/before/before-video-002/frame_0013.jpg
before-video-002,frame_0014.jpg,continued_baseline_corrected_crop,baseline,0,none,0.0,0.0,0.0,0.19787169197947885,0.3303720979539913,0.21223678117083003,0.7451224177505739,36709,10456,0.03512730775400996,0.0,0.0,0.0,0.0,0.0,0.0,/kaggle/input/datasets/shuvroahmedimaging/ws2-eca/test_set/test_set/images/before/before-video-002/frame_0014.jpg,/kaggle/input/datasets/shuvroahmedimaging/ws2-eca/test_set/test_set/masks/before/before-video-002/frame_0014.jpg
before-video-002,frame_0015.jpg,continued_baseline_corrected_crop,baseline,0,none,0.0,0.0,0.0,0.29483220620135253,0.4553983207852103,0.3130300485002845,0.8352975200636252,36907,13831,0.03512730775400996,0.0,0.0,0.0,0.0,0.0,0.0,/kaggle/input/datasets/shuvroahmedimaging/ws2-eca/test_set/test_set/images/before/before-video-002/frame_0015.jpg,/kaggle/input/datasets/shuvroahmedimaging/ws2-eca/test_set/test_set/masks/before/before-video-002/frame_0015.jpg
before-video-002,frame_0016.jpg,continued_baseline_corrected_crop,baseline,0,none,0.0,0.0,0.0,0.2524982966159437,0.4031914411351376,0.26052315533554,0.891271670508067,34139,9979,0.03512730775400996,0.0,0.0,0.0,0.0,0.0,0.0,/kaggle/input/datasets/shuvroahmedimaging/ws2-eca/test_set/test_set/images/before/before-video-002/frame_0016.jpg,/kaggle/input/datasets/shuvroahmedimaging/ws2-eca/test_set/test_set/masks/before/before-video-002/frame_0016.jpg
before-video-002,frame_0017.jpg,continued_baseline_corrected_crop,baseline,0,none,0.0,0.0,0.0,0.35987858226944025,0.5292804621848739,0.3743151638963692,0.9032041227873627,32307,13389,0.03512730775400996,0.0,0.0,0.0,0.0,0.0,0.0,/kaggle/input/datasets/shuvroahmedimaging/ws2-eca/test_set/test_set/images/before/before-video-002/frame_0017.jpg,/kaggle/input/datasets/shuvroahmedimaging/ws2-eca/test_set/test_set/masks/before/before-video-002/frame_0017.jpg
before-video-002,frame_0018.jpg,continued_baseline_corrected_crop,baseline,0,none,0.0,0.0,0.0,0.32358624609264,0.48895377546857893,0.35555486167488914,0.782557899800701,32026,14551,0.03512730775400996,0.0,0.0,0.0,0.0,0.0,0.0,/kaggle/input/datasets/shuvroahmedimaging/ws2-eca/test_set/test_set/images/before/before-video-002/frame_0018.jpg,/kaggle/input/datasets/shuvroahmedimaging/ws2-eca/test_set/test_set/masks/before/before-video-002/frame_0018.jpg
before-video-002,frame_0019.jpg,continued_baseline_corrected_crop,baseline,0,none,0.0,0.0,0.0,0.3219756779966204,0.48711286199237247,0.3597226950574108,0.7542015443514373,32311,15411,0.03512730775400996,0.0,0.0,0.0,0.0,0.0,0.0,/kaggle/input/datasets/shuvroahmedimaging/ws2-eca/test_set/test_set/images/before/before-video-002/frame_0019.jpg,/kaggle/input/datasets/shuvroahmedimaging/ws2-eca/test_set/test_set/masks/before/before-video-002/frame_0019.jpg
before-video-002,frame_0020.jpg,continued_baseline_corrected_crop,baseline,0,none,0.0,0.0,0.0,0.43297072468405057,0.6042980742394641,0.4645421517864805,0.8643282946561635,34957,18788,0.03512730775400996,0.0,0.0,0.0,0.0,0.0,0.0,/kaggle/input/datasets/shuvroahmedimaging/ws2-eca/test_set/test_set/images/before/before-video-002/frame_0020.jpg,/kaggle/input/datasets/shuvroahmedimaging/ws2-eca/test_set/test_set/masks/before/before-video-002/frame_0020.jpg
before-video-002,frame_0021.jpg,continued_baseline_corrected_crop,baseline,0,none,0.0,0.0,0.0,0.4546014158202524,0.6250528988573847,0.483707221221549,0.8831091180866966,36642,20070,0.03512730775400996,0.0,0.0,0.0,0.0,0.0,0.0,/kaggle/input/datasets/shuvroahmedimaging/ws2-eca/test_set/test_set/images/before/before-video-002/frame_0021.jpg,/kaggle/input/datasets/shuvroahmedimaging/ws2-eca/test_set/test_set/masks/before/before-video-002/frame_0021.jpg
before-video-002,frame_0022.jpg,continued_baseline_corrected_crop,baseline,0,none,0.0,0.0,0.0,0.33439646141310675,0.5011950662084126,0.3464377019921856,0.9058459986126001,41462,15857,0.03512730775400996,0.0,0.0,0.0,0.0,0.0,0.0,/kaggle/input/datasets/shuvroahmedimaging/ws2-eca/test_set/test_set/images/before/before-video-002/frame_0022.jpg,/kaggle/input/datasets/shuvroahmedimaging/ws2-eca/test_set/test_set/masks/before/before-video-002/frame_0022.jpg
before-video-002,frame_0023.jpg,continued_baseline_corrected_crop,baseline,0,none,0.0,0.0,0.0,0.33462366694011486,0.5014502218551314,0.34744995741056217,0.9006416890912855,37568,14493,0.03512730775400996,0.0,0.0,0.0,0.0,0.0,0.0,/kaggle/input/datasets/shuvroahmedimaging/ws2-eca/test_set/test_set/images/before/before-video-002/frame_0023.jpg,/kaggle/input/datasets/shuvroahmedimaging/ws2-eca/test_set/test_set/masks/before/before-video-002/frame_0023.jpg
before-video-002,frame_0024.jpg,continued_baseline_corrected_crop,baseline,0,none,0.0,0.0,0.0,0.31506036528738,0.47915726700276595,0.3269441841788248,0.8965643811481427,37355,13622,0.03512730775400996,0.0,0.0,0.0,0.0,0.0,0.0,/kaggle/input/datasets/shuvroahmedimaging/ws2-eca/test_set/test_set/images/before/before-video-002/frame_0024.jpg,/kaggle/input/datasets/shuvroahmedimaging/ws2-eca/test_set/test_set/masks/before/before-video-002/frame_0024.jpg
before-video-002,frame_0025.jpg,continued_baseline_corrected_crop,baseline,0,none,0.0,0.0,0.0,0.24809964282443447,0.3975638391546815,0.25554193000660314,0.8949454905847374,31803,9081,0.03512730775400996,0.0,0.0,0.0,0.0,0.0,0.0,/kaggle/input/datasets/shuvroahmedimaging/ws2-eca/test_set/test_set/images/before/before-video-002/frame_0025.jpg,/kaggle/input/datasets/shuvroahmedimaging/ws2-eca/test_set/test_set/masks/before/before-video-002/frame_0025.jpg
before-video-002,frame_0026.jpg,continued_baseline_corrected_crop,baseline,0,none,0.0,0.0,0.0,0.25669351501066506,0.40852206515681205,0.2730166254698134,0.8110854038829092,29533,9941,0.03512730775400996,0.0,0.0,0.0,0.0,0.0,0.0,/kaggle/input/datasets/shuvroahmedimaging/ws2-eca/test_set/test_set/images/before/before-video-002/frame_0026.jpg,/kaggle/input/datasets/shuvroahmedimaging/ws2-eca/test_set/test_set/masks/before/before-video-002/frame_0026.jpg
before-video-002,frame_0027.jpg,continued_baseline_corrected_crop,baseline,0,none,0.0,0.0,0.0,0.24721330995931598,0.39642506696369373,0.2569709472236548,0.8668522384597541,29085,8622,0.03512730775400996,0.0,0.0,0.0,0.0,0.0,0.0,/kaggle/input/datasets/shuvroahmedimaging/ws2-eca/test_set/test_set/images/before/before-video-002/frame_0027.jpg,/kaggle/input/datasets/shuvroahmedimaging/ws2-eca/test_set/test_set/masks/before/before-video-002/frame_0027.jpg
before-video-002,frame_0028.jpg,continued_baseline_corrected_crop,baseline,0,none,0.0,0.0,0.0,0.2816772012347494,0.43954468560942744,0.29337466988173155,0.876,26127,8750,0.03512730775400996,0.0,0.0,0.0,0.0,0.0,0.0,/kaggle/input/datasets/shuvroahmedimaging/ws2-eca/test_set/test_set/images/before/before-video-002/frame_0028.jpg,/kaggle/input/datasets/shuvroahmedimaging/ws2-eca/test_set/test_set/masks/before/before-video-002/frame_0028.jpg
before-video-002,frame_0029.jpg,continued_baseline_corrected_crop,baseline,0,none,0.0,0.0,0.0,0.25799430109229066,0.4101676786107528,0.26291591046581975,0.9323512585812357,24795,6992,0.03512730775400996,0.0,0.0,0.0,0.0,0.0,0.0,/kaggle/input/datasets/shuvroahmedimaging/ws2-eca/test_set/test_set/images/before/before-video-002/frame_0029.jpg,/kaggle/input/datasets/shuvroahmedimaging/ws2-eca/test_set/test_set/masks/before/before-video-002/frame_0029.jpg
before-video-002,frame_0030.jpg,continued_baseline_corrected_crop,baseline,0,none,0.0,0.0,0.0,0.2753338394890804,0.4317831629079703,0.2849417637271215,0.8908959537572254,21636,6920,0.03512730775400996,0.0,0.0,0.0,0.0,0.0,0.0,/kaggle/input/datasets/shuvroahmedimaging/ws2-eca/test_set/test_set/images/before/before-video-002/frame_0030.jpg,/kaggle/input/datasets/shuvroahmedimaging/ws2-eca/test_set/test_set/masks/before/before-video-002/frame_0030.jpg
before-video-002,frame_0031.jpg,continued_baseline_corrected_crop,baseline,0,none,0.0,0.0,0.0,0.18771218017719632,0.316090351366425,0.19666016048579485,0.8048996982069945,23055,5633,0.03512730775400996,0.0,0.0,0.0,0.0,0.0,0.0,/kaggle/input/datasets/shuvroahmedimaging/ws2-eca/test_set/test_set/images/before/before-video-002/frame_0031.jpg,/kaggle/input/datasets/shuvroahmedimaging/ws2-eca/test_set/test_set/masks/before/before-video-002/frame_0031.jpg
before-video-002,frame_0032.jpg,continued_baseline_corrected_crop,baseline,0,none,0.0,0.0,0.0,0.09956570693260415,0.18110005851375074,0.10412111017661901,0.6947250280583613,23780,3564,0.03512730775400996,0.0,0.0,0.0,0.0,0.0,0.0,/kaggle/input/datasets/shuvroahmedimaging/ws2-eca/test_set/test_set/images/before/before-video-002/frame_0032.jpg,/kaggle/input/datasets/shuvroahmedimaging/ws2-eca/test_set/test_set/masks/before/before-video-002/frame_0032.jpg
before-video-002,frame_0033.jpg,continued_baseline_corrected_crop,baseline,0,none,0.0,0.0,0.0,0.17706139030996088,0.30085328049598925,0.1896225274946622,0.7277365491651205,24823,6468,0.03512730775400996,0.0,0.0,0.0,0.0,0.0,0.0,/kaggle/input/datasets/shuvroahmedimaging/ws2-eca/test_set/test_set/images/before/before-video-002/frame_0033.jpg,/kaggle/input/datasets/shuvroahmedimaging/ws2-eca/test_set/test_set/masks/before/before-video-002/frame_0033.jpg
before-video-002,frame_0034.jpg,continued_baseline_corrected_crop,baseline,0,none,0.0,0.0,0.0,0.2679986001972449,0.4227111925132348,0.28935527084120494,0.7840655249441548,29113,10744,0.03512730775400996,0.0,0.0,0.0,0.0,0.0,0.0,/kaggle/input/datasets/shuvroahmedimaging/ws2-eca/test_set/test_set/images/before/before-video-002/frame_0034.jpg,/kaggle/input/datasets/shuvroahmedimaging/ws2-eca/test_set/test_set/masks/before/before-video-002/frame_0034.jpg
before-video-002,frame_0035.jpg,continued_baseline_corrected_crop,baseline,0,none,0.0,0.0,0.0,0.2364783653846154,0.38250303766707167,0.2500649932118201,0.8131692654518129,34619,10646,0.03512730775400996,0.0,0.0,0.0,0.0,0.0,0.0,/kaggle/input/datasets/shuvroahmedimaging/ws2-eca/test_set/test_set/images/before/before-video-002/frame_0035.jpg,/kaggle/input/datasets/shuvroahmedimaging/ws2-eca/test_set/test_set/masks/before/before-video-002/frame_0035.jpg
before-video-002,frame_0036.jpg,continued_baseline_corrected_crop,baseline,0,none,0.0,0.0,0.0,0.32559178204555606,0.4912398921832884,0.35083919870059554,0.8189860974582222,33246,14242,0.03512730775400996,0.0,0.0,0.0,0.0,0.0,0.0,/kaggle/input/datasets/shuvroahmedimaging/ws2-eca/test_set/test_set/images/before/before-video-002/frame_0036.jpg,/kaggle/input/datasets/shuvroahmedimaging/ws2-eca/test_set/test_set/masks/before/before-video-002/frame_0036.jpg
before-video-002,frame_0037.jpg,continued_baseline_corrected_crop,baseline,0,none,0.0,0.0,0.0,0.36395126249582205,0.5336719463565684,0.4085544716556382,0.7692505298310963,29318,15571,0.03512730775400996,0.0,0.0,0.0,0.0,0.0,0.0,/kaggle/input/datasets/shuvroahmedimaging/ws2-eca/test_set/test_set/images/before/before-video-002/frame_0037.jpg,/kaggle/input/datasets/shuvroahmedimaging/ws2-eca/test_set/test_set/masks/before/before-video-002/frame_0037.jpg
before-video-002,frame_0038.jpg,continued_baseline_corrected_crop,baseline,0,none,0.0,0.0,0.0,0.35339000871158643,0.5222293742924999,0.3900789177001127,0.789795233299765,30158,14895,0.03512730775400996,0.0,0.0,0.0,0.0,0.0,0.0,/kaggle/input/datasets/shuvroahmedimaging/ws2-eca/test_set/test_set/images/before/before-video-002/frame_0038.jpg,/kaggle/input/datasets/shuvroahmedimaging/ws2-eca/test_set/test_set/masks/before/before-video-002/frame_0038.jpg
before-video-002,frame_0039.jpg,continued_baseline_corrected_crop,baseline,0,none,0.0,0.0,0.0,0.33426303368375887,0.5010451841132014,0.36359393232205367,0.8055842812823164,29995,13538,0.03512730775400996,0.0,0.0,0.0,0.0,0.0,0.0,/kaggle/input/datasets/shuvroahmedimaging/ws2-eca/test_set/test_set/images/before/before-video-002/frame_0039.jpg,/kaggle/input/datasets/shuvroahmedimaging/ws2-eca/test_set/test_set/masks/before/before-video-002/frame_0039.jpg
before-video-002,frame_0040.jpg,continued_baseline_corrected_crop,baseline,0,none,0.0,0.0,0.0,0.31452370514185507,0.4785363761970556,0.33737529810889794,0.8228065863848611,29771,12207,0.03512730775400996,0.0,0.0,0.0,0.0,0.0,0.0,/kaggle/input/datasets/shuvroahmedimaging/ws2-eca/test_set/test_set/images/before/before-video-002/frame_0040.jpg,/kaggle/input/datasets/shuvroahmedimaging/ws2-eca/test_set/test_set/masks/before/before-video-002/frame_0040.jpg
before-video-002,frame_0041.jpg,continued_baseline_corrected_crop,baseline,0,none,0.0,0.0,0.0,0.3067230119093354,0.4694537543364497,0.31883710714428337,0.8897804524685167,25041,8973,0.03512730775400996,0.0,0.0,0.0,0.0,0.0,0.0,/kaggle/input/datasets/shuvroahmedimaging/ws2-eca/test_set/test_set/images/before/before-video-002/frame_0041.jpg,/kaggle/input/datasets/shuvroahmedimaging/ws2-eca/test_set/test_set/masks/before/before-video-002/frame_0041.jpg
before-video-002,frame_0042.jpg,continued_baseline_corrected_crop,baseline,0,none,0.0,0.0,0.0,0.287007874015748,0.4460079535026002,0.2993566637769768,0.8743336886993603,21917,7504,0.03512730775400996,0.0,0.0,0.0,0.0,0.0,0.0,/kaggle/input/datasets/shuvroahmedimaging/ws2-eca/test_set/test_set/images/before/before-video-002/frame_0042.jpg,/kaggle/input/datasets/shuvroahmedimaging/ws2-eca/test_set/test_set/masks/before/before-video-002/frame_0042.jpg
before-video-002,frame_0043.jpg,continued_baseline_corrected_crop,baseline,0,none,0.0,0.0,0.0,0.2948880057803468,0.4554648810769338,0.3108191727354943,0.8519243313763861,21009,7665,0.03512730775400996,0.0,0.0,0.0,0.0,0.0,0.0,/kaggle/input/datasets/shuvroahmedimaging/ws2-eca/test_set/test_set/images/before/before-video-002/frame_0043.jpg,/kaggle/input/datasets/shuvroahmedimaging/ws2-eca/test_set/test_set/masks/before/before-video-002/frame_0043.jpg
before-video-002,frame_0044.jpg,continued_baseline_corrected_crop,baseline,0,none,0.0,0.0,0.0,0.27841235927356395,0.43555955518416145,0.28764273888865305,0.8966521106259098,23557,7557,0.03512730775400996,0.0,0.0,0.0,0.0,0.0,0.0,/kaggle/input/datasets/shuvroahmedimaging/ws2-eca/test_set/test_set/images/before/before-video-002/frame_0044.jpg,/kaggle/input/datasets/shuvroahmedimaging/ws2-eca/test_set/test_set/masks/before/before-video-002/frame_0044.jpg
before-video-002,frame_0045.jpg,continued_baseline_corrected_crop,baseline,0,none,0.0,0.0,0.0,0.28973473757811474,0.4492935316640125,0.3102189781021898,0.8143962658150105,21372,8141,0.03512730775400996,0.0,0.0,0.0,0.0,0.0,0.0,/kaggle/input/datasets/shuvroahmedimaging/ws2-eca/test_set/test_set/images/before/before-video-002/frame_0045.jpg,/kaggle/input/datasets/shuvroahmedimaging/ws2-eca/test_set/test_set/masks/before/before-video-002/frame_0045.jpg
before-video-002,frame_0046.jpg,continued_baseline_corrected_crop,baseline,0,none,0.0,0.0,0.0,0.3632637376713206,0.532932443859814,0.4069012518383012,0.7720683318587083,27879,14693,0.03512730775400996,0.0,0.0,0.0,0.0,0.0,0.0,/kaggle/input/datasets/shuvroahmedimaging/ws2-eca/test_set/test_set/images/before/before-video-002/frame_0046.jpg,/kaggle/input/datasets/shuvroahmedimaging/ws2-eca/test_set/test_set/masks/before/before-video-002/frame_0046.jpg
before-video-002,frame_0047.jpg,continued_baseline_corrected_crop,baseline,0,none,0.0,0.0,0.0,0.41778975741239893,0.5893536121673004,0.43319359346447384,0.9215641436085067,27909,13119,0.03512730775400996,0.0,0.0,0.0,0.0,0.0,0.0,/kaggle/input/datasets/shuvroahmedimaging/ws2-eca/test_set/test_set/images/before/before-video-002/frame_0047.jpg,/kaggle/input/datasets/shuvroahmedimaging/ws2-eca/test_set/test_set/masks/before/before-video-002/frame_0047.jpg
before-video-002,frame_0048.jpg,continued_baseline_corrected_crop,baseline,0,none,0.0,0.0,0.0,0.3487369463162265,0.5171311533634836,0.36667674020348545,0.8769675554127851,29781,12452,0.03512730775400996,0.0,0.0,0.0,0.0,0.0,0.0,/kaggle/input/datasets/shuvroahmedimaging/ws2-eca/test_set/test_set/images/before/before-video-002/frame_0048.jpg,/kaggle/input/datasets/shuvroahmedimaging/ws2-eca/test_set/test_set/masks/before/before-video-002/frame_0048.jpg
before-video-002,frame_0049.jpg,continued_baseline_corrected_crop,baseline,0,none,0.0,0.0,0.0,0.34171788810086684,0.5093736785227646,0.36385299546903843,0.8488763605042675,29795,12771,0.03512730775400996,0.0,0.0,0.0,0.0,0.0,0.0,/kaggle/input/datasets/shuvroahmedimaging/ws2-eca/test_set/test_set/images/before/before-video-002/frame_0049.jpg,/kaggle/input/datasets/shuvroahmedimaging/ws2-eca/test_set/test_set/masks/before/before-video-002/frame_0049.jpg
before-video-003,frame_0001.jpg,continued_baseline_corrected_crop,baseline,0,none,0.0,0.0,0.0,0.16053034166241714,0.27664996924158536,0.17082082263140758,0.7271327379119187,27643,6494,0.03512730775400996,0.0,0.0,0.0,0.0,0.0,0.0,/kaggle/input/datasets/shuvroahmedimaging/ws2-eca/test_set/test_set/images/before/before-video-003/frame_0001.jpg,/kaggle/input/datasets/shuvroahmedimaging/ws2-eca/test_set/test_set/masks/before/before-video-003/frame_0001.jpg
before-video-003,frame_0002.jpg,continued_baseline_corrected_crop,baseline,0,none,0.0,0.0,0.0,0.23090074687303158,0.3751736238029096,0.2368032484311554,0.9025677101653183,10836,2843,0.03512730775400996,0.0,0.0,0.0,0.0,0.0,0.0,/kaggle/input/datasets/shuvroahmedimaging/ws2-eca/test_set/test_set/images/before/before-video-003/frame_0002.jpg,/kaggle/input/datasets/shuvroahmedimaging/ws2-eca/test_set/test_set/masks/before/before-video-003/frame_0002.jpg
before-video-003,frame_0003.jpg,continued_baseline_corrected_crop,baseline,0,none,0.0,0.0,0.0,0.20207777216651035,0.3362141399591886,0.20946754412204607,0.8513677811550152,13372,3290,0.03512730775400996,0.0,0.0,0.0,0.0,0.0,0.0,/kaggle/input/datasets/shuvroahmedimaging/ws2-eca/test_set/test_set/images/before/before-video-003/frame_0003.jpg,/kaggle/input/datasets/shuvroahmedimaging/ws2-eca/test_set/test_set/masks/before/before-video-003/frame_0003.jpg
before-video-003,frame_0004.jpg,continued_baseline_corrected_crop,baseline,0,none,0.0,0.0,0.0,0.2466743606876025,0.39573182615474567,0.2886898414729509,0.6289298435806102,14067,6457,0.03512730775400996,0.0,0.0,0.0,0.0,0.0,0.0,/kaggle/input/datasets/shuvroahmedimaging/ws2-eca/test_set/test_set/images/before/before-video-003/frame_0004.jpg,/kaggle/input/datasets/shuvroahmedimaging/ws2-eca/test_set/test_set/masks/before/before-video-003/frame_0004.jpg
before-video-003,frame_0005.jpg,continued_baseline_corrected_crop,baseline,0,none,0.0,0.0,0.0,0.37934075625620106,0.550031969309463,0.5052492474855004,0.6035253880557748,13621,11403,0.03512730775400996,0.0,0.0,0.0,0.0,0.0,0.0,/kaggle/input/datasets/shuvroahmedimaging/ws2-eca/test_set/test_set/images/before/before-video-003/frame_0005.jpg,/kaggle/input/datasets/shuvroahmedimaging/ws2-eca/test_set/test_set/masks/before/before-video-003/frame_0005.jpg
before-video-003,frame_0006.jpg,continued_baseline_corrected_crop,baseline,0,none,0.0,0.0,0.0,0.4946927374301676,0.6619323490936274,0.6047808764940239,0.7310126582278481,17570,14536,0.03512730775400996,0.0,0.0,0.0,0.0,0.0,0.0,/kaggle/input/datasets/shuvroahmedimaging/ws2-eca/test_set/test_set/images/before/before-video-003/frame_0006.jpg,/kaggle/input/datasets/shuvroahmedimaging/ws2-eca/test_set/test_set/masks/before/before-video-003/frame_0006.jpg
before-video-003,frame_0007.jpg,continued_baseline_corrected_crop,baseline,0,none,0.0,0.0,0.0,0.5786158600993702,0.733067334142896,0.6781603924985098,0.797648581598533,21809,18542,0.03512730775400996,0.0,0.0,0.0,0.0,0.0,0.0,/kaggle/input/datasets/shuvroahmedimaging/ws2-eca/test_set/test_set/images/before/before-video-003/frame_0007.jpg,/kaggle/input/datasets/shuvroahmedimaging/ws2-eca/test_set/test_set/masks/before/before-video-003/frame_0007.jpg
before-video-003,frame_0008.jpg,continued_baseline_corrected_crop,baseline,0,none,0.0,0.0,0.0,0.6596314769776166,0.7949131914259457,0.7488417801488138,0.8470251958500953,21369,18892,0.03512730775400996,0.0,0.0,0.0,0.0,0.0,0.0,/kaggle/input/datasets/shuvroahmedimaging/ws2-eca/test_set/test_set/images/before/before-video-003/frame_0008.jpg,/kaggle/input/datasets/shuvroahmedimaging/ws2-eca/test_set/test_set/masks/before/before-video-003/frame_0008.jpg
before-video-003,frame_0009.jpg,continued_baseline_corrected_crop,baseline,0,none,0.0,0.0,0.0,0.6102564102564103,0.7579617834394905,0.6542300507072325,0.9007863599617844,18735,13607,0.03512730775400996,0.0,0.0,0.0,0.0,0.0,0.0,/kaggle/input/datasets/shuvroahmedimaging/ws2-eca/test_set/test_set/images/before/before-video-003/frame_0009.jpg,/kaggle/input/datasets/shuvroahmedimaging/ws2-eca/test_set/test_set/masks/before/before-video-003/frame_0009.jpg
before-video-003,frame_0010.jpg,continued_baseline_corrected_crop,baseline,0,none,0.0,0.0,0.0,0.4442305047448769,0.6151795067136463,0.4715099021945404,0.8847699050401753,20551,10952,0.03512730775400996,0.0,0.0,0.0,0.0,0.0,0.0,/kaggle/input/datasets/shuvroahmedimaging/ws2-eca/test_set/test_set/images/before/before-video-003/frame_0010.jpg,/kaggle/input/datasets/shuvroahmedimaging/ws2-eca/test_set/test_set/masks/before/before-video-003/frame_0010.jpg
before-video-003,frame_0011.jpg,continued_baseline_corrected_crop,baseline,0,none,0.0,0.0,0.0,0.4600420374759626,0.6301764273462387,0.4702843558562677,0.9547985891962131,21874,10774,0.03512730775400996,0.0,0.0,0.0,0.0,0.0,0.0,/kaggle/input/datasets/shuvroahmedimaging/ws2-eca/test_set/test_set/images/before/before-video-003/frame_0011.jpg,/kaggle/input/datasets/shuvroahmedimaging/ws2-eca/test_set/test_set/masks/before/before-video-003/frame_0011.jpg
before-video-003,frame_0012.jpg,continued_baseline_corrected_crop,baseline,0,none,0.0,0.0,0.0,0.3994794777711409,0.5708972287430262,0.42014808166928425,0.8903575503993914,22285,10516,0.03512730775400996,0.0,0.0,0.0,0.0,0.0,0.0,/kaggle/input/datasets/shuvroahmedimaging/ws2-eca/test_set/test_set/images/before/before-video-003/frame_0012.jpg,/kaggle/input/datasets/shuvroahmedimaging/ws2-eca/test_set/test_set/masks/before/before-video-003/frame_0012.jpg
before-video-003,frame_0013.jpg,continued_baseline_corrected_crop,baseline,0,none,0.0,0.0,0.0,0.3552430695058256,0.5242499703545594,0.372954277037287,0.8820830007980845,23708,10024,0.03512730775400996,0.0,0.0,0.0,0.0,0.0,0.0,/kaggle/input/datasets/shuvroahmedimaging/ws2-eca/test_set/test_set/images/before/before-video-003/frame_0013.jpg,/kaggle/input/datasets/shuvroahmedimaging/ws2-eca/test_set/test_set/masks/before/before-video-003/frame_0013.jpg
before-video-003,frame_0014.jpg,continued_baseline_corrected_crop,baseline,0,none,0.0,0.0,0.0,0.36535107847636533,0.5351752882256059,0.3911078359125522,0.8472754363558961,20355,9396,0.03512730775400996,0.0,0.0,0.0,0.0,0.0,0.0,/kaggle/input/datasets/shuvroahmedimaging/ws2-eca/test_set/test_set/images/before/before-video-003/frame_0014.jpg,/kaggle/input/datasets/shuvroahmedimaging/ws2-eca/test_set/test_set/masks/before/before-video-003/frame_0014.jpg
before-video-003,frame_0015.jpg,continued_baseline_corrected_crop,baseline,0,none,0.0,0.0,0.0,0.3189483546082679,0.4836403995560488,0.3561294540699575,0.7533886583679115,15295,7230,0.03512730775400996,0.0,0.0,0.0,0.0,0.0,0.0,/kaggle/input/datasets/shuvroahmedimaging/ws2-eca/test_set/test_set/images/before/before-video-003/frame_0015.jpg,/kaggle/input/datasets/shuvroahmedimaging/ws2-eca/test_set/test_set/masks/before/before-video-003/frame_0015.jpg
before-video-003,frame_0016.jpg,continued_baseline_corrected_crop,baseline,0,none,0.0,0.0,0.0,0.21953983905701008,0.36003717472118957,0.24662592309651132,0.6665519614590503,15708,5812,0.03512730775400996,0.0,0.0,0.0,0.0,0.0,0.0,/kaggle/input/datasets/shuvroahmedimaging/ws2-eca/test_set/test_set/images/before/before-video-003/frame_0016.jpg,/kaggle/input/datasets/shuvroahmedimaging/ws2-eca/test_set/test_set/masks/before/before-video-003/frame_0016.jpg
before-video-003,frame_0017.jpg,continued_baseline_corrected_crop,baseline,0,none,0.0,0.0,0.0,0.2508437670114317,0.4010792932370093,0.2932230353165765,0.6344485749690211,15715,7263,0.03512730775400996,0.0,0.0,0.0,0.0,0.0,0.0,/kaggle/input/datasets/shuvroahmedimaging/ws2-eca/test_set/test_set/images/before/before-video-003/frame_0017.jpg,/kaggle/input/datasets/shuvroahmedimaging/ws2-eca/test_set/test_set/masks/before/before-video-003/frame_0017.jpg
before-video-003,frame_0018.jpg,continued_baseline_corrected_crop,baseline,0,none,0.0,0.0,0.0,0.39034176052593417,0.5615047632292608,0.43639213143104194,0.7871904854747515,18504,10258,0.03512730775400996,0.0,0.0,0.0,0.0,0.0,0.0,/kaggle/input/datasets/shuvroahmedimaging/ws2-eca/test_set/test_set/images/before/before-video-003/frame_0018.jpg,/kaggle/input/datasets/shuvroahmedimaging/ws2-eca/test_set/test_set/masks/before/before-video-003/frame_0018.jpg
before-video-003,frame_0019.jpg,continued_baseline_corrected_crop,baseline,0,none,0.0,0.0,0.0,0.43265248493975905,0.6039880424427582,0.47357304759942304,0.8335297851119775,19412,11029,0.03512730775400996,0.0,0.0,0.0,0.0,0.0,0.0,/kaggle/input/datasets/shuvroahmedimaging/ws2-eca/test_set/test_set/images/before/before-video-003/frame_0019.jpg,/kaggle/input/datasets/shuvroahmedimaging/ws2-eca/test_set/test_set/masks/before/before-video-003/frame_0019.jpg
before-video-003,frame_0020.jpg,continued_baseline_corrected_crop,baseline,0,none,0.0,0.0,0.0,0.5039345982338026,0.6701549373564722,0.5387203813618732,0.8864195632113195,21397,13004,0.03512730775400996,0.0,0.0,0.0,0.0,0.0,0.0,/kaggle/input/datasets/shuvroahmedimaging/ws2-eca/test_set/test_set/images/before/before-video-003/frame_0020.jpg,/kaggle/input/datasets/shuvroahmedimaging/ws2-eca/test_set/test_set/masks/before/before-video-003/frame_0020.jpg
before-video-003,frame_0021.jpg,continued_baseline_corrected_crop,baseline,0,none,0.0,0.0,0.0,0.5063783258413316,0.6723122832486491,0.5686479603438083,0.8221988427143608,21989,15208,0.03512730775400996,0.0,0.0,0.0,0.0,0.0,0.0,/kaggle/input/datasets/shuvroahmedimaging/ws2-eca/test_set/test_set/images/before/before-video-003/frame_0021.jpg,/kaggle/input/datasets/shuvroahmedimaging/ws2-eca/test_set/test_set/masks/before/before-video-003/frame_0021.jpg
before-video-003,frame_0022.jpg,continued_baseline_corrected_crop,baseline,0,none,0.0,0.0,0.0,0.4380311614730878,0.6092095542969712,0.4850135052714124,0.8189040088267745,22954,13595,0.03512730775400996,0.0,0.0,0.0,0.0,0.0,0.0,/kaggle/input/datasets/shuvroahmedimaging/ws2-eca/test_set/test_set/images/before/before-video-003/frame_0022.jpg,/kaggle/input/datasets/shuvroahmedimaging/ws2-eca/test_set/test_set/masks/before/before-video-003/frame_0022.jpg
before-video-003,frame_0023.jpg,continued_baseline_corrected_crop,baseline,0,none,0.0,0.0,0.0,0.4339548267570657,0.6052559239100556,0.471336216123646,0.8454803778511635,23357,13021,0.03512730775400996,0.0,0.0,0.0,0.0,0.0,0.0,/kaggle/input/datasets/shuvroahmedimaging/ws2-eca/test_set/test_set/images/before/before-video-003/frame_0023.jpg,/kaggle/input/datasets/shuvroahmedimaging/ws2-eca/test_set/test_set/masks/before/before-video-003/frame_0023.jpg
before-video-003,frame_0024.jpg,continued_baseline_corrected_crop,baseline,0,none,0.0,0.0,0.0,0.44407649947908917,0.615031820875525,0.47585821936924366,0.8692643845593591,25081,13730,0.03512730775400996,0.0,0.0,0.0,0.0,0.0,0.0,/kaggle/input/datasets/shuvroahmedimaging/ws2-eca/test_set/test_set/images/before/before-video-003/frame_0024.jpg,/kaggle/input/datasets/shuvroahmedimaging/ws2-eca/test_set/test_set/masks/before/before-video-003/frame_0024.jpg
before-video-003,frame_0025.jpg,continued_baseline_corrected_crop,baseline,0,none,0.0,0.0,0.0,0.36108883899935856,0.5305882006421019,0.37443358969029306,0.9101657235246564,24055,9896,0.03512730775400996,0.0,0.0,0.0,0.0,0.0,0.0,/kaggle/input/datasets/shuvroahmedimaging/ws2-eca/test_set/test_set/images/before/before-video-003/frame_0025.jpg,/kaggle/input/datasets/shuvroahmedimaging/ws2-eca/test_set/test_set/masks/before/before-video-003/frame_0025.jpg
before-video-003,frame_0026.jpg,continued_baseline_corrected_crop,baseline,0,none,0.0,0.0,0.0,0.32100210723483963,0.4859978730946473,0.3293772823371132,0.9266017842660178,20812,7398,0.03512730775400996,0.0,0.0,0.0,0.0,0.0,0.0,/kaggle/input/datasets/shuvroahmedimaging/ws2-eca/test_set/test_set/images/before/before-video-003/frame_0026.jpg,/kaggle/input/datasets/shuvroahmedimaging/ws2-eca/test_set/test_set/masks/before/before-video-003/frame_0026.jpg
before-video-003,frame_0027.jpg,continued_baseline_corrected_crop,baseline,0,none,0.0,0.0,0.0,0.2729497576659149,0.42884608135107627,0.2838040115756911,0.8771010023130301,20042,6485,0.03512730775400996,0.0,0.0,0.0,0.0,0.0,0.0,/kaggle/input/datasets/shuvroahmedimaging/ws2-eca/test_set/test_set/images/before/before-video-003/frame_0027.jpg,/kaggle/input/datasets/shuvroahmedimaging/ws2-eca/test_set/test_set/masks/before/before-video-003/frame_0027.jpg
before-video-003,frame_0028.jpg,continued_baseline_corrected_crop,baseline,0,none,0.0,0.0,0.0,0.24041994750656168,0.3876428269149386,0.2527486522052893,0.8313320301591735,23557,7162,0.03512730775400996,0.0,0.0,0.0,0.0,0.0,0.0,/kaggle/input/datasets/shuvroahmedimaging/ws2-eca/test_set/test_set/images/before/before-video-003/frame_0028.jpg,/kaggle/input/datasets/shuvroahmedimaging/ws2-eca/test_set/test_set/masks/before/before-video-003/frame_0028.jpg
before-video-003,frame_0029.jpg,continued_baseline_corrected_crop,baseline,0,none,0.0,0.0,0.0,0.22153065928999538,0.36270994527269296,0.22848311935330481,0.879231473010064,29442,7651,0.03512730775400996,0.0,0.0,0.0,0.0,0.0,0.0,/kaggle/input/datasets/shuvroahmedimaging/ws2-eca/test_set/test_set/images/before/before-video-003/frame_0029.jpg,/kaggle/input/datasets/shuvroahmedimaging/ws2-eca/test_set/test_set/masks/before/before-video-003/frame_0029.jpg
before-video-003,frame_0030.jpg,continued_baseline_corrected_crop,baseline,0,none,0.0,0.0,0.0,0.27727192205491585,0.4341627139330393,0.2862053832650673,0.898817043757896,27344,8707,0.03512730775400996,0.0,0.0,0.0,0.0,0.0,0.0,/kaggle/input/datasets/shuvroahmedimaging/ws2-eca/test_set/test_set/images/before/before-video-003/frame_0030.jpg,/kaggle/input/datasets/shuvroahmedimaging/ws2-eca/test_set/test_set/masks/before/before-video-003/frame_0030.jpg
before-video-003,frame_0031.jpg,continued_baseline_corrected_crop,baseline,0,none,0.0,0.0,0.0,0.39441905398877863,0.5657109358345769,0.4065647860890881,0.9295910324897101,26109,11419,0.03512730775400996,0.0,0.0,0.0,0.0,0.0,0.0,/kaggle/input/datasets/shuvroahmedimaging/ws2-eca/test_set/test_set/images/before/before-video-003/frame_0031.jpg,/kaggle/input/datasets/shuvroahmedimaging/ws2-eca/test_set/test_set/masks/before/before-video-003/frame_0031.jpg
before-video-003,frame_0032.jpg,continued_baseline_corrected_crop,baseline,0,none,0.0,0.0,0.0,0.39800624907007887,0.5693912303107705,0.4111273342042573,0.9257657034088943,26026,11558,0.03512730775400996,0.0,0.0,0.0,0.0,0.0,0.0,/kaggle/input/datasets/shuvroahmedimaging/ws2-eca/test_set/test_set/images/before/before-video-003/frame_0032.jpg,/kaggle/input/datasets/shuvroahmedimaging/ws2-eca/test_set/test_set/masks/before/before-video-003/frame_0032.jpg
before-video-003,frame_0033.jpg,continued_baseline_corrected_crop,baseline,0,none,0.0,0.0,0.0,0.3437189260855154,0.5115934879131722,0.3546242115662284,0.9178796223446105,26318,10168,0.03512730775400996,0.0,0.0,0.0,0.0,0.0,0.0,/kaggle/input/datasets/shuvroahmedimaging/ws2-eca/test_set/test_set/images/before/before-video-003/frame_0033.jpg,/kaggle/input/datasets/shuvroahmedimaging/ws2-eca/test_set/test_set/masks/before/before-video-003/frame_0033.jpg
before-video-003,frame_0034.jpg,continued_baseline_corrected_crop,baseline,0,none,0.0,0.0,0.0,0.3433188163946437,0.5111501636165313,0.3570672649536469,0.8991578722950645,23623,9381,0.03512730775400996,0.0,0.0,0.0,0.0,0.0,0.0,/kaggle/input/datasets/shuvroahmedimaging/ws2-eca/test_set/test_set/images/before/before-video-003/frame_0034.jpg,/kaggle/input/datasets/shuvroahmedimaging/ws2-eca/test_set/test_set/masks/before/before-video-003/frame_0034.jpg
before-video-003,frame_0035.jpg,continued_baseline_corrected_crop,baseline,0,none,0.0,0.0,0.0,0.29778122346513086,0.4589082012914972,0.3016567560492165,0.9586403613025909,26739,8414,0.03512730775400996,0.0,0.0,0.0,0.0,0.0,0.0,/kaggle/input/datasets/shuvroahmedimaging/ws2-eca/test_set/test_set/images/before/before-video-003/frame_0035.jpg,/kaggle/input/datasets/shuvroahmedimaging/ws2-eca/test_set/test_set/masks/before/before-video-003/frame_0035.jpg
before-video-003,frame_0036.jpg,continued_baseline_corrected_crop,baseline,0,none,0.0,0.0,0.0,0.23384693964416448,0.37905340140747895,0.24122941822173435,0.8842749074521166,22775,6213,0.03512730775400996,0.0,0.0,0.0,0.0,0.0,0.0,/kaggle/input/datasets/shuvroahmedimaging/ws2-eca/test_set/test_set/images/before/before-video-003/frame_0036.jpg,/kaggle/input/datasets/shuvroahmedimaging/ws2-eca/test_set/test_set/masks/before/before-video-003/frame_0036.jpg
before-video-003,frame_0037.jpg,continued_baseline_corrected_crop,baseline,0,none,0.0,0.0,0.0,0.1882494004796163,0.3168516649848638,0.19777970238563894,0.7961965134706814,25402,6310,0.03512730775400996,0.0,0.0,0.0,0.0,0.0,0.0,/kaggle/input/datasets/shuvroahmedimaging/ws2-eca/test_set/test_set/images/before/before-video-003/frame_0037.jpg,/kaggle/input/datasets/shuvroahmedimaging/ws2-eca/test_set/test_set/masks/before/before-video-003/frame_0037.jpg
before-video-003,frame_0038.jpg,continued_baseline_corrected_crop,baseline,0,none,0.0,0.0,0.0,0.23322783573633415,0.3782396552816678,0.23836907471746335,0.9153504063793897,25041,6521,0.03512730775400996,0.0,0.0,0.0,0.0,0.0,0.0,/kaggle/input/datasets/shuvroahmedimaging/ws2-eca/test_set/test_set/images/before/before-video-003/frame_0038.jpg,/kaggle/input/datasets/shuvroahmedimaging/ws2-eca/test_set/test_set/masks/before/before-video-003/frame_0038.jpg
before-video-003,frame_0039.jpg,continued_baseline_corrected_crop,baseline,0,none,0.0,0.0,0.0,0.308613901710562,0.4716653266592318,0.3450199203187251,0.7452057039829536,26355,12202,0.03512730775400996,0.0,0.0,0.0,0.0,0.0,0.0,/kaggle/input/datasets/shuvroahmedimaging/ws2-eca/test_set/test_set/images/before/before-video-003/frame_0039.jpg,/kaggle/input/datasets/shuvroahmedimaging/ws2-eca/test_set/test_set/masks/before/before-video-003/frame_0039.jpg
before-video-003,frame_0040.jpg,continued_baseline_corrected_crop,baseline,0,none,0.0,0.0,0.0,0.3264197678235698,0.49218169955227575,0.33620212700559415,0.9181566356081592,32534,11913,0.03512730775400996,0.0,0.0,0.0,0.0,0.0,0.0,/kaggle/input/datasets/shuvroahmedimaging/ws2-eca/test_set/test_set/images/before/before-video-003/frame_0040.jpg,/kaggle/input/datasets/shuvroahmedimaging/ws2-eca/test_set/test_set/masks/before/before-video-003/frame_0040.jpg
before-video-003,frame_0041.jpg,continued_baseline_corrected_crop,baseline,0,none,0.0,0.0,0.0,0.26330503736084987,0.41685108437613166,0.27131072410632445,0.8992274976130544,38185,11521,0.03512730775400996,0.0,0.0,0.0,0.0,0.0,0.0,/kaggle/input/datasets/shuvroahmedimaging/ws2-eca/test_set/test_set/images/before/before-video-003/frame_0041.jpg,/kaggle/input/datasets/shuvroahmedimaging/ws2-eca/test_set/test_set/masks/before/before-video-003/frame_0041.jpg
before-video-003,frame_0042.jpg,continued_baseline_corrected_crop,baseline,0,none,0.0,0.0,0.0,0.2992819581987561,0.46068823831535693,0.31560872624912034,0.8526235741444866,35525,13150,0.03512730775400996,0.0,0.0,0.0,0.0,0.0,0.0,/kaggle/input/datasets/shuvroahmedimaging/ws2-eca/test_set/test_set/images/before/before-video-003/frame_0042.jpg,/kaggle/input/datasets/shuvroahmedimaging/ws2-eca/test_set/test_set/masks/before/before-video-003/frame_0042.jpg
before-video-003,frame_0043.jpg,continued_baseline_corrected_crop,baseline,0,none,0.0,0.0,0.0,0.2707978478925028,0.4261855626236623,0.2946142306674118,0.7701061048746732,33997,13006,0.03512730775400996,0.0,0.0,0.0,0.0,0.0,0.0,/kaggle/input/datasets/shuvroahmedimaging/ws2-eca/test_set/test_set/images/before/before-video-003/frame_0043.jpg,/kaggle/input/datasets/shuvroahmedimaging/ws2-eca/test_set/test_set/masks/before/before-video-003/frame_0043.jpg
before-video-003,frame_0044.jpg,continued_baseline_corrected_crop,baseline,0,none,0.0,0.0,0.0,0.2383453484380364,0.3849416461065063,0.2571576725063891,0.7651531849239586,26999,9074,0.03512730775400996,0.0,0.0,0.0,0.0,0.0,0.0,/kaggle/input/datasets/shuvroahmedimaging/ws2-eca/test_set/test_set/images/before/before-video-003/frame_0044.jpg,/kaggle/input/datasets/shuvroahmedimaging/ws2-eca/test_set/test_set/masks/before/before-video-003/frame_0044.jpg
before-video-003,frame_0045.jpg,continued_baseline_corrected_crop,baseline,0,none,0.0,0.0,0.0,0.22392545837090472,0.3659135559921415,0.24425228474242858,0.7290519877675841,24401,8175,0.03512730775400996,0.0,0.0,0.0,0.0,0.0,0.0,/kaggle/input/datasets/shuvroahmedimaging/ws2-eca/test_set/test_set/images/before/before-video-003/frame_0045.jpg,/kaggle/input/datasets/shuvroahmedimaging/ws2-eca/test_set/test_set/masks/before/before-video-003/frame_0045.jpg
before-video-003,frame_0046.jpg,continued_baseline_corrected_crop,baseline,0,none,0.0,0.0,0.0,0.17920974593251582,0.30394888873785086,0.19387003077990203,0.7032552288095613,23067,6359,0.03512730775400996,0.0,0.0,0.0,0.0,0.0,0.0,/kaggle/input/datasets/shuvroahmedimaging/ws2-eca/test_set/test_set/images/before/before-video-003/frame_0046.jpg,/kaggle/input/datasets/shuvroahmedimaging/ws2-eca/test_set/test_set/masks/before/before-video-003/frame_0046.jpg
before-video-004,frame_0001.jpg,continued_baseline_corrected_crop,baseline,0,none,0.0,0.0,0.0,0.21311109125033514,0.35134637344826314,0.2459768929234578,0.6146410619925248,19388,7759,0.03512730775400996,0.0,0.0,0.0,0.0,0.0,0.0,/kaggle/input/datasets/shuvroahmedimaging/ws2-eca/test_set/test_set/images/before/before-video-004/frame_0001.jpg,/kaggle/input/datasets/shuvroahmedimaging/ws2-eca/test_set/test_set/masks/before/before-video-004/frame_0001.jpg
before-video-004,frame_0002.jpg,continued_baseline_corrected_crop,baseline,0,none,0.0,0.0,0.0,0.22873840369447054,0.3723142420009313,0.26955307262569833,0.6016985594495807,20764,9302,0.03512730775400996,0.0,0.0,0.0,0.0,0.0,0.0,/kaggle/input/datasets/shuvroahmedimaging/ws2-eca/test_set/test_set/images/before/before-video-004/frame_0002.jpg,/kaggle/input/datasets/shuvroahmedimaging/ws2-eca/test_set/test_set/masks/before/before-video-004/frame_0002.jpg
before-video-004,frame_0003.jpg,continued_baseline_corrected_crop,baseline,0,none,0.0,0.0,0.0,0.19031095689310024,0.3197667899988788,0.2166953702765677,0.6098360655737705,19742,7015,0.03512730775400996,0.0,0.0,0.0,0.0,0.0,0.0,/kaggle/input/datasets/shuvroahmedimaging/ws2-eca/test_set/test_set/images/before/before-video-004/frame_0003.jpg,/kaggle/input/datasets/shuvroahmedimaging/ws2-eca/test_set/test_set/masks/before/before-video-004/frame_0003.jpg
before-video-004,frame_0004.jpg,continued_baseline_corrected_crop,baseline,0,none,0.0,0.0,0.0,0.2605416839104244,0.4133805128953416,0.26818762720689165,0.9013681196309259,21127,6286,0.03512730775400996,0.0,0.0,0.0,0.0,0.0,0.0,/kaggle/input/datasets/shuvroahmedimaging/ws2-eca/test_set/test_set/images/before/before-video-004/frame_0004.jpg,/kaggle/input/datasets/shuvroahmedimaging/ws2-eca/test_set/test_set/masks/before/before-video-004/frame_0004.jpg
before-video-004,frame_0005.jpg,continued_baseline_corrected_crop,baseline,0,none,0.0,0.0,0.0,0.2832641173615231,0.44147438322195603,0.2938017453569031,0.8876119655230691,17876,5917,0.03512730775400996,0.0,0.0,0.0,0.0,0.0,0.0,/kaggle/input/datasets/shuvroahmedimaging/ws2-eca/test_set/test_set/images/before/before-video-004/frame_0005.jpg,/kaggle/input/datasets/shuvroahmedimaging/ws2-eca/test_set/test_set/masks/before/before-video-004/frame_0005.jpg
before-video-004,frame_0006.jpg,continued_baseline_corrected_crop,baseline,0,none,0.0,0.0,0.0,0.17929179740026893,0.3040668947168377,0.1869741352446245,0.8135593220338984,19254,4425,0.03512730775400996,0.0,0.0,0.0,0.0,0.0,0.0,/kaggle/input/datasets/shuvroahmedimaging/ws2-eca/test_set/test_set/images/before/before-video-004/frame_0006.jpg,/kaggle/input/datasets/shuvroahmedimaging/ws2-eca/test_set/test_set/masks/before/before-video-004/frame_0006.jpg
before-video-004,frame_0007.jpg,continued_baseline_corrected_crop,baseline,0,none,0.0,0.0,0.0,0.21474125364431487,0.3535588389709743,0.22154337813704295,0.8749072011878248,21278,5388,0.03512730775400996,0.0,0.0,0.0,0.0,0.0,0.0,/kaggle/input/datasets/shuvroahmedimaging/ws2-eca/test_set/test_set/images/before/before-video-004/frame_0007.jpg,/kaggle/input/datasets/shuvroahmedimaging/ws2-eca/test_set/test_set/masks/before/before-video-004/frame_0007.jpg
before-video-004,frame_0008.jpg,continued_baseline_corrected_crop,baseline,0,none,0.0,0.0,0.0,0.22671934209465452,0.3696352283930332,0.2329453671871764,0.894544297757277,24143,6287,0.03512730775400996,0.0,0.0,0.0,0.0,0.0,0.0,/kaggle/input/datasets/shuvroahmedimaging/ws2-eca/test_set/test_set/images/before/before-video-004/frame_0008.jpg,/kaggle/input/datasets/shuvroahmedimaging/ws2-eca/test_set/test_set/masks/before/before-video-004/frame_0008.jpg
before-video-004,frame_0009.jpg,continued_baseline_corrected_crop,baseline,0,none,0.0,0.0,0.0,0.36526874426399586,0.535086950168055,0.3685185185185185,0.9764266666666667,24840,9375,0.03512730775400996,0.0,0.0,0.0,0.0,0.0,0.0,/kaggle/input/datasets/shuvroahmedimaging/ws2-eca/test_set/test_set/images/before/before-video-004/frame_0009.jpg,/kaggle/input/datasets/shuvroahmedimaging/ws2-eca/test_set/test_set/masks/before/before-video-004/frame_0009.jpg
before-video-004,frame_0010.jpg,continued_baseline_corrected_crop,baseline,0,none,0.0,0.0,0.0,0.3512743972445465,0.519915715062534,0.36898215147129765,0.8798021624108581,20730,8694,0.03512730775400996,0.0,0.0,0.0,0.0,0.0,0.0,/kaggle/input/datasets/shuvroahmedimaging/ws2-eca/test_set/test_set/images/before/before-video-004/frame_0010.jpg,/kaggle/input/datasets/shuvroahmedimaging/ws2-eca/test_set/test_set/masks/before/before-video-004/frame_0010.jpg
before-video-005,frame_0001.jpg,continued_baseline_corrected_crop,baseline,0,none,0.0,0.0,0.0,0.3837735849056604,0.5546768475593128,0.4000437062937063,0.9041786031808753,22880,10123,0.03512730775400996,0.0,0.0,0.0,0.0,0.0,0.0,/kaggle/input/datasets/shuvroahmedimaging/ws2-eca/test_set/test_set/images/before/before-video-005/frame_0001.jpg,/kaggle/input/datasets/shuvroahmedimaging/ws2-eca/test_set/test_set/masks/before/before-video-005/frame_0001.jpg
before-video-005,frame_0002.jpg,continued_baseline_corrected_crop,baseline,0,none,0.0,0.0,0.0,0.2006553951367781,0.3342431074720146,0.20218213140642197,0.9637317518248175,20897,4384,0.03512730775400996,0.0,0.0,0.0,0.0,0.0,0.0,/kaggle/input/datasets/shuvroahmedimaging/ws2-eca/test_set/test_set/images/before/before-video-005/frame_0002.jpg,/kaggle/input/datasets/shuvroahmedimaging/ws2-eca/test_set/test_set/masks/before/before-video-005/frame_0002.jpg
before-video-005,frame_0003.jpg,continued_baseline_corrected_crop,baseline,0,none,0.0,0.0,0.0,0.10667955435722644,0.19279213018295485,0.11013655462184874,0.7726602800294768,19040,2714,0.03512730775400996,0.0,0.0,0.0,0.0,0.0,0.0,/kaggle/input/datasets/shuvroahmedimaging/ws2-eca/test_set/test_set/images/before/before-video-005/frame_0003.jpg,/kaggle/input/datasets/shuvroahmedimaging/ws2-eca/test_set/test_set/masks/before/before-video-005/frame_0003.jpg
before-video-005,frame_0004.jpg,continued_baseline_corrected_crop,baseline,0,none,0.0,0.0,0.0,0.07401334388782088,0.13782574361674124,0.07597214161346488,0.741643059490085,17230,1765,0.03512730775400996,0.0,0.0,0.0,0.0,0.0,0.0,/kaggle/input/datasets/shuvroahmedimaging/ws2-eca/test_set/test_set/images/before/before-video-005/frame_0004.jpg,/kaggle/input/datasets/shuvroahmedimaging/ws2-eca/test_set/test_set/masks/before/before-video-005/frame_0004.jpg
before-video-005,frame_0005.jpg,continued_baseline_corrected_crop,baseline,0,none,0.0,0.0,0.0,0.06773982081724816,0.12688450781090116,0.06789312308366185,0.967741935483871,13698,961,0.03512730775400996,0.0,0.0,0.0,0.0,0.0,0.0,/kaggle/input/datasets/shuvroahmedimaging/ws2-eca/test_set/test_set/images/before/before-video-005/frame_0005.jpg,/kaggle/input/datasets/shuvroahmedimaging/ws2-eca/test_set/test_set/masks/before/before-video-005/frame_0005.jpg
before-video-005,frame_0006.jpg,continued_baseline_corrected_crop,baseline,0,none,0.0,0.0,0.0,0.09729255940786911,0.17733203159669833,0.10140073081607795,0.7060070671378091,9852,1415,0.03512730775400996,0.0,0.0,0.0,0.0,0.0,0.0,/kaggle/input/datasets/shuvroahmedimaging/ws2-eca/test_set/test_set/images/before/before-video-005/frame_0006.jpg,/kaggle/input/datasets/shuvroahmedimaging/ws2-eca/test_set/test_set/masks/before/before-video-005/frame_0006.jpg
before-video-005,frame_0007.jpg,continued_baseline_corrected_crop,baseline,0,none,0.0,0.0,0.0,0.027056407778717238,0.05268728683993885,0.02770220133564185,0.5371702637889688,8086,417,0.03512730775400996,0.0,0.0,0.0,0.0,0.0,0.0,/kaggle/input/datasets/shuvroahmedimaging/ws2-eca/test_set/test_set/images/before/before-video-005/frame_0007.jpg,/kaggle/input/datasets/shuvroahmedimaging/ws2-eca/test_set/test_set/masks/before/before-video-005/frame_0007.jpg
before-video-005,frame_0008.jpg,continued_baseline_corrected_crop,baseline,0,none,0.0,0.0,0.0,0.04599107528429538,0.08793779673845731,0.04629093016516952,0.8765432098765432,13804,729,0.03512730775400996,0.0,0.0,0.0,0.0,0.0,0.0,/kaggle/input/datasets/shuvroahmedimaging/ws2-eca/test_set/test_set/images/before/before-video-005/frame_0008.jpg,/kaggle/input/datasets/shuvroahmedimaging/ws2-eca/test_set/test_set/masks/before/before-video-005/frame_0008.jpg
before-video-005,frame_0009.jpg,continued_baseline_corrected_crop,baseline,0,none,0.0,0.0,0.0,0.06539494895217625,0.12276189035154082,0.06619166757315349,0.8445523941707148,18386,1441,0.03512730775400996,0.0,0.0,0.0,0.0,0.0,0.0,/kaggle/input/datasets/shuvroahmedimaging/ws2-eca/test_set/test_set/images/before/before-video-005/frame_0009.jpg,/kaggle/input/datasets/shuvroahmedimaging/ws2-eca/test_set/test_set/masks/before/before-video-005/frame_0009.jpg
before-video-005,frame_0010.jpg,continued_baseline_corrected_crop,baseline,0,none,0.0,0.0,0.0,0.12591474038796607,0.2236665634994326,0.12771723122238587,0.8992119452509332,16975,2411,0.03512730775400996,0.0,0.0,0.0,0.0,0.0,0.0,/kaggle/input/datasets/shuvroahmedimaging/ws2-eca/test_set/test_set/images/before/before-video-005/frame_0010.jpg,/kaggle/input/datasets/shuvroahmedimaging/ws2-eca/test_set/test_set/masks/before/before-video-005/frame_0010.jpg
before-video-005,frame_0011.jpg,continued_baseline_corrected_crop,baseline,0,none,0.0,0.0,0.0,0.1295213939126599,0.22933854039541127,0.1301529255319149,0.9638900287238408,18048,2437,0.03512730775400996,0.0,0.0,0.0,0.0,0.0,0.0,/kaggle/input/datasets/shuvroahmedimaging/ws2-eca/test_set/test_set/images/before/before-video-005/frame_0011.jpg,/kaggle/input/datasets/shuvroahmedimaging/ws2-eca/test_set/test_set/masks/before/before-video-005/frame_0011.jpg
before-video-005,frame_0012.jpg,continued_baseline_corrected_crop,baseline,0,none,0.0,0.0,0.0,0.16263376729602616,0.2797678372515683,0.16481315189611107,0.9248062015503876,14477,2580,0.03512730775400996,0.0,0.0,0.0,0.0,0.0,0.0,/kaggle/input/datasets/shuvroahmedimaging/ws2-eca/test_set/test_set/images/before/before-video-005/frame_0012.jpg,/kaggle/input/datasets/shuvroahmedimaging/ws2-eca/test_set/test_set/masks/before/before-video-005/frame_0012.jpg
before-video-005,frame_0013.jpg,continued_baseline_corrected_crop,baseline,0,none,0.0,0.0,0.0,0.2783512201790963,0.4354847334367146,0.2813514820700615,0.9631031220435194,14473,4228,0.03512730775400996,0.0,0.0,0.0,0.0,0.0,0.0,/kaggle/input/datasets/shuvroahmedimaging/ws2-eca/test_set/test_set/images/before/before-video-005/frame_0013.jpg,/kaggle/input/datasets/shuvroahmedimaging/ws2-eca/test_set/test_set/masks/before/before-video-005/frame_0013.jpg
before-video-005,frame_0014.jpg,continued_baseline_corrected_crop,baseline,0,none,0.0,0.0,0.0,0.3513373486173175,0.5199846640467747,0.35728398314014753,0.9547694473776839,15184,5682,0.03512730775400996,0.0,0.0,0.0,0.0,0.0,0.0,/kaggle/input/datasets/shuvroahmedimaging/ws2-eca/test_set/test_set/images/before/before-video-005/frame_0014.jpg,/kaggle/input/datasets/shuvroahmedimaging/ws2-eca/test_set/test_set/masks/before/before-video-005/frame_0014.jpg
before-video-005,frame_0015.jpg,continued_baseline_corrected_crop,baseline,0,none,0.0,0.0,0.0,0.3529497663551402,0.5217485159201295,0.3744190849943199,0.8602443943528295,19366,8429,0.03512730775400996,0.0,0.0,0.0,0.0,0.0,0.0,/kaggle/input/datasets/shuvroahmedimaging/ws2-eca/test_set/test_set/images/before/before-video-005/frame_0015.jpg,/kaggle/input/datasets/shuvroahmedimaging/ws2-eca/test_set/test_set/masks/before/before-video-005/frame_0015.jpg
before-video-005,frame_0016.jpg,continued_baseline_corrected_crop,baseline,0,none,0.0,0.0,0.0,0.3955752597035685,0.5668992151488725,0.41034311736327156,0.9166079162050559,22179,9929,0.03512730775400996,0.0,0.0,0.0,0.0,0.0,0.0,/kaggle/input/datasets/shuvroahmedimaging/ws2-eca/test_set/test_set/images/before/before-video-005/frame_0016.jpg,/kaggle/input/datasets/shuvroahmedimaging/ws2-eca/test_set/test_set/masks/before/before-video-005/frame_0016.jpg
before-video-005,frame_0017.jpg,continued_baseline_corrected_crop,baseline,0,none,0.0,0.0,0.0,0.3362668986748762,0.5032930158014675,0.34695991437351104,0.9160437556973564,28963,10970,0.03512730775400996,0.0,0.0,0.0,0.0,0.0,0.0,/kaggle/input/datasets/shuvroahmedimaging/ws2-eca/test_set/test_set/images/before/before-video-005/frame_0017.jpg,/kaggle/input/datasets/shuvroahmedimaging/ws2-eca/test_set/test_set/masks/before/before-video-005/frame_0017.jpg
before-video-005,frame_0018.jpg,continued_baseline_corrected_crop,baseline,0,none,0.0,0.0,0.0,0.3339111394945717,0.5006497503590726,0.34545683362698215,0.909015646990645,31784,12079,0.03512730775400996,0.0,0.0,0.0,0.0,0.0,0.0,/kaggle/input/datasets/shuvroahmedimaging/ws2-eca/test_set/test_set/images/before/before-video-005/frame_0018.jpg,/kaggle/input/datasets/shuvroahmedimaging/ws2-eca/test_set/test_set/masks/before/before-video-005/frame_0018.jpg
before-video-005,frame_0019.jpg,continued_baseline_corrected_crop,baseline,0,none,0.0,0.0,0.0,0.361092584732917,0.5305922444706773,0.3673173589909643,0.9551724137931035,32427,12470,0.03512730775400996,0.0,0.0,0.0,0.0,0.0,0.0,/kaggle/input/datasets/shuvroahmedimaging/ws2-eca/test_set/test_set/images/before/before-video-005/frame_0019.jpg,/kaggle/input/datasets/shuvroahmedimaging/ws2-eca/test_set/test_set/masks/before/before-video-005/frame_0019.jpg
before-video-005,frame_0020.jpg,continued_baseline_corrected_crop,baseline,0,none,0.0,0.0,0.0,0.4092602617584307,0.5808157270364931,0.41064638783269963,0.9918197252662448,31297,12958,0.03512730775400996,0.0,0.0,0.0,0.0,0.0,0.0,/kaggle/input/datasets/shuvroahmedimaging/ws2-eca/test_set/test_set/images/before/before-video-005/frame_0020.jpg,/kaggle/input/datasets/shuvroahmedimaging/ws2-eca/test_set/test_set/masks/before/before-video-005/frame_0020.jpg
before-video-005,frame_0021.jpg,continued_baseline_corrected_crop,baseline,0,none,0.0,0.0,0.0,0.4472327044025157,0.6180522358871844,0.4577995235949269,0.9509227066060444,31066,14956,0.03512730775400996,0.0,0.0,0.0,0.0,0.0,0.0,/kaggle/input/datasets/shuvroahmedimaging/ws2-eca/test_set/test_set/images/before/before-video-005/frame_0021.jpg,/kaggle/input/datasets/shuvroahmedimaging/ws2-eca/test_set/test_set/masks/before/before-video-005/frame_0021.jpg
before-video-005,frame_0022.jpg,continued_baseline_corrected_crop,baseline,0,none,0.0,0.0,0.0,0.43414651595364145,0.6054423465442845,0.4793065318695206,0.8216776115361181,25322,14771,0.03512730775400996,0.0,0.0,0.0,0.0,0.0,0.0,/kaggle/input/datasets/shuvroahmedimaging/ws2-eca/test_set/test_set/images/before/before-video-005/frame_0022.jpg,/kaggle/input/datasets/shuvroahmedimaging/ws2-eca/test_set/test_set/masks/before/before-video-005/frame_0022.jpg
before-video-005,frame_0023.jpg,continued_baseline_corrected_crop,baseline,0,none,0.0,0.0,0.0,0.43533307362680174,0.6065951960917356,0.48172256228985255,0.8188612881952078,23198,13647,0.03512730775400996,0.0,0.0,0.0,0.0,0.0,0.0,/kaggle/input/datasets/shuvroahmedimaging/ws2-eca/test_set/test_set/images/before/before-video-005/frame_0023.jpg,/kaggle/input/datasets/shuvroahmedimaging/ws2-eca/test_set/test_set/masks/before/before-video-005/frame_0023.jpg
before-video-005,frame_0024.jpg,continued_baseline_corrected_crop,baseline,0,none,0.0,0.0,0.0,0.4841079105033341,0.6523890979587182,0.537911839927787,0.8287651387842615,26588,17257,0.03512730775400996,0.0,0.0,0.0,0.0,0.0,0.0,/kaggle/input/datasets/shuvroahmedimaging/ws2-eca/test_set/test_set/images/before/before-video-005/frame_0024.jpg,/kaggle/input/datasets/shuvroahmedimaging/ws2-eca/test_set/test_set/masks/before/before-video-005/frame_0024.jpg
before-video-005,frame_0025.jpg,continued_baseline_corrected_crop,baseline,0,none,0.0,0.0,0.0,0.5015382740869353,0.6680326206029131,0.5211102671224206,0.9303311108599842,31596,17698,0.03512730775400996,0.0,0.0,0.0,0.0,0.0,0.0,/kaggle/input/datasets/shuvroahmedimaging/ws2-eca/test_set/test_set/images/before/before-video-005/frame_0025.jpg,/kaggle/input/datasets/shuvroahmedimaging/ws2-eca/test_set/test_set/masks/before/before-video-005/frame_0025.jpg
before-video-005,frame_0026.jpg,continued_baseline_corrected_crop,baseline,0,none,0.0,0.0,0.0,0.45915073881688434,0.6293396927437054,0.4699339320739135,0.9524033683770071,38748,19119,0.03512730775400996,0.0,0.0,0.0,0.0,0.0,0.0,/kaggle/input/datasets/shuvroahmedimaging/ws2-eca/test_set/test_set/images/before/before-video-005/frame_0026.jpg,/kaggle/input/datasets/shuvroahmedimaging/ws2-eca/test_set/test_set/masks/before/before-video-005/frame_0026.jpg
before-video-005,frame_0027.jpg,continued_baseline_corrected_crop,baseline,0,none,0.0,0.0,0.0,0.4366579504420371,0.6078801851306141,0.44252075814552155,0.9705524189084468,39623,18066,0.03512730775400996,0.0,0.0,0.0,0.0,0.0,0.0,/kaggle/input/datasets/shuvroahmedimaging/ws2-eca/test_set/test_set/images/before/before-video-005/frame_0027.jpg,/kaggle/input/datasets/shuvroahmedimaging/ws2-eca/test_set/test_set/masks/before/before-video-005/frame_0027.jpg
before-video-005,frame_0028.jpg,continued_baseline_corrected_crop,baseline,0,none,0.0,0.0,0.0,0.37865952926243757,0.5493155071651589,0.3873380563944791,0.9441348469212246,35429,14535,0.03512730775400996,0.0,0.0,0.0,0.0,0.0,0.0,/kaggle/input/datasets/shuvroahmedimaging/ws2-eca/test_set/test_set/images/before/before-video-005/frame_0028.jpg,/kaggle/input/datasets/shuvroahmedimaging/ws2-eca/test_set/test_set/masks/before/before-video-005/frame_0028.jpg
before-video-005,frame_0029.jpg,continued_baseline_corrected_crop,baseline,0,none,0.0,0.0,0.0,0.2614425940222786,0.4145136612021858,0.26870324189526185,0.9063276620149111,35288,10462,0.03512730775400996,0.0,0.0,0.0,0.0,0.0,0.0,/kaggle/input/datasets/shuvroahmedimaging/ws2-eca/test_set/test_set/images/before/before-video-005/frame_0029.jpg,/kaggle/input/datasets/shuvroahmedimaging/ws2-eca/test_set/test_set/masks/before/before-video-005/frame_0029.jpg
before-video-005,frame_0030.jpg,continued_baseline_corrected_crop,baseline,0,none,0.0,0.0,0.0,0.3074054652450038,0.47025268505726636,0.3262529759144173,0.8418029517351416,32343,12535,0.03512730775400996,0.0,0.0,0.0,0.0,0.0,0.0,/kaggle/input/datasets/shuvroahmedimaging/ws2-eca/test_set/test_set/images/before/before-video-005/frame_0030.jpg,/kaggle/input/datasets/shuvroahmedimaging/ws2-eca/test_set/test_set/masks/before/before-video-005/frame_0030.jpg
before-video-005,frame_0031.jpg,continued_baseline_corrected_crop,baseline,0,none,0.0,0.0,0.0,0.29518619436875565,0.45582047685834504,0.3106854553179436,0.8554299083642035,28244,10258,0.03512730775400996,0.0,0.0,0.0,0.0,0.0,0.0,/kaggle/input/datasets/shuvroahmedimaging/ws2-eca/test_set/test_set/images/before/before-video-005/frame_0031.jpg,/kaggle/input/datasets/shuvroahmedimaging/ws2-eca/test_set/test_set/masks/before/before-video-005/frame_0031.jpg
before-video-005,frame_0032.jpg,continued_baseline_corrected_crop,baseline,0,none,0.0,0.0,0.0,0.35775662634675126,0.5269819633425018,0.3839333215109062,0.8399286157666046,28195,12888,0.03512730775400996,0.0,0.0,0.0,0.0,0.0,0.0,/kaggle/input/datasets/shuvroahmedimaging/ws2-eca/test_set/test_set/images/before/before-video-005/frame_0032.jpg,/kaggle/input/datasets/shuvroahmedimaging/ws2-eca/test_set/test_set/masks/before/before-video-005/frame_0032.jpg
before-video-005,frame_0033.jpg,continued_baseline_corrected_crop,baseline,0,none,0.0,0.0,0.0,0.44402998205299643,0.6149872060436213,0.4786253461290445,0.8600054525627044,26363,14672,0.03512730775400996,0.0,0.0,0.0,0.0,0.0,0.0,/kaggle/input/datasets/shuvroahmedimaging/ws2-eca/test_set/test_set/images/before/before-video-005/frame_0033.jpg,/kaggle/input/datasets/shuvroahmedimaging/ws2-eca/test_set/test_set/masks/before/before-video-005/frame_0033.jpg
before-video-005,frame_0034.jpg,continued_baseline_corrected_crop,baseline,0,none,0.0,0.0,0.0,0.4380475179187682,0.6092253732376491,0.46044645971398673,0.9000477261880412,28670,14667,0.03512730775400996,0.0,0.0,0.0,0.0,0.0,0.0,/kaggle/input/datasets/shuvroahmedimaging/ws2-eca/test_set/test_set/images/before/before-video-005/frame_0034.jpg,/kaggle/input/datasets/shuvroahmedimaging/ws2-eca/test_set/test_set/masks/before/before-video-005/frame_0034.jpg
before-video-005,frame_0035.jpg,continued_baseline_corrected_crop,baseline,0,none,0.0,0.0,0.0,0.3957391865719819,0.5670675300647549,0.408508996527656,0.9267923927747275,28511,12567,0.03512730775400996,0.0,0.0,0.0,0.0,0.0,0.0,/kaggle/input/datasets/shuvroahmedimaging/ws2-eca/test_set/test_set/images/before/before-video-005/frame_0035.jpg,/kaggle/input/datasets/shuvroahmedimaging/ws2-eca/test_set/test_set/masks/before/before-video-005/frame_0035.jpg
before-video-005,frame_0036.jpg,continued_baseline_corrected_crop,baseline,0,none,0.0,0.0,0.0,0.3073643980596796,0.4702046323364066,0.32489123679303916,0.8506916192026037,25744,9832,0.03512730775400996,0.0,0.0,0.0,0.0,0.0,0.0,/kaggle/input/datasets/shuvroahmedimaging/ws2-eca/test_set/test_set/images/before/before-video-005/frame_0036.jpg,/kaggle/input/datasets/shuvroahmedimaging/ws2-eca/test_set/test_set/masks/before/before-video-005/frame_0036.jpg
before-video-005,frame_0037.jpg,continued_baseline_corrected_crop,baseline,0,none,0.0,0.0,0.0,0.27936123564252757,0.436719869040311,0.298277488557353,0.8149880668257756,28621,10475,0.03512730775400996,0.0,0.0,0.0,0.0,0.0,0.0,/kaggle/input/datasets/shuvroahmedimaging/ws2-eca/test_set/test_set/images/before/before-video-005/frame_0037.jpg,/kaggle/input/datasets/shuvroahmedimaging/ws2-eca/test_set/test_set/masks/before/before-video-005/frame_0037.jpg
before-video-005,frame_0038.jpg,continued_baseline_corrected_crop,baseline,0,none,0.0,0.0,0.0,0.27413728486176375,0.4303104353335143,0.29102650425414706,0.8252907481340045,32674,11522,0.03512730775400996,0.0,0.0,0.0,0.0,0.0,0.0,/kaggle/input/datasets/shuvroahmedimaging/ws2-eca/test_set/test_set/images/before/before-video-005/frame_0038.jpg,/kaggle/input/datasets/shuvroahmedimaging/ws2-eca/test_set/test_set/masks/before/before-video-005/frame_0038.jpg
before-video-005,frame_0039.jpg,continued_baseline_corrected_crop,baseline,0,none,0.0,0.0,0.0,0.3847581222735855,0.5557044455415285,0.405760780005493,0.8814229249011858,29128,13409,0.03512730775400996,0.0,0.0,0.0,0.0,0.0,0.0,/kaggle/input/datasets/shuvroahmedimaging/ws2-eca/test_set/test_set/images/before/before-video-005/frame_0039.jpg,/kaggle/input/datasets/shuvroahmedimaging/ws2-eca/test_set/test_set/masks/before/before-video-005/frame_0039.jpg
before-video-005,frame_0040.jpg,continued_baseline_corrected_crop,baseline,0,none,0.0,0.0,0.0,0.5302216252518469,0.6929997805573842,0.5794022913523872,0.8620041247118767,24527,16486,0.03512730775400996,0.0,0.0,0.0,0.0,0.0,0.0,/kaggle/input/datasets/shuvroahmedimaging/ws2-eca/test_set/test_set/images/before/before-video-005/frame_0040.jpg,/kaggle/input/datasets/shuvroahmedimaging/ws2-eca/test_set/test_set/masks/before/before-video-005/frame_0040.jpg
before-video-005,frame_0041.jpg,continued_baseline_corrected_crop,baseline,0,none,0.0,0.0,0.0,0.5067618020409856,0.6726501844612081,0.5437792121077232,0.8815760987226673,22465,13857,0.03512730775400996,0.0,0.0,0.0,0.0,0.0,0.0,/kaggle/input/datasets/shuvroahmedimaging/ws2-eca/test_set/test_set/images/before/before-video-005/frame_0041.jpg,/kaggle/input/datasets/shuvroahmedimaging/ws2-eca/test_set/test_set/masks/before/before-video-005/frame_0041.jpg
before-video-005,frame_0042.jpg,continued_baseline_corrected_crop,baseline,0,none,0.0,0.0,0.0,0.4736235103156636,0.64280124061567,0.5292096219931272,0.8184837971506607,20952,13547,0.03512730775400996,0.0,0.0,0.0,0.0,0.0,0.0,/kaggle/input/datasets/shuvroahmedimaging/ws2-eca/test_set/test_set/images/before/before-video-005/frame_0042.jpg,/kaggle/input/datasets/shuvroahmedimaging/ws2-eca/test_set/test_set/masks/before/before-video-005/frame_0042.jpg
before-video-005,frame_0043.jpg,continued_baseline_corrected_crop,baseline,0,none,0.0,0.0,0.0,0.4306080655324512,0.6019930628200187,0.4716590458114054,0.8318624467437614,23182,13144,0.03512730775400996,0.0,0.0,0.0,0.0,0.0,0.0,/kaggle/input/datasets/shuvroahmedimaging/ws2-eca/test_set/test_set/images/before/before-video-005/frame_0043.jpg,/kaggle/input/datasets/shuvroahmedimaging/ws2-eca/test_set/test_set/masks/before/before-video-005/frame_0043.jpg
before-video-005,frame_0044.jpg,continued_baseline_corrected_crop,baseline,0,none,0.0,0.0,0.0,0.35563883630181975,0.5246808025535795,0.3924034444539176,0.791487532244196,23458,11630,0.03512730775400996,0.0,0.0,0.0,0.0,0.0,0.0,/kaggle/input/datasets/shuvroahmedimaging/ws2-eca/test_set/test_set/images/before/before-video-005/frame_0044.jpg,/kaggle/input/datasets/shuvroahmedimaging/ws2-eca/test_set/test_set/masks/before/before-video-005/frame_0044.jpg
before-video-005,frame_0045.jpg,continued_baseline_corrected_crop,baseline,0,none,0.0,0.0,0.0,0.27363321254135814,0.42968919127880006,0.2953656462585034,0.7880884855360182,23520,8815,0.03512730775400996,0.0,0.0,0.0,0.0,0.0,0.0,/kaggle/input/datasets/shuvroahmedimaging/ws2-eca/test_set/test_set/images/before/before-video-005/frame_0045.jpg,/kaggle/input/datasets/shuvroahmedimaging/ws2-eca/test_set/test_set/masks/before/before-video-005/frame_0045.jpg
before-video-005,frame_0046.jpg,continued_baseline_corrected_crop,baseline,0,none,0.0,0.0,0.0,0.3048163053355835,0.46721719231917225,0.3248777788026935,0.8315429111084878,21682,8471,0.03512730775400996,0.0,0.0,0.0,0.0,0.0,0.0,/kaggle/input/datasets/shuvroahmedimaging/ws2-eca/test_set/test_set/images/before/before-video-005/frame_0046.jpg,/kaggle/input/datasets/shuvroahmedimaging/ws2-eca/test_set/test_set/masks/before/before-video-005/frame_0046.jpg
before-video-005,frame_0047.jpg,continued_baseline_corrected_crop,baseline,0,none,0.0,0.0,0.0,0.27704794970441965,0.43388809287629965,0.3048213916993599,0.7525168854339238,19372,7847,0.03512730775400996,0.0,0.0,0.0,0.0,0.0,0.0,/kaggle/input/datasets/shuvroahmedimaging/ws2-eca/test_set/test_set/images/before/before-video-005/frame_0047.jpg,/kaggle/input/datasets/shuvroahmedimaging/ws2-eca/test_set/test_set/masks/before/before-video-005/frame_0047.jpg
before-video-005,frame_0048.jpg,continued_baseline_corrected_crop,baseline,0,none,0.0,0.0,0.0,0.30937468933293566,0.47255333687647105,0.33161063455698225,0.8218671596461112,18769,7573,0.03512730775400996,0.0,0.0,0.0,0.0,0.0,0.0,/kaggle/input/datasets/shuvroahmedimaging/ws2-eca/test_set/test_set/images/before/before-video-005/frame_0048.jpg,/kaggle/input/datasets/shuvroahmedimaging/ws2-eca/test_set/test_set/masks/before/before-video-005/frame_0048.jpg
before-video-005,frame_0049.jpg,continued_baseline_corrected_crop,baseline,0,none,0.0,0.0,0.0,0.3563760146635245,0.5254826254826255,0.42084106369820656,0.6993833504624871,16170,9730,0.03512730775400996,0.0,0.0,0.0,0.0,0.0,0.0,/kaggle/input/datasets/shuvroahmedimaging/ws2-eca/test_set/test_set/images/before/before-video-005/frame_0049.jpg,/kaggle/input/datasets/shuvroahmedimaging/ws2-eca/test_set/test_set/masks/before/before-video-005/frame_0049.jpg
before-video-005,frame_0050.jpg,continued_baseline_corrected_crop,baseline,0,none,0.0,0.0,0.0,0.34798206278026905,0.5163007318695941,0.3852072474559444,0.7826525466464952,20145,9915,0.03512730775400996,0.0,0.0,0.0,0.0,0.0,0.0,/kaggle/input/datasets/shuvroahmedimaging/ws2-eca/test_set/test_set/images/before/before-video-005/frame_0050.jpg,/kaggle/input/datasets/shuvroahmedimaging/ws2-eca/test_set/test_set/masks/before/before-video-005/frame_0050.jpg
before-video-005,frame_0051.jpg,continued_baseline_corrected_crop,baseline,0,none,0.0,0.0,0.0,0.3629939562993956,0.5326420628965141,0.3886510701841712,0.8461205028175119,20090,9228,0.03512730775400996,0.0,0.0,0.0,0.0,0.0,0.0,/kaggle/input/datasets/shuvroahmedimaging/ws2-eca/test_set/test_set/images/before/before-video-005/frame_0051.jpg,/kaggle/input/datasets/shuvroahmedimaging/ws2-eca/test_set/test_set/masks/before/before-video-005/frame_0051.jpg
before-video-005,frame_0052.jpg,continued_baseline_corrected_crop,baseline,0,none,0.0,0.0,0.0,0.36970010341261633,0.5398263495658739,0.4046406338426712,0.8106575963718821,17670,8820,0.03512730775400996,0.0,0.0,0.0,0.0,0.0,0.0,/kaggle/input/datasets/shuvroahmedimaging/ws2-eca/test_set/test_set/images/before/before-video-005/frame_0052.jpg,/kaggle/input/datasets/shuvroahmedimaging/ws2-eca/test_set/test_set/masks/before/before-video-005/frame_0052.jpg
before-video-005,frame_0053.jpg,continued_baseline_corrected_crop,baseline,0,none,0.0,0.0,0.0,0.44709587123862843,0.6179215629382465,0.48961606253352746,0.8373525557011795,13049,7630,0.03512730775400996,0.0,0.0,0.0,0.0,0.0,0.0,/kaggle/input/datasets/shuvroahmedimaging/ws2-eca/test_set/test_set/images/before/before-video-005/frame_0053.jpg,/kaggle/input/datasets/shuvroahmedimaging/ws2-eca/test_set/test_set/masks/before/before-video-005/frame_0053.jpg
before-video-005,frame_0054.jpg,continued_baseline_corrected_crop,baseline,0,none,0.0,0.0,0.0,0.4859888994178963,0.654094925753849,0.5101968308107724,0.91105189696739,14073,7881,0.03512730775400996,0.0,0.0,0.0,0.0,0.0,0.0,/kaggle/input/datasets/shuvroahmedimaging/ws2-eca/test_set/test_set/images/before/before-video-005/frame_0054.jpg,/kaggle/input/datasets/shuvroahmedimaging/ws2-eca/test_set/test_set/masks/before/before-video-005/frame_0054.jpg
before-video-005,frame_0055.jpg,continued_baseline_corrected_crop,baseline,0,none,0.0,0.0,0.0,0.48714312141579824,0.6551395281336816,0.49977857911052065,0.950661853188929,15807,8310,0.03512730775400996,0.0,0.0,0.0,0.0,0.0,0.0,/kaggle/input/datasets/shuvroahmedimaging/ws2-eca/test_set/test_set/images/before/before-video-005/frame_0055.jpg,/kaggle/input/datasets/shuvroahmedimaging/ws2-eca/test_set/test_set/masks/before/before-video-005/frame_0055.jpg
before-video-006,frame_0001.jpg,continued_baseline_corrected_crop,baseline,0,none,0.0,0.0,0.0,0.22107391597393844,0.36209751609935603,0.2224608602272085,0.9725722757598221,17693,4047,0.03512730775400996,0.0,0.0,0.0,0.0,0.0,0.0,/kaggle/input/datasets/shuvroahmedimaging/ws2-eca/test_set/test_set/images/before/before-video-006/frame_0001.jpg,/kaggle/input/datasets/shuvroahmedimaging/ws2-eca/test_set/test_set/masks/before/before-video-006/frame_0001.jpg
before-video-006,frame_0002.jpg,continued_baseline_corrected_crop,baseline,0,none,0.0,0.0,0.0,0.19914651493598862,0.33214709371293,0.19962859795728877,0.988019038240604,30156,6093,0.03512730775400996,0.0,0.0,0.0,0.0,0.0,0.0,/kaggle/input/datasets/shuvroahmedimaging/ws2-eca/test_set/test_set/images/before/before-video-006/frame_0002.jpg,/kaggle/input/datasets/shuvroahmedimaging/ws2-eca/test_set/test_set/masks/before/before-video-006/frame_0002.jpg
before-video-006,frame_0003.jpg,continued_baseline_corrected_crop,baseline,0,none,0.0,0.0,0.0,0.2746651021805026,0.43096041730592205,0.2802926991518377,0.9318810129381843,30065,9043,0.03512730775400996,0.0,0.0,0.0,0.0,0.0,0.0,/kaggle/input/datasets/shuvroahmedimaging/ws2-eca/test_set/test_set/images/before/before-video-006/frame_0003.jpg,/kaggle/input/datasets/shuvroahmedimaging/ws2-eca/test_set/test_set/masks/before/before-video-006/frame_0003.jpg
before-video-006,frame_0004.jpg,continued_baseline_corrected_crop,baseline,0,none,0.0,0.0,0.0,0.36319869729901944,0.5328624477394894,0.36807174887892374,0.9648297912356592,27875,10634,0.03512730775400996,0.0,0.0,0.0,0.0,0.0,0.0,/kaggle/input/datasets/shuvroahmedimaging/ws2-eca/test_set/test_set/images/before/before-video-006/frame_0004.jpg,/kaggle/input/datasets/shuvroahmedimaging/ws2-eca/test_set/test_set/masks/before/before-video-006/frame_0004.jpg
before-video-006,frame_0005.jpg,continued_baseline_corrected_crop,baseline,0,none,0.0,0.0,0.0,0.38570164442150284,0.5566878641939175,0.4068528313627878,0.881223148850139,25712,11871,0.03512730775400996,0.0,0.0,0.0,0.0,0.0,0.0,/kaggle/input/datasets/shuvroahmedimaging/ws2-eca/test_set/test_set/images/before/before-video-006/frame_0005.jpg,/kaggle/input/datasets/shuvroahmedimaging/ws2-eca/test_set/test_set/masks/before/before-video-006/frame_0005.jpg
before-video-006,frame_0006.jpg,continued_baseline_corrected_crop,baseline,0,none,0.0,0.0,0.0,0.42535881174899864,0.5968445394139859,0.44172443674176776,0.9198772895425427,23080,11083,0.03512730775400996,0.0,0.0,0.0,0.0,0.0,0.0,/kaggle/input/datasets/shuvroahmedimaging/ws2-eca/test_set/test_set/images/before/before-video-006/frame_0006.jpg,/kaggle/input/datasets/shuvroahmedimaging/ws2-eca/test_set/test_set/masks/before/before-video-006/frame_0006.jpg
before-video-006,frame_0007.jpg,continued_baseline_corrected_crop,baseline,0,none,0.0,0.0,0.0,0.42004530534880496,0.5915942312074747,0.43806952413094835,0.9107858861267041,20741,9976,0.03512730775400996,0.0,0.0,0.0,0.0,0.0,0.0,/kaggle/input/datasets/shuvroahmedimaging/ws2-eca/test_set/test_set/images/before/before-video-006/frame_0007.jpg,/kaggle/input/datasets/shuvroahmedimaging/ws2-eca/test_set/test_set/masks/before/before-video-006/frame_0007.jpg
before-video-006,frame_0008.jpg,continued_baseline_corrected_crop,baseline,0,none,0.0,0.0,0.0,0.3267652671755725,0.4925743464346075,0.35052970981114695,0.828174123337364,19539,8270,0.03512730775400996,0.0,0.0,0.0,0.0,0.0,0.0,/kaggle/input/datasets/shuvroahmedimaging/ws2-eca/test_set/test_set/images/before/before-video-006/frame_0008.jpg,/kaggle/input/datasets/shuvroahmedimaging/ws2-eca/test_set/test_set/masks/before/before-video-006/frame_0008.jpg
before-video-006,frame_0009.jpg,continued_baseline_corrected_crop,baseline,0,none,0.0,0.0,0.0,0.3915488366407237,0.5627525622254759,0.4077484511584486,0.9078798185941043,23566,10584,0.03512730775400996,0.0,0.0,0.0,0.0,0.0,0.0,/kaggle/input/datasets/shuvroahmedimaging/ws2-eca/test_set/test_set/images/before/before-video-006/frame_0009.jpg,/kaggle/input/datasets/shuvroahmedimaging/ws2-eca/test_set/test_set/masks/before/before-video-006/frame_0009.jpg
before-video-006,frame_0010.jpg,continued_baseline_corrected_crop,baseline,0,none,0.0,0.0,0.0,0.4234085109317884,0.5949219885647834,0.4550441034763917,0.8589618021547503,26982,14294,0.03512730775400996,0.0,0.0,0.0,0.0,0.0,0.0,/kaggle/input/datasets/shuvroahmedimaging/ws2-eca/test_set/test_set/images/before/before-video-006/frame_0010.jpg,/kaggle/input/datasets/shuvroahmedimaging/ws2-eca/test_set/test_set/masks/before/before-video-006/frame_0010.jpg
before-video-006,frame_0011.jpg,continued_baseline_corrected_crop,baseline,0,none,0.0,0.0,0.0,0.4129070281420362,0.5844786952259787,0.47137186301554196,0.7690027989682234,29726,18221,0.03512730775400996,0.0,0.0,0.0,0.0,0.0,0.0,/kaggle/input/datasets/shuvroahmedimaging/ws2-eca/test_set/test_set/images/before/before-video-006/frame_0011.jpg,/kaggle/input/datasets/shuvroahmedimaging/ws2-eca/test_set/test_set/masks/before/before-video-006/frame_0011.jpg
before-video-006,frame_0012.jpg,continued_baseline_corrected_crop,baseline,0,none,0.0,0.0,0.0,0.43489896962397967,0.6061736454350461,0.4942402007375585,0.7836518174694075,26303,16589,0.03512730775400996,0.0,0.0,0.0,0.0,0.0,0.0,/kaggle/input/datasets/shuvroahmedimaging/ws2-eca/test_set/test_set/images/before/before-video-006/frame_0012.jpg,/kaggle/input/datasets/shuvroahmedimaging/ws2-eca/test_set/test_set/masks/before/before-video-006/frame_0012.jpg
before-video-006,frame_0013.jpg,continued_baseline_corrected_crop,baseline,0,none,0.0,0.0,0.0,0.4099355063622102,0.5814954010483632,0.46880357214049356,0.7655100579389362,25083,15361,0.03512730775400996,0.0,0.0,0.0,0.0,0.0,0.0,/kaggle/input/datasets/shuvroahmedimaging/ws2-eca/test_set/test_set/images/before/before-video-006/frame_0013.jpg,/kaggle/input/datasets/shuvroahmedimaging/ws2-eca/test_set/test_set/masks/before/before-video-006/frame_0013.jpg
before-video-006,frame_0014.jpg,continued_baseline_corrected_crop,baseline,0,none,0.0,0.0,0.0,0.315902918480838,0.48013104013104013,0.36228803084985417,0.7115944843658963,20227,10298,0.03512730775400996,0.0,0.0,0.0,0.0,0.0,0.0,/kaggle/input/datasets/shuvroahmedimaging/ws2-eca/test_set/test_set/images/before/before-video-006/frame_0014.jpg,/kaggle/input/datasets/shuvroahmedimaging/ws2-eca/test_set/test_set/masks/before/before-video-006/frame_0014.jpg
before-video-006,frame_0015.jpg,continued_baseline_corrected_crop,baseline,0,none,0.0,0.0,0.0,0.35630997833040967,0.5254108338405356,0.3882610895597909,0.8123750147041524,17787,8501,0.03512730775400996,0.0,0.0,0.0,0.0,0.0,0.0,/kaggle/input/datasets/shuvroahmedimaging/ws2-eca/test_set/test_set/images/before/before-video-006/frame_0015.jpg,/kaggle/input/datasets/shuvroahmedimaging/ws2-eca/test_set/test_set/masks/before/before-video-006/frame_0015.jpg
before-video-006,frame_0016.jpg,continued_baseline_corrected_crop,baseline,0,none,0.0,0.0,0.0,0.38630972551677395,0.5573209484233683,0.393809589608954,0.9530178899849524,14474,5981,0.03512730775400996,0.0,0.0,0.0,0.0,0.0,0.0,/kaggle/input/datasets/shuvroahmedimaging/ws2-eca/test_set/test_set/images/before/before-video-006/frame_0016.jpg,/kaggle/input/datasets/shuvroahmedimaging/ws2-eca/test_set/test_set/masks/before/before-video-006/frame_0016.jpg
before-video-006,frame_0017.jpg,continued_baseline_corrected_crop,baseline,0,none,0.0,0.0,0.0,0.43151186639320244,0.6028757099728803,0.4467278380222947,0.9268407803650094,13187,6356,0.03512730775400996,0.0,0.0,0.0,0.0,0.0,0.0,/kaggle/input/datasets/shuvroahmedimaging/ws2-eca/test_set/test_set/images/before/before-video-006/frame_0017.jpg,/kaggle/input/datasets/shuvroahmedimaging/ws2-eca/test_set/test_set/masks/before/before-video-006/frame_0017.jpg
before-video-006,frame_0018.jpg,continued_baseline_corrected_crop,baseline,0,none,0.0,0.0,0.0,0.3225339890078102,0.4877515310586177,0.3317465040166617,0.9207266721717589,10083,3633,0.03512730775400996,0.0,0.0,0.0,0.0,0.0,0.0,/kaggle/input/datasets/shuvroahmedimaging/ws2-eca/test_set/test_set/images/before/before-video-006/frame_0018.jpg,/kaggle/input/datasets/shuvroahmedimaging/ws2-eca/test_set/test_set/masks/before/before-video-006/frame_0018.jpg
before-video-006,frame_0019.jpg,continued_baseline_corrected_crop,baseline,0,none,0.0,0.0,0.0,0.4144014401440144,0.5859742904416444,0.423122874735778,0.9526174218911649,10881,4833,0.03512730775400996,0.0,0.0,0.0,0.0,0.0,0.0,/kaggle/input/datasets/shuvroahmedimaging/ws2-eca/test_set/test_set/images/before/before-video-006/frame_0019.jpg,/kaggle/input/datasets/shuvroahmedimaging/ws2-eca/test_set/test_set/masks/before/before-video-006/frame_0019.jpg
before-video-006,frame_0020.jpg,continued_baseline_corrected_crop,baseline,0,none,0.0,0.0,0.0,0.23344532350709873,0.3785256128635445,0.2364175172867962,0.9488986784140969,9111,2270,0.03512730775400996,0.0,0.0,0.0,0.0,0.0,0.0,/kaggle/input/datasets/shuvroahmedimaging/ws2-eca/test_set/test_set/images/before/before-video-006/frame_0020.jpg,/kaggle/input/datasets/shuvroahmedimaging/ws2-eca/test_set/test_set/masks/before/before-video-006/frame_0020.jpg
before-video-006,frame_0021.jpg,continued_baseline_corrected_crop,baseline,0,none,0.0,0.0,0.0,0.21279527559055117,0.35091705891900665,0.21568236233040702,0.9408181026979983,10024,2298,0.03512730775400996,0.0,0.0,0.0,0.0,0.0,0.0,/kaggle/input/datasets/shuvroahmedimaging/ws2-eca/test_set/test_set/images/before/before-video-006/frame_0021.jpg,/kaggle/input/datasets/shuvroahmedimaging/ws2-eca/test_set/test_set/masks/before/before-video-006/frame_0021.jpg
before-video-006,frame_0022.jpg,continued_baseline_corrected_crop,baseline,0,none,0.0,0.0,0.0,0.17373737373737375,0.29604130808950085,0.17616934107203824,0.926391382405745,11716,2228,0.03512730775400996,0.0,0.0,0.0,0.0,0.0,0.0,/kaggle/input/datasets/shuvroahmedimaging/ws2-eca/test_set/test_set/images/before/before-video-006/frame_0022.jpg,/kaggle/input/datasets/shuvroahmedimaging/ws2-eca/test_set/test_set/masks/before/before-video-006/frame_0022.jpg
before-video-006,frame_0023.jpg,continued_baseline_corrected_crop,baseline,0,none,0.0,0.0,0.0,0.09242184123325169,0.16920540718760305,0.09470032477118394,0.7934446505875077,13548,1617,0.03512730775400996,0.0,0.0,0.0,0.0,0.0,0.0,/kaggle/input/datasets/shuvroahmedimaging/ws2-eca/test_set/test_set/images/before/before-video-006/frame_0023.jpg,/kaggle/input/datasets/shuvroahmedimaging/ws2-eca/test_set/test_set/masks/before/before-video-006/frame_0023.jpg
before-video-006,frame_0024.jpg,continued_baseline_corrected_crop,baseline,0,none,0.0,0.0,0.0,0.15651729860845143,0.2706700518821062,0.16333599786837197,0.789439793947199,15012,3106,0.03512730775400996,0.0,0.0,0.0,0.0,0.0,0.0,/kaggle/input/datasets/shuvroahmedimaging/ws2-eca/test_set/test_set/images/before/before-video-006/frame_0024.jpg,/kaggle/input/datasets/shuvroahmedimaging/ws2-eca/test_set/test_set/masks/before/before-video-006/frame_0024.jpg
before-video-006,frame_0025.jpg,continued_baseline_corrected_crop,baseline,0,none,0.0,0.0,0.0,0.22975377374734546,0.373658172314011,0.23651403249630723,0.8893579204621195,16925,4501,0.03512730775400996,0.0,0.0,0.0,0.0,0.0,0.0,/kaggle/input/datasets/shuvroahmedimaging/ws2-eca/test_set/test_set/images/before/before-video-006/frame_0025.jpg,/kaggle/input/datasets/shuvroahmedimaging/ws2-eca/test_set/test_set/masks/before/before-video-006/frame_0025.jpg
before-video-006,frame_0026.jpg,continued_baseline_corrected_crop,baseline,0,none,0.0,0.0,0.0,0.237436228229637,0.38375509430385746,0.25436612639778866,0.7810570987654321,15918,5184,0.03512730775400996,0.0,0.0,0.0,0.0,0.0,0.0,/kaggle/input/datasets/shuvroahmedimaging/ws2-eca/test_set/test_set/images/before/before-video-006/frame_0026.jpg,/kaggle/input/datasets/shuvroahmedimaging/ws2-eca/test_set/test_set/masks/before/before-video-006/frame_0026.jpg
before-video-006,frame_0027.jpg,continued_baseline_corrected_crop,baseline,0,none,0.0,0.0,0.0,0.312838829006952,0.47658375437232803,0.381000466055616,0.6361867704280155,12874,7710,0.03512730775400996,0.0,0.0,0.0,0.0,0.0,0.0,/kaggle/input/datasets/shuvroahmedimaging/ws2-eca/test_set/test_set/images/before/before-video-006/frame_0027.jpg,/kaggle/input/datasets/shuvroahmedimaging/ws2-eca/test_set/test_set/masks/before/before-video-006/frame_0027.jpg
before-video-006,frame_0028.jpg,continued_baseline_corrected_crop,baseline,0,none,0.0,0.0,0.0,0.35959715639810425,0.5289760348583878,0.46406727828746175,0.6149949341438703,11772,8883,0.03512730775400996,0.0,0.0,0.0,0.0,0.0,0.0,/kaggle/input/datasets/shuvroahmedimaging/ws2-eca/test_set/test_set/images/before/before-video-006/frame_0028.jpg,/kaggle/input/datasets/shuvroahmedimaging/ws2-eca/test_set/test_set/masks/before/before-video-006/frame_0028.jpg
before-video-006,frame_0029.jpg,continued_baseline_corrected_crop,baseline,0,none,0.0,0.0,0.0,0.3594466842763798,0.5288132126604285,0.4691100426381203,0.6059292242793531,11023,8534,0.03512730775400996,0.0,0.0,0.0,0.0,0.0,0.0,/kaggle/input/datasets/shuvroahmedimaging/ws2-eca/test_set/test_set/images/before/before-video-006/frame_0029.jpg,/kaggle/input/datasets/shuvroahmedimaging/ws2-eca/test_set/test_set/masks/before/before-video-006/frame_0029.jpg
before-video-006,frame_0030.jpg,continued_baseline_corrected_crop,baseline,0,none,0.0,0.0,0.0,0.4097620171239803,0.5813208359236766,0.5140392422192152,0.6688676130736216,11824,9087,0.03512730775400996,0.0,0.0,0.0,0.0,0.0,0.0,/kaggle/input/datasets/shuvroahmedimaging/ws2-eca/test_set/test_set/images/before/before-video-006/frame_0030.jpg,/kaggle/input/datasets/shuvroahmedimaging/ws2-eca/test_set/test_set/masks/before/before-video-006/frame_0030.jpg
before-video-006,frame_0031.jpg,continued_baseline_corrected_crop,baseline,0,none,0.0,0.0,0.0,0.3606751370204285,0.5301414381837323,0.43818099273607747,0.6709535395666782,13216,8631,0.03512730775400996,0.0,0.0,0.0,0.0,0.0,0.0,/kaggle/input/datasets/shuvroahmedimaging/ws2-eca/test_set/test_set/images/before/before-video-006/frame_0031.jpg,/kaggle/input/datasets/shuvroahmedimaging/ws2-eca/test_set/test_set/masks/before/before-video-006/frame_0031.jpg
before-video-006,frame_0032.jpg,continued_baseline_corrected_crop,baseline,0,none,0.0,0.0,0.0,0.36046655146877316,0.5299160807439328,0.3841246876233066,0.8540722327825706,15206,6839,0.03512730775400996,0.0,0.0,0.0,0.0,0.0,0.0,/kaggle/input/datasets/shuvroahmedimaging/ws2-eca/test_set/test_set/images/before/before-video-006/frame_0032.jpg,/kaggle/input/datasets/shuvroahmedimaging/ws2-eca/test_set/test_set/masks/before/before-video-006/frame_0032.jpg
before-video-006,frame_0033.jpg,continued_baseline_corrected_crop,baseline,0,none,0.0,0.0,0.0,0.41744933267424617,0.5890148212728857,0.42802838317283326,0.9441028507546115,11838,5367,0.03512730775400996,0.0,0.0,0.0,0.0,0.0,0.0,/kaggle/input/datasets/shuvroahmedimaging/ws2-eca/test_set/test_set/images/before/before-video-006/frame_0033.jpg,/kaggle/input/datasets/shuvroahmedimaging/ws2-eca/test_set/test_set/masks/before/before-video-006/frame_0033.jpg
before-video-006,frame_0034.jpg,continued_baseline_corrected_crop,baseline,0,none,0.0,0.0,0.0,0.38271965712059225,0.5535752025361043,0.3916467304625199,0.9437905356713908,10032,4163,0.03512730775400996,0.0,0.0,0.0,0.0,0.0,0.0,/kaggle/input/datasets/shuvroahmedimaging/ws2-eca/test_set/test_set/images/before/before-video-006/frame_0034.jpg,/kaggle/input/datasets/shuvroahmedimaging/ws2-eca/test_set/test_set/masks/before/before-video-006/frame_0034.jpg
before-video-006,frame_0035.jpg,continued_baseline_corrected_crop,baseline,0,none,0.0,0.0,0.0,0.3530038346825735,0.5218075893560069,0.38008945980043585,0.8320361536530254,8719,3983,0.03512730775400996,0.0,0.0,0.0,0.0,0.0,0.0,/kaggle/input/datasets/shuvroahmedimaging/ws2-eca/test_set/test_set/images/before/before-video-006/frame_0035.jpg,/kaggle/input/datasets/shuvroahmedimaging/ws2-eca/test_set/test_set/masks/before/before-video-006/frame_0035.jpg
before-video-006,frame_0036.jpg,continued_baseline_corrected_crop,baseline,0,none,0.0,0.0,0.0,0.45582107322051196,0.6262048016823413,0.4775906620333244,0.9090909090909091,11223,5896,0.03512730775400996,0.0,0.0,0.0,0.0,0.0,0.0,/kaggle/input/datasets/shuvroahmedimaging/ws2-eca/test_set/test_set/images/before/before-video-006/frame_0036.jpg,/kaggle/input/datasets/shuvroahmedimaging/ws2-eca/test_set/test_set/masks/before/before-video-006/frame_0036.jpg
before-video-006,frame_0037.jpg,continued_baseline_corrected_crop,baseline,0,none,0.0,0.0,0.0,0.41473636086558974,0.5863090429256207,0.43898701508186144,0.8824578469520103,12399,6168,0.03512730775400996,0.0,0.0,0.0,0.0,0.0,0.0,/kaggle/input/datasets/shuvroahmedimaging/ws2-eca/test_set/test_set/images/before/before-video-006/frame_0037.jpg,/kaggle/input/datasets/shuvroahmedimaging/ws2-eca/test_set/test_set/masks/before/before-video-006/frame_0037.jpg
before-video-006,frame_0038.jpg,continued_baseline_corrected_crop,baseline,0,none,0.0,0.0,0.0,0.4199932531204318,0.5915426037377257,0.4296807592752373,0.9490534874857071,17385,7871,0.03512730775400996,0.0,0.0,0.0,0.0,0.0,0.0,/kaggle/input/datasets/shuvroahmedimaging/ws2-eca/test_set/test_set/images/before/before-video-006/frame_0038.jpg,/kaggle/input/datasets/shuvroahmedimaging/ws2-eca/test_set/test_set/masks/before/before-video-006/frame_0038.jpg
before-video-007,frame_0001.jpg,continued_baseline_corrected_crop,baseline,0,none,0.0,0.0,0.0,0.448502886002886,0.6192640557873109,0.470504754245707,0.905581353000091,21139,10983,0.03512730775400996,0.0,0.0,0.0,0.0,0.0,0.0,/kaggle/input/datasets/shuvroahmedimaging/ws2-eca/test_set/test_set/images/before/before-video-007/frame_0001.jpg,/kaggle/input/datasets/shuvroahmedimaging/ws2-eca/test_set/test_set/masks/before/before-video-007/frame_0001.jpg
before-video-007,frame_0002.jpg,continued_baseline_corrected_crop,baseline,0,none,0.0,0.0,0.0,0.436161058018932,0.6073985303856949,0.5327211373568623,0.7064260563380281,18077,13632,0.03512730775400996,0.0,0.0,0.0,0.0,0.0,0.0,/kaggle/input/datasets/shuvroahmedimaging/ws2-eca/test_set/test_set/images/before/before-video-007/frame_0002.jpg,/kaggle/input/datasets/shuvroahmedimaging/ws2-eca/test_set/test_set/masks/before/before-video-007/frame_0002.jpg
before-video-007,frame_0003.jpg,continued_baseline_corrected_crop,baseline,0,none,0.0,0.0,0.0,0.4310357142857143,0.6024108412987597,0.4828758902136513,0.8005970149253732,24994,15075,0.03512730775400996,0.0,0.0,0.0,0.0,0.0,0.0,/kaggle/input/datasets/shuvroahmedimaging/ws2-eca/test_set/test_set/images/before/before-video-007/frame_0003.jpg,/kaggle/input/datasets/shuvroahmedimaging/ws2-eca/test_set/test_set/masks/before/before-video-007/frame_0003.jpg
before-video-007,frame_0004.jpg,continued_baseline_corrected_crop,baseline,0,none,0.0,0.0,0.0,0.408822910086334,0.580375158807264,0.4573616018845701,0.7939071764465344,25470,14673,0.03512730775400996,0.0,0.0,0.0,0.0,0.0,0.0,/kaggle/input/datasets/shuvroahmedimaging/ws2-eca/test_set/test_set/images/before/before-video-007/frame_0004.jpg,/kaggle/input/datasets/shuvroahmedimaging/ws2-eca/test_set/test_set/masks/before/before-video-007/frame_0004.jpg
before-video-007,frame_0005.jpg,continued_baseline_corrected_crop,baseline,0,none,0.0,0.0,0.0,0.4114160633103216,0.5829833937774385,0.46551592745008386,0.779742149604289,26244,15668,0.03512730775400996,0.0,0.0,0.0,0.0,0.0,0.0,/kaggle/input/datasets/shuvroahmedimaging/ws2-eca/test_set/test_set/images/before/before-video-007/frame_0005.jpg,/kaggle/input/datasets/shuvroahmedimaging/ws2-eca/test_set/test_set/masks/before/before-video-007/frame_0005.jpg
before-video-007,frame_0006.jpg,continued_baseline_corrected_crop,baseline,0,none,0.0,0.0,0.0,0.46047065044949764,0.6305784375848646,0.48863636363636365,0.8887471293697372,28512,15676,0.03512730775400996,0.0,0.0,0.0,0.0,0.0,0.0,/kaggle/input/datasets/shuvroahmedimaging/ws2-eca/test_set/test_set/images/before/before-video-007/frame_0006.jpg,/kaggle/input/datasets/shuvroahmedimaging/ws2-eca/test_set/test_set/masks/before/before-video-007/frame_0006.jpg
before-video-007,frame_0007.jpg,continued_baseline_corrected_crop,baseline,0,none,0.0,0.0,0.0,0.5778362289748736,0.7324413248519412,0.6076575920803611,0.9217180081704759,27476,18114,0.03512730775400996,0.0,0.0,0.0,0.0,0.0,0.0,/kaggle/input/datasets/shuvroahmedimaging/ws2-eca/test_set/test_set/images/before/before-video-007/frame_0007.jpg,/kaggle/input/datasets/shuvroahmedimaging/ws2-eca/test_set/test_set/masks/before/before-video-007/frame_0007.jpg
before-video-007,frame_0008.jpg,continued_baseline_corrected_crop,baseline,0,none,0.0,0.0,0.0,0.5144388325558084,0.6793788187372709,0.5442124153683009,0.9038748137108793,24518,14762,0.03512730775400996,0.0,0.0,0.0,0.0,0.0,0.0,/kaggle/input/datasets/shuvroahmedimaging/ws2-eca/test_set/test_set/images/before/before-video-007/frame_0008.jpg,/kaggle/input/datasets/shuvroahmedimaging/ws2-eca/test_set/test_set/masks/before/before-video-007/frame_0008.jpg
before-video-007,frame_0009.jpg,continued_baseline_corrected_crop,baseline,0,none,0.0,0.0,0.0,0.4782456549632567,0.6470448986033299,0.5034381139489195,0.90527710311327,24432,13587,0.03512730775400996,0.0,0.0,0.0,0.0,0.0,0.0,/kaggle/input/datasets/shuvroahmedimaging/ws2-eca/test_set/test_set/images/before/before-video-007/frame_0009.jpg,/kaggle/input/datasets/shuvroahmedimaging/ws2-eca/test_set/test_set/masks/before/before-video-007/frame_0009.jpg
before-video-007,frame_0010.jpg,continued_baseline_corrected_crop,baseline,0,none,0.0,0.0,0.0,0.3755130323543521,0.5459970549484616,0.3874711252887471,0.9240556138509969,18182,7624,0.03512730775400996,0.0,0.0,0.0,0.0,0.0,0.0,/kaggle/input/datasets/shuvroahmedimaging/ws2-eca/test_set/test_set/images/before/before-video-007/frame_0010.jpg,/kaggle/input/datasets/shuvroahmedimaging/ws2-eca/test_set/test_set/masks/before/before-video-007/frame_0010.jpg
before-video-008,frame_0001.jpg,continued_baseline_corrected_crop,baseline,0,none,0.0,0.0,0.0,0.4938143866120833,0.6611455761007047,0.5084769316286826,0.9448269925976932,21588,11618,0.03512730775400996,0.0,0.0,0.0,0.0,0.0,0.0,/kaggle/input/datasets/shuvroahmedimaging/ws2-eca/test_set/test_set/images/before/before-video-008/frame_0001.jpg,/kaggle/input/datasets/shuvroahmedimaging/ws2-eca/test_set/test_set/masks/before/before-video-008/frame_0001.jpg
before-video-008,frame_0002.jpg,continued_baseline_corrected_crop,baseline,0,none,0.0,0.0,0.0,0.2763388607785181,0.43301801624995095,0.27906506121622987,0.9658553668359307,19766,5711,0.03512730775400996,0.0,0.0,0.0,0.0,0.0,0.0,/kaggle/input/datasets/shuvroahmedimaging/ws2-eca/test_set/test_set/images/before/before-video-008/frame_0002.jpg,/kaggle/input/datasets/shuvroahmedimaging/ws2-eca/test_set/test_set/masks/before/before-video-008/frame_0002.jpg
before-video-008,frame_0003.jpg,continued_baseline_corrected_crop,baseline,0,none,0.0,0.0,0.0,0.25004907734589715,0.4000628165364532,0.25741423735664126,0.8973230010567101,19793,5678,0.03512730775400996,0.0,0.0,0.0,0.0,0.0,0.0,/kaggle/input/datasets/shuvroahmedimaging/ws2-eca/test_set/test_set/images/before/before-video-008/frame_0003.jpg,/kaggle/input/datasets/shuvroahmedimaging/ws2-eca/test_set/test_set/masks/before/before-video-008/frame_0003.jpg
before-video-008,frame_0004.jpg,continued_baseline_corrected_crop,baseline,0,none,0.0,0.0,0.0,0.18849299614552975,0.31719664610030057,0.1919670640049787,0.9124004550625711,20889,4395,0.03512730775400996,0.0,0.0,0.0,0.0,0.0,0.0,/kaggle/input/datasets/shuvroahmedimaging/ws2-eca/test_set/test_set/images/before/before-video-008/frame_0004.jpg,/kaggle/input/datasets/shuvroahmedimaging/ws2-eca/test_set/test_set/masks/before/before-video-008/frame_0004.jpg
before-video-008,frame_0005.jpg,continued_baseline_corrected_crop,baseline,0,none,0.0,0.0,0.0,0.24262308444734268,0.3905014923415002,0.2503258904167192,0.8874478234943352,23781,6708,0.03512730775400996,0.0,0.0,0.0,0.0,0.0,0.0,/kaggle/input/datasets/shuvroahmedimaging/ws2-eca/test_set/test_set/images/before/before-video-008/frame_0005.jpg,/kaggle/input/datasets/shuvroahmedimaging/ws2-eca/test_set/test_set/masks/before/before-video-008/frame_0005.jpg
before-video-008,frame_0006.jpg,continued_baseline_corrected_crop,baseline,0,none,0.0,0.0,0.0,0.18881144806109587,0.31764742570243554,0.22321076390410657,0.5505945945945946,22817,9250,0.03512730775400996,0.0,0.0,0.0,0.0,0.0,0.0,/kaggle/input/datasets/shuvroahmedimaging/ws2-eca/test_set/test_set/images/before/before-video-008/frame_0006.jpg,/kaggle/input/datasets/shuvroahmedimaging/ws2-eca/test_set/test_set/masks/before/before-video-008/frame_0006.jpg
before-video-008,frame_0007.jpg,continued_baseline_corrected_crop,baseline,0,none,0.0,0.0,0.0,0.24896903613615712,0.39867927696009847,0.29872525997987254,0.5991589571068124,23848,11890,0.03512730775400996,0.0,0.0,0.0,0.0,0.0,0.0,/kaggle/input/datasets/shuvroahmedimaging/ws2-eca/test_set/test_set/images/before/before-video-008/frame_0007.jpg,/kaggle/input/datasets/shuvroahmedimaging/ws2-eca/test_set/test_set/masks/before/before-video-008/frame_0007.jpg
before-video-008,frame_0008.jpg,continued_baseline_corrected_crop,baseline,0,none,0.0,0.0,0.0,0.25629987400251997,0.4080234015879649,0.2972720630023545,0.6502974869016961,24634,11261,0.03512730775400996,0.0,0.0,0.0,0.0,0.0,0.0,/kaggle/input/datasets/shuvroahmedimaging/ws2-eca/test_set/test_set/images/before/before-video-008/frame_0008.jpg,/kaggle/input/datasets/shuvroahmedimaging/ws2-eca/test_set/test_set/masks/before/before-video-008/frame_0008.jpg
before-video-008,frame_0009.jpg,continued_baseline_corrected_crop,baseline,0,none,0.0,0.0,0.0,0.39727096966091613,0.5686384077060217,0.4162284289665381,0.8971452560873215,25671,11910,0.03512730775400996,0.0,0.0,0.0,0.0,0.0,0.0,/kaggle/input/datasets/shuvroahmedimaging/ws2-eca/test_set/test_set/images/before/before-video-008/frame_0009.jpg,/kaggle/input/datasets/shuvroahmedimaging/ws2-eca/test_set/test_set/masks/before/before-video-008/frame_0009.jpg
before-video-008,frame_0010.jpg,continued_baseline_corrected_crop,baseline,0,none,0.0,0.0,0.0,0.34015353805073434,0.5076336828472516,0.3574660633484163,0.8753650575502491,28509,11642,0.03512730775400996,0.0,0.0,0.0,0.0,0.0,0.0,/kaggle/input/datasets/shuvroahmedimaging/ws2-eca/test_set/test_set/images/before/before-video-008/frame_0010.jpg,/kaggle/input/datasets/shuvroahmedimaging/ws2-eca/test_set/test_set/masks/before/before-video-008/frame_0010.jpg
before-video-008,frame_0011.jpg,continued_baseline_corrected_crop,baseline,0,none,0.0,0.0,0.0,0.30346059008587706,0.46562296151337246,0.3150600282485876,0.8918040979510244,22656,8004,0.03512730775400996,0.0,0.0,0.0,0.0,0.0,0.0,/kaggle/input/datasets/shuvroahmedimaging/ws2-eca/test_set/test_set/images/before/before-video-008/frame_0011.jpg,/kaggle/input/datasets/shuvroahmedimaging/ws2-eca/test_set/test_set/masks/before/before-video-008/frame_0011.jpg
before-video-008,frame_0012.jpg,continued_baseline_corrected_crop,baseline,0,none,0.0,0.0,0.0,0.2744416350611041,0.4306852938745143,0.28134787774057674,0.9178999295278365,18518,5676,0.03512730775400996,0.0,0.0,0.0,0.0,0.0,0.0,/kaggle/input/datasets/shuvroahmedimaging/ws2-eca/test_set/test_set/images/before/before-video-008/frame_0012.jpg,/kaggle/input/datasets/shuvroahmedimaging/ws2-eca/test_set/test_set/masks/before/before-video-008/frame_0012.jpg
before-video-008,frame_0013.jpg,continued_baseline_corrected_crop,baseline,0,none,0.0,0.0,0.0,0.19448518627163391,0.3256385068762279,0.19786614936954414,0.9192374350086655,13403,2885,0.03512730775400996,0.0,0.0,0.0,0.0,0.0,0.0,/kaggle/input/datasets/shuvroahmedimaging/ws2-eca/test_set/test_set/images/before/before-video-008/frame_0013.jpg,/kaggle/input/datasets/shuvroahmedimaging/ws2-eca/test_set/test_set/masks/before/before-video-008/frame_0013.jpg
before-video-008,frame_0014.jpg,continued_baseline_corrected_crop,baseline,0,none,0.0,0.0,0.0,0.11402186204297023,0.20470309592285568,0.11682919764410543,0.825938566552901,10357,1465,0.03512730775400996,0.0,0.0,0.0,0.0,0.0,0.0,/kaggle/input/datasets/shuvroahmedimaging/ws2-eca/test_set/test_set/images/before/before-video-008/frame_0014.jpg,/kaggle/input/datasets/shuvroahmedimaging/ws2-eca/test_set/test_set/masks/before/before-video-008/frame_0014.jpg
before-video-008,frame_0015.jpg,continued_baseline_corrected_crop,baseline,0,none,0.0,0.0,0.0,0.21555727554179566,0.35466411970709966,0.22389709576926942,0.8526597780329124,9951,2613,0.03512730775400996,0.0,0.0,0.0,0.0,0.0,0.0,/kaggle/input/datasets/shuvroahmedimaging/ws2-eca/test_set/test_set/images/before/before-video-008/frame_0015.jpg,/kaggle/input/datasets/shuvroahmedimaging/ws2-eca/test_set/test_set/masks/before/before-video-008/frame_0015.jpg
before-video-008,frame_0016.jpg,continued_baseline_corrected_crop,baseline,0,none,0.0,0.0,0.0,0.2812477117961485,0.4390216024688536,0.31701881809177945,0.7136752136752137,12116,5382,0.03512730775400996,0.0,0.0,0.0,0.0,0.0,0.0,/kaggle/input/datasets/shuvroahmedimaging/ws2-eca/test_set/test_set/images/before/before-video-008/frame_0016.jpg,/kaggle/input/datasets/shuvroahmedimaging/ws2-eca/test_set/test_set/masks/before/before-video-008/frame_0016.jpg
before-video-008,frame_0017.jpg,continued_baseline_corrected_crop,baseline,0,none,0.0,0.0,0.0,0.3581395348837209,0.5273972602739726,0.4282771406990318,0.686214104962042,14563,9089,0.03512730775400996,0.0,0.0,0.0,0.0,0.0,0.0,/kaggle/input/datasets/shuvroahmedimaging/ws2-eca/test_set/test_set/images/before/before-video-008/frame_0017.jpg,/kaggle/input/datasets/shuvroahmedimaging/ws2-eca/test_set/test_set/masks/before/before-video-008/frame_0017.jpg
before-video-008,frame_0018.jpg,continued_baseline_corrected_crop,baseline,0,none,0.0,0.0,0.0,0.34833966130295907,0.5166942296518124,0.35889475318224157,0.9221442246330568,16105,6268,0.03512730775400996,0.0,0.0,0.0,0.0,0.0,0.0,/kaggle/input/datasets/shuvroahmedimaging/ws2-eca/test_set/test_set/images/before/before-video-008/frame_0018.jpg,/kaggle/input/datasets/shuvroahmedimaging/ws2-eca/test_set/test_set/masks/before/before-video-008/frame_0018.jpg
before-video-008,frame_0019.jpg,continued_baseline_corrected_crop,baseline,0,none,0.0,0.0,0.0,0.333618425071782,0.5003206596426936,0.378578856152513,0.737474679270763,14425,7405,0.03512730775400996,0.0,0.0,0.0,0.0,0.0,0.0,/kaggle/input/datasets/shuvroahmedimaging/ws2-eca/test_set/test_set/images/before/before-video-008/frame_0019.jpg,/kaggle/input/datasets/shuvroahmedimaging/ws2-eca/test_set/test_set/masks/before/before-video-008/frame_0019.jpg
before-video-008,frame_0020.jpg,continued_baseline_corrected_crop,baseline,0,none,0.0,0.0,0.0,0.16824858757062147,0.28803559338427315,0.189163437718351,0.6034447821681864,15743,4935,0.03512730775400996,0.0,0.0,0.0,0.0,0.0,0.0,/kaggle/input/datasets/shuvroahmedimaging/ws2-eca/test_set/test_set/images/before/before-video-008/frame_0020.jpg,/kaggle/input/datasets/shuvroahmedimaging/ws2-eca/test_set/test_set/masks/before/before-video-008/frame_0020.jpg
before-video-008,frame_0021.jpg,continued_baseline_corrected_crop,baseline,0,none,0.0,0.0,0.0,0.1934270765206017,0.3241539936977668,0.22102509808806128,0.6077054794520548,16057,5840,0.03512730775400996,0.0,0.0,0.0,0.0,0.0,0.0,/kaggle/input/datasets/shuvroahmedimaging/ws2-eca/test_set/test_set/images/before/before-video-008/frame_0021.jpg,/kaggle/input/datasets/shuvroahmedimaging/ws2-eca/test_set/test_set/masks/before/before-video-008/frame_0021.jpg
before-video-008,frame_0022.jpg,continued_baseline_corrected_crop,baseline,0,none,0.0,0.0,0.0,0.3372882208033784,0.5044360902255639,0.4168634273642351,0.6385874738244812,16094,10506,0.03512730775400996,0.0,0.0,0.0,0.0,0.0,0.0,/kaggle/input/datasets/shuvroahmedimaging/ws2-eca/test_set/test_set/images/before/before-video-008/frame_0022.jpg,/kaggle/input/datasets/shuvroahmedimaging/ws2-eca/test_set/test_set/masks/before/before-video-008/frame_0022.jpg
before-video-008,frame_0023.jpg,continued_baseline_corrected_crop,baseline,0,none,0.0,0.0,0.0,0.3037240837181881,0.46593307205306,0.35117018859350146,0.6921182266009852,17604,8932,0.03512730775400996,0.0,0.0,0.0,0.0,0.0,0.0,/kaggle/input/datasets/shuvroahmedimaging/ws2-eca/test_set/test_set/images/before/before-video-008/frame_0023.jpg,/kaggle/input/datasets/shuvroahmedimaging/ws2-eca/test_set/test_set/masks/before/before-video-008/frame_0023.jpg
before-video-008,frame_0024.jpg,continued_baseline_corrected_crop,baseline,0,none,0.0,0.0,0.0,0.3792034150859812,0.5498875813939907,0.4349995380208815,0.747242282358543,21646,12601,0.03512730775400996,0.0,0.0,0.0,0.0,0.0,0.0,/kaggle/input/datasets/shuvroahmedimaging/ws2-eca/test_set/test_set/images/before/before-video-008/frame_0024.jpg,/kaggle/input/datasets/shuvroahmedimaging/ws2-eca/test_set/test_set/masks/before/before-video-008/frame_0024.jpg
before-video-008,frame_0025.jpg,continued_baseline_corrected_crop,baseline,0,none,0.0,0.0,0.0,0.3249300823255997,0.49048638363657987,0.3628326369034528,0.7567195670122007,22735,10901,0.03512730775400996,0.0,0.0,0.0,0.0,0.0,0.0,/kaggle/input/datasets/shuvroahmedimaging/ws2-eca/test_set/test_set/images/before/before-video-008/frame_0025.jpg,/kaggle/input/datasets/shuvroahmedimaging/ws2-eca/test_set/test_set/masks/before/before-video-008/frame_0025.jpg
before-video-008,frame_0026.jpg,continued_baseline_corrected_crop,baseline,0,none,0.0,0.0,0.0,0.2848424411647387,0.44338890441153644,0.3026616936509282,0.8287106881745387,23594,8617,0.03512730775400996,0.0,0.0,0.0,0.0,0.0,0.0,/kaggle/input/datasets/shuvroahmedimaging/ws2-eca/test_set/test_set/images/before/before-video-008/frame_0026.jpg,/kaggle/input/datasets/shuvroahmedimaging/ws2-eca/test_set/test_set/masks/before/before-video-008/frame_0026.jpg
before-video-008,frame_0027.jpg,continued_baseline_corrected_crop,baseline,0,none,0.0,0.0,0.0,0.2805339265850946,0.4381514940931202,0.30042407204459903,0.8090594122930835,20987,7793,0.03512730775400996,0.0,0.0,0.0,0.0,0.0,0.0,/kaggle/input/datasets/shuvroahmedimaging/ws2-eca/test_set/test_set/images/before/before-video-008/frame_0027.jpg,/kaggle/input/datasets/shuvroahmedimaging/ws2-eca/test_set/test_set/masks/before/before-video-008/frame_0027.jpg
before-video-008,frame_0028.jpg,continued_baseline_corrected_crop,baseline,0,none,0.0,0.0,0.0,0.34274794929157343,0.5105171815341896,0.3746306673458991,0.8010893246187364,19630,9180,0.03512730775400996,0.0,0.0,0.0,0.0,0.0,0.0,/kaggle/input/datasets/shuvroahmedimaging/ws2-eca/test_set/test_set/images/before/before-video-008/frame_0028.jpg,/kaggle/input/datasets/shuvroahmedimaging/ws2-eca/test_set/test_set/masks/before/before-video-008/frame_0028.jpg
before-video-008,frame_0029.jpg,continued_baseline_corrected_crop,baseline,0,none,0.0,0.0,0.0,0.5235817858051386,0.6873038135310225,0.5655327801285926,0.8759043322835987,18197,11749,0.03512730775400996,0.0,0.0,0.0,0.0,0.0,0.0,/kaggle/input/datasets/shuvroahmedimaging/ws2-eca/test_set/test_set/images/before/before-video-008/frame_0029.jpg,/kaggle/input/datasets/shuvroahmedimaging/ws2-eca/test_set/test_set/masks/before/before-video-008/frame_0029.jpg
before-video-008,frame_0030.jpg,continued_baseline_corrected_crop,baseline,0,none,0.0,0.0,0.0,0.4633558835588356,0.6332784646096732,0.4890992696781174,0.8979936432260628,18485,10068,0.03512730775400996,0.0,0.0,0.0,0.0,0.0,0.0,/kaggle/input/datasets/shuvroahmedimaging/ws2-eca/test_set/test_set/images/before/before-video-008/frame_0030.jpg,/kaggle/input/datasets/shuvroahmedimaging/ws2-eca/test_set/test_set/masks/before/before-video-008/frame_0030.jpg
before-video-008,frame_0031.jpg,continued_baseline_corrected_crop,baseline,0,none,0.0,0.0,0.0,0.34891539630636026,0.5173273242514255,0.3738280864502122,0.8396320514241383,20266,9023,0.03512730775400996,0.0,0.0,0.0,0.0,0.0,0.0,/kaggle/input/datasets/shuvroahmedimaging/ws2-eca/test_set/test_set/images/before/before-video-008/frame_0031.jpg,/kaggle/input/datasets/shuvroahmedimaging/ws2-eca/test_set/test_set/masks/before/before-video-008/frame_0031.jpg
before-video-008,frame_0032.jpg,continued_baseline_corrected_crop,baseline,0,none,0.0,0.0,0.0,0.2459301151282569,0.39477353046072045,0.28497870149323595,0.6421940928270042,21363,9480,0.03512730775400996,0.0,0.0,0.0,0.0,0.0,0.0,/kaggle/input/datasets/shuvroahmedimaging/ws2-eca/test_set/test_set/images/before/before-video-008/frame_0032.jpg,/kaggle/input/datasets/shuvroahmedimaging/ws2-eca/test_set/test_set/masks/before/before-video-008/frame_0032.jpg
before-video-008,frame_0033.jpg,continued_baseline_corrected_crop,baseline,0,none,0.0,0.0,0.0,0.22987427284668793,0.3738175160207507,0.2549852212647267,0.7000800091439021,24021,8749,0.03512730775400996,0.0,0.0,0.0,0.0,0.0,0.0,/kaggle/input/datasets/shuvroahmedimaging/ws2-eca/test_set/test_set/images/before/before-video-008/frame_0033.jpg,/kaggle/input/datasets/shuvroahmedimaging/ws2-eca/test_set/test_set/masks/before/before-video-008/frame_0033.jpg
before-video-008,frame_0034.jpg,continued_baseline_corrected_crop,baseline,0,none,0.0,0.0,0.0,0.2461690935427308,0.39508136547167505,0.27883079314364667,0.6775784282866436,23161,9531,0.03512730775400996,0.0,0.0,0.0,0.0,0.0,0.0,/kaggle/input/datasets/shuvroahmedimaging/ws2-eca/test_set/test_set/images/before/before-video-008/frame_0034.jpg,/kaggle/input/datasets/shuvroahmedimaging/ws2-eca/test_set/test_set/masks/before/before-video-008/frame_0034.jpg
before-video-008,frame_0035.jpg,continued_baseline_corrected_crop,baseline,0,none,0.0,0.0,0.0,0.25279944397250753,0.40357528124518416,0.28313800112442156,0.7023170993349067,23123,9322,0.03512730775400996,0.0,0.0,0.0,0.0,0.0,0.0,/kaggle/input/datasets/shuvroahmedimaging/ws2-eca/test_set/test_set/images/before/before-video-008/frame_0035.jpg,/kaggle/input/datasets/shuvroahmedimaging/ws2-eca/test_set/test_set/masks/before/before-video-008/frame_0035.jpg
before-video-008,frame_0036.jpg,continued_baseline_corrected_crop,baseline,0,none,0.0,0.0,0.0,0.3299072847682119,0.4961357660744164,0.3757089417159406,0.7301829268292683,16574,8528,0.03512730775400996,0.0,0.0,0.0,0.0,0.0,0.0,/kaggle/input/datasets/shuvroahmedimaging/ws2-eca/test_set/test_set/images/before/before-video-008/frame_0036.jpg,/kaggle/input/datasets/shuvroahmedimaging/ws2-eca/test_set/test_set/masks/before/before-video-008/frame_0036.jpg
before-video-008,frame_0037.jpg,continued_baseline_corrected_crop,baseline,0,none,0.0,0.0,0.0,0.3629518072289157,0.532596685082873,0.41493191422757864,0.7434099831744251,12778,7132,0.03512730775400996,0.0,0.0,0.0,0.0,0.0,0.0,/kaggle/input/datasets/shuvroahmedimaging/ws2-eca/test_set/test_set/images/before/before-video-008/frame_0037.jpg,/kaggle/input/datasets/shuvroahmedimaging/ws2-eca/test_set/test_set/masks/before/before-video-008/frame_0037.jpg
before-video-008,frame_0038.jpg,continued_baseline_corrected_crop,baseline,0,none,0.0,0.0,0.0,0.4350269656542719,0.6062979666112825,0.49843892285677116,0.7737277867528272,15374,9904,0.03512730775400996,0.0,0.0,0.0,0.0,0.0,0.0,/kaggle/input/datasets/shuvroahmedimaging/ws2-eca/test_set/test_set/images/before/before-video-008/frame_0038.jpg,/kaggle/input/datasets/shuvroahmedimaging/ws2-eca/test_set/test_set/masks/before/before-video-008/frame_0038.jpg
before-video-008,frame_0039.jpg,continued_baseline_corrected_crop,baseline,0,none,0.0,0.0,0.0,0.36347315162395955,0.5331577687335408,0.3985325697924123,0.8051337671728127,16764,8298,0.03512730775400996,0.0,0.0,0.0,0.0,0.0,0.0,/kaggle/input/datasets/shuvroahmedimaging/ws2-eca/test_set/test_set/images/before/before-video-008/frame_0039.jpg,/kaggle/input/datasets/shuvroahmedimaging/ws2-eca/test_set/test_set/masks/before/before-video-008/frame_0039.jpg
before-video-008,frame_0040.jpg,continued_baseline_corrected_crop,baseline,0,none,0.0,0.0,0.0,0.3855119427167721,0.5564902485948169,0.40941385435168737,0.8684799246438243,18016,8493,0.03512730775400996,0.0,0.0,0.0,0.0,0.0,0.0,/kaggle/input/datasets/shuvroahmedimaging/ws2-eca/test_set/test_set/images/before/before-video-008/frame_0040.jpg,/kaggle/input/datasets/shuvroahmedimaging/ws2-eca/test_set/test_set/masks/before/before-video-008/frame_0040.jpg
before-video-008,frame_0041.jpg,continued_baseline_corrected_crop,baseline,0,none,0.0,0.0,0.0,0.37948308020250465,0.550181565324886,0.3906198573779484,0.9301201671891327,18230,7656,0.03512730775400996,0.0,0.0,0.0,0.0,0.0,0.0,/kaggle/input/datasets/shuvroahmedimaging/ws2-eca/test_set/test_set/images/before/before-video-008/frame_0041.jpg,/kaggle/input/datasets/shuvroahmedimaging/ws2-eca/test_set/test_set/masks/before/before-video-008/frame_0041.jpg
before-video-008,frame_0042.jpg,continued_baseline_corrected_crop,baseline,0,none,0.0,0.0,0.0,0.35222240905778823,0.5209533678756477,0.37723616280465844,0.8415695727869291,16658,7467,0.03512730775400996,0.0,0.0,0.0,0.0,0.0,0.0,/kaggle/input/datasets/shuvroahmedimaging/ws2-eca/test_set/test_set/images/before/before-video-008/frame_0042.jpg,/kaggle/input/datasets/shuvroahmedimaging/ws2-eca/test_set/test_set/masks/before/before-video-008/frame_0042.jpg
before-video-008,frame_0043.jpg,continued_baseline_corrected_crop,baseline,0,none,0.0,0.0,0.0,0.2927249817627164,0.452880521212743,0.32715683367921733,0.7355440759873354,13492,6001,0.03512730775400996,0.0,0.0,0.0,0.0,0.0,0.0,/kaggle/input/datasets/shuvroahmedimaging/ws2-eca/test_set/test_set/images/before/before-video-008/frame_0043.jpg,/kaggle/input/datasets/shuvroahmedimaging/ws2-eca/test_set/test_set/masks/before/before-video-008/frame_0043.jpg
before-video-008,frame_0044.jpg,continued_baseline_corrected_crop,baseline,0,none,0.0,0.0,0.0,0.28408029878618113,0.44246500636247954,0.30742674301111483,0.7890641884590447,11876,4627,0.03512730775400996,0.0,0.0,0.0,0.0,0.0,0.0,/kaggle/input/datasets/shuvroahmedimaging/ws2-eca/test_set/test_set/images/before/before-video-008/frame_0044.jpg,/kaggle/input/datasets/shuvroahmedimaging/ws2-eca/test_set/test_set/masks/before/before-video-008/frame_0044.jpg
before-video-008,frame_0045.jpg,continued_baseline_corrected_crop,baseline,0,none,0.0,0.0,0.0,0.303990927256035,0.4662469974322869,0.32428851250144025,0.8292575132586918,17358,6788,0.03512730775400996,0.0,0.0,0.0,0.0,0.0,0.0,/kaggle/input/datasets/shuvroahmedimaging/ws2-eca/test_set/test_set/images/before/before-video-008/frame_0045.jpg,/kaggle/input/datasets/shuvroahmedimaging/ws2-eca/test_set/test_set/masks/before/before-video-008/frame_0045.jpg
before-video-008,frame_0046.jpg,continued_baseline_corrected_crop,baseline,0,none,0.0,0.0,0.0,0.2736891605925229,0.42975816872807826,0.28328060355317597,0.8899082568807339,20545,6540,0.03512730775400996,0.0,0.0,0.0,0.0,0.0,0.0,/kaggle/input/datasets/shuvroahmedimaging/ws2-eca/test_set/test_set/images/before/before-video-008/frame_0046.jpg,/kaggle/input/datasets/shuvroahmedimaging/ws2-eca/test_set/test_set/masks/before/before-video-008/frame_0046.jpg
before-video-008,frame_0047.jpg,continued_baseline_corrected_crop,baseline,0,none,0.0,0.0,0.0,0.20795886222551654,0.34431447746883986,0.21102858217374953,0.9346241932125755,21272,4803,0.03512730775400996,0.0,0.0,0.0,0.0,0.0,0.0,/kaggle/input/datasets/shuvroahmedimaging/ws2-eca/test_set/test_set/images/before/before-video-008/frame_0047.jpg,/kaggle/input/datasets/shuvroahmedimaging/ws2-eca/test_set/test_set/masks/before/before-video-008/frame_0047.jpg
before-video-008,frame_0048.jpg,continued_baseline_corrected_crop,baseline,0,none,0.0,0.0,0.0,0.09889028590171103,0.1799820913341956,0.10561036838110806,0.6084762865792129,17129,2973,0.03512730775400996,0.0,0.0,0.0,0.0,0.0,0.0,/kaggle/input/datasets/shuvroahmedimaging/ws2-eca/test_set/test_set/images/before/before-video-008/frame_0048.jpg,/kaggle/input/datasets/shuvroahmedimaging/ws2-eca/test_set/test_set/masks/before/before-video-008/frame_0048.jpg
before-video-008,frame_0049.jpg,continued_baseline_corrected_crop,baseline,0,none,0.0,0.0,0.0,0.04668455346876198,0.08920462868024022,0.05064027939464494,0.3740786240786241,12026,1628,0.03512730775400996,0.0,0.0,0.0,0.0,0.0,0.0,/kaggle/input/datasets/shuvroahmedimaging/ws2-eca/test_set/test_set/images/before/before-video-008/frame_0049.jpg,/kaggle/input/datasets/shuvroahmedimaging/ws2-eca/test_set/test_set/masks/before/before-video-008/frame_0049.jpg
before-video-008,frame_0050.jpg,continued_baseline_corrected_crop,baseline,0,none,0.0,0.0,0.0,0.1496352763356772,0.26031782325368696,0.16775952258159582,0.5807192042846213,13573,3921,0.03512730775400996,0.0,0.0,0.0,0.0,0.0,0.0,/kaggle/input/datasets/shuvroahmedimaging/ws2-eca/test_set/test_set/images/before/before-video-008/frame_0050.jpg,/kaggle/input/datasets/shuvroahmedimaging/ws2-eca/test_set/test_set/masks/before/before-video-008/frame_0050.jpg
before-video-008,frame_0051.jpg,continued_baseline_corrected_crop,baseline,0,none,0.0,0.0,0.0,0.15876068376068375,0.27401807117831456,0.17528752580359777,0.6274013088452607,16955,4737,0.03512730775400996,0.0,0.0,0.0,0.0,0.0,0.0,/kaggle/input/datasets/shuvroahmedimaging/ws2-eca/test_set/test_set/images/before/before-video-008/frame_0051.jpg,/kaggle/input/datasets/shuvroahmedimaging/ws2-eca/test_set/test_set/masks/before/before-video-008/frame_0051.jpg
before-video-008,frame_0052.jpg,continued_baseline_corrected_crop,baseline,0,none,0.0,0.0,0.0,0.183772999334959,0.3104868913857678,0.19317705177797456,0.790577913408354,21457,5243,0.03512730775400996,0.0,0.0,0.0,0.0,0.0,0.0,/kaggle/input/datasets/shuvroahmedimaging/ws2-eca/test_set/test_set/images/before/before-video-008/frame_0052.jpg,/kaggle/input/datasets/shuvroahmedimaging/ws2-eca/test_set/test_set/masks/before/before-video-008/frame_0052.jpg
before-video-008,frame_0053.jpg,continued_baseline_corrected_crop,baseline,0,none,0.0,0.0,0.0,0.22366457773798867,0.36556517497866114,0.23167574668675864,0.8660985122056912,25881,6923,0.03512730775400996,0.0,0.0,0.0,0.0,0.0,0.0,/kaggle/input/datasets/shuvroahmedimaging/ws2-eca/test_set/test_set/images/before/before-video-008/frame_0053.jpg,/kaggle/input/datasets/shuvroahmedimaging/ws2-eca/test_set/test_set/masks/before/before-video-008/frame_0053.jpg
before-video-008,frame_0054.jpg,continued_baseline_corrected_crop,baseline,0,none,0.0,0.0,0.0,0.1991391579020445,0.3321368609969316,0.20866370844547902,0.8135280771412365,27494,7052,0.03512730775400996,0.0,0.0,0.0,0.0,0.0,0.0,/kaggle/input/datasets/shuvroahmedimaging/ws2-eca/test_set/test_set/images/before/before-video-008/frame_0054.jpg,/kaggle/input/datasets/shuvroahmedimaging/ws2-eca/test_set/test_set/masks/before/before-video-008/frame_0054.jpg
before-video-008,frame_0055.jpg,continued_baseline_corrected_crop,baseline,0,none,0.0,0.0,0.0,0.20428452579034942,0.3392628924734897,0.2160485680348423,0.7895498392282958,22731,6220,0.03512730775400996,0.0,0.0,0.0,0.0,0.0,0.0,/kaggle/input/datasets/shuvroahmedimaging/ws2-eca/test_set/test_set/images/before/before-video-008/frame_0055.jpg,/kaggle/input/datasets/shuvroahmedimaging/ws2-eca/test_set/test_set/masks/before/before-video-008/frame_0055.jpg
before-video-008,frame_0056.jpg,continued_baseline_corrected_crop,baseline,0,none,0.0,0.0,0.0,0.2952482648158035,0.4558944765045342,0.313314447592068,0.8366111951588502,19415,7271,0.03512730775400996,0.0,0.0,0.0,0.0,0.0,0.0,/kaggle/input/datasets/shuvroahmedimaging/ws2-eca/test_set/test_set/images/before/before-video-008/frame_0056.jpg,/kaggle/input/datasets/shuvroahmedimaging/ws2-eca/test_set/test_set/masks/before/before-video-008/frame_0056.jpg
before-video-008,frame_0057.jpg,continued_baseline_corrected_crop,baseline,0,none,0.0,0.0,0.0,0.4242881387893645,0.5957897524162584,0.46066438040640834,0.8430913348946136,19537,10675,0.03512730775400996,0.0,0.0,0.0,0.0,0.0,0.0,/kaggle/input/datasets/shuvroahmedimaging/ws2-eca/test_set/test_set/images/before/before-video-008/frame_0057.jpg,/kaggle/input/datasets/shuvroahmedimaging/ws2-eca/test_set/test_set/masks/before/before-video-008/frame_0057.jpg
before-video-008,frame_0058.jpg,continued_baseline_corrected_crop,baseline,0,none,0.0,0.0,0.0,0.41615235408217244,0.5877225750217906,0.45297504798464494,0.836582772066643,15630,8463,0.03512730775400996,0.0,0.0,0.0,0.0,0.0,0.0,/kaggle/input/datasets/shuvroahmedimaging/ws2-eca/test_set/test_set/images/before/before-video-008/frame_0058.jpg,/kaggle/input/datasets/shuvroahmedimaging/ws2-eca/test_set/test_set/masks/before/before-video-008/frame_0058.jpg
before-video-008,frame_0059.jpg,continued_baseline_corrected_crop,baseline,0,none,0.0,0.0,0.0,0.43087283087283085,0.6022517467327951,0.46951907879882593,0.8396083577268598,17716,9907,0.03512730775400996,0.0,0.0,0.0,0.0,0.0,0.0,/kaggle/input/datasets/shuvroahmedimaging/ws2-eca/test_set/test_set/images/before/before-video-008/frame_0059.jpg,/kaggle/input/datasets/shuvroahmedimaging/ws2-eca/test_set/test_set/masks/before/before-video-008/frame_0059.jpg
before-video-008,frame_0060.jpg,continued_baseline_corrected_crop,baseline,0,none,0.0,0.0,0.0,0.3775541191271528,0.5481514139950873,0.39799698175332693,0.8802467887124507,21867,9887,0.03512730775400996,0.0,0.0,0.0,0.0,0.0,0.0,/kaggle/input/datasets/shuvroahmedimaging/ws2-eca/test_set/test_set/images/before/before-video-008/frame_0060.jpg,/kaggle/input/datasets/shuvroahmedimaging/ws2-eca/test_set/test_set/masks/before/before-video-008/frame_0060.jpg
before-video-008,frame_0061.jpg,continued_baseline_corrected_crop,baseline,0,none,0.0,0.0,0.0,0.35506803241094637,0.524059344502736,0.36806656101426305,0.9095359310749951,25240,10214,0.03512730775400996,0.0,0.0,0.0,0.0,0.0,0.0,/kaggle/input/datasets/shuvroahmedimaging/ws2-eca/test_set/test_set/images/before/before-video-008/frame_0061.jpg,/kaggle/input/datasets/shuvroahmedimaging/ws2-eca/test_set/test_set/masks/before/before-video-008/frame_0061.jpg
before-video-008,frame_0062.jpg,continued_baseline_corrected_crop,baseline,0,none,0.0,0.0,0.0,0.4344404985725228,0.6057281553398058,0.4427963094393187,0.9583717357910906,28180,13020,0.03512730775400996,0.0,0.0,0.0,0.0,0.0,0.0,/kaggle/input/datasets/shuvroahmedimaging/ws2-eca/test_set/test_set/images/before/before-video-008/frame_0062.jpg,/kaggle/input/datasets/shuvroahmedimaging/ws2-eca/test_set/test_set/masks/before/before-video-008/frame_0062.jpg
before-video-008,frame_0063.jpg,continued_baseline_corrected_crop,baseline,0,none,0.0,0.0,0.0,0.5051252205909962,0.6712069051539191,0.562910582032721,0.8310990300858714,23899,16187,0.03512730775400996,0.0,0.0,0.0,0.0,0.0,0.0,/kaggle/input/datasets/shuvroahmedimaging/ws2-eca/test_set/test_set/images/before/before-video-008/frame_0063.jpg,/kaggle/input/datasets/shuvroahmedimaging/ws2-eca/test_set/test_set/masks/before/before-video-008/frame_0063.jpg
before-video-008,frame_0064.jpg,continued_baseline_corrected_crop,baseline,0,none,0.0,0.0,0.0,0.4951614783723913,0.6623518402994385,0.5448364336112893,0.8445018890435474,23385,15087,0.03512730775400996,0.0,0.0,0.0,0.0,0.0,0.0,/kaggle/input/datasets/shuvroahmedimaging/ws2-eca/test_set/test_set/images/before/before-video-008/frame_0064.jpg,/kaggle/input/datasets/shuvroahmedimaging/ws2-eca/test_set/test_set/masks/before/before-video-008/frame_0064.jpg
before-video-008,frame_0065.jpg,continued_baseline_corrected_crop,baseline,0,none,0.0,0.0,0.0,0.43362659796821074,0.6049365972740218,0.44926222490809287,0.9257030196119124,19857,9637,0.03512730775400996,0.0,0.0,0.0,0.0,0.0,0.0,/kaggle/input/datasets/shuvroahmedimaging/ws2-eca/test_set/test_set/images/before/before-video-008/frame_0065.jpg,/kaggle/input/datasets/shuvroahmedimaging/ws2-eca/test_set/test_set/masks/before/before-video-008/frame_0065.jpg
before-video-008,frame_0066.jpg,continued_baseline_corrected_crop,baseline,0,none,0.0,0.0,0.0,0.3469550881750512,0.515169497811735,0.36744087614411935,0.8615556382582806,18901,8061,0.03512730775400996,0.0,0.0,0.0,0.0,0.0,0.0,/kaggle/input/datasets/shuvroahmedimaging/ws2-eca/test_set/test_set/images/before/before-video-008/frame_0066.jpg,/kaggle/input/datasets/shuvroahmedimaging/ws2-eca/test_set/test_set/masks/before/before-video-008/frame_0066.jpg
before-video-008,frame_0067.jpg,continued_baseline_corrected_crop,baseline,0,none,0.0,0.0,0.0,0.3112365229110512,0.4747221686901779,0.33050089445438285,0.8422612263505813,22360,8774,0.03512730775400996,0.0,0.0,0.0,0.0,0.0,0.0,/kaggle/input/datasets/shuvroahmedimaging/ws2-eca/test_set/test_set/images/before/before-video-008/frame_0067.jpg,/kaggle/input/datasets/shuvroahmedimaging/ws2-eca/test_set/test_set/masks/before/before-video-008/frame_0067.jpg
before-video-008,frame_0068.jpg,continued_baseline_corrected_crop,baseline,0,none,0.0,0.0,0.0,0.2858288502021586,0.4445830409812635,0.2996671921527413,0.8609098228663447,28545,9936,0.03512730775400996,0.0,0.0,0.0,0.0,0.0,0.0,/kaggle/input/datasets/shuvroahmedimaging/ws2-eca/test_set/test_set/images/before/before-video-008/frame_0068.jpg,/kaggle/input/datasets/shuvroahmedimaging/ws2-eca/test_set/test_set/masks/before/before-video-008/frame_0068.jpg
before-video-008,frame_0069.jpg,continued_baseline_corrected_crop,baseline,0,none,0.0,0.0,0.0,0.3032297379646557,0.46535116431310203,0.32650918635170606,0.8096322811584771,30480,12292,0.03512730775400996,0.0,0.0,0.0,0.0,0.0,0.0,/kaggle/input/datasets/shuvroahmedimaging/ws2-eca/test_set/test_set/images/before/before-video-008/frame_0069.jpg,/kaggle/input/datasets/shuvroahmedimaging/ws2-eca/test_set/test_set/masks/before/before-video-008/frame_0069.jpg
before-video-008,frame_0070.jpg,continued_baseline_corrected_crop,baseline,0,none,0.0,0.0,0.0,0.33403153894491155,0.5007850702077071,0.3622116227002823,0.8110876989028555,30819,13763,0.03512730775400996,0.0,0.0,0.0,0.0,0.0,0.0,/kaggle/input/datasets/shuvroahmedimaging/ws2-eca/test_set/test_set/images/before/before-video-008/frame_0070.jpg,/kaggle/input/datasets/shuvroahmedimaging/ws2-eca/test_set/test_set/masks/before/before-video-008/frame_0070.jpg
before-video-008,frame_0071.jpg,continued_baseline_corrected_crop,baseline,0,none,0.0,0.0,0.0,0.32445309354449064,0.48994274712468966,0.3627428914397179,0.7545255930087391,26658,12816,0.03512730775400996,0.0,0.0,0.0,0.0,0.0,0.0,/kaggle/input/datasets/shuvroahmedimaging/ws2-eca/test_set/test_set/images/before/before-video-008/frame_0071.jpg,/kaggle/input/datasets/shuvroahmedimaging/ws2-eca/test_set/test_set/masks/before/before-video-008/frame_0071.jpg
before-video-008,frame_0072.jpg,continued_baseline_corrected_crop,baseline,0,none,0.0,0.0,0.0,0.32891058703098547,0.4950078511539715,0.37018655559002084,0.7468263901305203,22567,11186,0.03512730775400996,0.0,0.0,0.0,0.0,0.0,0.0,/kaggle/input/datasets/shuvroahmedimaging/ws2-eca/test_set/test_set/images/before/before-video-008/frame_0072.jpg,/kaggle/input/datasets/shuvroahmedimaging/ws2-eca/test_set/test_set/masks/before/before-video-008/frame_0072.jpg
before-video-008,frame_0073.jpg,continued_baseline_corrected_crop,baseline,0,none,0.0,0.0,0.0,0.3402167085427136,0.5077040248403538,0.38474516071745696,0.7461684174272429,22524,11614,0.03512730775400996,0.0,0.0,0.0,0.0,0.0,0.0,/kaggle/input/datasets/shuvroahmedimaging/ws2-eca/test_set/test_set/images/before/before-video-008/frame_0073.jpg,/kaggle/input/datasets/shuvroahmedimaging/ws2-eca/test_set/test_set/masks/before/before-video-008/frame_0073.jpg
before-video-008,frame_0074.jpg,continued_baseline_corrected_crop,baseline,0,none,0.0,0.0,0.0,0.3827747640633128,0.5536328460877042,0.3981757044022726,0.9082253372123776,25873,11343,0.03512730775400996,0.0,0.0,0.0,0.0,0.0,0.0,/kaggle/input/datasets/shuvroahmedimaging/ws2-eca/test_set/test_set/images/before/before-video-008/frame_0074.jpg,/kaggle/input/datasets/shuvroahmedimaging/ws2-eca/test_set/test_set/masks/before/before-video-008/frame_0074.jpg
before-video-008,frame_0075.jpg,continued_baseline_corrected_crop,baseline,0,none,0.0,0.0,0.0,0.357518236724449,0.5267232911538684,0.3789963829875691,0.8631758356216267,24053,10561,0.03512730775400996,0.0,0.0,0.0,0.0,0.0,0.0,/kaggle/input/datasets/shuvroahmedimaging/ws2-eca/test_set/test_set/images/before/before-video-008/frame_0075.jpg,/kaggle/input/datasets/shuvroahmedimaging/ws2-eca/test_set/test_set/masks/before/before-video-008/frame_0075.jpg
before-video-008,frame_0076.jpg,continued_baseline_corrected_crop,baseline,0,none,0.0,0.0,0.0,0.34760176642910234,0.5158820284870705,0.37631354728770233,0.8200103145951522,21126,9695,0.03512730775400996,0.0,0.0,0.0,0.0,0.0,0.0,/kaggle/input/datasets/shuvroahmedimaging/ws2-eca/test_set/test_set/images/before/before-video-008/frame_0076.jpg,/kaggle/input/datasets/shuvroahmedimaging/ws2-eca/test_set/test_set/masks/before/before-video-008/frame_0076.jpg
before-video-008,frame_0077.jpg,continued_baseline_corrected_crop,baseline,0,none,0.0,0.0,0.0,0.30266692248656946,0.46468812136387067,0.33000366089639666,0.7851188254323752,19121,8037,0.03512730775400996,0.0,0.0,0.0,0.0,0.0,0.0,/kaggle/input/datasets/shuvroahmedimaging/ws2-eca/test_set/test_set/images/before/before-video-008/frame_0077.jpg,/kaggle/input/datasets/shuvroahmedimaging/ws2-eca/test_set/test_set/masks/before/before-video-008/frame_0077.jpg
before-video-008,frame_0078.jpg,continued_baseline_corrected_crop,baseline,0,none,0.0,0.0,0.0,0.329530167903941,0.4957091999250515,0.3412972805614325,0.9052833287708733,19379,7306,0.03512730775400996,0.0,0.0,0.0,0.0,0.0,0.0,/kaggle/input/datasets/shuvroahmedimaging/ws2-eca/test_set/test_set/images/before/before-video-008/frame_0078.jpg,/kaggle/input/datasets/shuvroahmedimaging/ws2-eca/test_set/test_set/masks/before/before-video-008/frame_0078.jpg
before-video-008,frame_0079.jpg,continued_baseline_corrected_crop,baseline,0,none,0.0,0.0,0.0,0.350641054888899,0.5192216742112019,0.3881509167129653,0.7839436907069265,19799,9803,0.03512730775400996,0.0,0.0,0.0,0.0,0.0,0.0,/kaggle/input/datasets/shuvroahmedimaging/ws2-eca/test_set/test_set/images/before/before-video-008/frame_0079.jpg,/kaggle/input/datasets/shuvroahmedimaging/ws2-eca/test_set/test_set/masks/before/before-video-008/frame_0079.jpg
before-video-008,frame_0080.jpg,continued_baseline_corrected_crop,baseline,0,none,0.0,0.0,0.0,0.3691973614127095,0.5392902028846729,0.40970264617622987,0.7887780112044818,21994,11424,0.03512730775400996,0.0,0.0,0.0,0.0,0.0,0.0,/kaggle/input/datasets/shuvroahmedimaging/ws2-eca/test_set/test_set/images/before/before-video-008/frame_0080.jpg,/kaggle/input/datasets/shuvroahmedimaging/ws2-eca/test_set/test_set/masks/before/before-video-008/frame_0080.jpg
before-video-008,frame_0081.jpg,continued_baseline_corrected_crop,baseline,0,none,0.0,0.0,0.0,0.4046566194386788,0.576164471570832,0.46708333333333335,0.7517183570829841,19200,11930,0.03512730775400996,0.0,0.0,0.0,0.0,0.0,0.0,/kaggle/input/datasets/shuvroahmedimaging/ws2-eca/test_set/test_set/images/before/before-video-008/frame_0081.jpg,/kaggle/input/datasets/shuvroahmedimaging/ws2-eca/test_set/test_set/masks/before/before-video-008/frame_0081.jpg
before-video-008,frame_0082.jpg,continued_baseline_corrected_crop,baseline,0,none,0.0,0.0,0.0,0.43568572918477316,0.606937465948302,0.4884774665042631,0.8012467034284344,20525,12513,0.03512730775400996,0.0,0.0,0.0,0.0,0.0,0.0,/kaggle/input/datasets/shuvroahmedimaging/ws2-eca/test_set/test_set/images/before/before-video-008/frame_0082.jpg,/kaggle/input/datasets/shuvroahmedimaging/ws2-eca/test_set/test_set/masks/before/before-video-008/frame_0082.jpg
before-video-008,frame_0083.jpg,continued_baseline_corrected_crop,baseline,0,none,0.0,0.0,0.0,0.38808337109198004,0.5591643544964909,0.42194196758461006,0.8286571207430341,20299,10336,0.03512730775400996,0.0,0.0,0.0,0.0,0.0,0.0,/kaggle/input/datasets/shuvroahmedimaging/ws2-eca/test_set/test_set/images/before/before-video-008/frame_0083.jpg,/kaggle/input/datasets/shuvroahmedimaging/ws2-eca/test_set/test_set/masks/before/before-video-008/frame_0083.jpg
before-video-008,frame_0084.jpg,continued_baseline_corrected_crop,baseline,0,none,0.0,0.0,0.0,0.30026624068157615,0.4618534747532659,0.3065673589213874,0.9359336099585063,18394,6025,0.03512730775400996,0.0,0.0,0.0,0.0,0.0,0.0,/kaggle/input/datasets/shuvroahmedimaging/ws2-eca/test_set/test_set/images/before/before-video-008/frame_0084.jpg,/kaggle/input/datasets/shuvroahmedimaging/ws2-eca/test_set/test_set/masks/before/before-video-008/frame_0084.jpg
before-video-008,frame_0085.jpg,continued_baseline_corrected_crop,baseline,0,none,0.0,0.0,0.0,0.3393923986271768,0.5067856126032078,0.34169439467622215,0.9805361733382298,15628,5446,0.03512730775400996,0.0,0.0,0.0,0.0,0.0,0.0,/kaggle/input/datasets/shuvroahmedimaging/ws2-eca/test_set/test_set/images/before/before-video-008/frame_0085.jpg,/kaggle/input/datasets/shuvroahmedimaging/ws2-eca/test_set/test_set/masks/before/before-video-008/frame_0085.jpg
before-video-008,frame_0086.jpg,continued_baseline_corrected_crop,baseline,0,none,0.0,0.0,0.0,0.2929166991350425,0.4531099324975892,0.29849916620344635,0.9399849962490623,12593,3999,0.03512730775400996,0.0,0.0,0.0,0.0,0.0,0.0,/kaggle/input/datasets/shuvroahmedimaging/ws2-eca/test_set/test_set/images/before/before-video-008/frame_0086.jpg,/kaggle/input/datasets/shuvroahmedimaging/ws2-eca/test_set/test_set/masks/before/before-video-008/frame_0086.jpg
before-video-008,frame_0087.jpg,continued_baseline_corrected_crop,baseline,0,none,0.0,0.0,0.0,0.25353100270459783,0.40450695221352084,0.2629064090578581,0.8766886040872879,9627,2887,0.03512730775400996,0.0,0.0,0.0,0.0,0.0,0.0,/kaggle/input/datasets/shuvroahmedimaging/ws2-eca/test_set/test_set/images/before/before-video-008/frame_0087.jpg,/kaggle/input/datasets/shuvroahmedimaging/ws2-eca/test_set/test_set/masks/before/before-video-008/frame_0087.jpg
before-video-008,frame_0088.jpg,continued_baseline_corrected_crop,baseline,0,none,0.0,0.0,0.0,0.31256410256410255,0.47626489548739986,0.315639564992232,0.9697692919649961,11586,3771,0.03512730775400996,0.0,0.0,0.0,0.0,0.0,0.0,/kaggle/input/datasets/shuvroahmedimaging/ws2-eca/test_set/test_set/images/before/before-video-008/frame_0088.jpg,/kaggle/input/datasets/shuvroahmedimaging/ws2-eca/test_set/test_set/masks/before/before-video-008/frame_0088.jpg
before-video-008,frame_0089.jpg,continued_baseline_corrected_crop,baseline,0,none,0.0,0.0,0.0,0.29125847776940467,0.4511234315728042,0.293091681201183,0.9789766970618035,13187,3948,0.03512730775400996,0.0,0.0,0.0,0.0,0.0,0.0,/kaggle/input/datasets/shuvroahmedimaging/ws2-eca/test_set/test_set/images/before/before-video-008/frame_0089.jpg,/kaggle/input/datasets/shuvroahmedimaging/ws2-eca/test_set/test_set/masks/before/before-video-008/frame_0089.jpg
before-video-008,frame_0090.jpg,continued_baseline_corrected_crop,baseline,0,none,0.0,0.0,0.0,0.23248093315388066,0.377256843331392,0.23610351740477492,0.9380883417813178,10974,2762,0.03512730775400996,0.0,0.0,0.0,0.0,0.0,0.0,/kaggle/input/datasets/shuvroahmedimaging/ws2-eca/test_set/test_set/images/before/before-video-008/frame_0090.jpg,/kaggle/input/datasets/shuvroahmedimaging/ws2-eca/test_set/test_set/masks/before/before-video-008/frame_0090.jpg
before-video-008,frame_0091.jpg,continued_baseline_corrected_crop,baseline,0,none,0.0,0.0,0.0,0.28681368427860054,0.4457734445672932,0.3012702941376265,0.8566737492756422,14721,5177,0.03512730775400996,0.0,0.0,0.0,0.0,0.0,0.0,/kaggle/input/datasets/shuvroahmedimaging/ws2-eca/test_set/test_set/images/before/before-video-008/frame_0091.jpg,/kaggle/input/datasets/shuvroahmedimaging/ws2-eca/test_set/test_set/masks/before/before-video-008/frame_0091.jpg
before-video-009,frame_0001.jpg,continued_baseline_corrected_crop,baseline,0,none,0.0,0.0,0.0,0.26227600651617405,0.41556047197640117,0.26496865203761755,0.9626993166287016,12760,3512,0.03512730775400996,0.0,0.0,0.0,0.0,0.0,0.0,/kaggle/input/datasets/shuvroahmedimaging/ws2-eca/test_set/test_set/images/before/before-video-009/frame_0001.jpg,/kaggle/input/datasets/shuvroahmedimaging/ws2-eca/test_set/test_set/masks/before/before-video-009/frame_0001.jpg
before-video-009,frame_0002.jpg,continued_baseline_corrected_crop,baseline,0,none,0.0,0.0,0.0,0.3262791181364393,0.49202179793782097,0.34724143655580764,0.8438676707907478,18071,7436,0.03512730775400996,0.0,0.0,0.0,0.0,0.0,0.0,/kaggle/input/datasets/shuvroahmedimaging/ws2-eca/test_set/test_set/images/before/before-video-009/frame_0002.jpg,/kaggle/input/datasets/shuvroahmedimaging/ws2-eca/test_set/test_set/masks/before/before-video-009/frame_0002.jpg
before-video-009,frame_0003.jpg,continued_baseline_corrected_crop,baseline,0,none,0.0,0.0,0.0,0.2975244819905014,0.4586032650945841,0.330454672766315,0.7491005291005292,21422,9450,0.03512730775400996,0.0,0.0,0.0,0.0,0.0,0.0,/kaggle/input/datasets/shuvroahmedimaging/ws2-eca/test_set/test_set/images/before/before-video-009/frame_0003.jpg,/kaggle/input/datasets/shuvroahmedimaging/ws2-eca/test_set/test_set/masks/before/before-video-009/frame_0003.jpg
before-video-009,frame_0004.jpg,continued_baseline_corrected_crop,baseline,0,none,0.0,0.0,0.0,0.3684761373150991,0.5385203691429155,0.3967246365924201,0.8380544314845672,26623,12603,0.03512730775400996,0.0,0.0,0.0,0.0,0.0,0.0,/kaggle/input/datasets/shuvroahmedimaging/ws2-eca/test_set/test_set/images/before/before-video-009/frame_0004.jpg,/kaggle/input/datasets/shuvroahmedimaging/ws2-eca/test_set/test_set/masks/before/before-video-009/frame_0004.jpg
before-video-009,frame_0005.jpg,continued_baseline_corrected_crop,baseline,0,none,0.0,0.0,0.0,0.34053433134472155,0.5080576056610554,0.3631980397581315,0.8451351848445834,25303,10874,0.03512730775400996,0.0,0.0,0.0,0.0,0.0,0.0,/kaggle/input/datasets/shuvroahmedimaging/ws2-eca/test_set/test_set/images/before/before-video-009/frame_0005.jpg,/kaggle/input/datasets/shuvroahmedimaging/ws2-eca/test_set/test_set/masks/before/before-video-009/frame_0005.jpg
before-video-009,frame_0006.jpg,continued_baseline_corrected_crop,baseline,0,none,0.0,0.0,0.0,0.36053949521495515,0.5299948975872877,0.3832692003584418,0.8587457186724932,18971,8467,0.03512730775400996,0.0,0.0,0.0,0.0,0.0,0.0,/kaggle/input/datasets/shuvroahmedimaging/ws2-eca/test_set/test_set/images/before/before-video-009/frame_0006.jpg,/kaggle/input/datasets/shuvroahmedimaging/ws2-eca/test_set/test_set/masks/before/before-video-009/frame_0006.jpg
before-video-009,frame_0007.jpg,continued_baseline_corrected_crop,baseline,0,none,0.0,0.0,0.0,0.37221472889128676,0.5425021624596996,0.4047283820251085,0.8224845016690511,17046,8388,0.03512730775400996,0.0,0.0,0.0,0.0,0.0,0.0,/kaggle/input/datasets/shuvroahmedimaging/ws2-eca/test_set/test_set/images/before/before-video-009/frame_0007.jpg,/kaggle/input/datasets/shuvroahmedimaging/ws2-eca/test_set/test_set/masks/before/before-video-009/frame_0007.jpg
before-video-009,frame_0008.jpg,continued_baseline_corrected_crop,baseline,0,none,0.0,0.0,0.0,0.40419177094598074,0.5756931201408244,0.4654017195375037,0.7544938959915409,16865,10403,0.03512730775400996,0.0,0.0,0.0,0.0,0.0,0.0,/kaggle/input/datasets/shuvroahmedimaging/ws2-eca/test_set/test_set/images/before/before-video-009/frame_0008.jpg,/kaggle/input/datasets/shuvroahmedimaging/ws2-eca/test_set/test_set/masks/before/before-video-009/frame_0008.jpg
before-video-009,frame_0009.jpg,continued_baseline_corrected_crop,baseline,0,none,0.0,0.0,0.0,0.443116240725474,0.614110254213082,0.5106645765046791,0.7701124722401318,21051,13959,0.03512730775400996,0.0,0.0,0.0,0.0,0.0,0.0,/kaggle/input/datasets/shuvroahmedimaging/ws2-eca/test_set/test_set/images/before/before-video-009/frame_0009.jpg,/kaggle/input/datasets/shuvroahmedimaging/ws2-eca/test_set/test_set/masks/before/before-video-009/frame_0009.jpg
before-video-009,frame_0010.jpg,continued_baseline_corrected_crop,baseline,0,none,0.0,0.0,0.0,0.4859702900259373,0.6540780704538242,0.5487846627867169,0.8093688639551192,26289,17825,0.03512730775400996,0.0,0.0,0.0,0.0,0.0,0.0,/kaggle/input/datasets/shuvroahmedimaging/ws2-eca/test_set/test_set/images/before/before-video-009/frame_0010.jpg,/kaggle/input/datasets/shuvroahmedimaging/ws2-eca/test_set/test_set/masks/before/before-video-009/frame_0010.jpg
before-video-009,frame_0011.jpg,continued_baseline_corrected_crop,baseline,0,none,0.0,0.0,0.0,0.5098865901885806,0.675397203342136,0.5673503527529274,0.8342780748663101,27498,18700,0.03512730775400996,0.0,0.0,0.0,0.0,0.0,0.0,/kaggle/input/datasets/shuvroahmedimaging/ws2-eca/test_set/test_set/images/before/before-video-009/frame_0011.jpg,/kaggle/input/datasets/shuvroahmedimaging/ws2-eca/test_set/test_set/masks/before/before-video-009/frame_0011.jpg
before-video-009,frame_0012.jpg,continued_baseline_corrected_crop,baseline,0,none,0.0,0.0,0.0,0.4806738202376832,0.6492636172368114,0.5326457551994545,0.831260392417692,23464,15035,0.03512730775400996,0.0,0.0,0.0,0.0,0.0,0.0,/kaggle/input/datasets/shuvroahmedimaging/ws2-eca/test_set/test_set/images/before/before-video-009/frame_0012.jpg,/kaggle/input/datasets/shuvroahmedimaging/ws2-eca/test_set/test_set/masks/before/before-video-009/frame_0012.jpg
before-video-009,frame_0013.jpg,continued_baseline_corrected_crop,baseline,0,none,0.0,0.0,0.0,0.4632793888113037,0.6332070175438597,0.5041344477718679,0.8511168125565952,22373,13252,0.03512730775400996,0.0,0.0,0.0,0.0,0.0,0.0,/kaggle/input/datasets/shuvroahmedimaging/ws2-eca/test_set/test_set/images/before/before-video-009/frame_0013.jpg,/kaggle/input/datasets/shuvroahmedimaging/ws2-eca/test_set/test_set/masks/before/before-video-009/frame_0013.jpg
before-video-009,frame_0014.jpg,continued_baseline_corrected_crop,baseline,0,none,0.0,0.0,0.0,0.3911723194046448,0.5623635748762567,0.4230733647886021,0.8383903199193327,21618,10909,0.03512730775400996,0.0,0.0,0.0,0.0,0.0,0.0,/kaggle/input/datasets/shuvroahmedimaging/ws2-eca/test_set/test_set/images/before/before-video-009/frame_0014.jpg,/kaggle/input/datasets/shuvroahmedimaging/ws2-eca/test_set/test_set/masks/before/before-video-009/frame_0014.jpg
before-video-010,frame_0001.jpg,continued_baseline_corrected_crop,baseline,0,none,0.0,0.0,0.0,0.3980668226155272,0.5694532137896199,0.4373696716939043,0.8158299412030755,20621,11055,0.03512730775400996,0.0,0.0,0.0,0.0,0.0,0.0,/kaggle/input/datasets/shuvroahmedimaging/ws2-eca/test_set/test_set/images/before/before-video-010/frame_0001.jpg,/kaggle/input/datasets/shuvroahmedimaging/ws2-eca/test_set/test_set/masks/before/before-video-010/frame_0001.jpg
before-video-010,frame_0002.jpg,continued_baseline_corrected_crop,baseline,0,none,0.0,0.0,0.0,0.4445983379501385,0.6155321188878236,0.4547878989915826,0.9520237264480111,23998,11464,0.03512730775400996,0.0,0.0,0.0,0.0,0.0,0.0,/kaggle/input/datasets/shuvroahmedimaging/ws2-eca/test_set/test_set/images/before/before-video-010/frame_0002.jpg,/kaggle/input/datasets/shuvroahmedimaging/ws2-eca/test_set/test_set/masks/before/before-video-010/frame_0002.jpg
before-video-010,frame_0003.jpg,continued_baseline_corrected_crop,baseline,0,none,0.0,0.0,0.0,0.303843896713615,0.4660740407336559,0.3265359751931466,0.813859051611213,19027,7634,0.03512730775400996,0.0,0.0,0.0,0.0,0.0,0.0,/kaggle/input/datasets/shuvroahmedimaging/ws2-eca/test_set/test_set/images/before/before-video-010/frame_0003.jpg,/kaggle/input/datasets/shuvroahmedimaging/ws2-eca/test_set/test_set/masks/before/before-video-010/frame_0003.jpg
before-video-010,frame_0004.jpg,continued_baseline_corrected_crop,baseline,0,none,0.0,0.0,0.0,0.30458557175748274,0.46694609897786604,0.3158261215557545,0.8953750705019741,20106,7092,0.03512730775400996,0.0,0.0,0.0,0.0,0.0,0.0,/kaggle/input/datasets/shuvroahmedimaging/ws2-eca/test_set/test_set/images/before/before-video-010/frame_0004.jpg,/kaggle/input/datasets/shuvroahmedimaging/ws2-eca/test_set/test_set/masks/before/before-video-010/frame_0004.jpg
before-video-010,frame_0005.jpg,continued_baseline_corrected_crop,baseline,0,none,0.0,0.0,0.0,0.21958802953750486,0.3601019757807521,0.2213624565355796,0.9647812166488794,20419,4685,0.03512730775400996,0.0,0.0,0.0,0.0,0.0,0.0,/kaggle/input/datasets/shuvroahmedimaging/ws2-eca/test_set/test_set/images/before/before-video-010/frame_0005.jpg,/kaggle/input/datasets/shuvroahmedimaging/ws2-eca/test_set/test_set/masks/before/before-video-010/frame_0005.jpg
before-video-010,frame_0006.jpg,continued_baseline_corrected_crop,baseline,0,none,0.0,0.0,0.0,0.18650880335532352,0.3143825023934016,0.18748353096179182,0.9728805834092981,22770,4388,0.03512730775400996,0.0,0.0,0.0,0.0,0.0,0.0,/kaggle/input/datasets/shuvroahmedimaging/ws2-eca/test_set/test_set/images/before/before-video-010/frame_0006.jpg,/kaggle/input/datasets/shuvroahmedimaging/ws2-eca/test_set/test_set/masks/before/before-video-010/frame_0006.jpg
before-video-010,frame_0007.jpg,continued_baseline_corrected_crop,baseline,0,none,0.0,0.0,0.0,0.19189628615437276,0.32200165129051944,0.19321902464242632,0.9655543595263725,23212,4645,0.03512730775400996,0.0,0.0,0.0,0.0,0.0,0.0,/kaggle/input/datasets/shuvroahmedimaging/ws2-eca/test_set/test_set/images/before/before-video-010/frame_0007.jpg,/kaggle/input/datasets/shuvroahmedimaging/ws2-eca/test_set/test_set/masks/before/before-video-010/frame_0007.jpg
before-video-010,frame_0008.jpg,continued_baseline_corrected_crop,baseline,0,none,0.0,0.0,0.0,0.19511786626470712,0.32652489226780645,0.19891578093652623,0.9108678655199375,23427,5116,0.03512730775400996,0.0,0.0,0.0,0.0,0.0,0.0,/kaggle/input/datasets/shuvroahmedimaging/ws2-eca/test_set/test_set/images/before/before-video-010/frame_0008.jpg,/kaggle/input/datasets/shuvroahmedimaging/ws2-eca/test_set/test_set/masks/before/before-video-010/frame_0008.jpg
before-video-010,frame_0009.jpg,continued_baseline_corrected_crop,baseline,0,none,0.0,0.0,0.0,0.3213874368742801,0.4864393710818331,0.325540698196177,0.9618189049449821,22286,7543,0.03512730775400996,0.0,0.0,0.0,0.0,0.0,0.0,/kaggle/input/datasets/shuvroahmedimaging/ws2-eca/test_set/test_set/images/before/before-video-010/frame_0009.jpg,/kaggle/input/datasets/shuvroahmedimaging/ws2-eca/test_set/test_set/masks/before/before-video-010/frame_0009.jpg
before-video-010,frame_0010.jpg,continued_baseline_corrected_crop,baseline,0,none,0.0,0.0,0.0,0.41340689655172413,0.5849793114216566,0.4148718232655999,0.9915310308323408,18061,7557,0.03512730775400996,0.0,0.0,0.0,0.0,0.0,0.0,/kaggle/input/datasets/shuvroahmedimaging/ws2-eca/test_set/test_set/images/before/before-video-010/frame_0010.jpg,/kaggle/input/datasets/shuvroahmedimaging/ws2-eca/test_set/test_set/masks/before/before-video-010/frame_0010.jpg
before-video-010,frame_0011.jpg,continued_baseline_corrected_crop,baseline,0,none,0.0,0.0,0.0,0.38087048551395686,0.551638244874497,0.38371318139410904,0.9809199318568995,15006,5870,0.03512730775400996,0.0,0.0,0.0,0.0,0.0,0.0,/kaggle/input/datasets/shuvroahmedimaging/ws2-eca/test_set/test_set/images/before/before-video-010/frame_0011.jpg,/kaggle/input/datasets/shuvroahmedimaging/ws2-eca/test_set/test_set/masks/before/before-video-010/frame_0011.jpg
before-video-011,frame_0001.jpg,continued_baseline_corrected_crop,baseline,0,none,0.0,0.0,0.0,0.34960667461263406,0.5180867599265225,0.3532103463224315,0.971644361998145,20761,7547,0.03512730775400996,0.0,0.0,0.0,0.0,0.0,0.0,/kaggle/input/datasets/shuvroahmedimaging/ws2-eca/test_set/test_set/images/before/before-video-011/frame_0001.jpg,/kaggle/input/datasets/shuvroahmedimaging/ws2-eca/test_set/test_set/masks/before/before-video-011/frame_0001.jpg
before-video-011,frame_0002.jpg,continued_baseline_corrected_crop,baseline,0,none,0.0,0.0,0.0,0.262421875,0.4157435484869113,0.27544075440754406,0.8473763874873865,12195,3964,0.03512730775400996,0.0,0.0,0.0,0.0,0.0,0.0,/kaggle/input/datasets/shuvroahmedimaging/ws2-eca/test_set/test_set/images/before/before-video-011/frame_0002.jpg,/kaggle/input/datasets/shuvroahmedimaging/ws2-eca/test_set/test_set/masks/before/before-video-011/frame_0002.jpg
before-video-011,frame_0003.jpg,continued_baseline_corrected_crop,baseline,0,none,0.0,0.0,0.0,0.3392050874403816,0.5065767605299397,0.3590226829104126,0.8600451467268623,14857,6202,0.03512730775400996,0.0,0.0,0.0,0.0,0.0,0.0,/kaggle/input/datasets/shuvroahmedimaging/ws2-eca/test_set/test_set/images/before/before-video-011/frame_0003.jpg,/kaggle/input/datasets/shuvroahmedimaging/ws2-eca/test_set/test_set/masks/before/before-video-011/frame_0003.jpg
before-video-011,frame_0004.jpg,continued_baseline_corrected_crop,baseline,0,none,0.0,0.0,0.0,0.39288016947591414,0.5641263018680773,0.4164104065993069,0.8742570198811231,20487,9758,0.03512730775400996,0.0,0.0,0.0,0.0,0.0,0.0,/kaggle/input/datasets/shuvroahmedimaging/ws2-eca/test_set/test_set/images/before/before-video-011/frame_0004.jpg,/kaggle/input/datasets/shuvroahmedimaging/ws2-eca/test_set/test_set/masks/before/before-video-011/frame_0004.jpg
before-video-011,frame_0005.jpg,continued_baseline_corrected_crop,baseline,0,none,0.0,0.0,0.0,0.4750249950009998,0.6440907735270992,0.4931086017934241,0.9283313794450957,24088,12795,0.03512730775400996,0.0,0.0,0.0,0.0,0.0,0.0,/kaggle/input/datasets/shuvroahmedimaging/ws2-eca/test_set/test_set/images/before/before-video-011/frame_0005.jpg,/kaggle/input/datasets/shuvroahmedimaging/ws2-eca/test_set/test_set/masks/before/before-video-011/frame_0005.jpg
before-video-011,frame_0006.jpg,continued_baseline_corrected_crop,baseline,0,none,0.0,0.0,0.0,0.5000379391456105,0.6667003894987101,0.5181428627589731,0.9346854832990568,25437,14101,0.03512730775400996,0.0,0.0,0.0,0.0,0.0,0.0,/kaggle/input/datasets/shuvroahmedimaging/ws2-eca/test_set/test_set/images/before/before-video-011/frame_0006.jpg,/kaggle/input/datasets/shuvroahmedimaging/ws2-eca/test_set/test_set/masks/before/before-video-011/frame_0006.jpg
before-video-011,frame_0007.jpg,continued_baseline_corrected_crop,baseline,0,none,0.0,0.0,0.0,0.49093625095885984,0.6585610225026401,0.5080850708227134,0.935672514619883,23933,12996,0.03512730775400996,0.0,0.0,0.0,0.0,0.0,0.0,/kaggle/input/datasets/shuvroahmedimaging/ws2-eca/test_set/test_set/images/before/before-video-011/frame_0007.jpg,/kaggle/input/datasets/shuvroahmedimaging/ws2-eca/test_set/test_set/masks/before/before-video-011/frame_0007.jpg
before-video-011,frame_0008.jpg,continued_baseline_corrected_crop,baseline,0,none,0.0,0.0,0.0,0.4955804999728865,0.6627266134880349,0.5185542442124376,0.9179389312977099,17624,9956,0.03512730775400996,0.0,0.0,0.0,0.0,0.0,0.0,/kaggle/input/datasets/shuvroahmedimaging/ws2-eca/test_set/test_set/images/before/before-video-011/frame_0008.jpg,/kaggle/input/datasets/shuvroahmedimaging/ws2-eca/test_set/test_set/masks/before/before-video-011/frame_0008.jpg
before-video-011,frame_0009.jpg,continued_baseline_corrected_crop,baseline,0,none,0.0,0.0,0.0,0.40483383685800606,0.5763440860215053,0.4646774193548387,0.7586570111915734,12400,7595,0.03512730775400996,0.0,0.0,0.0,0.0,0.0,0.0,/kaggle/input/datasets/shuvroahmedimaging/ws2-eca/test_set/test_set/images/before/before-video-011/frame_0009.jpg,/kaggle/input/datasets/shuvroahmedimaging/ws2-eca/test_set/test_set/masks/before/before-video-011/frame_0009.jpg
before-video-011,frame_0010.jpg,continued_baseline_corrected_crop,baseline,0,none,0.0,0.0,0.0,0.4012686607972877,0.5727219512195122,0.49427455206789705,0.6807681603117173,14846,10779,0.03512730775400996,0.0,0.0,0.0,0.0,0.0,0.0,/kaggle/input/datasets/shuvroahmedimaging/ws2-eca/test_set/test_set/images/before/before-video-011/frame_0010.jpg,/kaggle/input/datasets/shuvroahmedimaging/ws2-eca/test_set/test_set/masks/before/before-video-011/frame_0010.jpg
before-video-011,frame_0011.jpg,continued_baseline_corrected_crop,baseline,0,none,0.0,0.0,0.0,0.3863736911959888,0.557387511966812,0.4476846841715555,0.7383054668420064,17557,10646,0.03512730775400996,0.0,0.0,0.0,0.0,0.0,0.0,/kaggle/input/datasets/shuvroahmedimaging/ws2-eca/test_set/test_set/images/before/before-video-011/frame_0011.jpg,/kaggle/input/datasets/shuvroahmedimaging/ws2-eca/test_set/test_set/masks/before/before-video-011/frame_0011.jpg
before-video-011,frame_0012.jpg,continued_baseline_corrected_crop,baseline,0,none,0.0,0.0,0.0,0.4008671083398285,0.5723128281809646,0.4550682961897915,0.770938729623384,18083,10674,0.03512730775400996,0.0,0.0,0.0,0.0,0.0,0.0,/kaggle/input/datasets/shuvroahmedimaging/ws2-eca/test_set/test_set/images/before/before-video-011/frame_0012.jpg,/kaggle/input/datasets/shuvroahmedimaging/ws2-eca/test_set/test_set/masks/before/before-video-011/frame_0012.jpg
before-video-011,frame_0013.jpg,continued_baseline_corrected_crop,baseline,0,none,0.0,0.0,0.0,0.4024190163684231,0.5738926977908368,0.43142307849633904,0.8568527093996263,24447,12309,0.03512730775400996,0.0,0.0,0.0,0.0,0.0,0.0,/kaggle/input/datasets/shuvroahmedimaging/ws2-eca/test_set/test_set/images/before/before-video-011/frame_0013.jpg,/kaggle/input/datasets/shuvroahmedimaging/ws2-eca/test_set/test_set/masks/before/before-video-011/frame_0013.jpg
before-video-011,frame_0014.jpg,continued_baseline_corrected_crop,baseline,0,none,0.0,0.0,0.0,0.5244943649679353,0.6880896079651525,0.543638151425762,0.9370847457627118,25425,14750,0.03512730775400996,0.0,0.0,0.0,0.0,0.0,0.0,/kaggle/input/datasets/shuvroahmedimaging/ws2-eca/test_set/test_set/images/before/before-video-011/frame_0014.jpg,/kaggle/input/datasets/shuvroahmedimaging/ws2-eca/test_set/test_set/masks/before/before-video-011/frame_0014.jpg
before-video-012,frame_0001.jpg,continued_baseline_corrected_crop,baseline,0,none,0.0,0.0,0.0,0.4665306703354049,0.6362371817681881,0.4935755872314796,0.8948948948948949,19924,10989,0.03512730775400996,0.0,0.0,0.0,0.0,0.0,0.0,/kaggle/input/datasets/shuvroahmedimaging/ws2-eca/test_set/test_set/images/before/before-video-012/frame_0001.jpg,/kaggle/input/datasets/shuvroahmedimaging/ws2-eca/test_set/test_set/masks/before/before-video-012/frame_0001.jpg
before-video-012,frame_0002.jpg,continued_baseline_corrected_crop,baseline,0,none,0.0,0.0,0.0,0.4057339722013226,0.5772556973435872,0.4331247886371322,0.8651524107067466,23656,11843,0.03512730775400996,0.0,0.0,0.0,0.0,0.0,0.0,/kaggle/input/datasets/shuvroahmedimaging/ws2-eca/test_set/test_set/images/before/before-video-012/frame_0002.jpg,/kaggle/input/datasets/shuvroahmedimaging/ws2-eca/test_set/test_set/masks/before/before-video-012/frame_0002.jpg
before-video-012,frame_0003.jpg,continued_baseline_corrected_crop,baseline,0,none,0.0,0.0,0.0,0.3077411419275483,0.47064534724961316,0.31525892203885864,0.9280842407562523,24602,8357,0.03512730775400996,0.0,0.0,0.0,0.0,0.0,0.0,/kaggle/input/datasets/shuvroahmedimaging/ws2-eca/test_set/test_set/images/before/before-video-012/frame_0003.jpg,/kaggle/input/datasets/shuvroahmedimaging/ws2-eca/test_set/test_set/masks/before/before-video-012/frame_0003.jpg
before-video-012,frame_0004.jpg,continued_baseline_corrected_crop,baseline,0,none,0.0,0.0,0.0,0.3599692366852528,0.5293784991234519,0.3854642783611283,0.8447793520440393,24285,11081,0.03512730775400996,0.0,0.0,0.0,0.0,0.0,0.0,/kaggle/input/datasets/shuvroahmedimaging/ws2-eca/test_set/test_set/images/before/before-video-012/frame_0004.jpg,/kaggle/input/datasets/shuvroahmedimaging/ws2-eca/test_set/test_set/masks/before/before-video-012/frame_0004.jpg
before-video-012,frame_0005.jpg,continued_baseline_corrected_crop,baseline,0,none,0.0,0.0,0.0,0.37646931952981777,0.5470072077718584,0.41310350268223417,0.8093508500772798,25352,12940,0.03512730775400996,0.0,0.0,0.0,0.0,0.0,0.0,/kaggle/input/datasets/shuvroahmedimaging/ws2-eca/test_set/test_set/images/before/before-video-012/frame_0005.jpg,/kaggle/input/datasets/shuvroahmedimaging/ws2-eca/test_set/test_set/masks/before/before-video-012/frame_0005.jpg
before-video-012,frame_0006.jpg,continued_baseline_corrected_crop,baseline,0,none,0.0,0.0,0.0,0.36304166981774183,0.5326934280245236,0.39798540872160504,0.8052503564539126,24124,11923,0.03512730775400996,0.0,0.0,0.0,0.0,0.0,0.0,/kaggle/input/datasets/shuvroahmedimaging/ws2-eca/test_set/test_set/images/before/before-video-012/frame_0006.jpg,/kaggle/input/datasets/shuvroahmedimaging/ws2-eca/test_set/test_set/masks/before/before-video-012/frame_0006.jpg
before-video-012,frame_0007.jpg,continued_baseline_corrected_crop,baseline,0,none,0.0,0.0,0.0,0.379428117553614,0.5501237980077158,0.4045733643870421,0.859249932547891,23615,11119,0.03512730775400996,0.0,0.0,0.0,0.0,0.0,0.0,/kaggle/input/datasets/shuvroahmedimaging/ws2-eca/test_set/test_set/images/before/before-video-012/frame_0007.jpg,/kaggle/input/datasets/shuvroahmedimaging/ws2-eca/test_set/test_set/masks/before/before-video-012/frame_0007.jpg
before-video-012,frame_0008.jpg,continued_baseline_corrected_crop,baseline,0,none,0.0,0.0,0.0,0.3732962335672232,0.5436499779768023,0.3982875828241976,0.8560991399241653,23242,10813,0.03512730775400996,0.0,0.0,0.0,0.0,0.0,0.0,/kaggle/input/datasets/shuvroahmedimaging/ws2-eca/test_set/test_set/images/before/before-video-012/frame_0008.jpg,/kaggle/input/datasets/shuvroahmedimaging/ws2-eca/test_set/test_set/masks/before/before-video-012/frame_0008.jpg
before-video-012,frame_0009.jpg,continued_baseline_corrected_crop,baseline,0,none,0.0,0.0,0.0,0.31155126929896637,0.47508820522966333,0.32632723319441925,0.8731062901466489,22076,8251,0.03512730775400996,0.0,0.0,0.0,0.0,0.0,0.0,/kaggle/input/datasets/shuvroahmedimaging/ws2-eca/test_set/test_set/images/before/before-video-012/frame_0009.jpg,/kaggle/input/datasets/shuvroahmedimaging/ws2-eca/test_set/test_set/masks/before/before-video-012/frame_0009.jpg
before-video-012,frame_0010.jpg,continued_baseline_corrected_crop,baseline,0,none,0.0,0.0,0.0,0.26684874596091707,0.42127956760695956,0.2798644450720136,0.851583599312546,24787,8146,0.03512730775400996,0.0,0.0,0.0,0.0,0.0,0.0,/kaggle/input/datasets/shuvroahmedimaging/ws2-eca/test_set/test_set/images/before/before-video-012/frame_0010.jpg,/kaggle/input/datasets/shuvroahmedimaging/ws2-eca/test_set/test_set/masks/before/before-video-012/frame_0010.jpg
before-video-012,frame_0011.jpg,continued_baseline_corrected_crop,baseline,0,none,0.0,0.0,0.0,0.3363923353645107,0.503433499972532,0.36107171000788024,0.8311264284418647,25380,11026,0.03512730775400996,0.0,0.0,0.0,0.0,0.0,0.0,/kaggle/input/datasets/shuvroahmedimaging/ws2-eca/test_set/test_set/images/before/before-video-012/frame_0011.jpg,/kaggle/input/datasets/shuvroahmedimaging/ws2-eca/test_set/test_set/masks/before/before-video-012/frame_0011.jpg
before-video-012,frame_0012.jpg,continued_baseline_corrected_crop,baseline,0,none,0.0,0.0,0.0,0.402838111786852,0.574318744838976,0.42869250327452035,0.8697827106456152,25958,12794,0.03512730775400996,0.0,0.0,0.0,0.0,0.0,0.0,/kaggle/input/datasets/shuvroahmedimaging/ws2-eca/test_set/test_set/images/before/before-video-012/frame_0012.jpg,/kaggle/input/datasets/shuvroahmedimaging/ws2-eca/test_set/test_set/masks/before/before-video-012/frame_0012.jpg
before-video-012,frame_0013.jpg,continued_baseline_corrected_crop,baseline,0,none,0.0,0.0,0.0,0.44155557192310524,0.6126098508072757,0.4691473960167469,0.8824611761242364,25557,13587,0.03512730775400996,0.0,0.0,0.0,0.0,0.0,0.0,/kaggle/input/datasets/shuvroahmedimaging/ws2-eca/test_set/test_set/images/before/before-video-012/frame_0013.jpg,/kaggle/input/datasets/shuvroahmedimaging/ws2-eca/test_set/test_set/masks/before/before-video-012/frame_0013.jpg
before-video-012,frame_0014.jpg,continued_baseline_corrected_crop,baseline,0,none,0.0,0.0,0.0,0.4570220378954217,0.6273371658201707,0.4854243144029367,0.8865052448931304,23155,12679,0.03512730775400996,0.0,0.0,0.0,0.0,0.0,0.0,/kaggle/input/datasets/shuvroahmedimaging/ws2-eca/test_set/test_set/images/before/before-video-012/frame_0014.jpg,/kaggle/input/datasets/shuvroahmedimaging/ws2-eca/test_set/test_set/masks/before/before-video-012/frame_0014.jpg
before-video-012,frame_0015.jpg,continued_baseline_corrected_crop,baseline,0,none,0.0,0.0,0.0,0.46747155792895284,0.6371115752167584,0.49282811964556716,0.9008501118568233,20427,11175,0.03512730775400996,0.0,0.0,0.0,0.0,0.0,0.0,/kaggle/input/datasets/shuvroahmedimaging/ws2-eca/test_set/test_set/images/before/before-video-012/frame_0015.jpg,/kaggle/input/datasets/shuvroahmedimaging/ws2-eca/test_set/test_set/masks/before/before-video-012/frame_0015.jpg
before-video-012,frame_0016.jpg,continued_baseline_corrected_crop,baseline,0,none,0.0,0.0,0.0,0.3506897416603963,0.5192750501374137,0.3687430771665172,0.8774946654951675,18959,7967,0.03512730775400996,0.0,0.0,0.0,0.0,0.0,0.0,/kaggle/input/datasets/shuvroahmedimaging/ws2-eca/test_set/test_set/images/before/before-video-012/frame_0016.jpg,/kaggle/input/datasets/shuvroahmedimaging/ws2-eca/test_set/test_set/masks/before/before-video-012/frame_0016.jpg
before-video-012,frame_0017.jpg,continued_baseline_corrected_crop,baseline,0,none,0.0,0.0,0.0,0.2683075480543835,0.42309540531549183,0.2793751525506468,0.8713459196102314,20485,6568,0.03512730775400996,0.0,0.0,0.0,0.0,0.0,0.0,/kaggle/input/datasets/shuvroahmedimaging/ws2-eca/test_set/test_set/images/before/before-video-012/frame_0017.jpg,/kaggle/input/datasets/shuvroahmedimaging/ws2-eca/test_set/test_set/masks/before/before-video-012/frame_0017.jpg
before-video-012,frame_0018.jpg,continued_baseline_corrected_crop,baseline,0,none,0.0,0.0,0.0,0.2445005409304003,0.3929295856273544,0.25297327550020987,0.8795200259445436,21441,6167,0.03512730775400996,0.0,0.0,0.0,0.0,0.0,0.0,/kaggle/input/datasets/shuvroahmedimaging/ws2-eca/test_set/test_set/images/before/before-video-012/frame_0018.jpg,/kaggle/input/datasets/shuvroahmedimaging/ws2-eca/test_set/test_set/masks/before/before-video-012/frame_0018.jpg
before-video-012,frame_0019.jpg,continued_baseline_corrected_crop,baseline,0,none,0.0,0.0,0.0,0.2869598470363289,0.44594996137160514,0.29205261928854986,0.942713567839196,25694,7960,0.03512730775400996,0.0,0.0,0.0,0.0,0.0,0.0,/kaggle/input/datasets/shuvroahmedimaging/ws2-eca/test_set/test_set/images/before/before-video-012/frame_0019.jpg,/kaggle/input/datasets/shuvroahmedimaging/ws2-eca/test_set/test_set/masks/before/before-video-012/frame_0019.jpg
before-video-012,frame_0020.jpg,continued_baseline_corrected_crop,baseline,0,none,0.0,0.0,0.0,0.29380451954117726,0.4541714225041807,0.29616423180779616,0.9735973597359736,28886,8787,0.03512730775400996,0.0,0.0,0.0,0.0,0.0,0.0,/kaggle/input/datasets/shuvroahmedimaging/ws2-eca/test_set/test_set/images/before/before-video-012/frame_0020.jpg,/kaggle/input/datasets/shuvroahmedimaging/ws2-eca/test_set/test_set/masks/before/before-video-012/frame_0020.jpg
before-video-012,frame_0021.jpg,continued_baseline_corrected_crop,baseline,0,none,0.0,0.0,0.0,0.26975858960232396,0.42489744398863993,0.275555100787885,0.9276610403031347,29319,8709,0.03512730775400996,0.0,0.0,0.0,0.0,0.0,0.0,/kaggle/input/datasets/shuvroahmedimaging/ws2-eca/test_set/test_set/images/before/before-video-012/frame_0021.jpg,/kaggle/input/datasets/shuvroahmedimaging/ws2-eca/test_set/test_set/masks/before/before-video-012/frame_0021.jpg
before-video-012,frame_0022.jpg,continued_baseline_corrected_crop,baseline,0,none,0.0,0.0,0.0,0.30780544534135995,0.47072054400418467,0.3103852654088918,0.9737069898290414,28993,9242,0.03512730775400996,0.0,0.0,0.0,0.0,0.0,0.0,/kaggle/input/datasets/shuvroahmedimaging/ws2-eca/test_set/test_set/images/before/before-video-012/frame_0022.jpg,/kaggle/input/datasets/shuvroahmedimaging/ws2-eca/test_set/test_set/masks/before/before-video-012/frame_0022.jpg
before-video-012,frame_0023.jpg,continued_baseline_corrected_crop,baseline,0,none,0.0,0.0,0.0,0.27246624508631,0.4282490732283888,0.2790184822178661,0.9206514206514207,28568,8658,0.03512730775400996,0.0,0.0,0.0,0.0,0.0,0.0,/kaggle/input/datasets/shuvroahmedimaging/ws2-eca/test_set/test_set/images/before/before-video-012/frame_0023.jpg,/kaggle/input/datasets/shuvroahmedimaging/ws2-eca/test_set/test_set/masks/before/before-video-012/frame_0023.jpg
before-video-012,frame_0024.jpg,continued_baseline_corrected_crop,baseline,0,none,0.0,0.0,0.0,0.33728053791557716,0.5044274979748038,0.3471757603722075,0.9220792483660131,26007,9792,0.03512730775400996,0.0,0.0,0.0,0.0,0.0,0.0,/kaggle/input/datasets/shuvroahmedimaging/ws2-eca/test_set/test_set/images/before/before-video-012/frame_0024.jpg,/kaggle/input/datasets/shuvroahmedimaging/ws2-eca/test_set/test_set/masks/before/before-video-012/frame_0024.jpg
before-video-012,frame_0025.jpg,continued_baseline_corrected_crop,baseline,0,none,0.0,0.0,0.0,0.4042206501867896,0.5757224124755894,0.41239914041276404,0.9532333645735708,24663,10670,0.03512730775400996,0.0,0.0,0.0,0.0,0.0,0.0,/kaggle/input/datasets/shuvroahmedimaging/ws2-eca/test_set/test_set/images/before/before-video-012/frame_0025.jpg,/kaggle/input/datasets/shuvroahmedimaging/ws2-eca/test_set/test_set/masks/before/before-video-012/frame_0025.jpg
before-video-012,frame_0026.jpg,continued_baseline_corrected_crop,baseline,0,none,0.0,0.0,0.0,0.25609653900946955,0.4077656948428848,0.2591148041376971,0.9564945226917058,23588,6390,0.03512730775400996,0.0,0.0,0.0,0.0,0.0,0.0,/kaggle/input/datasets/shuvroahmedimaging/ws2-eca/test_set/test_set/images/before/before-video-012/frame_0026.jpg,/kaggle/input/datasets/shuvroahmedimaging/ws2-eca/test_set/test_set/masks/before/before-video-012/frame_0026.jpg
before-video-012,frame_0027.jpg,continued_baseline_corrected_crop,baseline,0,none,0.0,0.0,0.0,0.3470536971240866,0.5152781924952722,0.3511973407502883,0.9671212404259294,29482,10706,0.03512730775400996,0.0,0.0,0.0,0.0,0.0,0.0,/kaggle/input/datasets/shuvroahmedimaging/ws2-eca/test_set/test_set/images/before/before-video-012/frame_0027.jpg,/kaggle/input/datasets/shuvroahmedimaging/ws2-eca/test_set/test_set/masks/before/before-video-012/frame_0027.jpg
before-video-012,frame_0028.jpg,continued_baseline_corrected_crop,baseline,0,none,0.0,0.0,0.0,0.33361520768502234,0.500317041621224,0.33850430723821945,0.9585034013605442,29137,10290,0.03512730775400996,0.0,0.0,0.0,0.0,0.0,0.0,/kaggle/input/datasets/shuvroahmedimaging/ws2-eca/test_set/test_set/images/before/before-video-012/frame_0028.jpg,/kaggle/input/datasets/shuvroahmedimaging/ws2-eca/test_set/test_set/masks/before/before-video-012/frame_0028.jpg
before-video-012,frame_0029.jpg,continued_baseline_corrected_crop,baseline,0,none,0.0,0.0,0.0,0.4030341163310962,0.5745179131994619,0.40645820848168646,0.9795259536148161,28367,11771,0.03512730775400996,0.0,0.0,0.0,0.0,0.0,0.0,/kaggle/input/datasets/shuvroahmedimaging/ws2-eca/test_set/test_set/images/before/before-video-012/frame_0029.jpg,/kaggle/input/datasets/shuvroahmedimaging/ws2-eca/test_set/test_set/masks/before/before-video-012/frame_0029.jpg
before-video-012,frame_0030.jpg,continued_baseline_corrected_crop,baseline,0,none,0.0,0.0,0.0,0.355249916135525,0.5242574257425743,0.36259672669999315,0.9460425227800607,29206,11194,0.03512730775400996,0.0,0.0,0.0,0.0,0.0,0.0,/kaggle/input/datasets/shuvroahmedimaging/ws2-eca/test_set/test_set/images/before/before-video-012/frame_0030.jpg,/kaggle/input/datasets/shuvroahmedimaging/ws2-eca/test_set/test_set/masks/before/before-video-012/frame_0030.jpg
before-video-012,frame_0031.jpg,continued_baseline_corrected_crop,baseline,0,none,0.0,0.0,0.0,0.3250229745353215,0.4905922097679934,0.3352495107632094,0.9141999499708163,32704,11993,0.03512730775400996,0.0,0.0,0.0,0.0,0.0,0.0,/kaggle/input/datasets/shuvroahmedimaging/ws2-eca/test_set/test_set/images/before/before-video-012/frame_0031.jpg,/kaggle/input/datasets/shuvroahmedimaging/ws2-eca/test_set/test_set/masks/before/before-video-012/frame_0031.jpg
before-video-012,frame_0032.jpg,continued_baseline_corrected_crop,baseline,0,none,0.0,0.0,0.0,0.31673269194491604,0.4810888252148997,0.32816470128347125,0.9009121802897514,30698,11182,0.03512730775400996,0.0,0.0,0.0,0.0,0.0,0.0,/kaggle/input/datasets/shuvroahmedimaging/ws2-eca/test_set/test_set/images/before/before-video-012/frame_0032.jpg,/kaggle/input/datasets/shuvroahmedimaging/ws2-eca/test_set/test_set/masks/before/before-video-012/frame_0032.jpg
before-video-012,frame_0033.jpg,continued_baseline_corrected_crop,baseline,0,none,0.0,0.0,0.0,0.29444180046589685,0.4549324664267193,0.3028312337377953,0.9140035767047664,38817,12861,0.03512730775400996,0.0,0.0,0.0,0.0,0.0,0.0,/kaggle/input/datasets/shuvroahmedimaging/ws2-eca/test_set/test_set/images/before/before-video-012/frame_0033.jpg,/kaggle/input/datasets/shuvroahmedimaging/ws2-eca/test_set/test_set/masks/before/before-video-012/frame_0033.jpg
before-video-012,frame_0034.jpg,continued_baseline_corrected_crop,baseline,0,none,0.0,0.0,0.0,0.3845067844910978,0.5554422539466727,0.39883389830508476,0.9145575523910204,36875,16081,0.03512730775400996,0.0,0.0,0.0,0.0,0.0,0.0,/kaggle/input/datasets/shuvroahmedimaging/ws2-eca/test_set/test_set/images/before/before-video-012/frame_0034.jpg,/kaggle/input/datasets/shuvroahmedimaging/ws2-eca/test_set/test_set/masks/before/before-video-012/frame_0034.jpg
before-video-012,frame_0035.jpg,continued_baseline_corrected_crop,baseline,0,none,0.0,0.0,0.0,0.41146496815286626,0.5830324909747292,0.45390972663699936,0.814823713135924,29887,16649,0.03512730775400996,0.0,0.0,0.0,0.0,0.0,0.0,/kaggle/input/datasets/shuvroahmedimaging/ws2-eca/test_set/test_set/images/before/before-video-012/frame_0035.jpg,/kaggle/input/datasets/shuvroahmedimaging/ws2-eca/test_set/test_set/masks/before/before-video-012/frame_0035.jpg
before-video-012,frame_0036.jpg,continued_baseline_corrected_crop,baseline,0,none,0.0,0.0,0.0,0.3592706805185473,0.5286227175612872,0.4241331778178348,0.701426233341127,28293,17108,0.03512730775400996,0.0,0.0,0.0,0.0,0.0,0.0,/kaggle/input/datasets/shuvroahmedimaging/ws2-eca/test_set/test_set/images/before/before-video-012/frame_0036.jpg,/kaggle/input/datasets/shuvroahmedimaging/ws2-eca/test_set/test_set/masks/before/before-video-012/frame_0036.jpg
before-video-012,frame_0037.jpg,continued_baseline_corrected_crop,baseline,0,none,0.0,0.0,0.0,0.3972892096461891,0.5686570924666162,0.46053392280224453,0.7431268177577787,29405,18223,0.03512730775400996,0.0,0.0,0.0,0.0,0.0,0.0,/kaggle/input/datasets/shuvroahmedimaging/ws2-eca/test_set/test_set/images/before/before-video-012/frame_0037.jpg,/kaggle/input/datasets/shuvroahmedimaging/ws2-eca/test_set/test_set/masks/before/before-video-012/frame_0037.jpg
before-video-012,frame_0038.jpg,continued_baseline_corrected_crop,baseline,0,none,0.0,0.0,0.0,0.40413555427914993,0.5756360958848074,0.444233986804306,0.8174266627940749,31677,17215,0.03512730775400996,0.0,0.0,0.0,0.0,0.0,0.0,/kaggle/input/datasets/shuvroahmedimaging/ws2-eca/test_set/test_set/images/before/before-video-012/frame_0038.jpg,/kaggle/input/datasets/shuvroahmedimaging/ws2-eca/test_set/test_set/masks/before/before-video-012/frame_0038.jpg
before-video-012,frame_0039.jpg,continued_baseline_corrected_crop,baseline,0,none,0.0,0.0,0.0,0.4383854757659264,0.6095521446119864,0.4721698442628675,0.8596859304469451,28638,15729,0.03512730775400996,0.0,0.0,0.0,0.0,0.0,0.0,/kaggle/input/datasets/shuvroahmedimaging/ws2-eca/test_set/test_set/images/before/before-video-012/frame_0039.jpg,/kaggle/input/datasets/shuvroahmedimaging/ws2-eca/test_set/test_set/masks/before/before-video-012/frame_0039.jpg
before-video-012,frame_0040.jpg,continued_baseline_corrected_crop,baseline,0,none,0.0,0.0,0.0,0.5090158818225952,0.674632902084243,0.5330452465683783,0.9186432192252331,27538,15979,0.03512730775400996,0.0,0.0,0.0,0.0,0.0,0.0,/kaggle/input/datasets/shuvroahmedimaging/ws2-eca/test_set/test_set/images/before/before-video-012/frame_0040.jpg,/kaggle/input/datasets/shuvroahmedimaging/ws2-eca/test_set/test_set/masks/before/before-video-012/frame_0040.jpg
before-video-012,frame_0041.jpg,continued_baseline_corrected_crop,baseline,0,none,0.0,0.0,0.0,0.4564547966837742,0.6268025588203404,0.462406015037594,0.9725773889636609,25004,11888,0.03512730775400996,0.0,0.0,0.0,0.0,0.0,0.0,/kaggle/input/datasets/shuvroahmedimaging/ws2-eca/test_set/test_set/images/before/before-video-012/frame_0041.jpg,/kaggle/input/datasets/shuvroahmedimaging/ws2-eca/test_set/test_set/masks/before/before-video-012/frame_0041.jpg
before-video-012,frame_0042.jpg,continued_baseline_corrected_crop,baseline,0,none,0.0,0.0,0.0,0.31006815968841284,0.4733618741824236,0.3271957584973902,0.8555615260612573,24331,9305,0.03512730775400996,0.0,0.0,0.0,0.0,0.0,0.0,/kaggle/input/datasets/shuvroahmedimaging/ws2-eca/test_set/test_set/images/before/before-video-012/frame_0042.jpg,/kaggle/input/datasets/shuvroahmedimaging/ws2-eca/test_set/test_set/masks/before/before-video-012/frame_0042.jpg
before-video-012,frame_0043.jpg,continued_baseline_corrected_crop,baseline,0,none,0.0,0.0,0.0,0.2466948058743503,0.3957581353703237,0.250958126330731,0.9355734885566874,28180,7559,0.03512730775400996,0.0,0.0,0.0,0.0,0.0,0.0,/kaggle/input/datasets/shuvroahmedimaging/ws2-eca/test_set/test_set/images/before/before-video-012/frame_0043.jpg,/kaggle/input/datasets/shuvroahmedimaging/ws2-eca/test_set/test_set/masks/before/before-video-012/frame_0043.jpg
before-video-012,frame_0044.jpg,continued_baseline_corrected_crop,baseline,0,none,0.0,0.0,0.0,0.2595793719389225,0.41216834400731933,0.2684443782354475,0.8871384615384615,26851,8125,0.03512730775400996,0.0,0.0,0.0,0.0,0.0,0.0,/kaggle/input/datasets/shuvroahmedimaging/ws2-eca/test_set/test_set/images/before/before-video-012/frame_0044.jpg,/kaggle/input/datasets/shuvroahmedimaging/ws2-eca/test_set/test_set/masks/before/before-video-012/frame_0044.jpg
before-video-012,frame_0045.jpg,continued_baseline_corrected_crop,baseline,0,none,0.0,0.0,0.0,0.3652591251631373,0.5350766289432298,0.37721739130434784,0.9201399936366529,23000,9429,0.03512730775400996,0.0,0.0,0.0,0.0,0.0,0.0,/kaggle/input/datasets/shuvroahmedimaging/ws2-eca/test_set/test_set/images/before/before-video-012/frame_0045.jpg,/kaggle/input/datasets/shuvroahmedimaging/ws2-eca/test_set/test_set/masks/before/before-video-012/frame_0045.jpg
before-video-012,frame_0046.jpg,continued_baseline_corrected_crop,baseline,0,none,0.0,0.0,0.0,0.39557060737043803,0.5668944377035571,0.4089841050449205,0.92343701237907,21705,9613,0.03512730775400996,0.0,0.0,0.0,0.0,0.0,0.0,/kaggle/input/datasets/shuvroahmedimaging/ws2-eca/test_set/test_set/images/before/before-video-012/frame_0046.jpg,/kaggle/input/datasets/shuvroahmedimaging/ws2-eca/test_set/test_set/masks/before/before-video-012/frame_0046.jpg
before-video-012,frame_0047.jpg,continued_baseline_corrected_crop,baseline,0,none,0.0,0.0,0.0,0.44459061011567247,0.6155247126797714,0.45473947942281817,0.9522005246283882,21553,10293,0.03512730775400996,0.0,0.0,0.0,0.0,0.0,0.0,/kaggle/input/datasets/shuvroahmedimaging/ws2-eca/test_set/test_set/images/before/before-video-012/frame_0047.jpg,/kaggle/input/datasets/shuvroahmedimaging/ws2-eca/test_set/test_set/masks/before/before-video-012/frame_0047.jpg
before-video-012,frame_0048.jpg,continued_baseline_corrected_crop,baseline,0,none,0.0,0.0,0.0,0.3817024786895549,0.5525103769829988,0.38599348534201955,0.9717,25174,10000,0.03512730775400996,0.0,0.0,0.0,0.0,0.0,0.0,/kaggle/input/datasets/shuvroahmedimaging/ws2-eca/test_set/test_set/images/before/before-video-012/frame_0048.jpg,/kaggle/input/datasets/shuvroahmedimaging/ws2-eca/test_set/test_set/masks/before/before-video-012/frame_0048.jpg
before-video-012,frame_0049.jpg,continued_baseline_corrected_crop,baseline,0,none,0.0,0.0,0.0,0.24982895122666407,0.3997810276061625,0.2563605362575641,0.9074556213017752,29911,8450,0.03512730775400996,0.0,0.0,0.0,0.0,0.0,0.0,/kaggle/input/datasets/shuvroahmedimaging/ws2-eca/test_set/test_set/images/before/before-video-012/frame_0049.jpg,/kaggle/input/datasets/shuvroahmedimaging/ws2-eca/test_set/test_set/masks/before/before-video-012/frame_0049.jpg
before-video-012,frame_0050.jpg,continued_baseline_corrected_crop,baseline,0,none,0.0,0.0,0.0,0.21569611780455153,0.3548520302821748,0.2205115045761697,0.9080662205001762,23382,5678,0.03512730775400996,0.0,0.0,0.0,0.0,0.0,0.0,/kaggle/input/datasets/shuvroahmedimaging/ws2-eca/test_set/test_set/images/before/before-video-012/frame_0050.jpg,/kaggle/input/datasets/shuvroahmedimaging/ws2-eca/test_set/test_set/masks/before/before-video-012/frame_0050.jpg
before-video-012,frame_0051.jpg,continued_baseline_corrected_crop,baseline,0,none,0.0,0.0,0.0,0.130021978021978,0.23012291893573986,0.1329438202247191,0.8554077501445922,22250,3458,0.03512730775400996,0.0,0.0,0.0,0.0,0.0,0.0,/kaggle/input/datasets/shuvroahmedimaging/ws2-eca/test_set/test_set/images/before/before-video-012/frame_0051.jpg,/kaggle/input/datasets/shuvroahmedimaging/ws2-eca/test_set/test_set/masks/before/before-video-012/frame_0051.jpg
before-video-012,frame_0052.jpg,continued_baseline_corrected_crop,baseline,0,none,0.0,0.0,0.0,0.10914743904434626,0.19681321923871348,0.1115804441470453,0.8334895345204624,23911,3201,0.03512730775400996,0.0,0.0,0.0,0.0,0.0,0.0,/kaggle/input/datasets/shuvroahmedimaging/ws2-eca/test_set/test_set/images/before/before-video-012/frame_0052.jpg,/kaggle/input/datasets/shuvroahmedimaging/ws2-eca/test_set/test_set/masks/before/before-video-012/frame_0052.jpg
before-video-012,frame_0053.jpg,continued_baseline_corrected_crop,baseline,0,none,0.0,0.0,0.0,0.15945914442242687,0.275057806373781,0.173523318252928,0.6630048465266559,23651,6190,0.03512730775400996,0.0,0.0,0.0,0.0,0.0,0.0,/kaggle/input/datasets/shuvroahmedimaging/ws2-eca/test_set/test_set/images/before/before-video-012/frame_0053.jpg,/kaggle/input/datasets/shuvroahmedimaging/ws2-eca/test_set/test_set/masks/before/before-video-012/frame_0053.jpg
before-video-012,frame_0054.jpg,continued_baseline_corrected_crop,baseline,0,none,0.0,0.0,0.0,0.1936105437589117,0.32441158428308525,0.19607383990945634,0.9390654205607477,25623,5350,0.03512730775400996,0.0,0.0,0.0,0.0,0.0,0.0,/kaggle/input/datasets/shuvroahmedimaging/ws2-eca/test_set/test_set/images/before/before-video-012/frame_0054.jpg,/kaggle/input/datasets/shuvroahmedimaging/ws2-eca/test_set/test_set/masks/before/before-video-012/frame_0054.jpg
before-video-012,frame_0055.jpg,continued_baseline_corrected_crop,baseline,0,none,0.0,0.0,0.0,0.30359017425992024,0.4657754871960058,0.3097022917112872,0.938961038961039,23345,7700,0.03512730775400996,0.0,0.0,0.0,0.0,0.0,0.0,/kaggle/input/datasets/shuvroahmedimaging/ws2-eca/test_set/test_set/images/before/before-video-012/frame_0055.jpg,/kaggle/input/datasets/shuvroahmedimaging/ws2-eca/test_set/test_set/masks/before/before-video-012/frame_0055.jpg
before-video-012,frame_0056.jpg,continued_baseline_corrected_crop,baseline,0,none,0.0,0.0,0.0,0.3192999909559555,0.484044558697515,0.3389822371579453,0.8461354104254044,20830,8345,0.03512730775400996,0.0,0.0,0.0,0.0,0.0,0.0,/kaggle/input/datasets/shuvroahmedimaging/ws2-eca/test_set/test_set/images/before/before-video-012/frame_0056.jpg,/kaggle/input/datasets/shuvroahmedimaging/ws2-eca/test_set/test_set/masks/before/before-video-012/frame_0056.jpg
before-video-012,frame_0057.jpg,continued_baseline_corrected_crop,baseline,0,none,0.0,0.0,0.0,0.33514678710737017,0.5020373644960406,0.36580583720799953,0.7999509984074482,17851,8163,0.03512730775400996,0.0,0.0,0.0,0.0,0.0,0.0,/kaggle/input/datasets/shuvroahmedimaging/ws2-eca/test_set/test_set/images/before/before-video-012/frame_0057.jpg,/kaggle/input/datasets/shuvroahmedimaging/ws2-eca/test_set/test_set/masks/before/before-video-012/frame_0057.jpg
before-video-012,frame_0058.jpg,continued_baseline_corrected_crop,baseline,0,none,0.0,0.0,0.0,0.4086212862721835,0.5801719599929812,0.4410179800458838,0.8476210008203445,18743,9752,0.03512730775400996,0.0,0.0,0.0,0.0,0.0,0.0,/kaggle/input/datasets/shuvroahmedimaging/ws2-eca/test_set/test_set/images/before/before-video-012/frame_0058.jpg,/kaggle/input/datasets/shuvroahmedimaging/ws2-eca/test_set/test_set/masks/before/before-video-012/frame_0058.jpg
before-video-012,frame_0059.jpg,continued_baseline_corrected_crop,baseline,0,none,0.0,0.0,0.0,0.3778409090909091,0.5484536082474227,0.40445648567953113,0.8516707416462918,18086,8589,0.03512730775400996,0.0,0.0,0.0,0.0,0.0,0.0,/kaggle/input/datasets/shuvroahmedimaging/ws2-eca/test_set/test_set/images/before/before-video-012/frame_0059.jpg,/kaggle/input/datasets/shuvroahmedimaging/ws2-eca/test_set/test_set/masks/before/before-video-012/frame_0059.jpg
before-video-012,frame_0060.jpg,continued_baseline_corrected_crop,baseline,0,none,0.0,0.0,0.0,0.3180142876643764,0.4825657667610302,0.3339066456452152,0.8698195395146235,20931,8035,0.03512730775400996,0.0,0.0,0.0,0.0,0.0,0.0,/kaggle/input/datasets/shuvroahmedimaging/ws2-eca/test_set/test_set/images/before/before-video-012/frame_0060.jpg,/kaggle/input/datasets/shuvroahmedimaging/ws2-eca/test_set/test_set/masks/before/before-video-012/frame_0060.jpg
before-video-012,frame_0061.jpg,continued_baseline_corrected_crop,baseline,0,none,0.0,0.0,0.0,0.2991821264711749,0.46056995455103794,0.3323730165765446,0.749750049990002,22562,10002,0.03512730775400996,0.0,0.0,0.0,0.0,0.0,0.0,/kaggle/input/datasets/shuvroahmedimaging/ws2-eca/test_set/test_set/images/before/before-video-012/frame_0061.jpg,/kaggle/input/datasets/shuvroahmedimaging/ws2-eca/test_set/test_set/masks/before/before-video-012/frame_0061.jpg
before-video-012,frame_0062.jpg,continued_baseline_corrected_crop,baseline,0,none,0.0,0.0,0.0,0.2542841773611004,0.40546501654209044,0.27770550963031343,0.7509361170997391,23831,8813,0.03512730775400996,0.0,0.0,0.0,0.0,0.0,0.0,/kaggle/input/datasets/shuvroahmedimaging/ws2-eca/test_set/test_set/images/before/before-video-012/frame_0062.jpg,/kaggle/input/datasets/shuvroahmedimaging/ws2-eca/test_set/test_set/masks/before/before-video-012/frame_0062.jpg
before-video-012,frame_0063.jpg,continued_baseline_corrected_crop,baseline,0,none,0.0,0.0,0.0,0.2780028429282161,0.43505825431693684,0.3296393055789651,0.6396042841958957,23732,12231,0.03512730775400996,0.0,0.0,0.0,0.0,0.0,0.0,/kaggle/input/datasets/shuvroahmedimaging/ws2-eca/test_set/test_set/images/before/before-video-012/frame_0063.jpg,/kaggle/input/datasets/shuvroahmedimaging/ws2-eca/test_set/test_set/masks/before/before-video-012/frame_0063.jpg
before-video-012,frame_0064.jpg,continued_baseline_corrected_crop,baseline,0,none,0.0,0.0,0.0,0.33366410320019846,0.5003720238095238,0.372898977646855,0.760262841800325,28855,14153,0.03512730775400996,0.0,0.0,0.0,0.0,0.0,0.0,/kaggle/input/datasets/shuvroahmedimaging/ws2-eca/test_set/test_set/images/before/before-video-012/frame_0064.jpg,/kaggle/input/datasets/shuvroahmedimaging/ws2-eca/test_set/test_set/masks/before/before-video-012/frame_0064.jpg
before-video-012,frame_0065.jpg,continued_baseline_corrected_crop,baseline,0,none,0.0,0.0,0.0,0.3052134646962233,0.46768359805000786,0.336349242252884,0.7672858617131063,22105,9690,0.03512730775400996,0.0,0.0,0.0,0.0,0.0,0.0,/kaggle/input/datasets/shuvroahmedimaging/ws2-eca/test_set/test_set/images/before/before-video-012/frame_0065.jpg,/kaggle/input/datasets/shuvroahmedimaging/ws2-eca/test_set/test_set/masks/before/before-video-012/frame_0065.jpg
before-video-012,frame_0066.jpg,continued_baseline_corrected_crop,baseline,0,none,0.0,0.0,0.0,0.2508650519031142,0.40110650069156295,0.2871919014084507,0.6647987773815588,18176,7852,0.03512730775400996,0.0,0.0,0.0,0.0,0.0,0.0,/kaggle/input/datasets/shuvroahmedimaging/ws2-eca/test_set/test_set/images/before/before-video-012/frame_0066.jpg,/kaggle/input/datasets/shuvroahmedimaging/ws2-eca/test_set/test_set/masks/before/before-video-012/frame_0066.jpg
before-video-012,frame_0067.jpg,continued_baseline_corrected_crop,baseline,0,none,0.0,0.0,0.0,0.37464819224940465,0.5450822899440901,0.40174114915844455,0.8474534769833496,17230,8168,0.03512730775400996,0.0,0.0,0.0,0.0,0.0,0.0,/kaggle/input/datasets/shuvroahmedimaging/ws2-eca/test_set/test_set/images/before/before-video-012/frame_0067.jpg,/kaggle/input/datasets/shuvroahmedimaging/ws2-eca/test_set/test_set/masks/before/before-video-012/frame_0067.jpg
before-video-012,frame_0068.jpg,continued_baseline_corrected_crop,baseline,0,none,0.0,0.0,0.0,0.5492195510994645,0.7090273947416804,0.5879017013232514,0.8930159318266024,16399,10796,0.03512730775400996,0.0,0.0,0.0,0.0,0.0,0.0,/kaggle/input/datasets/shuvroahmedimaging/ws2-eca/test_set/test_set/images/before/before-video-012/frame_0068.jpg,/kaggle/input/datasets/shuvroahmedimaging/ws2-eca/test_set/test_set/masks/before/before-video-012/frame_0068.jpg
before-video-012,frame_0069.jpg,continued_baseline_corrected_crop,baseline,0,none,0.0,0.0,0.0,0.514968452141227,0.6798404962339388,0.5488624982114751,0.8929236499068901,20967,12888,0.03512730775400996,0.0,0.0,0.0,0.0,0.0,0.0,/kaggle/input/datasets/shuvroahmedimaging/ws2-eca/test_set/test_set/images/before/before-video-012/frame_0069.jpg,/kaggle/input/datasets/shuvroahmedimaging/ws2-eca/test_set/test_set/masks/before/before-video-012/frame_0069.jpg
before-video-012,frame_0070.jpg,continued_baseline_corrected_crop,baseline,0,none,0.0,0.0,0.0,0.4138889918801676,0.5854617926260031,0.4248686914820735,0.9412310286677908,26274,11860,0.03512730775400996,0.0,0.0,0.0,0.0,0.0,0.0,/kaggle/input/datasets/shuvroahmedimaging/ws2-eca/test_set/test_set/images/before/before-video-012/frame_0070.jpg,/kaggle/input/datasets/shuvroahmedimaging/ws2-eca/test_set/test_set/masks/before/before-video-012/frame_0070.jpg
before-video-012,frame_0071.jpg,continued_baseline_corrected_crop,baseline,0,none,0.0,0.0,0.0,0.30320610687022903,0.4653233364573571,0.3095676029553886,0.936527397906253,32077,10603,0.03512730775400996,0.0,0.0,0.0,0.0,0.0,0.0,/kaggle/input/datasets/shuvroahmedimaging/ws2-eca/test_set/test_set/images/before/before-video-012/frame_0071.jpg,/kaggle/input/datasets/shuvroahmedimaging/ws2-eca/test_set/test_set/masks/before/before-video-012/frame_0071.jpg
before-video-012,frame_0072.jpg,continued_baseline_corrected_crop,baseline,0,none,0.0,0.0,0.0,0.31382959511684183,0.4777325709258852,0.3193193928925802,0.948063284233497,27211,9165,0.03512730775400996,0.0,0.0,0.0,0.0,0.0,0.0,/kaggle/input/datasets/shuvroahmedimaging/ws2-eca/test_set/test_set/images/before/before-video-012/frame_0072.jpg,/kaggle/input/datasets/shuvroahmedimaging/ws2-eca/test_set/test_set/masks/before/before-video-012/frame_0072.jpg
before-video-013,frame_0001.jpg,continued_baseline_corrected_crop,baseline,0,none,0.0,0.0,0.0,0.3312143342893469,0.4976123314750239,0.3413578742077036,0.9176701892356844,32816,12207,0.03512730775400996,0.0,0.0,0.0,0.0,0.0,0.0,/kaggle/input/datasets/shuvroahmedimaging/ws2-eca/test_set/test_set/images/before/before-video-013/frame_0001.jpg,/kaggle/input/datasets/shuvroahmedimaging/ws2-eca/test_set/test_set/masks/before/before-video-013/frame_0001.jpg
before-video-013,frame_0002.jpg,continued_baseline_corrected_crop,baseline,0,none,0.0,0.0,0.0,0.2419997135080934,0.38969367041889647,0.245267131242741,0.9478231597845601,34440,8912,0.03512730775400996,0.0,0.0,0.0,0.0,0.0,0.0,/kaggle/input/datasets/shuvroahmedimaging/ws2-eca/test_set/test_set/images/before/before-video-013/frame_0002.jpg,/kaggle/input/datasets/shuvroahmedimaging/ws2-eca/test_set/test_set/masks/before/before-video-013/frame_0002.jpg
before-video-013,frame_0003.jpg,continued_baseline_corrected_crop,baseline,0,none,0.0,0.0,0.0,0.3208818310325123,0.48586001184024774,0.33497645211930926,0.8840735830294995,31850,12068,0.03512730775400996,0.0,0.0,0.0,0.0,0.0,0.0,/kaggle/input/datasets/shuvroahmedimaging/ws2-eca/test_set/test_set/images/before/before-video-013/frame_0003.jpg,/kaggle/input/datasets/shuvroahmedimaging/ws2-eca/test_set/test_set/masks/before/before-video-013/frame_0003.jpg
before-video-013,frame_0004.jpg,continued_baseline_corrected_crop,baseline,0,none,0.0,0.0,0.0,0.2816580563804255,0.4395213762021138,0.2948515947706852,0.8629112662013958,23483,8024,0.03512730775400996,0.0,0.0,0.0,0.0,0.0,0.0,/kaggle/input/datasets/shuvroahmedimaging/ws2-eca/test_set/test_set/images/before/before-video-013/frame_0004.jpg,/kaggle/input/datasets/shuvroahmedimaging/ws2-eca/test_set/test_set/masks/before/before-video-013/frame_0004.jpg
before-video-013,frame_0005.jpg,continued_baseline_corrected_crop,baseline,0,none,0.0,0.0,0.0,0.2919756293392528,0.45198318406141474,0.3107938263536273,0.8282422293676313,19891,7464,0.03512730775400996,0.0,0.0,0.0,0.0,0.0,0.0,/kaggle/input/datasets/shuvroahmedimaging/ws2-eca/test_set/test_set/images/before/before-video-013/frame_0005.jpg,/kaggle/input/datasets/shuvroahmedimaging/ws2-eca/test_set/test_set/masks/before/before-video-013/frame_0005.jpg
before-video-013,frame_0006.jpg,continued_baseline_corrected_crop,baseline,0,none,0.0,0.0,0.0,0.30202422632701514,0.4639302713729369,0.3205894916702264,0.8391100178890877,23410,8944,0.03512730775400996,0.0,0.0,0.0,0.0,0.0,0.0,/kaggle/input/datasets/shuvroahmedimaging/ws2-eca/test_set/test_set/images/before/before-video-013/frame_0006.jpg,/kaggle/input/datasets/shuvroahmedimaging/ws2-eca/test_set/test_set/masks/before/before-video-013/frame_0006.jpg
before-video-013,frame_0007.jpg,continued_baseline_corrected_crop,baseline,0,none,0.0,0.0,0.0,0.28943956735933624,0.44893855390537474,0.3018969980295947,0.8752240143369175,25883,8928,0.03512730775400996,0.0,0.0,0.0,0.0,0.0,0.0,/kaggle/input/datasets/shuvroahmedimaging/ws2-eca/test_set/test_set/images/before/before-video-013/frame_0007.jpg,/kaggle/input/datasets/shuvroahmedimaging/ws2-eca/test_set/test_set/masks/before/before-video-013/frame_0007.jpg
before-video-013,frame_0008.jpg,continued_baseline_corrected_crop,baseline,0,none,0.0,0.0,0.0,0.19435775295663602,0.32545985903386626,0.20086576412171625,0.8571169865990583,23563,5522,0.03512730775400996,0.0,0.0,0.0,0.0,0.0,0.0,/kaggle/input/datasets/shuvroahmedimaging/ws2-eca/test_set/test_set/images/before/before-video-013/frame_0008.jpg,/kaggle/input/datasets/shuvroahmedimaging/ws2-eca/test_set/test_set/masks/before/before-video-013/frame_0008.jpg
before-video-013,frame_0009.jpg,continued_baseline_corrected_crop,baseline,0,none,0.0,0.0,0.0,0.2013866117018785,0.33525696014973094,0.2132440476190476,0.7836310608822458,20160,5486,0.03512730775400996,0.0,0.0,0.0,0.0,0.0,0.0,/kaggle/input/datasets/shuvroahmedimaging/ws2-eca/test_set/test_set/images/before/before-video-013/frame_0009.jpg,/kaggle/input/datasets/shuvroahmedimaging/ws2-eca/test_set/test_set/masks/before/before-video-013/frame_0009.jpg
