video,frame,method,kind,memory_frames,confidence_mode,lambda_qmem,lambda_code,lambda_clean,iou,dice,precision,recall,pred_pixels,gt_pixels,threshold,mean_qmem_mismatch,mean_qmem_confidence,mean_top_similarity,mean_score_margin,same_code_rate,mean_selected_age,img_path,mask_path
before-video-000,frame_0001.jpg,strict_qmem_v1_reference_T1K2_lambda0p05,qmem,1,legacy,0.05,0.0,0.0,0.25392569896591344,0.40500916310323765,0.2703915171288744,0.8065693430656934,17164,5754,0.05511450720950961,0.0,0.0,0.0,0.0,0.0,0.0,/kaggle/input/datasets/shuvroahmedimaging/ws2-eca/test_set/test_set/images/before/before-video-000/frame_0001.jpg,/kaggle/input/datasets/shuvroahmedimaging/ws2-eca/test_set/test_set/masks/before/before-video-000/frame_0001.jpg
before-video-000,frame_0002.jpg,strict_qmem_v1_reference_T1K2_lambda0p05,qmem,1,legacy,0.05,0.0,0.0,0.3144259612762476,0.47842323651452284,0.3255958432169886,0.9016265248670629,17706,6394,0.05511450720950961,0.00856515672057867,0.0008716245065443218,0.9866584539413452,0.003545807907357812,0.538818359375,1.0,/kaggle/input/datasets/shuvroahmedimaging/ws2-eca/test_set/test_set/images/before/before-video-000/frame_0002.jpg,/kaggle/input/datasets/shuvroahmedimaging/ws2-eca/test_set/test_set/masks/before/before-video-000/frame_0002.jpg
before-video-000,frame_0003.jpg,strict_qmem_v1_reference_T1K2_lambda0p05,qmem,1,legacy,0.05,0.0,0.0,0.2931719864375073,0.45341530672211927,0.33278035832780356,0.7112466316834491,15070,7051,0.05511450720950961,0.00760911637917161,0.0006989093380980194,0.987812876701355,0.0034174888860434294,0.51513671875,1.0,/kaggle/input/datasets/shuvroahmedimaging/ws2-eca/test_set/test_set/images/before/before-video-000/frame_0003.jpg,/kaggle/input/datasets/shuvroahmedimaging/ws2-eca/test_set/test_set/masks/before/before-video-000/frame_0003.jpg
before-video-000,frame_0004.jpg,strict_qmem_v1_reference_T1K2_lambda0p05,qmem,1,legacy,0.05,0.0,0.0,0.3158145291821384,0.4800289435600579,0.34700282456323883,0.7784557615583196,19118,8522,0.05511450720950961,0.008390470407903194,0.0007598574738949537,0.986628532409668,0.0034635134506970644,0.520751953125,1.0,/kaggle/input/datasets/shuvroahmedimaging/ws2-eca/test_set/test_set/images/before/before-video-000/frame_0004.jpg,/kaggle/input/datasets/shuvroahmedimaging/ws2-eca/test_set/test_set/masks/before/before-video-000/frame_0004.jpg
before-video-000,frame_0005.jpg,strict_qmem_v1_reference_T1K2_lambda0p05,qmem,1,legacy,0.05,0.0,0.0,0.2659142659142659,0.420114178462501,0.32347805142409825,0.5990855358536857,16607,8967,0.05511450720950961,0.008150987327098846,0.0007556296768598258,0.9867607355117798,0.003430836834013462,0.47119140625,1.0,/kaggle/input/datasets/shuvroahmedimaging/ws2-eca/test_set/test_set/images/before/before-video-000/frame_0005.jpg,/kaggle/input/datasets/shuvroahmedimaging/ws2-eca/test_set/test_set/masks/before/before-video-000/frame_0005.jpg
before-video-000,frame_0006.jpg,strict_qmem_v1_reference_T1K2_lambda0p05,qmem,1,legacy,0.05,0.0,0.0,0.26030281311592907,0.4130797938510752,0.3052797478329393,0.6385714285714286,19035,9100,0.05511450720950961,0.0077073778957128525,0.0007592954789288342,0.9876688122749329,0.00349788973107934,0.47509765625,1.0,/kaggle/input/datasets/shuvroahmedimaging/ws2-eca/test_set/test_set/images/before/before-video-000/frame_0006.jpg,/kaggle/input/datasets/shuvroahmedimaging/ws2-eca/test_set/test_set/masks/before/before-video-000/frame_0006.jpg
before-video-000,frame_0007.jpg,strict_qmem_v1_reference_T1K2_lambda0p05,qmem,1,legacy,0.05,0.0,0.0,0.25171370967741935,0.40219054522026254,0.29068684516880094,0.6524692970995558,17180,7654,0.05511450720950961,0.006284578237682581,0.0008726677624508739,0.9893036484718323,0.0036275775637477636,0.46240234375,1.0,/kaggle/input/datasets/shuvroahmedimaging/ws2-eca/test_set/test_set/images/before/before-video-000/frame_0007.jpg,/kaggle/input/datasets/shuvroahmedimaging/ws2-eca/test_set/test_set/masks/before/before-video-000/frame_0007.jpg
before-video-000,frame_0008.jpg,strict_qmem_v1_reference_T1K2_lambda0p05,qmem,1,legacy,0.05,0.0,0.0,0.21939722180432275,0.3598453693041619,0.24857954545454544,0.6514294222751638,17600,6716,0.05511450720950961,0.005582582671195269,0.000840136781334877,0.990092396736145,0.00364519446156919,0.483642578125,1.0,/kaggle/input/datasets/shuvroahmedimaging/ws2-eca/test_set/test_set/images/before/before-video-000/frame_0008.jpg,/kaggle/input/datasets/shuvroahmedimaging/ws2-eca/test_set/test_set/masks/before/before-video-000/frame_0008.jpg
before-video-000,frame_0009.jpg,strict_qmem_v1_reference_T1K2_lambda0p05,qmem,1,legacy,0.05,0.0,0.0,0.32491093193324583,0.49046456497894775,0.34915117626316056,0.8239419876367094,19851,8412,0.05511450720950961,0.0050927987322211266,0.0008713563438504934,0.99034184217453,0.0036297286860644817,0.486083984375,1.0,/kaggle/input/datasets/shuvroahmedimaging/ws2-eca/test_set/test_set/images/before/before-video-000/frame_0009.jpg,/kaggle/input/datasets/shuvroahmedimaging/ws2-eca/test_set/test_set/masks/before/before-video-000/frame_0009.jpg
before-video-000,frame_0010.jpg,strict_qmem_v1_reference_T1K2_lambda0p05,qmem,1,legacy,0.05,0.0,0.0,0.3653340656753894,0.5351570357173644,0.4181222217233173,0.7431763766959297,22271,12530,0.05511450720950961,0.006457601673901081,0.0008422352839261293,0.9885023236274719,0.0037061027251183987,0.474365234375,1.0,/kaggle/input/datasets/shuvroahmedimaging/ws2-eca/test_set/test_set/images/before/before-video-000/frame_0010.jpg,/kaggle/input/datasets/shuvroahmedimaging/ws2-eca/test_set/test_set/masks/before/before-video-000/frame_0010.jpg
before-video-000,frame_0011.jpg,strict_qmem_v1_reference_T1K2_lambda0p05,qmem,1,legacy,0.05,0.0,0.0,0.36791217257318953,0.5379178282785616,0.4000753989863025,0.820673655267228,23873,11638,0.05511450720950961,0.006274776067584753,0.001072079874575138,0.9883998036384583,0.00386444921605289,0.478271484375,1.0,/kaggle/input/datasets/shuvroahmedimaging/ws2-eca/test_set/test_set/images/before/before-video-000/frame_0011.jpg,/kaggle/input/datasets/shuvroahmedimaging/ws2-eca/test_set/test_set/masks/before/before-video-000/frame_0011.jpg
before-video-000,frame_0012.jpg,strict_qmem_v1_reference_T1K2_lambda0p05,qmem,1,legacy,0.05,0.0,0.0,0.4610242465443009,0.631097324544397,0.484423985078773,0.9051609076078897,25199,13486,0.05511450720950961,0.004719978664070368,0.0010052770376205444,0.9900360107421875,0.003897635033354163,0.490478515625,1.0,/kaggle/input/datasets/shuvroahmedimaging/ws2-eca/test_set/test_set/images/before/before-video-000/frame_0012.jpg,/kaggle/input/datasets/shuvroahmedimaging/ws2-eca/test_set/test_set/masks/before/before-video-000/frame_0012.jpg
before-video-000,frame_0013.jpg,strict_qmem_v1_reference_T1K2_lambda0p05,qmem,1,legacy,0.05,0.0,0.0,0.4199406024607552,0.5914903788693677,0.44862439378144403,0.8678649715037264,22063,11405,0.05511450720950961,0.00489772716537118,0.0009065578924492002,0.9905007481575012,0.003735039848834276,0.5419921875,1.0,/kaggle/input/datasets/shuvroahmedimaging/ws2-eca/test_set/test_set/images/before/before-video-000/frame_0013.jpg,/kaggle/input/datasets/shuvroahmedimaging/ws2-eca/test_set/test_set/masks/before/before-video-000/frame_0013.jpg
before-video-000,frame_0014.jpg,strict_qmem_v1_reference_T1K2_lambda0p05,qmem,1,legacy,0.05,0.0,0.0,0.3853276016817044,0.5562981654504535,0.4274709149984278,0.7962709878953533,19082,10244,0.05511450720950961,0.004832361824810505,0.0008834223262965679,0.9907560348510742,0.0037600789219141006,0.548828125,1.0,/kaggle/input/datasets/shuvroahmedimaging/ws2-eca/test_set/test_set/images/before/before-video-000/frame_0014.jpg,/kaggle/input/datasets/shuvroahmedimaging/ws2-eca/test_set/test_set/masks/before/before-video-000/frame_0014.jpg
before-video-000,frame_0015.jpg,strict_qmem_v1_reference_T1K2_lambda0p05,qmem,1,legacy,0.05,0.0,0.0,0.37683125339121,0.5473891625615763,0.40331010452961674,0.8516247700797057,17220,8155,0.05511450720950961,0.005467911250889301,0.0007560550584457815,0.9900373220443726,0.0035221423022449017,0.545166015625,1.0,/kaggle/input/datasets/shuvroahmedimaging/ws2-eca/test_set/test_set/images/before/before-video-000/frame_0015.jpg,/kaggle/input/datasets/shuvroahmedimaging/ws2-eca/test_set/test_set/masks/before/before-video-000/frame_0015.jpg
before-video-000,frame_0016.jpg,strict_qmem_v1_reference_T1K2_lambda0p05,qmem,1,legacy,0.05,0.0,0.0,0.31966097500618657,0.48445923772912663,0.36544310064360985,0.7184371523915462,14139,7192,0.05511450720950961,0.005346057936549187,0.0006631255964748561,0.9904090762138367,0.003425929229706526,0.586669921875,1.0,/kaggle/input/datasets/shuvroahmedimaging/ws2-eca/test_set/test_set/images/before/before-video-000/frame_0016.jpg,/kaggle/input/datasets/shuvroahmedimaging/ws2-eca/test_set/test_set/masks/before/before-video-000/frame_0016.jpg
before-video-000,frame_0017.jpg,strict_qmem_v1_reference_T1K2_lambda0p05,qmem,1,legacy,0.05,0.0,0.0,0.3002241524236481,0.4618036849477427,0.35076520173500286,0.6757055021283305,12219,6343,0.05511450720950961,0.005168614909052849,0.000629475514870137,0.9907581210136414,0.0031984911765903234,0.554931640625,1.0,/kaggle/input/datasets/shuvroahmedimaging/ws2-eca/test_set/test_set/images/before/before-video-000/frame_0017.jpg,/kaggle/input/datasets/shuvroahmedimaging/ws2-eca/test_set/test_set/masks/before/before-video-000/frame_0017.jpg
before-video-000,frame_0018.jpg,strict_qmem_v1_reference_T1K2_lambda0p05,qmem,1,legacy,0.05,0.0,0.0,0.44329366355741395,0.6142806204314495,0.5345175302513187,0.7220243084660519,12892,9544,0.05511450720950961,0.006309955846518278,0.0008962178253568709,0.9889942407608032,0.0034660357050597668,0.5400390625,1.0,/kaggle/input/datasets/shuvroahmedimaging/ws2-eca/test_set/test_set/images/before/before-video-000/frame_0018.jpg,/kaggle/input/datasets/shuvroahmedimaging/ws2-eca/test_set/test_set/masks/before/before-video-000/frame_0018.jpg
before-video-000,frame_0019.jpg,strict_qmem_v1_reference_T1K2_lambda0p05,qmem,1,legacy,0.05,0.0,0.0,0.485438464027613,0.6535961950404822,0.5532267977873386,0.7984564889559124,16270,11273,0.05511450720950961,0.006183043122291565,0.0009475786937400699,0.9891138076782227,0.003611844265833497,0.553466796875,1.0,/kaggle/input/datasets/shuvroahmedimaging/ws2-eca/test_set/test_set/images/before/before-video-000/frame_0019.jpg,/kaggle/input/datasets/shuvroahmedimaging/ws2-eca/test_set/test_set/masks/before/before-video-000/frame_0019.jpg
before-video-000,frame_0020.jpg,strict_qmem_v1_reference_T1K2_lambda0p05,qmem,1,legacy,0.05,0.0,0.0,0.5502439482079189,0.7098804660311696,0.5942043669892092,0.8814820381782654,19739,13306,0.05511450720950961,0.007447342853993177,0.0011693971464410424,0.9875987768173218,0.0037677015643566847,0.558837890625,1.0,/kaggle/input/datasets/shuvroahmedimaging/ws2-eca/test_set/test_set/images/before/before-video-000/frame_0020.jpg,/kaggle/input/datasets/shuvroahmedimaging/ws2-eca/test_set/test_set/masks/before/before-video-000/frame_0020.jpg
before-video-000,frame_0021.jpg,strict_qmem_v1_reference_T1K2_lambda0p05,qmem,1,legacy,0.05,0.0,0.0,0.555735056542811,0.7144340602284528,0.6541887698929036,0.7869010353960992,19982,16612,0.05511450720950961,0.007129618898034096,0.0009459529537707567,0.9877405762672424,0.0037607518024742603,0.533447265625,1.0,/kaggle/input/datasets/shuvroahmedimaging/ws2-eca/test_set/test_set/images/before/before-video-000/frame_0021.jpg,/kaggle/input/datasets/shuvroahmedimaging/ws2-eca/test_set/test_set/masks/before/before-video-000/frame_0021.jpg
before-video-000,frame_0022.jpg,strict_qmem_v1_reference_T1K2_lambda0p05,qmem,1,legacy,0.05,0.0,0.0,0.5198412698412699,0.6840731070496083,0.670529721377179,0.6981748705314496,20709,19889,0.05511450720950961,0.0068664271384477615,0.0010318364948034286,0.9883047342300415,0.0038743678014725447,0.527587890625,1.0,/kaggle/input/datasets/shuvroahmedimaging/ws2-eca/test_set/test_set/images/before/before-video-000/frame_0022.jpg,/kaggle/input/datasets/shuvroahmedimaging/ws2-eca/test_set/test_set/masks/before/before-video-000/frame_0022.jpg
before-video-000,frame_0023.jpg,strict_qmem_v1_reference_T1K2_lambda0p05,qmem,1,legacy,0.05,0.0,0.0,0.41299520860114525,0.5845670333305765,0.580772391125719,0.5884115884115884,18255,18018,0.05511450720950961,0.0068836151622235775,0.0008513008942827582,0.9883410334587097,0.0037128478288650513,0.51953125,1.0,/kaggle/input/datasets/shuvroahmedimaging/ws2-eca/test_set/test_set/images/before/before-video-000/frame_0023.jpg,/kaggle/input/datasets/shuvroahmedimaging/ws2-eca/test_set/test_set/masks/before/before-video-000/frame_0023.jpg
before-video-000,frame_0024.jpg,strict_qmem_v1_reference_T1K2_lambda0p05,qmem,1,legacy,0.05,0.0,0.0,0.40419926866669287,0.5757007252261082,0.586523649226907,0.5652699879027824,17527,18186,0.05511450720950961,0.00798963662236929,0.0009521760512143373,0.986577570438385,0.0038805941585451365,0.481201171875,1.0,/kaggle/input/datasets/shuvroahmedimaging/ws2-eca/test_set/test_set/images/before/before-video-000/frame_0024.jpg,/kaggle/input/datasets/shuvroahmedimaging/ws2-eca/test_set/test_set/masks/before/before-video-000/frame_0024.jpg
before-video-000,frame_0025.jpg,strict_qmem_v1_reference_T1K2_lambda0p05,qmem,1,legacy,0.05,0.0,0.0,0.4390081025732348,0.6101537604801535,0.6070175438596491,0.6133225525562881,16245,16078,0.05511450720950961,0.007807060144841671,0.0008620349690318108,0.9872531890869141,0.003680160501971841,0.50048828125,1.0,/kaggle/input/datasets/shuvroahmedimaging/ws2-eca/test_set/test_set/images/before/before-video-000/frame_0025.jpg,/kaggle/input/datasets/shuvroahmedimaging/ws2-eca/test_set/test_set/masks/before/before-video-000/frame_0025.jpg
before-video-000,frame_0026.jpg,strict_qmem_v1_reference_T1K2_lambda0p05,qmem,1,legacy,0.05,0.0,0.0,0.4615419195324792,0.63158218503937,0.5423666138404649,0.7559269621557945,18930,13582,0.05511450720950961,0.009179960936307907,0.0009055306436493993,0.9857628345489502,0.0037215978372842073,0.51611328125,1.0,/kaggle/input/datasets/shuvroahmedimaging/ws2-eca/test_set/test_set/images/before/before-video-000/frame_0026.jpg,/kaggle/input/datasets/shuvroahmedimaging/ws2-eca/test_set/test_set/masks/before/before-video-000/frame_0026.jpg
before-video-000,frame_0027.jpg,strict_qmem_v1_reference_T1K2_lambda0p05,qmem,1,legacy,0.05,0.0,0.0,0.4005846426893564,0.5720248965748574,0.44376337246284625,0.8045711889284966,17293,9538,0.05511450720950961,0.006979234516620636,0.000864795409142971,0.9879366159439087,0.0036927671171724796,0.515380859375,1.0,/kaggle/input/datasets/shuvroahmedimaging/ws2-eca/test_set/test_set/images/before/before-video-000/frame_0027.jpg,/kaggle/input/datasets/shuvroahmedimaging/ws2-eca/test_set/test_set/masks/before/before-video-000/frame_0027.jpg
before-video-000,frame_0028.jpg,strict_qmem_v1_reference_T1K2_lambda0p05,qmem,1,legacy,0.05,0.0,0.0,0.22536653730056058,0.36783530550301324,0.24180209357469204,0.7682837192208747,17291,5442,0.05511450720950961,0.006090514827519655,0.0007040107739157975,0.9891155958175659,0.0033759488724172115,0.51220703125,1.0,/kaggle/input/datasets/shuvroahmedimaging/ws2-eca/test_set/test_set/images/before/before-video-000/frame_0028.jpg,/kaggle/input/datasets/shuvroahmedimaging/ws2-eca/test_set/test_set/masks/before/before-video-000/frame_0028.jpg
before-video-000,frame_0029.jpg,strict_qmem_v1_reference_T1K2_lambda0p05,qmem,1,legacy,0.05,0.0,0.0,0.205411455545282,0.3408155026241421,0.2241754740028679,0.710486450092577,18829,5941,0.05511450720950961,0.006121540442109108,0.0010398986050859094,0.9891777038574219,0.0038804307114332914,0.489501953125,1.0,/kaggle/input/datasets/shuvroahmedimaging/ws2-eca/test_set/test_set/images/before/before-video-000/frame_0029.jpg,/kaggle/input/datasets/shuvroahmedimaging/ws2-eca/test_set/test_set/masks/before/before-video-000/frame_0029.jpg
before-video-000,frame_0030.jpg,strict_qmem_v1_reference_T1K2_lambda0p05,qmem,1,legacy,0.05,0.0,0.0,0.23945262775050008,0.38638447713017643,0.2580218488218292,0.7689051094890511,20413,6850,0.05511450720950961,0.0052156294696033,0.000804409384727478,0.9902487993240356,0.0036773222964257,0.465087890625,1.0,/kaggle/input/datasets/shuvroahmedimaging/ws2-eca/test_set/test_set/images/before/before-video-000/frame_0030.jpg,/kaggle/input/datasets/shuvroahmedimaging/ws2-eca/test_set/test_set/masks/before/before-video-000/frame_0030.jpg
before-video-000,frame_0031.jpg,strict_qmem_v1_reference_T1K2_lambda0p05,qmem,1,legacy,0.05,0.0,0.0,0.26838162822787304,0.4231875048566322,0.2880414661236579,0.7972478407261016,18907,6831,0.05511450720950961,0.005052994936704636,0.0008347929688170552,0.9905537962913513,0.0036812976468354464,0.505126953125,1.0,/kaggle/input/datasets/shuvroahmedimaging/ws2-eca/test_set/test_set/images/before/before-video-000/frame_0031.jpg,/kaggle/input/datasets/shuvroahmedimaging/ws2-eca/test_set/test_set/masks/before/before-video-000/frame_0031.jpg
before-video-000,frame_0032.jpg,strict_qmem_v1_reference_T1K2_lambda0p05,qmem,1,legacy,0.05,0.0,0.0,0.2770470544646165,0.43388699499528544,0.31085013510704634,0.7181272509003601,19244,8330,0.05511450720950961,0.006088390946388245,0.0007119893562048674,0.9897124767303467,0.0035014126915484667,0.527587890625,1.0,/kaggle/input/datasets/shuvroahmedimaging/ws2-eca/test_set/test_set/images/before/before-video-000/frame_0032.jpg,/kaggle/input/datasets/shuvroahmedimaging/ws2-eca/test_set/test_set/masks/before/before-video-000/frame_0032.jpg
before-video-000,frame_0033.jpg,strict_qmem_v1_reference_T1K2_lambda0p05,qmem,1,legacy,0.05,0.0,0.0,0.2949878778882787,0.455583998777366,0.3199012716638944,0.791135881104034,18637,7536,0.05511450720950961,0.006361497566103935,0.0007807915098965168,0.9891974925994873,0.0035024259705096483,0.5029296875,1.0,/kaggle/input/datasets/shuvroahmedimaging/ws2-eca/test_set/test_set/images/before/before-video-000/frame_0033.jpg,/kaggle/input/datasets/shuvroahmedimaging/ws2-eca/test_set/test_set/masks/before/before-video-000/frame_0033.jpg
before-video-000,frame_0034.jpg,strict_qmem_v1_reference_T1K2_lambda0p05,qmem,1,legacy,0.05,0.0,0.0,0.22154806786050896,0.36273327868061916,0.24175612264575433,0.726061776061776,15557,5180,0.05511450720950961,0.005856567993760109,0.0006527036894112825,0.9900162220001221,0.00323326513171196,0.518798828125,1.0,/kaggle/input/datasets/shuvroahmedimaging/ws2-eca/test_set/test_set/images/before/before-video-000/frame_0034.jpg,/kaggle/input/datasets/shuvroahmedimaging/ws2-eca/test_set/test_set/masks/before/before-video-000/frame_0034.jpg
before-video-000,frame_0035.jpg,strict_qmem_v1_reference_T1K2_lambda0p05,qmem,1,legacy,0.05,0.0,0.0,0.20246930238834165,0.3367558772372777,0.21154659523473848,0.8251306021446246,14186,3637,0.05511450720950961,0.005125474184751511,0.0006254385807551444,0.9912509918212891,0.0031333654187619686,0.599853515625,1.0,/kaggle/input/datasets/shuvroahmedimaging/ws2-eca/test_set/test_set/images/before/before-video-000/frame_0035.jpg,/kaggle/input/datasets/shuvroahmedimaging/ws2-eca/test_set/test_set/masks/before/before-video-000/frame_0035.jpg
before-video-000,frame_0036.jpg,strict_qmem_v1_reference_T1K2_lambda0p05,qmem,1,legacy,0.05,0.0,0.0,0.2323141693698668,0.37703724446933634,0.24442669377677728,0.8241919686581782,13771,4084,0.05511450720950961,0.006239427253603935,0.0007312578381970525,0.9900530576705933,0.003109350334852934,0.6279296875,1.0,/kaggle/input/datasets/shuvroahmedimaging/ws2-eca/test_set/test_set/images/before/before-video-000/frame_0036.jpg,/kaggle/input/datasets/shuvroahmedimaging/ws2-eca/test_set/test_set/masks/before/before-video-000/frame_0036.jpg
before-video-000,frame_0037.jpg,strict_qmem_v1_reference_T1K2_lambda0p05,qmem,1,legacy,0.05,0.0,0.0,0.21480865224625623,0.3536501849061772,0.22831373242550182,0.7840874582447617,11309,3293,0.05511450720950961,0.0063028885051608086,0.0005929953185841441,0.9903990626335144,0.0030835550278425217,0.604736328125,1.0,/kaggle/input/datasets/shuvroahmedimaging/ws2-eca/test_set/test_set/images/before/before-video-000/frame_0037.jpg,/kaggle/input/datasets/shuvroahmedimaging/ws2-eca/test_set/test_set/masks/before/before-video-000/frame_0037.jpg
before-video-000,frame_0038.jpg,strict_qmem_v1_reference_T1K2_lambda0p05,qmem,1,legacy,0.05,0.0,0.0,0.23776355421686746,0.38418250950570343,0.2604839818506806,0.731608418613632,14546,5179,0.05511450720950961,0.005679737776517868,0.0006607317482121289,0.990587055683136,0.0031548188999295235,0.573486328125,1.0,/kaggle/input/datasets/shuvroahmedimaging/ws2-eca/test_set/test_set/images/before/before-video-000/frame_0038.jpg,/kaggle/input/datasets/shuvroahmedimaging/ws2-eca/test_set/test_set/masks/before/before-video-000/frame_0038.jpg
before-video-000,frame_0039.jpg,strict_qmem_v1_reference_T1K2_lambda0p05,qmem,1,legacy,0.05,0.0,0.0,0.31122297897542195,0.47470641373080397,0.33519374900334875,0.8131528046421663,18813,7755,0.05511450720950961,0.005597271025180817,0.0007481308421120048,0.9902969598770142,0.003428672906011343,0.5439453125,1.0,/kaggle/input/datasets/shuvroahmedimaging/ws2-eca/test_set/test_set/images/before/before-video-000/frame_0039.jpg,/kaggle/input/datasets/shuvroahmedimaging/ws2-eca/test_set/test_set/masks/before/before-video-000/frame_0039.jpg
before-video-000,frame_0040.jpg,strict_qmem_v1_reference_T1K2_lambda0p05,qmem,1,legacy,0.05,0.0,0.0,0.2773825314522288,0.4342983008181246,0.2990812169541475,0.7926717206524236,23074,8706,0.05511450720950961,0.006565405055880547,0.0011501911794766784,0.9888283610343933,0.0039620185270905495,0.52685546875,1.0,/kaggle/input/datasets/shuvroahmedimaging/ws2-eca/test_set/test_set/images/before/before-video-000/frame_0040.jpg,/kaggle/input/datasets/shuvroahmedimaging/ws2-eca/test_set/test_set/masks/before/before-video-000/frame_0040.jpg
before-video-000,frame_0041.jpg,strict_qmem_v1_reference_T1K2_lambda0p05,qmem,1,legacy,0.05,0.0,0.0,0.30757498729028976,0.4704510108864697,0.3477165215084663,0.7270962374040861,22619,10817,0.05511450720950961,0.005644910968840122,0.0010083506349474192,0.9894682168960571,0.003929543308913708,0.468505859375,1.0,/kaggle/input/datasets/shuvroahmedimaging/ws2-eca/test_set/test_set/images/before/before-video-000/frame_0041.jpg,/kaggle/input/datasets/shuvroahmedimaging/ws2-eca/test_set/test_set/masks/before/before-video-000/frame_0041.jpg
before-video-000,frame_0042.jpg,strict_qmem_v1_reference_T1K2_lambda0p05,qmem,1,legacy,0.05,0.0,0.0,0.3323624957992607,0.49890701193879267,0.3703811584553928,0.7640343347639486,24032,11650,0.05511450720950961,0.0066566551104187965,0.0010876731248572469,0.9881819486618042,0.0039579966105520725,0.474365234375,1.0,/kaggle/input/datasets/shuvroahmedimaging/ws2-eca/test_set/test_set/images/before/before-video-000/frame_0042.jpg,/kaggle/input/datasets/shuvroahmedimaging/ws2-eca/test_set/test_set/masks/before/before-video-000/frame_0042.jpg
before-video-000,frame_0043.jpg,strict_qmem_v1_reference_T1K2_lambda0p05,qmem,1,legacy,0.05,0.0,0.0,0.3222723449805031,0.48745229559384756,0.3740847570445973,0.6994109350369203,22535,12053,0.05511450720950961,0.006850991863757372,0.0010519117349758744,0.9873501658439636,0.004114255309104919,0.44921875,1.0,/kaggle/input/datasets/shuvroahmedimaging/ws2-eca/test_set/test_set/images/before/before-video-000/frame_0043.jpg,/kaggle/input/datasets/shuvroahmedimaging/ws2-eca/test_set/test_set/masks/before/before-video-000/frame_0043.jpg
before-video-000,frame_0044.jpg,strict_qmem_v1_reference_T1K2_lambda0p05,qmem,1,legacy,0.05,0.0,0.0,0.32033324844471933,0.4852309048826188,0.3595345038791343,0.7460599898322319,24490,11802,0.05511450720950961,0.008244171738624573,0.0012710908195003867,0.985100269317627,0.004171545151621103,0.468505859375,1.0,/kaggle/input/datasets/shuvroahmedimaging/ws2-eca/test_set/test_set/images/before/before-video-000/frame_0044.jpg,/kaggle/input/datasets/shuvroahmedimaging/ws2-eca/test_set/test_set/masks/before/before-video-000/frame_0044.jpg
before-video-000,frame_0045.jpg,strict_qmem_v1_reference_T1K2_lambda0p05,qmem,1,legacy,0.05,0.0,0.0,0.39899996621507483,0.5704073993576275,0.43017410941939244,0.8462916517377285,27454,13955,0.05511450720950961,0.007853657007217407,0.0012379972031340003,0.9854102730751038,0.0043258764781057835,0.431640625,1.0,/kaggle/input/datasets/shuvroahmedimaging/ws2-eca/test_set/test_set/images/before/before-video-000/frame_0045.jpg,/kaggle/input/datasets/shuvroahmedimaging/ws2-eca/test_set/test_set/masks/before/before-video-000/frame_0045.jpg
before-video-000,frame_0046.jpg,strict_qmem_v1_reference_T1K2_lambda0p05,qmem,1,legacy,0.05,0.0,0.0,0.3760005270265819,0.5465121846124383,0.39591426193118756,0.8820120537783959,28832,12942,0.05511450720950961,0.007662590593099594,0.001227920176461339,0.9860037565231323,0.004296448081731796,0.43994140625,1.0,/kaggle/input/datasets/shuvroahmedimaging/ws2-eca/test_set/test_set/images/before/before-video-000/frame_0046.jpg,/kaggle/input/datasets/shuvroahmedimaging/ws2-eca/test_set/test_set/masks/before/before-video-000/frame_0046.jpg
before-video-000,frame_0047.jpg,strict_qmem_v1_reference_T1K2_lambda0p05,qmem,1,legacy,0.05,0.0,0.0,0.3258830716159402,0.49157135888124015,0.35115774800588556,0.8190932080924855,25826,11072,0.05511450720950961,0.0069764116778969765,0.0010785347549244761,0.9871006608009338,0.003999204840511084,0.46630859375,1.0,/kaggle/input/datasets/shuvroahmedimaging/ws2-eca/test_set/test_set/images/before/before-video-000/frame_0047.jpg,/kaggle/input/datasets/shuvroahmedimaging/ws2-eca/test_set/test_set/masks/before/before-video-000/frame_0047.jpg
before-video-000,frame_0048.jpg,strict_qmem_v1_reference_T1K2_lambda0p05,qmem,1,legacy,0.05,0.0,0.0,0.2451473203928544,0.3937643624619589,0.27267644402391295,0.7083007485197185,23251,8951,0.05511450720950961,0.006640801206231117,0.0010065471287816763,0.9878656268119812,0.003939200192689896,0.4755859375,1.0,/kaggle/input/datasets/shuvroahmedimaging/ws2-eca/test_set/test_set/images/before/before-video-000/frame_0048.jpg,/kaggle/input/datasets/shuvroahmedimaging/ws2-eca/test_set/test_set/masks/before/before-video-000/frame_0048.jpg
before-video-000,frame_0049.jpg,strict_qmem_v1_reference_T1K2_lambda0p05,qmem,1,legacy,0.05,0.0,0.0,0.2698513262375401,0.4250124729752204,0.31258867850677624,0.6637232495325162,20439,9626,0.05511450720950961,0.006005164235830307,0.0009452136000618339,0.9887104034423828,0.0037869582884013653,0.47998046875,1.0,/kaggle/input/datasets/shuvroahmedimaging/ws2-eca/test_set/test_set/images/before/before-video-000/frame_0049.jpg,/kaggle/input/datasets/shuvroahmedimaging/ws2-eca/test_set/test_set/masks/before/before-video-000/frame_0049.jpg
before-video-000,frame_0050.jpg,strict_qmem_v1_reference_T1K2_lambda0p05,qmem,1,legacy,0.05,0.0,0.0,0.28829389788293897,0.4475592073465442,0.3394220783187733,0.6568152263860977,16369,8459,0.05511450720950961,0.0049866423942148685,0.0010841235052794218,0.9900388717651367,0.0037600318901240826,0.47119140625,1.0,/kaggle/input/datasets/shuvroahmedimaging/ws2-eca/test_set/test_set/images/before/before-video-000/frame_0050.jpg,/kaggle/input/datasets/shuvroahmedimaging/ws2-eca/test_set/test_set/masks/before/before-video-000/frame_0050.jpg
before-video-000,frame_0051.jpg,strict_qmem_v1_reference_T1K2_lambda0p05,qmem,1,legacy,0.05,0.0,0.0,0.25913185913185915,0.41160400676466763,0.30391905737704916,0.6374748153122901,15616,7445,0.05511450720950961,0.0043471441604197025,0.0007413175189867616,0.9909069538116455,0.0034991952124983072,0.506591796875,1.0,/kaggle/input/datasets/shuvroahmedimaging/ws2-eca/test_set/test_set/images/before/before-video-000/frame_0051.jpg,/kaggle/input/datasets/shuvroahmedimaging/ws2-eca/test_set/test_set/masks/before/before-video-000/frame_0051.jpg
before-video-000,frame_0052.jpg,strict_qmem_v1_reference_T1K2_lambda0p05,qmem,1,legacy,0.05,0.0,0.0,0.3161571113857396,0.4804245764441723,0.35475702399614134,0.743962574282463,16586,7909,0.05511450720950961,0.004622964654117823,0.0006723498227074742,0.9909638166427612,0.0033471640199422836,0.53515625,1.0,/kaggle/input/datasets/shuvroahmedimaging/ws2-eca/test_set/test_set/images/before/before-video-000/frame_0052.jpg,/kaggle/input/datasets/shuvroahmedimaging/ws2-eca/test_set/test_set/masks/before/before-video-000/frame_0052.jpg
before-video-000,frame_0053.jpg,strict_qmem_v1_reference_T1K2_lambda0p05,qmem,1,legacy,0.05,0.0,0.0,0.3412693903062674,0.508875238296971,0.3830601441418458,0.7577592732778198,15679,7926,0.05511450720950961,0.004271924030035734,0.0008475070353597403,0.9914593696594238,0.0033622391056269407,0.570068359375,1.0,/kaggle/input/datasets/shuvroahmedimaging/ws2-eca/test_set/test_set/images/before/before-video-000/frame_0053.jpg,/kaggle/input/datasets/shuvroahmedimaging/ws2-eca/test_set/test_set/masks/before/before-video-000/frame_0053.jpg
before-video-000,frame_0054.jpg,strict_qmem_v1_reference_T1K2_lambda0p05,qmem,1,legacy,0.05,0.0,0.0,0.3311250153355417,0.4975115207373272,0.3684138684138684,0.7658910329171397,14652,7048,0.05511450720950961,0.0035663414746522903,0.000827376963570714,0.9925714135169983,0.003330666571855545,0.5712890625,1.0,/kaggle/input/datasets/shuvroahmedimaging/ws2-eca/test_set/test_set/images/before/before-video-000/frame_0054.jpg,/kaggle/input/datasets/shuvroahmedimaging/ws2-eca/test_set/test_set/masks/before/before-video-000/frame_0054.jpg
before-video-000,frame_0055.jpg,strict_qmem_v1_reference_T1K2_lambda0p05,qmem,1,legacy,0.05,0.0,0.0,0.3460460665709794,0.5141667512948106,0.3632515425455589,0.8796038915913829,13938,5756,0.05511450720950961,0.0032899680081754923,0.0006107038352638483,0.9932536482810974,0.003107865573838353,0.578857421875,1.0,/kaggle/input/datasets/shuvroahmedimaging/ws2-eca/test_set/test_set/images/before/before-video-000/frame_0055.jpg,/kaggle/input/datasets/shuvroahmedimaging/ws2-eca/test_set/test_set/masks/before/before-video-000/frame_0055.jpg
before-video-000,frame_0056.jpg,strict_qmem_v1_reference_T1K2_lambda0p05,qmem,1,legacy,0.05,0.0,0.0,0.38546063164022704,0.55643678764641,0.3987803959948807,0.9202571230020847,13283,5756,0.05511450720950961,0.002884711604565382,0.000573580851778388,0.9939581155776978,0.0030329690780490637,0.612060546875,1.0,/kaggle/input/datasets/shuvroahmedimaging/ws2-eca/test_set/test_set/images/before/before-video-000/frame_0056.jpg,/kaggle/input/datasets/shuvroahmedimaging/ws2-eca/test_set/test_set/masks/before/before-video-000/frame_0056.jpg
before-video-000,frame_0057.jpg,strict_qmem_v1_reference_T1K2_lambda0p05,qmem,1,legacy,0.05,0.0,0.0,0.31169689404508405,0.4752575011195701,0.3259367321867322,0.8770661157024794,13024,4840,0.05511450720950961,0.0026558679528534412,0.0005201550084166229,0.9942865967750549,0.0029227682389318943,0.612548828125,1.0,/kaggle/input/datasets/shuvroahmedimaging/ws2-eca/test_set/test_set/images/before/before-video-000/frame_0057.jpg,/kaggle/input/datasets/shuvroahmedimaging/ws2-eca/test_set/test_set/masks/before/before-video-000/frame_0057.jpg
before-video-000,frame_0058.jpg,strict_qmem_v1_reference_T1K2_lambda0p05,qmem,1,legacy,0.05,0.0,0.0,0.2620829435609604,0.4153180975911056,0.27126028723575923,0.8856691253951527,12394,3796,0.05511450720950961,0.0022424866911023855,0.00047026624088175595,0.9948470592498779,0.002851827535778284,0.61962890625,1.0,/kaggle/input/datasets/shuvroahmedimaging/ws2-eca/test_set/test_set/images/before/before-video-000/frame_0058.jpg,/kaggle/input/datasets/shuvroahmedimaging/ws2-eca/test_set/test_set/masks/before/before-video-000/frame_0058.jpg
before-video-000,frame_0059.jpg,strict_qmem_v1_reference_T1K2_lambda0p05,qmem,1,legacy,0.05,0.0,0.0,0.2404046644528535,0.38762296102602417,0.24567910977823376,0.9180182836921262,12671,3391,0.05511450720950961,0.0016579581424593925,0.0004229097976349294,0.9957720637321472,0.002788175828754902,0.6396484375,1.0,/kaggle/input/datasets/shuvroahmedimaging/ws2-eca/test_set/test_set/images/before/before-video-000/frame_0059.jpg,/kaggle/input/datasets/shuvroahmedimaging/ws2-eca/test_set/test_set/masks/before/before-video-000/frame_0059.jpg
before-video-000,frame_0060.jpg,strict_qmem_v1_reference_T1K2_lambda0p05,qmem,1,legacy,0.05,0.0,0.0,0.24876635074802225,0.39841936900206987,0.2545483689989581,0.9163300634737449,12477,3466,0.05511450720950961,0.0015168916434049606,0.0004184852004982531,0.9962046146392822,0.0027422900311648846,0.657958984375,1.0,/kaggle/input/datasets/shuvroahmedimaging/ws2-eca/test_set/test_set/images/before/before-video-000/frame_0060.jpg,/kaggle/input/datasets/shuvroahmedimaging/ws2-eca/test_set/test_set/masks/before/before-video-000/frame_0060.jpg
before-video-000,frame_0061.jpg,strict_qmem_v1_reference_T1K2_lambda0p05,qmem,1,legacy,0.05,0.0,0.0,0.2512593970394482,0.40161040569835865,0.25675140571790606,0.9215463331438317,12627,3518,0.05511450720950961,0.0010342808673158288,0.0004168274172116071,0.9969464540481567,0.002687852829694748,0.672607421875,1.0,/kaggle/input/datasets/shuvroahmedimaging/ws2-eca/test_set/test_set/images/before/before-video-000/frame_0061.jpg,/kaggle/input/datasets/shuvroahmedimaging/ws2-eca/test_set/test_set/masks/before/before-video-000/frame_0061.jpg
before-video-000,frame_0062.jpg,strict_qmem_v1_reference_T1K2_lambda0p05,qmem,1,legacy,0.05,0.0,0.0,0.25061938680706103,0.4007924224602241,0.25692515278990397,0.9108047270680923,12599,3554,0.05511450720950961,0.0007555418997071683,0.0005020485259592533,0.9980186820030212,0.0028308334294706583,0.70947265625,1.0,/kaggle/input/datasets/shuvroahmedimaging/ws2-eca/test_set/test_set/images/before/before-video-000/frame_0062.jpg,/kaggle/input/datasets/shuvroahmedimaging/ws2-eca/test_set/test_set/masks/before/before-video-000/frame_0062.jpg
before-video-000,frame_0063.jpg,strict_qmem_v1_reference_T1K2_lambda0p05,qmem,1,legacy,0.05,0.0,0.0,0.25468457214241097,0.4059738643434972,0.2609808784702776,0.9134696163539625,12499,3571,0.05511450720950961,0.0007827410008758307,0.0004574888735078275,0.9982383251190186,0.0028851465322077274,0.742431640625,1.0,/kaggle/input/datasets/shuvroahmedimaging/ws2-eca/test_set/test_set/images/before/before-video-000/frame_0063.jpg,/kaggle/input/datasets/shuvroahmedimaging/ws2-eca/test_set/test_set/masks/before/before-video-000/frame_0063.jpg
before-video-000,frame_0064.jpg,strict_qmem_v1_reference_T1K2_lambda0p05,qmem,1,legacy,0.05,0.0,0.0,0.2506533435818601,0.4008358429107,0.25665040138517237,0.914726507713885,12706,3565,0.05511450720950961,0.0003649556601885706,0.0008793955785222352,0.9996888637542725,0.0039624618366360664,0.802734375,1.0,/kaggle/input/datasets/shuvroahmedimaging/ws2-eca/test_set/test_set/images/before/before-video-000/frame_0064.jpg,/kaggle/input/datasets/shuvroahmedimaging/ws2-eca/test_set/test_set/masks/before/before-video-000/frame_0064.jpg
before-video-000,frame_0065.jpg,strict_qmem_v1_reference_T1K2_lambda0p05,qmem,1,legacy,0.05,0.0,0.0,0.2519308001235712,0.40246761258482416,0.2580492049679614,0.913981507425049,12641,3569,0.05511450720950961,0.00030293891904875636,0.0008844611584208906,0.9997984170913696,0.004025605041533709,0.798583984375,1.0,/kaggle/input/datasets/shuvroahmedimaging/ws2-eca/test_set/test_set/images/before/before-video-000/frame_0065.jpg,/kaggle/input/datasets/shuvroahmedimaging/ws2-eca/test_set/test_set/masks/before/before-video-000/frame_0065.jpg
before-video-000,frame_0066.jpg,strict_qmem_v1_reference_T1K2_lambda0p05,qmem,1,legacy,0.05,0.0,0.0,0.25338805854565166,0.4043249922767995,0.2593326464294206,0.9170403587443946,12617,3568,0.05511450720950961,0.00033231338602490723,0.0008667223155498505,0.9997497797012329,0.00394085980951786,0.80712890625,1.0,/kaggle/input/datasets/shuvroahmedimaging/ws2-eca/test_set/test_set/images/before/before-video-000/frame_0066.jpg,/kaggle/input/datasets/shuvroahmedimaging/ws2-eca/test_set/test_set/masks/before/before-video-000/frame_0066.jpg
before-video-001,frame_0001.jpg,strict_qmem_v1_reference_T1K2_lambda0p05,qmem,1,legacy,0.05,0.0,0.0,0.2950213371266003,0.45562390158172233,0.3417125641387751,0.6834573015723566,21243,10621,0.05511450720950961,0.0,0.0,0.0,0.0,0.0,0.0,/kaggle/input/datasets/shuvroahmedimaging/ws2-eca/test_set/test_set/images/before/before-video-001/frame_0001.jpg,/kaggle/input/datasets/shuvroahmedimaging/ws2-eca/test_set/test_set/masks/before/before-video-001/frame_0001.jpg
before-video-001,frame_0002.jpg,strict_qmem_v1_reference_T1K2_lambda0p05,qmem,1,legacy,0.05,0.0,0.0,0.25223560712438103,0.4028564683663834,0.2842745294019657,0.6911705143782908,24012,9876,0.05511450720950961,0.006738480180501938,0.001355859567411244,0.9880150556564331,0.00421113520860672,0.44775390625,1.0,/kaggle/input/datasets/shuvroahmedimaging/ws2-eca/test_set/test_set/images/before/before-video-001/frame_0002.jpg,/kaggle/input/datasets/shuvroahmedimaging/ws2-eca/test_set/test_set/masks/before/before-video-001/frame_0002.jpg
before-video-001,frame_0003.jpg,strict_qmem_v1_reference_T1K2_lambda0p05,qmem,1,legacy,0.05,0.0,0.0,0.19838736083824493,0.331090542709792,0.24209579941061884,0.523547202419529,20021,9258,0.05511450720950961,0.007441136986017227,0.0009955448331311345,0.9870018362998962,0.004038638435304165,0.419677734375,1.0,/kaggle/input/datasets/shuvroahmedimaging/ws2-eca/test_set/test_set/images/before/before-video-001/frame_0003.jpg,/kaggle/input/datasets/shuvroahmedimaging/ws2-eca/test_set/test_set/masks/before/before-video-001/frame_0003.jpg
before-video-001,frame_0004.jpg,strict_qmem_v1_reference_T1K2_lambda0p05,qmem,1,legacy,0.05,0.0,0.0,0.2636048019408541,0.41722665430831873,0.32081042557523926,0.5964978703265499,19644,10565,0.05511450720950961,0.007731297519057989,0.001272316905669868,0.9860151410102844,0.004235211294144392,0.3837890625,1.0,/kaggle/input/datasets/shuvroahmedimaging/ws2-eca/test_set/test_set/images/before/before-video-001/frame_0004.jpg,/kaggle/input/datasets/shuvroahmedimaging/ws2-eca/test_set/test_set/masks/before/before-video-001/frame_0004.jpg
before-video-001,frame_0005.jpg,strict_qmem_v1_reference_T1K2_lambda0p05,qmem,1,legacy,0.05,0.0,0.0,0.23545393746865073,0.3811618229184288,0.2934006979530184,0.543830855377486,19199,10358,0.05511450720950961,0.007933261804282665,0.001132679870352149,0.9858652949333191,0.004237877205014229,0.426025390625,1.0,/kaggle/input/datasets/shuvroahmedimaging/ws2-eca/test_set/test_set/images/before/before-video-001/frame_0005.jpg,/kaggle/input/datasets/shuvroahmedimaging/ws2-eca/test_set/test_set/masks/before/before-video-001/frame_0005.jpg
before-video-001,frame_0006.jpg,strict_qmem_v1_reference_T1K2_lambda0p05,qmem,1,legacy,0.05,0.0,0.0,0.2879653174371587,0.4471631549988672,0.3755572469283462,0.5525073982244262,18394,12503,0.05511450720950961,0.007629792205989361,0.000995101872831583,0.9867954254150391,0.0040226951241493225,0.450439453125,1.0,/kaggle/input/datasets/shuvroahmedimaging/ws2-eca/test_set/test_set/images/before/before-video-001/frame_0006.jpg,/kaggle/input/datasets/shuvroahmedimaging/ws2-eca/test_set/test_set/masks/before/before-video-001/frame_0006.jpg
before-video-001,frame_0007.jpg,strict_qmem_v1_reference_T1K2_lambda0p05,qmem,1,legacy,0.05,0.0,0.0,0.27240788722497916,0.4281769862635466,0.3419326387740477,0.5726022339148897,18141,10833,0.05511450720950961,0.008144031278789043,0.0010835936991497874,0.9865602850914001,0.00393076753243804,0.456298828125,1.0,/kaggle/input/datasets/shuvroahmedimaging/ws2-eca/test_set/test_set/images/before/before-video-001/frame_0007.jpg,/kaggle/input/datasets/shuvroahmedimaging/ws2-eca/test_set/test_set/masks/before/before-video-001/frame_0007.jpg
before-video-001,frame_0008.jpg,strict_qmem_v1_reference_T1K2_lambda0p05,qmem,1,legacy,0.05,0.0,0.0,0.34352200658051596,0.5113753327417924,0.4271821631878558,0.63690213066926,16864,11311,0.05511450720950961,0.0073935785330832005,0.0009376397938467562,0.987652599811554,0.0037118569016456604,0.469482421875,1.0,/kaggle/input/datasets/shuvroahmedimaging/ws2-eca/test_set/test_set/images/before/before-video-001/frame_0008.jpg,/kaggle/input/datasets/shuvroahmedimaging/ws2-eca/test_set/test_set/masks/before/before-video-001/frame_0008.jpg
before-video-001,frame_0009.jpg,strict_qmem_v1_reference_T1K2_lambda0p05,qmem,1,legacy,0.05,0.0,0.0,0.3900026034886748,0.5611537741150028,0.4804581901489118,0.6744275791098534,21825,15548,0.05511450720950961,0.006410319358110428,0.0009213931625708938,0.988067090511322,0.003733425633981824,0.466064453125,1.0,/kaggle/input/datasets/shuvroahmedimaging/ws2-eca/test_set/test_set/images/before/before-video-001/frame_0009.jpg,/kaggle/input/datasets/shuvroahmedimaging/ws2-eca/test_set/test_set/masks/before/before-video-001/frame_0009.jpg
before-video-001,frame_0010.jpg,strict_qmem_v1_reference_T1K2_lambda0p05,qmem,1,legacy,0.05,0.0,0.0,0.5165664221395543,0.6812315169299191,0.6158501202022714,0.7621441395229546,24126,19495,0.05511450720950961,0.007385795470327139,0.0010317242704331875,0.9870859384536743,0.004039390478283167,0.43359375,1.0,/kaggle/input/datasets/shuvroahmedimaging/ws2-eca/test_set/test_set/images/before/before-video-001/frame_0010.jpg,/kaggle/input/datasets/shuvroahmedimaging/ws2-eca/test_set/test_set/masks/before/before-video-001/frame_0010.jpg
before-video-001,frame_0011.jpg,strict_qmem_v1_reference_T1K2_lambda0p05,qmem,1,legacy,0.05,0.0,0.0,0.4662315355547922,0.6359589522515346,0.5679611650485437,0.7224528904503353,23896,18786,0.05511450720950961,0.007262424100190401,0.001054828753694892,0.9869911670684814,0.003995850682258606,0.4599609375,1.0,/kaggle/input/datasets/shuvroahmedimaging/ws2-eca/test_set/test_set/images/before/before-video-001/frame_0011.jpg,/kaggle/input/datasets/shuvroahmedimaging/ws2-eca/test_set/test_set/masks/before/before-video-001/frame_0011.jpg
before-video-002,frame_0001.jpg,strict_qmem_v1_reference_T1K2_lambda0p05,qmem,1,legacy,0.05,0.0,0.0,0.43677266325698616,0.6079913328346274,0.5185005939548595,0.734817308891383,22729,16038,0.05511450720950961,0.0,0.0,0.0,0.0,0.0,0.0,/kaggle/input/datasets/shuvroahmedimaging/ws2-eca/test_set/test_set/images/before/before-video-002/frame_0001.jpg,/kaggle/input/datasets/shuvroahmedimaging/ws2-eca/test_set/test_set/masks/before/before-video-002/frame_0001.jpg
before-video-002,frame_0002.jpg,strict_qmem_v1_reference_T1K2_lambda0p05,qmem,1,legacy,0.05,0.0,0.0,0.4099588888461982,0.5815189252527455,0.45799888397647764,0.7962686567164179,23297,13400,0.05511450720950961,0.0070487381890416145,0.001389780780300498,0.987248420715332,0.004153382498770952,0.41943359375,1.0,/kaggle/input/datasets/shuvroahmedimaging/ws2-eca/test_set/test_set/images/before/before-video-002/frame_0002.jpg,/kaggle/input/datasets/shuvroahmedimaging/ws2-eca/test_set/test_set/masks/before/before-video-002/frame_0002.jpg
before-video-002,frame_0003.jpg,strict_qmem_v1_reference_T1K2_lambda0p05,qmem,1,legacy,0.05,0.0,0.0,0.40246096279772614,0.5739353514622884,0.4349821123036242,0.843335343787696,25716,13264,0.05511450720950961,0.006724577397108078,0.0012171760899946094,0.9873289465904236,0.0042352862656116486,0.432861328125,1.0,/kaggle/input/datasets/shuvroahmedimaging/ws2-eca/test_set/test_set/images/before/before-video-002/frame_0003.jpg,/kaggle/input/datasets/shuvroahmedimaging/ws2-eca/test_set/test_set/masks/before/before-video-002/frame_0003.jpg
before-video-002,frame_0004.jpg,strict_qmem_v1_reference_T1K2_lambda0p05,qmem,1,legacy,0.05,0.0,0.0,0.3856522813084442,0.556636446979729,0.41367954880956886,0.8505720289516694,26419,12849,0.05511450720950961,0.006950663402676582,0.0010242159478366375,0.987112283706665,0.004085564985871315,0.4404296875,1.0,/kaggle/input/datasets/shuvroahmedimaging/ws2-eca/test_set/test_set/images/before/before-video-002/frame_0004.jpg,/kaggle/input/datasets/shuvroahmedimaging/ws2-eca/test_set/test_set/masks/before/before-video-002/frame_0004.jpg
before-video-002,frame_0005.jpg,strict_qmem_v1_reference_T1K2_lambda0p05,qmem,1,legacy,0.05,0.0,0.0,0.3618920972644377,0.5314548751569257,0.40059480894015864,0.789286771234093,33288,16895,0.05511450720950961,0.00609922967851162,0.0011801763903349638,0.9879339337348938,0.004309195559471846,0.425537109375,1.0,/kaggle/input/datasets/shuvroahmedimaging/ws2-eca/test_set/test_set/images/before/before-video-002/frame_0005.jpg,/kaggle/input/datasets/shuvroahmedimaging/ws2-eca/test_set/test_set/masks/before/before-video-002/frame_0005.jpg
before-video-002,frame_0006.jpg,strict_qmem_v1_reference_T1K2_lambda0p05,qmem,1,legacy,0.05,0.0,0.0,0.44960187642738103,0.6203108367042793,0.5117864043562269,0.7872466900837611,28465,18505,0.05511450720950961,0.0060262614861130714,0.001104257651604712,0.988183319568634,0.004189449828118086,0.4189453125,1.0,/kaggle/input/datasets/shuvroahmedimaging/ws2-eca/test_set/test_set/images/before/before-video-002/frame_0006.jpg,/kaggle/input/datasets/shuvroahmedimaging/ws2-eca/test_set/test_set/masks/before/before-video-002/frame_0006.jpg
before-video-002,frame_0007.jpg,strict_qmem_v1_reference_T1K2_lambda0p05,qmem,1,legacy,0.05,0.0,0.0,0.47380174655023,0.6429653753081394,0.5409467996042316,0.7924076035453481,26278,17939,0.05511450720950961,0.005357413552701473,0.0010999313089996576,0.9890973567962646,0.00420570420101285,0.444580078125,1.0,/kaggle/input/datasets/shuvroahmedimaging/ws2-eca/test_set/test_set/images/before/before-video-002/frame_0007.jpg,/kaggle/input/datasets/shuvroahmedimaging/ws2-eca/test_set/test_set/masks/before/before-video-002/frame_0007.jpg
before-video-002,frame_0008.jpg,strict_qmem_v1_reference_T1K2_lambda0p05,qmem,1,legacy,0.05,0.0,0.0,0.3637079997478409,0.5334103779036172,0.42792508807713703,0.7079141104294479,26965,16300,0.05511450720950961,0.006329534575343132,0.0009864423191174865,0.9880025386810303,0.00406840443611145,0.44970703125,1.0,/kaggle/input/datasets/shuvroahmedimaging/ws2-eca/test_set/test_set/images/before/before-video-002/frame_0008.jpg,/kaggle/input/datasets/shuvroahmedimaging/ws2-eca/test_set/test_set/masks/before/before-video-002/frame_0008.jpg
before-video-002,frame_0009.jpg,strict_qmem_v1_reference_T1K2_lambda0p05,qmem,1,legacy,0.05,0.0,0.0,0.3943917226835376,0.5656828225063213,0.4512516965766853,0.7578674096118534,26524,15793,0.05511450720950961,0.005829052068293095,0.0009529722156003118,0.9882616996765137,0.0040113478899002075,0.443359375,1.0,/kaggle/input/datasets/shuvroahmedimaging/ws2-eca/test_set/test_set/images/before/before-video-002/frame_0009.jpg,/kaggle/input/datasets/shuvroahmedimaging/ws2-eca/test_set/test_set/masks/before/before-video-002/frame_0009.jpg
before-video-002,frame_0010.jpg,strict_qmem_v1_reference_T1K2_lambda0p05,qmem,1,legacy,0.05,0.0,0.0,0.276565498613974,0.4332962138084632,0.29973423718368447,0.7815607110575474,25963,9957,0.05511450720950961,0.006577517371624708,0.0010841172188520432,0.9877618551254272,0.0041403272189199924,0.4677734375,1.0,/kaggle/input/datasets/shuvroahmedimaging/ws2-eca/test_set/test_set/images/before/before-video-002/frame_0010.jpg,/kaggle/input/datasets/shuvroahmedimaging/ws2-eca/test_set/test_set/masks/before/before-video-002/frame_0010.jpg
before-video-002,frame_0011.jpg,strict_qmem_v1_reference_T1K2_lambda0p05,qmem,1,legacy,0.05,0.0,0.0,0.1414873792986617,0.24790003264966906,0.1600613261786125,0.5494013945533482,26090,7601,0.05511450720950961,0.0065589784644544125,0.001183978863991797,0.9877626299858093,0.004290449898689985,0.464111328125,1.0,/kaggle/input/datasets/shuvroahmedimaging/ws2-eca/test_set/test_set/images/before/before-video-002/frame_0011.jpg,/kaggle/input/datasets/shuvroahmedimaging/ws2-eca/test_set/test_set/masks/before/before-video-002/frame_0011.jpg
before-video-002,frame_0012.jpg,strict_qmem_v1_reference_T1K2_lambda0p05,qmem,1,legacy,0.05,0.0,0.0,0.2238747133027523,0.3658458024655208,0.24193485922311297,0.7499399759903962,25821,8330,0.05511450720950961,0.005859507713466883,0.001085627474822104,0.9885380864143372,0.004243534989655018,0.4541015625,1.0,/kaggle/input/datasets/shuvroahmedimaging/ws2-eca/test_set/test_set/images/before/before-video-002/frame_0012.jpg,/kaggle/input/datasets/shuvroahmedimaging/ws2-eca/test_set/test_set/masks/before/before-video-002/frame_0012.jpg
before-video-002,frame_0013.jpg,strict_qmem_v1_reference_T1K2_lambda0p05,qmem,1,legacy,0.05,0.0,0.0,0.17682397918206058,0.3005104965739401,0.2056493797638619,0.5578189926016013,26764,9867,0.05511450720950961,0.006140098441392183,0.001117723761126399,0.9884319305419922,0.004190947860479355,0.456787109375,1.0,/kaggle/input/datasets/shuvroahmedimaging/ws2-eca/test_set/test_set/images/before/before-video-002/frame_0013.jpg,/kaggle/input/datasets/shuvroahmedimaging/ws2-eca/test_set/test_set/masks/before/before-video-002/frame_0013.jpg
before-video-002,frame_0014.jpg,strict_qmem_v1_reference_T1K2_lambda0p05,qmem,1,legacy,0.05,0.0,0.0,0.18498475870808645,0.31221457887739174,0.22371800182254992,0.5165455241009946,24142,10456,0.05511450720950961,0.006404774263501167,0.0010605532443150878,0.9884814023971558,0.004147505387663841,0.447021484375,1.0,/kaggle/input/datasets/shuvroahmedimaging/ws2-eca/test_set/test_set/images/before/before-video-002/frame_0014.jpg,/kaggle/input/datasets/shuvroahmedimaging/ws2-eca/test_set/test_set/masks/before/before-video-002/frame_0014.jpg
before-video-002,frame_0015.jpg,strict_qmem_v1_reference_T1K2_lambda0p05,qmem,1,legacy,0.05,0.0,0.0,0.3085510453479539,0.47159191297104924,0.36226151698464404,0.6754392307136143,25788,13831,0.05511450720950961,0.005684449803084135,0.001031455583870411,0.9889996647834778,0.004137786570936441,0.415283203125,1.0,/kaggle/input/datasets/shuvroahmedimaging/ws2-eca/test_set/test_set/images/before/before-video-002/frame_0015.jpg,/kaggle/input/datasets/shuvroahmedimaging/ws2-eca/test_set/test_set/masks/before/before-video-002/frame_0015.jpg
before-video-002,frame_0016.jpg,strict_qmem_v1_reference_T1K2_lambda0p05,qmem,1,legacy,0.05,0.0,0.0,0.27894834980421407,0.4362151917189095,0.3076163842737292,0.7495741056218058,24316,9979,0.05511450720950961,0.0055460543371737,0.0009404144948348403,0.9893221855163574,0.003957743756473064,0.451171875,1.0,/kaggle/input/datasets/shuvroahmedimaging/ws2-eca/test_set/test_set/images/before/before-video-002/frame_0016.jpg,/kaggle/input/datasets/shuvroahmedimaging/ws2-eca/test_set/test_set/masks/before/before-video-002/frame_0016.jpg
before-video-002,frame_0017.jpg,strict_qmem_v1_reference_T1K2_lambda0p05,qmem,1,legacy,0.05,0.0,0.0,0.38387050668191236,0.5547780732784219,0.4239542225730071,0.802375084024199,25340,13389,0.05511450720950961,0.006072753109037876,0.0011017773067578673,0.9889094829559326,0.003995964303612709,0.440185546875,1.0,/kaggle/input/datasets/shuvroahmedimaging/ws2-eca/test_set/test_set/images/before/before-video-002/frame_0017.jpg,/kaggle/input/datasets/shuvroahmedimaging/ws2-eca/test_set/test_set/masks/before/before-video-002/frame_0017.jpg
before-video-002,frame_0018.jpg,strict_qmem_v1_reference_T1K2_lambda0p05,qmem,1,legacy,0.05,0.0,0.0,0.3581204835325852,0.5273766029963465,0.4099573040561147,0.7390557350010308,26232,14551,0.05511450720950961,0.007229176815599203,0.0014274121494963765,0.9872124791145325,0.004440201912075281,0.431396484375,1.0,/kaggle/input/datasets/shuvroahmedimaging/ws2-eca/test_set/test_set/images/before/before-video-002/frame_0018.jpg,/kaggle/input/datasets/shuvroahmedimaging/ws2-eca/test_set/test_set/masks/before/before-video-002/frame_0018.jpg
before-video-002,frame_0019.jpg,strict_qmem_v1_reference_T1K2_lambda0p05,qmem,1,legacy,0.05,0.0,0.0,0.3437868590855478,0.511668731928955,0.4248660235798499,0.6430471740964246,23325,15411,0.05511450720950961,0.0064499033614993095,0.0013381537282839417,0.9876126646995544,0.0044194296933710575,0.429931640625,1.0,/kaggle/input/datasets/shuvroahmedimaging/ws2-eca/test_set/test_set/images/before/before-video-002/frame_0019.jpg,/kaggle/input/datasets/shuvroahmedimaging/ws2-eca/test_set/test_set/masks/before/before-video-002/frame_0019.jpg
before-video-002,frame_0020.jpg,strict_qmem_v1_reference_T1K2_lambda0p05,qmem,1,legacy,0.05,0.0,0.0,0.47080256975740725,0.640198187626312,0.5409673509860811,0.7840110708963168,27229,18788,0.05511450720950961,0.007179271895438433,0.0011558522237464786,0.9869861006736755,0.004241162911057472,0.4306640625,1.0,/kaggle/input/datasets/shuvroahmedimaging/ws2-eca/test_set/test_set/images/before/before-video-002/frame_0020.jpg,/kaggle/input/datasets/shuvroahmedimaging/ws2-eca/test_set/test_set/masks/before/before-video-002/frame_0020.jpg
before-video-002,frame_0021.jpg,strict_qmem_v1_reference_T1K2_lambda0p05,qmem,1,legacy,0.05,0.0,0.0,0.5299042694000677,0.6927286628304696,0.5809597732181425,0.8577478824115595,29632,20070,0.05511450720950961,0.006887695752084255,0.0011955519439652562,0.9867785573005676,0.00436442019417882,0.40283203125,1.0,/kaggle/input/datasets/shuvroahmedimaging/ws2-eca/test_set/test_set/images/before/before-video-002/frame_0021.jpg,/kaggle/input/datasets/shuvroahmedimaging/ws2-eca/test_set/test_set/masks/before/before-video-002/frame_0021.jpg
before-video-002,frame_0022.jpg,strict_qmem_v1_reference_T1K2_lambda0p05,qmem,1,legacy,0.05,0.0,0.0,0.3977542932628798,0.5691333522351385,0.4550572410926815,0.7595383742195876,26467,15857,0.05511450720950961,0.005827636923640966,0.0009828750044107437,0.9883254766464233,0.004102840553969145,0.402099609375,1.0,/kaggle/input/datasets/shuvroahmedimaging/ws2-eca/test_set/test_set/images/before/before-video-002/frame_0022.jpg,/kaggle/input/datasets/shuvroahmedimaging/ws2-eca/test_set/test_set/masks/before/before-video-002/frame_0022.jpg
before-video-002,frame_0023.jpg,strict_qmem_v1_reference_T1K2_lambda0p05,qmem,1,legacy,0.05,0.0,0.0,0.4019530479384494,0.5734187011890522,0.434342357706246,0.8435106603187745,28146,14493,0.05511450720950961,0.005622128956019878,0.0008681281469762325,0.9888029098510742,0.003870913293212652,0.43798828125,1.0,/kaggle/input/datasets/shuvroahmedimaging/ws2-eca/test_set/test_set/images/before/before-video-002/frame_0023.jpg,/kaggle/input/datasets/shuvroahmedimaging/ws2-eca/test_set/test_set/masks/before/before-video-002/frame_0023.jpg
before-video-002,frame_0024.jpg,strict_qmem_v1_reference_T1K2_lambda0p05,qmem,1,legacy,0.05,0.0,0.0,0.3396815117887734,0.5071078592929492,0.3618575773729265,0.8471590074878872,31891,13622,0.05511450720950961,0.005833012983202934,0.0009606028907001019,0.9888023138046265,0.003983805887401104,0.43359375,1.0,/kaggle/input/datasets/shuvroahmedimaging/ws2-eca/test_set/test_set/images/before/before-video-002/frame_0024.jpg,/kaggle/input/datasets/shuvroahmedimaging/ws2-eca/test_set/test_set/masks/before/before-video-002/frame_0024.jpg
before-video-002,frame_0025.jpg,strict_qmem_v1_reference_T1K2_lambda0p05,qmem,1,legacy,0.05,0.0,0.0,0.2814729665451086,0.43929598812211945,0.30544562973158984,0.7819623389494549,23248,9081,0.05511450720950961,0.005649603437632322,0.0008273990824818611,0.9893831014633179,0.003781908890232444,0.449951171875,1.0,/kaggle/input/datasets/shuvroahmedimaging/ws2-eca/test_set/test_set/images/before/before-video-002/frame_0025.jpg,/kaggle/input/datasets/shuvroahmedimaging/ws2-eca/test_set/test_set/masks/before/before-video-002/frame_0025.jpg
before-video-002,frame_0026.jpg,strict_qmem_v1_reference_T1K2_lambda0p05,qmem,1,legacy,0.05,0.0,0.0,0.28644801229425326,0.44533165671172587,0.32388312222781107,0.7125037722563122,21869,9941,0.05511450720950961,0.005464043468236923,0.0009070761734619737,0.9897985458374023,0.003760690800845623,0.46630859375,1.0,/kaggle/input/datasets/shuvroahmedimaging/ws2-eca/test_set/test_set/images/before/before-video-002/frame_0026.jpg,/kaggle/input/datasets/shuvroahmedimaging/ws2-eca/test_set/test_set/masks/before/before-video-002/frame_0026.jpg
before-video-002,frame_0027.jpg,strict_qmem_v1_reference_T1K2_lambda0p05,qmem,1,legacy,0.05,0.0,0.0,0.30232862947267247,0.4642893085980744,0.32661537735403784,0.8025980051032243,21187,8622,0.05511450720950961,0.005155316554009914,0.0007282202132046223,0.9901382327079773,0.0035338043235242367,0.478515625,1.0,/kaggle/input/datasets/shuvroahmedimaging/ws2-eca/test_set/test_set/images/before/before-video-002/frame_0027.jpg,/kaggle/input/datasets/shuvroahmedimaging/ws2-eca/test_set/test_set/masks/before/before-video-002/frame_0027.jpg
before-video-002,frame_0028.jpg,strict_qmem_v1_reference_T1K2_lambda0p05,qmem,1,legacy,0.05,0.0,0.0,0.31064964220569663,0.4740391821004175,0.34462719867171693,0.7590857142857143,19273,8750,0.05511450720950961,0.004213958978652954,0.0006847130134701729,0.9913432598114014,0.0034665782004594803,0.510986328125,1.0,/kaggle/input/datasets/shuvroahmedimaging/ws2-eca/test_set/test_set/images/before/before-video-002/frame_0028.jpg,/kaggle/input/datasets/shuvroahmedimaging/ws2-eca/test_set/test_set/masks/before/before-video-002/frame_0028.jpg
before-video-002,frame_0029.jpg,strict_qmem_v1_reference_T1K2_lambda0p05,qmem,1,legacy,0.05,0.0,0.0,0.329809074112092,0.49602470088768813,0.3396764985727878,0.9190503432494279,18918,6992,0.05511450720950961,0.004433104302734137,0.0007319971336983144,0.9912113547325134,0.0035290943924337626,0.535400390625,1.0,/kaggle/input/datasets/shuvroahmedimaging/ws2-eca/test_set/test_set/images/before/before-video-002/frame_0029.jpg,/kaggle/input/datasets/shuvroahmedimaging/ws2-eca/test_set/test_set/masks/before/before-video-002/frame_0029.jpg
before-video-002,frame_0030.jpg,strict_qmem_v1_reference_T1K2_lambda0p05,qmem,1,legacy,0.05,0.0,0.0,0.3087013060439871,0.4717673996630233,0.3364762432982067,0.7890173410404624,16227,6920,0.05511450720950961,0.004309153184294701,0.0006657546618953347,0.9914199113845825,0.0033480795100331306,0.516357421875,1.0,/kaggle/input/datasets/shuvroahmedimaging/ws2-eca/test_set/test_set/images/before/before-video-002/frame_0030.jpg,/kaggle/input/datasets/shuvroahmedimaging/ws2-eca/test_set/test_set/masks/before/before-video-002/frame_0030.jpg
before-video-002,frame_0031.jpg,strict_qmem_v1_reference_T1K2_lambda0p05,qmem,1,legacy,0.05,0.0,0.0,0.2138897604853049,0.3524039290022402,0.2326639740599579,0.7260784661814309,17579,5633,0.05511450720950961,0.004596320446580648,0.0006361164851114154,0.9914703369140625,0.003327400889247656,0.54296875,1.0,/kaggle/input/datasets/shuvroahmedimaging/ws2-eca/test_set/test_set/images/before/before-video-002/frame_0031.jpg,/kaggle/input/datasets/shuvroahmedimaging/ws2-eca/test_set/test_set/masks/before/before-video-002/frame_0031.jpg
before-video-002,frame_0032.jpg,strict_qmem_v1_reference_T1K2_lambda0p05,qmem,1,legacy,0.05,0.0,0.0,0.11778173492749937,0.21074192080109239,0.1257742040638922,0.6495510662177328,18406,3564,0.05511450720950961,0.004955296404659748,0.0007406942895613611,0.9909680485725403,0.0034037637524306774,0.533203125,1.0,/kaggle/input/datasets/shuvroahmedimaging/ws2-eca/test_set/test_set/images/before/before-video-002/frame_0032.jpg,/kaggle/input/datasets/shuvroahmedimaging/ws2-eca/test_set/test_set/masks/before/before-video-002/frame_0032.jpg
before-video-002,frame_0033.jpg,strict_qmem_v1_reference_T1K2_lambda0p05,qmem,1,legacy,0.05,0.0,0.0,0.17586238035037025,0.2991206850209269,0.19897828863346104,0.602195423623995,19575,6468,0.05511450720950961,0.005913620349019766,0.0008063457207754254,0.9897431135177612,0.003539247438311577,0.519287109375,1.0,/kaggle/input/datasets/shuvroahmedimaging/ws2-eca/test_set/test_set/images/before/before-video-002/frame_0033.jpg,/kaggle/input/datasets/shuvroahmedimaging/ws2-eca/test_set/test_set/masks/before/before-video-002/frame_0033.jpg
before-video-002,frame_0034.jpg,strict_qmem_v1_reference_T1K2_lambda0p05,qmem,1,legacy,0.05,0.0,0.0,0.2500097858848397,0.4000125258345337,0.3014157621519585,0.5944713328369322,21190,10744,0.05511450720950961,0.006130650639533997,0.0007778411963954568,0.9891365766525269,0.003574415110051632,0.5107421875,1.0,/kaggle/input/datasets/shuvroahmedimaging/ws2-eca/test_set/test_set/images/before/before-video-002/frame_0034.jpg,/kaggle/input/datasets/shuvroahmedimaging/ws2-eca/test_set/test_set/masks/before/before-video-002/frame_0034.jpg
before-video-002,frame_0035.jpg,strict_qmem_v1_reference_T1K2_lambda0p05,qmem,1,legacy,0.05,0.0,0.0,0.2899604201552748,0.4495648325711757,0.32771301991483504,0.7156678564719143,23249,10646,0.05511450720950961,0.006721620447933674,0.0009679978829808533,0.9883360862731934,0.003893188200891018,0.46533203125,1.0,/kaggle/input/datasets/shuvroahmedimaging/ws2-eca/test_set/test_set/images/before/before-video-002/frame_0035.jpg,/kaggle/input/datasets/shuvroahmedimaging/ws2-eca/test_set/test_set/masks/before/before-video-002/frame_0035.jpg
before-video-002,frame_0036.jpg,strict_qmem_v1_reference_T1K2_lambda0p05,qmem,1,legacy,0.05,0.0,0.0,0.3842141596993173,0.5551368724371052,0.4584897025171625,0.7034124420727426,21850,14242,0.05511450720950961,0.005933813750743866,0.0010791948297992349,0.9888496398925781,0.00410417141392827,0.43603515625,1.0,/kaggle/input/datasets/shuvroahmedimaging/ws2-eca/test_set/test_set/images/before/before-video-002/frame_0036.jpg,/kaggle/input/datasets/shuvroahmedimaging/ws2-eca/test_set/test_set/masks/before/before-video-002/frame_0036.jpg
before-video-002,frame_0037.jpg,strict_qmem_v1_reference_T1K2_lambda0p05,qmem,1,legacy,0.05,0.0,0.0,0.3504059962523423,0.5189639222941721,0.4325551509959306,0.6485132618328945,23345,15571,0.05511450720950961,0.006182666402310133,0.0010682933498173952,0.9886448383331299,0.003952267114073038,0.46142578125,1.0,/kaggle/input/datasets/shuvroahmedimaging/ws2-eca/test_set/test_set/images/before/before-video-002/frame_0037.jpg,/kaggle/input/datasets/shuvroahmedimaging/ws2-eca/test_set/test_set/masks/before/before-video-002/frame_0037.jpg
before-video-002,frame_0038.jpg,strict_qmem_v1_reference_T1K2_lambda0p05,qmem,1,legacy,0.05,0.0,0.0,0.4012852276246516,0.5727388253494669,0.4865981317185373,0.6959382343068143,21303,14895,0.05511450720950961,0.006582525558769703,0.000977533869445324,0.9878808856010437,0.0039309002459049225,0.43798828125,1.0,/kaggle/input/datasets/shuvroahmedimaging/ws2-eca/test_set/test_set/images/before/before-video-002/frame_0038.jpg,/kaggle/input/datasets/shuvroahmedimaging/ws2-eca/test_set/test_set/masks/before/before-video-002/frame_0038.jpg
before-video-002,frame_0039.jpg,strict_qmem_v1_reference_T1K2_lambda0p05,qmem,1,legacy,0.05,0.0,0.0,0.3686427334278066,0.5386982656964537,0.44110027789553014,0.6917565371546758,21231,13538,0.05511450720950961,0.005384848918765783,0.0009733231272548437,0.9895679950714111,0.003893295768648386,0.441162109375,1.0,/kaggle/input/datasets/shuvroahmedimaging/ws2-eca/test_set/test_set/images/before/before-video-002/frame_0039.jpg,/kaggle/input/datasets/shuvroahmedimaging/ws2-eca/test_set/test_set/masks/before/before-video-002/frame_0039.jpg
before-video-002,frame_0040.jpg,strict_qmem_v1_reference_T1K2_lambda0p05,qmem,1,legacy,0.05,0.0,0.0,0.31831195389477596,0.48290839350180503,0.36823089165125383,0.7013189153764233,23249,12207,0.05511450720950961,0.005472622811794281,0.0010710578644648194,0.9897201657295227,0.003934550564736128,0.46240234375,1.0,/kaggle/input/datasets/shuvroahmedimaging/ws2-eca/test_set/test_set/images/before/before-video-002/frame_0040.jpg,/kaggle/input/datasets/shuvroahmedimaging/ws2-eca/test_set/test_set/masks/before/before-video-002/frame_0040.jpg
before-video-002,frame_0041.jpg,strict_qmem_v1_reference_T1K2_lambda0p05,qmem,1,legacy,0.05,0.0,0.0,0.3597549569771792,0.5291467482890256,0.3826601671309192,0.8573498272595564,20104,8973,0.05511450720950961,0.0054280199110507965,0.0009015167015604675,0.9894601106643677,0.003809783374890685,0.469970703125,1.0,/kaggle/input/datasets/shuvroahmedimaging/ws2-eca/test_set/test_set/images/before/before-video-002/frame_0041.jpg,/kaggle/input/datasets/shuvroahmedimaging/ws2-eca/test_set/test_set/masks/before/before-video-002/frame_0041.jpg
before-video-002,frame_0042.jpg,strict_qmem_v1_reference_T1K2_lambda0p05,qmem,1,legacy,0.05,0.0,0.0,0.35829235583370583,0.5275629422412375,0.3815758152820757,0.8544776119402985,16804,7504,0.05511450720950961,0.005947078578174114,0.0008715813746675849,0.98927241563797,0.0036533300299197435,0.4990234375,1.0,/kaggle/input/datasets/shuvroahmedimaging/ws2-eca/test_set/test_set/images/before/before-video-002/frame_0042.jpg,/kaggle/input/datasets/shuvroahmedimaging/ws2-eca/test_set/test_set/masks/before/before-video-002/frame_0042.jpg
before-video-002,frame_0043.jpg,strict_qmem_v1_reference_T1K2_lambda0p05,qmem,1,legacy,0.05,0.0,0.0,0.35361966034892484,0.5224800890639719,0.388871183631844,0.7959556425309849,15689,7665,0.05511450720950961,0.006232809275388718,0.0008236367139033973,0.9893871545791626,0.0035823099315166473,0.531005859375,1.0,/kaggle/input/datasets/shuvroahmedimaging/ws2-eca/test_set/test_set/images/before/before-video-002/frame_0043.jpg,/kaggle/input/datasets/shuvroahmedimaging/ws2-eca/test_set/test_set/masks/before/before-video-002/frame_0043.jpg
before-video-002,frame_0044.jpg,strict_qmem_v1_reference_T1K2_lambda0p05,qmem,1,legacy,0.05,0.0,0.0,0.320925700365408,0.48591029802301566,0.33684479672717976,0.8716421860526664,19555,7557,0.05511450720950961,0.0077750058844685555,0.0007890852866694331,0.9873401522636414,0.0034771589562296867,0.524169921875,1.0,/kaggle/input/datasets/shuvroahmedimaging/ws2-eca/test_set/test_set/images/before/before-video-002/frame_0044.jpg,/kaggle/input/datasets/shuvroahmedimaging/ws2-eca/test_set/test_set/masks/before/before-video-002/frame_0044.jpg
before-video-002,frame_0045.jpg,strict_qmem_v1_reference_T1K2_lambda0p05,qmem,1,legacy,0.05,0.0,0.0,0.3101505738654312,0.4734579063692988,0.3518275203057812,0.7236211767596118,16744,8141,0.05511450720950961,0.0059401290491223335,0.0010132440365850925,0.989076554775238,0.0036985459737479687,0.501708984375,1.0,/kaggle/input/datasets/shuvroahmedimaging/ws2-eca/test_set/test_set/images/before/before-video-002/frame_0045.jpg,/kaggle/input/datasets/shuvroahmedimaging/ws2-eca/test_set/test_set/masks/before/before-video-002/frame_0045.jpg
before-video-002,frame_0046.jpg,strict_qmem_v1_reference_T1K2_lambda0p05,qmem,1,legacy,0.05,0.0,0.0,0.35301101999925794,0.5218154394624983,0.4369832812787066,0.6475192268427142,21772,14693,0.05511450720950961,0.006838803645223379,0.000958483899012208,0.9882372617721558,0.00371545716188848,0.54150390625,1.0,/kaggle/input/datasets/shuvroahmedimaging/ws2-eca/test_set/test_set/images/before/before-video-002/frame_0046.jpg,/kaggle/input/datasets/shuvroahmedimaging/ws2-eca/test_set/test_set/masks/before/before-video-002/frame_0046.jpg
before-video-002,frame_0047.jpg,strict_qmem_v1_reference_T1K2_lambda0p05,qmem,1,legacy,0.05,0.0,0.0,0.453990009495108,0.6244747302668938,0.4975792950545224,0.8382498666056865,22101,13119,0.05511450720950961,0.005957580171525478,0.0010133485775440931,0.9891210198402405,0.0038279257714748383,0.53466796875,1.0,/kaggle/input/datasets/shuvroahmedimaging/ws2-eca/test_set/test_set/images/before/before-video-002/frame_0047.jpg,/kaggle/input/datasets/shuvroahmedimaging/ws2-eca/test_set/test_set/masks/before/before-video-002/frame_0047.jpg
before-video-002,frame_0048.jpg,strict_qmem_v1_reference_T1K2_lambda0p05,qmem,1,legacy,0.05,0.0,0.0,0.3481103606840063,0.5164419335927091,0.3864560899736779,0.7781882428525538,25074,12452,0.05511450720950961,0.006917532533407211,0.0010368507355451584,0.987729012966156,0.003841470694169402,0.511474609375,1.0,/kaggle/input/datasets/shuvroahmedimaging/ws2-eca/test_set/test_set/images/before/before-video-002/frame_0048.jpg,/kaggle/input/datasets/shuvroahmedimaging/ws2-eca/test_set/test_set/masks/before/before-video-002/frame_0048.jpg
before-video-002,frame_0049.jpg,strict_qmem_v1_reference_T1K2_lambda0p05,qmem,1,legacy,0.05,0.0,0.0,0.33452953419938275,0.5013445197375498,0.38178318384731946,0.7299350090047765,24417,12771,0.05511450720950961,0.00643783388659358,0.0009146866505034268,0.9880828857421875,0.0038395202718675137,0.466552734375,1.0,/kaggle/input/datasets/shuvroahmedimaging/ws2-eca/test_set/test_set/images/before/before-video-002/frame_0049.jpg,/kaggle/input/datasets/shuvroahmedimaging/ws2-eca/test_set/test_set/masks/before/before-video-002/frame_0049.jpg
before-video-003,frame_0001.jpg,strict_qmem_v1_reference_T1K2_lambda0p05,qmem,1,legacy,0.05,0.0,0.0,0.21601435569135263,0.35528257488134646,0.2397330319177566,0.6858638743455497,18579,6494,0.05511450720950961,0.0,0.0,0.0,0.0,0.0,0.0,/kaggle/input/datasets/shuvroahmedimaging/ws2-eca/test_set/test_set/images/before/before-video-003/frame_0001.jpg,/kaggle/input/datasets/shuvroahmedimaging/ws2-eca/test_set/test_set/masks/before/before-video-003/frame_0001.jpg
before-video-003,frame_0002.jpg,strict_qmem_v1_reference_T1K2_lambda0p05,qmem,1,legacy,0.05,0.0,0.0,0.2866797739002212,0.4456116894279438,0.3058468799160986,0.820612029546254,7628,2843,0.05511450720950961,0.004149396903812885,0.0006142171914689243,0.9922627210617065,0.0032795234583318233,0.556640625,1.0,/kaggle/input/datasets/shuvroahmedimaging/ws2-eca/test_set/test_set/images/before/before-video-003/frame_0002.jpg,/kaggle/input/datasets/shuvroahmedimaging/ws2-eca/test_set/test_set/masks/before/before-video-003/frame_0002.jpg
before-video-003,frame_0003.jpg,strict_qmem_v1_reference_T1K2_lambda0p05,qmem,1,legacy,0.05,0.0,0.0,0.23959583833533413,0.38657089823258817,0.2631578947368421,0.7279635258358662,9101,3290,0.05511450720950961,0.00533473351970315,0.00032821480999700725,0.9923335909843445,0.0026684796903282404,0.72021484375,1.0,/kaggle/input/datasets/shuvroahmedimaging/ws2-eca/test_set/test_set/images/before/before-video-003/frame_0003.jpg,/kaggle/input/datasets/shuvroahmedimaging/ws2-eca/test_set/test_set/masks/before/before-video-003/frame_0003.jpg
before-video-003,frame_0004.jpg,strict_qmem_v1_reference_T1K2_lambda0p05,qmem,1,legacy,0.05,0.0,0.0,0.24223421321277527,0.3899976520309932,0.3140183382172228,0.514480408858603,10579,6457,0.05511450720950961,0.006601936649531126,0.00045818471699021757,0.9907193183898926,0.002848726697266102,0.67919921875,1.0,/kaggle/input/datasets/shuvroahmedimaging/ws2-eca/test_set/test_set/images/before/before-video-003/frame_0004.jpg,/kaggle/input/datasets/shuvroahmedimaging/ws2-eca/test_set/test_set/masks/before/before-video-003/frame_0004.jpg
before-video-003,frame_0005.jpg,strict_qmem_v1_reference_T1K2_lambda0p05,qmem,1,legacy,0.05,0.0,0.0,0.27356377504691565,0.42960357448426656,0.4690192008303062,0.3962992195036394,9635,11403,0.05511450720950961,0.006205725017935038,0.0006838472909294069,0.990473747253418,0.003113485872745514,0.594970703125,1.0,/kaggle/input/datasets/shuvroahmedimaging/ws2-eca/test_set/test_set/images/before/before-video-003/frame_0005.jpg,/kaggle/input/datasets/shuvroahmedimaging/ws2-eca/test_set/test_set/masks/before/before-video-003/frame_0005.jpg
before-video-003,frame_0006.jpg,strict_qmem_v1_reference_T1K2_lambda0p05,qmem,1,legacy,0.05,0.0,0.0,0.424786234561385,0.5962806549603615,0.6460105956012201,0.5536598789212989,12458,14536,0.05511450720950961,0.006803777068853378,0.0005340236821211874,0.9897361993789673,0.002993860747665167,0.57666015625,1.0,/kaggle/input/datasets/shuvroahmedimaging/ws2-eca/test_set/test_set/images/before/before-video-003/frame_0006.jpg,/kaggle/input/datasets/shuvroahmedimaging/ws2-eca/test_set/test_set/masks/before/before-video-003/frame_0006.jpg
before-video-003,frame_0007.jpg,strict_qmem_v1_reference_T1K2_lambda0p05,qmem,1,legacy,0.05,0.0,0.0,0.5089670632867735,0.6745900234272327,0.7172539489671932,0.6367166432963003,16460,18542,0.05511450720950961,0.008099403232336044,0.0008178543066605926,0.9877834320068359,0.0033980486914515495,0.585693359375,1.0,/kaggle/input/datasets/shuvroahmedimaging/ws2-eca/test_set/test_set/images/before/before-video-003/frame_0007.jpg,/kaggle/input/datasets/shuvroahmedimaging/ws2-eca/test_set/test_set/masks/before/before-video-003/frame_0007.jpg
before-video-003,frame_0008.jpg,strict_qmem_v1_reference_T1K2_lambda0p05,qmem,1,legacy,0.05,0.0,0.0,0.6061335199930002,0.7547735134693433,0.7774535660176196,0.7333792081304256,17821,18892,0.05511450720950961,0.007099438924342394,0.000872496166266501,0.9883243441581726,0.003558108117431402,0.578369140625,1.0,/kaggle/input/datasets/shuvroahmedimaging/ws2-eca/test_set/test_set/images/before/before-video-003/frame_0008.jpg,/kaggle/input/datasets/shuvroahmedimaging/ws2-eca/test_set/test_set/masks/before/before-video-003/frame_0008.jpg
before-video-003,frame_0009.jpg,strict_qmem_v1_reference_T1K2_lambda0p05,qmem,1,legacy,0.05,0.0,0.0,0.650420365688753,0.7881875178113422,0.7648116142412721,0.8130374072168737,14465,13607,0.05511450720950961,0.006466223858296871,0.0006205195095390081,0.9893028140068054,0.003275036346167326,0.6015625,1.0,/kaggle/input/datasets/shuvroahmedimaging/ws2-eca/test_set/test_set/images/before/before-video-003/frame_0009.jpg,/kaggle/input/datasets/shuvroahmedimaging/ws2-eca/test_set/test_set/masks/before/before-video-003/frame_0009.jpg
before-video-003,frame_0010.jpg,strict_qmem_v1_reference_T1K2_lambda0p05,qmem,1,legacy,0.05,0.0,0.0,0.5352231265787258,0.6972577696526508,0.5814733504085864,0.8706172388604821,16398,10952,0.05511450720950961,0.0075405859388411045,0.0008098348043859005,0.9883908033370972,0.003432905301451683,0.6220703125,1.0,/kaggle/input/datasets/shuvroahmedimaging/ws2-eca/test_set/test_set/images/before/before-video-003/frame_0010.jpg,/kaggle/input/datasets/shuvroahmedimaging/ws2-eca/test_set/test_set/masks/before/before-video-003/frame_0010.jpg
before-video-003,frame_0011.jpg,strict_qmem_v1_reference_T1K2_lambda0p05,qmem,1,legacy,0.05,0.0,0.0,0.5204546618196713,0.6846039870689655,0.5372053694112673,0.9434750324856135,18922,10774,0.05511450720950961,0.007431054022163153,0.0009857169352471828,0.9878952503204346,0.003606526181101799,0.56591796875,1.0,/kaggle/input/datasets/shuvroahmedimaging/ws2-eca/test_set/test_set/images/before/before-video-003/frame_0011.jpg,/kaggle/input/datasets/shuvroahmedimaging/ws2-eca/test_set/test_set/masks/before/before-video-003/frame_0011.jpg
before-video-003,frame_0012.jpg,strict_qmem_v1_reference_T1K2_lambda0p05,qmem,1,legacy,0.05,0.0,0.0,0.4339448650747428,0.6052462345574547,0.4698617898996269,0.850228223659186,19029,10516,0.05511450720950961,0.007394473534077406,0.0007665985613130033,0.9872774481773376,0.0034829031210392714,0.547119140625,1.0,/kaggle/input/datasets/shuvroahmedimaging/ws2-eca/test_set/test_set/images/before/before-video-003/frame_0012.jpg,/kaggle/input/datasets/shuvroahmedimaging/ws2-eca/test_set/test_set/masks/before/before-video-003/frame_0012.jpg
before-video-003,frame_0013.jpg,strict_qmem_v1_reference_T1K2_lambda0p05,qmem,1,legacy,0.05,0.0,0.0,0.4213385902490624,0.5928757484523528,0.4485335517223729,0.8742019154030327,19537,10024,0.05511450720950961,0.007145612966269255,0.0009376837406307459,0.9871174693107605,0.0036690528504550457,0.53662109375,1.0,/kaggle/input/datasets/shuvroahmedimaging/ws2-eca/test_set/test_set/images/before/before-video-003/frame_0013.jpg,/kaggle/input/datasets/shuvroahmedimaging/ws2-eca/test_set/test_set/masks/before/before-video-003/frame_0013.jpg
before-video-003,frame_0014.jpg,strict_qmem_v1_reference_T1K2_lambda0p05,qmem,1,legacy,0.05,0.0,0.0,0.41508936574049665,0.5866616989567809,0.45132997019032334,0.837909748829289,17444,9396,0.05511450720950961,0.007010356988757849,0.000885006389580667,0.9874278903007507,0.0036659264005720615,0.525634765625,1.0,/kaggle/input/datasets/shuvroahmedimaging/ws2-eca/test_set/test_set/images/before/before-video-003/frame_0014.jpg,/kaggle/input/datasets/shuvroahmedimaging/ws2-eca/test_set/test_set/masks/before/before-video-003/frame_0014.jpg
before-video-003,frame_0015.jpg,strict_qmem_v1_reference_T1K2_lambda0p05,qmem,1,legacy,0.05,0.0,0.0,0.36181471812601423,0.531371431532045,0.4248198160881451,0.7092669432918396,12071,7230,0.05511450720950961,0.005785155110061169,0.0008596691768616438,0.989154040813446,0.0035201231949031353,0.566650390625,1.0,/kaggle/input/datasets/shuvroahmedimaging/ws2-eca/test_set/test_set/images/before/before-video-003/frame_0015.jpg,/kaggle/input/datasets/shuvroahmedimaging/ws2-eca/test_set/test_set/masks/before/before-video-003/frame_0015.jpg
before-video-003,frame_0016.jpg,strict_qmem_v1_reference_T1K2_lambda0p05,qmem,1,legacy,0.05,0.0,0.0,0.22343928499428803,0.3652641986158409,0.2682749717605293,0.5720922229869236,12394,5812,0.05511450720950961,0.007096215151250362,0.0005207538488321006,0.9890152812004089,0.003041161224246025,0.594970703125,1.0,/kaggle/input/datasets/shuvroahmedimaging/ws2-eca/test_set/test_set/images/before/before-video-003/frame_0016.jpg,/kaggle/input/datasets/shuvroahmedimaging/ws2-eca/test_set/test_set/masks/before/before-video-003/frame_0016.jpg
before-video-003,frame_0017.jpg,strict_qmem_v1_reference_T1K2_lambda0p05,qmem,1,legacy,0.05,0.0,0.0,0.24588175201123738,0.3947112181622508,0.3143673469387755,0.5302216714856121,12250,7263,0.05511450720950961,0.007496661506593227,0.0005655385321006179,0.988771915435791,0.0029986551962792873,0.570068359375,1.0,/kaggle/input/datasets/shuvroahmedimaging/ws2-eca/test_set/test_set/images/before/before-video-003/frame_0017.jpg,/kaggle/input/datasets/shuvroahmedimaging/ws2-eca/test_set/test_set/masks/before/before-video-003/frame_0017.jpg
before-video-003,frame_0018.jpg,strict_qmem_v1_reference_T1K2_lambda0p05,qmem,1,legacy,0.05,0.0,0.0,0.33360034177079995,0.5003003243502984,0.42453278967040436,0.6089881068434393,14715,10258,0.05511450720950961,0.006339238490909338,0.00069053826155141,0.9899348616600037,0.003123532049357891,0.582275390625,1.0,/kaggle/input/datasets/shuvroahmedimaging/ws2-eca/test_set/test_set/images/before/before-video-003/frame_0018.jpg,/kaggle/input/datasets/shuvroahmedimaging/ws2-eca/test_set/test_set/masks/before/before-video-003/frame_0018.jpg
before-video-003,frame_0019.jpg,strict_qmem_v1_reference_T1K2_lambda0p05,qmem,1,legacy,0.05,0.0,0.0,0.3961661341853035,0.5675057208237986,0.49586552799240885,0.6633420981049959,14754,11029,0.05511450720950961,0.006377517245709896,0.0006270483718253672,0.9896906614303589,0.0032164626754820347,0.595947265625,1.0,/kaggle/input/datasets/shuvroahmedimaging/ws2-eca/test_set/test_set/images/before/before-video-003/frame_0019.jpg,/kaggle/input/datasets/shuvroahmedimaging/ws2-eca/test_set/test_set/masks/before/before-video-003/frame_0019.jpg
before-video-003,frame_0020.jpg,strict_qmem_v1_reference_T1K2_lambda0p05,qmem,1,legacy,0.05,0.0,0.0,0.43204897721199165,0.6033997217792556,0.5399234926225028,0.6837896031990157,16469,13004,0.05511450720950961,0.006420431192964315,0.0007369207451120019,0.9893873929977417,0.003374024061486125,0.593505859375,1.0,/kaggle/input/datasets/shuvroahmedimaging/ws2-eca/test_set/test_set/images/before/before-video-003/frame_0020.jpg,/kaggle/input/datasets/shuvroahmedimaging/ws2-eca/test_set/test_set/masks/before/before-video-003/frame_0020.jpg
before-video-003,frame_0021.jpg,strict_qmem_v1_reference_T1K2_lambda0p05,qmem,1,legacy,0.05,0.0,0.0,0.47229551451187335,0.6415770609318996,0.6051527162508743,0.6826670173592846,17156,15208,0.05511450720950961,0.006175511050969362,0.0008319405606016517,0.9892787337303162,0.0035642890725284815,0.588623046875,1.0,/kaggle/input/datasets/shuvroahmedimaging/ws2-eca/test_set/test_set/images/before/before-video-003/frame_0021.jpg,/kaggle/input/datasets/shuvroahmedimaging/ws2-eca/test_set/test_set/masks/before/before-video-003/frame_0021.jpg
before-video-003,frame_0022.jpg,strict_qmem_v1_reference_T1K2_lambda0p05,qmem,1,legacy,0.05,0.0,0.0,0.4624654555339102,0.6324463306589015,0.5462913411109922,0.7508642883413019,18686,13595,0.05511450720950961,0.006315271835774183,0.0007558917277492583,0.9892462491989136,0.0034446194767951965,0.569580078125,1.0,/kaggle/input/datasets/shuvroahmedimaging/ws2-eca/test_set/test_set/images/before/before-video-003/frame_0022.jpg,/kaggle/input/datasets/shuvroahmedimaging/ws2-eca/test_set/test_set/masks/before/before-video-003/frame_0022.jpg
before-video-003,frame_0023.jpg,strict_qmem_v1_reference_T1K2_lambda0p05,qmem,1,legacy,0.05,0.0,0.0,0.4325380595319246,0.6038765345937886,0.5144308723381256,0.7309730435450427,18502,13021,0.05511450720950961,0.005344355013221502,0.0007774066762067378,0.9906368851661682,0.0034056135918945074,0.552734375,1.0,/kaggle/input/datasets/shuvroahmedimaging/ws2-eca/test_set/test_set/images/before/before-video-003/frame_0023.jpg,/kaggle/input/datasets/shuvroahmedimaging/ws2-eca/test_set/test_set/masks/before/before-video-003/frame_0023.jpg
before-video-003,frame_0024.jpg,strict_qmem_v1_reference_T1K2_lambda0p05,qmem,1,legacy,0.05,0.0,0.0,0.45348387927703604,0.6239957466918714,0.5248434860379608,0.7693372177713037,20126,13730,0.05511450720950961,0.006786954589188099,0.0006567710661329329,0.989396333694458,0.0032962586265057325,0.592529296875,1.0,/kaggle/input/datasets/shuvroahmedimaging/ws2-eca/test_set/test_set/images/before/before-video-003/frame_0024.jpg,/kaggle/input/datasets/shuvroahmedimaging/ws2-eca/test_set/test_set/masks/before/before-video-003/frame_0024.jpg
before-video-003,frame_0025.jpg,strict_qmem_v1_reference_T1K2_lambda0p05,qmem,1,legacy,0.05,0.0,0.0,0.3749318801089918,0.5453824811732065,0.40510304219823356,0.8342764753435732,20380,9896,0.05511450720950961,0.008153056725859642,0.0006930541130714118,0.9880162477493286,0.0033017215318977833,0.573974609375,1.0,/kaggle/input/datasets/shuvroahmedimaging/ws2-eca/test_set/test_set/images/before/before-video-003/frame_0025.jpg,/kaggle/input/datasets/shuvroahmedimaging/ws2-eca/test_set/test_set/masks/before/before-video-003/frame_0025.jpg
before-video-003,frame_0026.jpg,strict_qmem_v1_reference_T1K2_lambda0p05,qmem,1,legacy,0.05,0.0,0.0,0.34251562075522957,0.5102594196446639,0.3641615157992028,0.8521221951878886,17311,7398,0.05511450720950961,0.008431210182607174,0.0006269245641306043,0.9878231287002563,0.0032426980324089527,0.614990234375,1.0,/kaggle/input/datasets/shuvroahmedimaging/ws2-eca/test_set/test_set/images/before/before-video-003/frame_0026.jpg,/kaggle/input/datasets/shuvroahmedimaging/ws2-eca/test_set/test_set/masks/before/before-video-003/frame_0026.jpg
before-video-003,frame_0027.jpg,strict_qmem_v1_reference_T1K2_lambda0p05,qmem,1,legacy,0.05,0.0,0.0,0.3399603616994921,0.5074185347816039,0.36231023102310234,0.8464148033924441,15150,6485,0.05511450720950961,0.00876916665583849,0.0005592801608145237,0.9872241616249084,0.0031387063208967447,0.559814453125,1.0,/kaggle/input/datasets/shuvroahmedimaging/ws2-eca/test_set/test_set/images/before/before-video-003/frame_0027.jpg,/kaggle/input/datasets/shuvroahmedimaging/ws2-eca/test_set/test_set/masks/before/before-video-003/frame_0027.jpg
before-video-003,frame_0028.jpg,strict_qmem_v1_reference_T1K2_lambda0p05,qmem,1,legacy,0.05,0.0,0.0,0.2806156363450427,0.43825114793371933,0.3068836325001398,0.7662664060318347,17883,7162,0.05511450720950961,0.008398917503654957,0.0007517410558648407,0.9868733882904053,0.003479854203760624,0.518798828125,1.0,/kaggle/input/datasets/shuvroahmedimaging/ws2-eca/test_set/test_set/images/before/before-video-003/frame_0028.jpg,/kaggle/input/datasets/shuvroahmedimaging/ws2-eca/test_set/test_set/masks/before/before-video-003/frame_0028.jpg
before-video-003,frame_0029.jpg,strict_qmem_v1_reference_T1K2_lambda0p05,qmem,1,legacy,0.05,0.0,0.0,0.28853737427444726,0.447852549774767,0.3038730751283248,0.8511305711671677,21430,7651,0.05511450720950961,0.009185834787786007,0.0011906856670975685,0.9857507944107056,0.00391661562025547,0.492431640625,1.0,/kaggle/input/datasets/shuvroahmedimaging/ws2-eca/test_set/test_set/images/before/before-video-003/frame_0029.jpg,/kaggle/input/datasets/shuvroahmedimaging/ws2-eca/test_set/test_set/masks/before/before-video-003/frame_0029.jpg
before-video-003,frame_0030.jpg,strict_qmem_v1_reference_T1K2_lambda0p05,qmem,1,legacy,0.05,0.0,0.0,0.35840880319407925,0.5276891644861823,0.38354522717799083,0.8454117376823246,19192,8707,0.05511450720950961,0.006278192158788443,0.0010714357485994697,0.9879761934280396,0.004050073213875294,0.44970703125,1.0,/kaggle/input/datasets/shuvroahmedimaging/ws2-eca/test_set/test_set/images/before/before-video-003/frame_0030.jpg,/kaggle/input/datasets/shuvroahmedimaging/ws2-eca/test_set/test_set/masks/before/before-video-003/frame_0030.jpg
before-video-003,frame_0031.jpg,strict_qmem_v1_reference_T1K2_lambda0p05,qmem,1,legacy,0.05,0.0,0.0,0.4235790584201503,0.5950903195924039,0.459601259181532,0.8438567300113845,20966,11419,0.05511450720950961,0.006209866609424353,0.0011346363462507725,0.9879903197288513,0.004007340874522924,0.427734375,1.0,/kaggle/input/datasets/shuvroahmedimaging/ws2-eca/test_set/test_set/images/before/before-video-003/frame_0031.jpg,/kaggle/input/datasets/shuvroahmedimaging/ws2-eca/test_set/test_set/masks/before/before-video-003/frame_0031.jpg
before-video-003,frame_0032.jpg,strict_qmem_v1_reference_T1K2_lambda0p05,qmem,1,legacy,0.05,0.0,0.0,0.4717236234789501,0.641049196946178,0.5056724473986706,0.8754109707561862,20009,11558,0.05511450720950961,0.007150609046220779,0.0012352009071037173,0.9867172241210938,0.004056659992784262,0.44921875,1.0,/kaggle/input/datasets/shuvroahmedimaging/ws2-eca/test_set/test_set/images/before/before-video-003/frame_0032.jpg,/kaggle/input/datasets/shuvroahmedimaging/ws2-eca/test_set/test_set/masks/before/before-video-003/frame_0032.jpg
before-video-003,frame_0033.jpg,strict_qmem_v1_reference_T1K2_lambda0p05,qmem,1,legacy,0.05,0.0,0.0,0.38921188630490955,0.5603348058591026,0.423040272832138,0.8295633359559402,19939,10168,0.05511450720950961,0.00724906288087368,0.0010405444772914052,0.9867191314697266,0.003909153863787651,0.49462890625,1.0,/kaggle/input/datasets/shuvroahmedimaging/ws2-eca/test_set/test_set/images/before/before-video-003/frame_0033.jpg,/kaggle/input/datasets/shuvroahmedimaging/ws2-eca/test_set/test_set/masks/before/before-video-003/frame_0033.jpg
before-video-003,frame_0034.jpg,strict_qmem_v1_reference_T1K2_lambda0p05,qmem,1,legacy,0.05,0.0,0.0,0.34647764660344493,0.5146429983111143,0.3881721595836947,0.763351455068756,18448,9381,0.05511450720950961,0.007330489810556173,0.0011465640272945166,0.9874435663223267,0.0038258193526417017,0.5029296875,1.0,/kaggle/input/datasets/shuvroahmedimaging/ws2-eca/test_set/test_set/images/before/before-video-003/frame_0034.jpg,/kaggle/input/datasets/shuvroahmedimaging/ws2-eca/test_set/test_set/masks/before/before-video-003/frame_0034.jpg
before-video-003,frame_0035.jpg,strict_qmem_v1_reference_T1K2_lambda0p05,qmem,1,legacy,0.05,0.0,0.0,0.32046104279166854,0.4853775043815939,0.34140681653372007,0.8393154266698359,20685,8414,0.05511450720950961,0.007447296753525734,0.0008656433201394975,0.9876474142074585,0.003600215306505561,0.499267578125,1.0,/kaggle/input/datasets/shuvroahmedimaging/ws2-eca/test_set/test_set/images/before/before-video-003/frame_0035.jpg,/kaggle/input/datasets/shuvroahmedimaging/ws2-eca/test_set/test_set/masks/before/before-video-003/frame_0035.jpg
before-video-003,frame_0036.jpg,strict_qmem_v1_reference_T1K2_lambda0p05,qmem,1,legacy,0.05,0.0,0.0,0.2751165748198389,0.4315159574468085,0.29085205310626855,0.8356671495251892,17851,6213,0.05511450720950961,0.006259147543460131,0.0007954248576425016,0.9893249273300171,0.0034943365026265383,0.498046875,1.0,/kaggle/input/datasets/shuvroahmedimaging/ws2-eca/test_set/test_set/images/before/before-video-003/frame_0036.jpg,/kaggle/input/datasets/shuvroahmedimaging/ws2-eca/test_set/test_set/masks/before/before-video-003/frame_0036.jpg
before-video-003,frame_0037.jpg,strict_qmem_v1_reference_T1K2_lambda0p05,qmem,1,legacy,0.05,0.0,0.0,0.23629169022046353,0.38225880201188844,0.2590860427114442,0.7286846275752773,17747,6310,0.05511450720950961,0.007631226442754269,0.0007633674540556967,0.988196849822998,0.003429574426263571,0.54296875,1.0,/kaggle/input/datasets/shuvroahmedimaging/ws2-eca/test_set/test_set/images/before/before-video-003/frame_0037.jpg,/kaggle/input/datasets/shuvroahmedimaging/ws2-eca/test_set/test_set/masks/before/before-video-003/frame_0037.jpg
before-video-003,frame_0038.jpg,strict_qmem_v1_reference_T1K2_lambda0p05,qmem,1,legacy,0.05,0.0,0.0,0.2694365450426568,0.42449785472908835,0.2820952765442067,0.8572304861217604,19816,6521,0.05511450720950961,0.007219741586595774,0.0009747821604833007,0.9881208539009094,0.003773128380998969,0.548095703125,1.0,/kaggle/input/datasets/shuvroahmedimaging/ws2-eca/test_set/test_set/images/before/before-video-003/frame_0038.jpg,/kaggle/input/datasets/shuvroahmedimaging/ws2-eca/test_set/test_set/masks/before/before-video-003/frame_0038.jpg
before-video-003,frame_0039.jpg,strict_qmem_v1_reference_T1K2_lambda0p05,qmem,1,legacy,0.05,0.0,0.0,0.32084254625858255,0.48581497797356826,0.378570120834859,0.6778396984100967,21848,12202,0.05511450720950961,0.007395830936729908,0.001281057484447956,0.987174391746521,0.004065924324095249,0.494384765625,1.0,/kaggle/input/datasets/shuvroahmedimaging/ws2-eca/test_set/test_set/images/before/before-video-003/frame_0039.jpg,/kaggle/input/datasets/shuvroahmedimaging/ws2-eca/test_set/test_set/masks/before/before-video-003/frame_0039.jpg
before-video-003,frame_0040.jpg,strict_qmem_v1_reference_T1K2_lambda0p05,qmem,1,legacy,0.05,0.0,0.0,0.30138321400457324,0.46317366131866233,0.3525697246097176,0.6748929740619491,22804,11913,0.05511450720950961,0.0077347345650196075,0.0010277273831889033,0.9864642024040222,0.003907203208655119,0.49951171875,1.0,/kaggle/input/datasets/shuvroahmedimaging/ws2-eca/test_set/test_set/images/before/before-video-003/frame_0040.jpg,/kaggle/input/datasets/shuvroahmedimaging/ws2-eca/test_set/test_set/masks/before/before-video-003/frame_0040.jpg
before-video-003,frame_0041.jpg,strict_qmem_v1_reference_T1K2_lambda0p05,qmem,1,legacy,0.05,0.0,0.0,0.2724563506203233,0.4282368514841403,0.30297899931558664,0.7300581546740734,27761,11521,0.05511450720950961,0.0074526239186525345,0.000971684348769486,0.986819326877594,0.003930927254259586,0.477294921875,1.0,/kaggle/input/datasets/shuvroahmedimaging/ws2-eca/test_set/test_set/images/before/before-video-003/frame_0041.jpg,/kaggle/input/datasets/shuvroahmedimaging/ws2-eca/test_set/test_set/masks/before/before-video-003/frame_0041.jpg
before-video-003,frame_0042.jpg,strict_qmem_v1_reference_T1K2_lambda0p05,qmem,1,legacy,0.05,0.0,0.0,0.30811920572290125,0.47108735102261023,0.3476545533516722,0.7304182509505703,27628,13150,0.05511450720950961,0.006268018390983343,0.0011108204489573836,0.9880346059799194,0.004106569569557905,0.42919921875,1.0,/kaggle/input/datasets/shuvroahmedimaging/ws2-eca/test_set/test_set/images/before/before-video-003/frame_0042.jpg,/kaggle/input/datasets/shuvroahmedimaging/ws2-eca/test_set/test_set/masks/before/before-video-003/frame_0042.jpg
before-video-003,frame_0043.jpg,strict_qmem_v1_reference_T1K2_lambda0p05,qmem,1,legacy,0.05,0.0,0.0,0.2999288786534358,0.46145428965948465,0.3489774204988769,0.6809165000768876,25377,13006,0.05511450720950961,0.005641777999699116,0.0008533071377314627,0.9891323447227478,0.003838491393253207,0.433349609375,1.0,/kaggle/input/datasets/shuvroahmedimaging/ws2-eca/test_set/test_set/images/before/before-video-003/frame_0043.jpg,/kaggle/input/datasets/shuvroahmedimaging/ws2-eca/test_set/test_set/masks/before/before-video-003/frame_0043.jpg
before-video-003,frame_0044.jpg,strict_qmem_v1_reference_T1K2_lambda0p05,qmem,1,legacy,0.05,0.0,0.0,0.30096086243262243,0.4626747369938031,0.3436998180066374,0.7076261847035487,18682,9074,0.05511450720950961,0.00508412579074502,0.0007255610544234514,0.9905301928520203,0.0036160980816930532,0.4599609375,1.0,/kaggle/input/datasets/shuvroahmedimaging/ws2-eca/test_set/test_set/images/before/before-video-003/frame_0044.jpg,/kaggle/input/datasets/shuvroahmedimaging/ws2-eca/test_set/test_set/masks/before/before-video-003/frame_0044.jpg
before-video-003,frame_0045.jpg,strict_qmem_v1_reference_T1K2_lambda0p05,qmem,1,legacy,0.05,0.0,0.0,0.2710364086622056,0.42648095178874934,0.32254828191622775,0.6292354740061162,15948,8175,0.05511450720950961,0.0047223917208611965,0.000698852411005646,0.9911524057388306,0.003455724101513624,0.479248046875,1.0,/kaggle/input/datasets/shuvroahmedimaging/ws2-eca/test_set/test_set/images/before/before-video-003/frame_0045.jpg,/kaggle/input/datasets/shuvroahmedimaging/ws2-eca/test_set/test_set/masks/before/before-video-003/frame_0045.jpg
before-video-003,frame_0046.jpg,strict_qmem_v1_reference_T1K2_lambda0p05,qmem,1,legacy,0.05,0.0,0.0,0.21732673267326733,0.357055713704758,0.25050722799898556,0.6213241075640824,15772,6359,0.05511450720950961,0.0061144898645579815,0.0006032592500559986,0.9901033043861389,0.003233154071494937,0.52685546875,1.0,/kaggle/input/datasets/shuvroahmedimaging/ws2-eca/test_set/test_set/images/before/before-video-003/frame_0046.jpg,/kaggle/input/datasets/shuvroahmedimaging/ws2-eca/test_set/test_set/masks/before/before-video-003/frame_0046.jpg
before-video-004,frame_0001.jpg,strict_qmem_v1_reference_T1K2_lambda0p05,qmem,1,legacy,0.05,0.0,0.0,0.24270478046667748,0.390607301559641,0.2950312602829878,0.5777806418352881,15195,7759,0.05511450720950961,0.0,0.0,0.0,0.0,0.0,0.0,/kaggle/input/datasets/shuvroahmedimaging/ws2-eca/test_set/test_set/images/before/before-video-004/frame_0001.jpg,/kaggle/input/datasets/shuvroahmedimaging/ws2-eca/test_set/test_set/masks/before/before-video-004/frame_0001.jpg
before-video-004,frame_0002.jpg,strict_qmem_v1_reference_T1K2_lambda0p05,qmem,1,legacy,0.05,0.0,0.0,0.23338835180381987,0.37845071499579414,0.2936743413244719,0.5320361212642443,16852,9302,0.05511450720950961,0.005652350839227438,0.0008238386362791061,0.989582359790802,0.0035086499992758036,0.52392578125,1.0,/kaggle/input/datasets/shuvroahmedimaging/ws2-eca/test_set/test_set/images/before/before-video-004/frame_0002.jpg,/kaggle/input/datasets/shuvroahmedimaging/ws2-eca/test_set/test_set/masks/before/before-video-004/frame_0002.jpg
before-video-004,frame_0003.jpg,strict_qmem_v1_reference_T1K2_lambda0p05,qmem,1,legacy,0.05,0.0,0.0,0.23509846365028245,0.3806959049328888,0.27187251968984677,0.6347826086956522,16379,7015,0.05511450720950961,0.005306991748511791,0.0008562636212445796,0.9902748465538025,0.003523903898894787,0.546630859375,1.0,/kaggle/input/datasets/shuvroahmedimaging/ws2-eca/test_set/test_set/images/before/before-video-004/frame_0003.jpg,/kaggle/input/datasets/shuvroahmedimaging/ws2-eca/test_set/test_set/masks/before/before-video-004/frame_0003.jpg
before-video-004,frame_0004.jpg,strict_qmem_v1_reference_T1K2_lambda0p05,qmem,1,legacy,0.05,0.0,0.0,0.3094928478543563,0.4726911618669315,0.32438518518518517,0.8708240534521158,16875,6286,0.05511450720950961,0.004467864520847797,0.0008009999291971326,0.9912489056587219,0.003550139721482992,0.559326171875,1.0,/kaggle/input/datasets/shuvroahmedimaging/ws2-eca/test_set/test_set/images/before/before-video-004/frame_0004.jpg,/kaggle/input/datasets/shuvroahmedimaging/ws2-eca/test_set/test_set/masks/before/before-video-004/frame_0004.jpg
before-video-004,frame_0005.jpg,strict_qmem_v1_reference_T1K2_lambda0p05,qmem,1,legacy,0.05,0.0,0.0,0.3742269523946498,0.5446363160648875,0.3944516031228682,0.8794997464931553,13193,5917,0.05511450720950961,0.004449575208127499,0.0006945079658180475,0.9915095567703247,0.0033128373324871063,0.56787109375,1.0,/kaggle/input/datasets/shuvroahmedimaging/ws2-eca/test_set/test_set/images/before/before-video-004/frame_0005.jpg,/kaggle/input/datasets/shuvroahmedimaging/ws2-eca/test_set/test_set/masks/before/before-video-004/frame_0005.jpg
before-video-004,frame_0006.jpg,strict_qmem_v1_reference_T1K2_lambda0p05,qmem,1,legacy,0.05,0.0,0.0,0.21855146124523506,0.3587069864442127,0.23688025514641925,0.7385310734463277,13796,4425,0.05511450720950961,0.005183589644730091,0.0006465676706284285,0.9909432530403137,0.003233895404264331,0.58056640625,1.0,/kaggle/input/datasets/shuvroahmedimaging/ws2-eca/test_set/test_set/images/before/before-video-004/frame_0006.jpg,/kaggle/input/datasets/shuvroahmedimaging/ws2-eca/test_set/test_set/masks/before/before-video-004/frame_0006.jpg
before-video-004,frame_0007.jpg,strict_qmem_v1_reference_T1K2_lambda0p05,qmem,1,legacy,0.05,0.0,0.0,0.20924877077239062,0.34608060116320966,0.2394416352111673,0.6239792130660727,14041,5388,0.05511450720950961,0.0063310833647847176,0.0009249110007658601,0.9896115660667419,0.003454165533185005,0.565185546875,1.0,/kaggle/input/datasets/shuvroahmedimaging/ws2-eca/test_set/test_set/images/before/before-video-004/frame_0007.jpg,/kaggle/input/datasets/shuvroahmedimaging/ws2-eca/test_set/test_set/masks/before/before-video-004/frame_0007.jpg
before-video-004,frame_0008.jpg,strict_qmem_v1_reference_T1K2_lambda0p05,qmem,1,legacy,0.05,0.0,0.0,0.22754609090012817,0.3707332744357883,0.24797206553854417,0.7342134563384762,18615,6287,0.05511450720950961,0.006975123658776283,0.0012309752637520432,0.9885545969009399,0.0038540936075150967,0.519775390625,1.0,/kaggle/input/datasets/shuvroahmedimaging/ws2-eca/test_set/test_set/images/before/before-video-004/frame_0008.jpg,/kaggle/input/datasets/shuvroahmedimaging/ws2-eca/test_set/test_set/masks/before/before-video-004/frame_0008.jpg
before-video-004,frame_0009.jpg,strict_qmem_v1_reference_T1K2_lambda0p05,qmem,1,legacy,0.05,0.0,0.0,0.3665696148155219,0.5364814362055115,0.39883672621520566,0.8192,19256,9375,0.05511450720950961,0.007900409400463104,0.0007081114454194903,0.9875239133834839,0.0035247027408331633,0.558837890625,1.0,/kaggle/input/datasets/shuvroahmedimaging/ws2-eca/test_set/test_set/images/before/before-video-004/frame_0009.jpg,/kaggle/input/datasets/shuvroahmedimaging/ws2-eca/test_set/test_set/masks/before/before-video-004/frame_0009.jpg
before-video-004,frame_0010.jpg,strict_qmem_v1_reference_T1K2_lambda0p05,qmem,1,legacy,0.05,0.0,0.0,0.4200034971148802,0.5915527644378771,0.45988895270917096,0.828847481021394,15669,8694,0.05511450720950961,0.007072017528116703,0.0007418502937071025,0.9888887405395508,0.0034777859691530466,0.577392578125,1.0,/kaggle/input/datasets/shuvroahmedimaging/ws2-eca/test_set/test_set/images/before/before-video-004/frame_0010.jpg,/kaggle/input/datasets/shuvroahmedimaging/ws2-eca/test_set/test_set/masks/before/before-video-004/frame_0010.jpg
before-video-005,frame_0001.jpg,strict_qmem_v1_reference_T1K2_lambda0p05,qmem,1,legacy,0.05,0.0,0.0,0.41754093538582215,0.5891060003458413,0.4532247765006386,0.8413513780499852,18792,10123,0.05511450720950961,0.0,0.0,0.0,0.0,0.0,0.0,/kaggle/input/datasets/shuvroahmedimaging/ws2-eca/test_set/test_set/images/before/before-video-005/frame_0001.jpg,/kaggle/input/datasets/shuvroahmedimaging/ws2-eca/test_set/test_set/masks/before/before-video-005/frame_0001.jpg
before-video-005,frame_0002.jpg,strict_qmem_v1_reference_T1K2_lambda0p05,qmem,1,legacy,0.05,0.0,0.0,0.24342486386282006,0.39153932165486394,0.24601873536299765,0.9584854014598541,17080,4384,0.05511450720950961,0.0076742167584598064,0.0008089343318715692,0.9882258176803589,0.0035193446092307568,0.58251953125,1.0,/kaggle/input/datasets/shuvroahmedimaging/ws2-eca/test_set/test_set/images/before/before-video-005/frame_0002.jpg,/kaggle/input/datasets/shuvroahmedimaging/ws2-eca/test_set/test_set/masks/before/before-video-005/frame_0002.jpg
before-video-005,frame_0003.jpg,strict_qmem_v1_reference_T1K2_lambda0p05,qmem,1,legacy,0.05,0.0,0.0,0.14522656405493267,0.2536206696790638,0.1504674182018147,0.8065585851142225,14548,2714,0.05511450720950961,0.007285141386091709,0.0006332996999844909,0.9884295463562012,0.0032720849849283695,0.576904296875,1.0,/kaggle/input/datasets/shuvroahmedimaging/ws2-eca/test_set/test_set/images/before/before-video-005/frame_0003.jpg,/kaggle/input/datasets/shuvroahmedimaging/ws2-eca/test_set/test_set/masks/before/before-video-005/frame_0003.jpg
before-video-005,frame_0004.jpg,strict_qmem_v1_reference_T1K2_lambda0p05,qmem,1,legacy,0.05,0.0,0.0,0.08751450116009281,0.16094406293752916,0.09120447332628079,0.6838526912181303,13234,1765,0.05511450720950961,0.005616297014057636,0.0005908166640438139,0.9902240633964539,0.003185797482728958,0.57763671875,1.0,/kaggle/input/datasets/shuvroahmedimaging/ws2-eca/test_set/test_set/images/before/before-video-005/frame_0004.jpg,/kaggle/input/datasets/shuvroahmedimaging/ws2-eca/test_set/test_set/masks/before/before-video-005/frame_0004.jpg
before-video-005,frame_0005.jpg,strict_qmem_v1_reference_T1K2_lambda0p05,qmem,1,legacy,0.05,0.0,0.0,0.06524633821571238,0.1225,0.06748596249602712,0.6628511966701353,9439,961,0.05511450720950961,0.00467148469761014,0.0004791277751792222,0.9922905564308167,0.0029846227262169123,0.634033203125,1.0,/kaggle/input/datasets/shuvroahmedimaging/ws2-eca/test_set/test_set/images/before/before-video-005/frame_0005.jpg,/kaggle/input/datasets/shuvroahmedimaging/ws2-eca/test_set/test_set/masks/before/before-video-005/frame_0005.jpg
before-video-005,frame_0006.jpg,strict_qmem_v1_reference_T1K2_lambda0p05,qmem,1,legacy,0.05,0.0,0.0,0.10963409620391942,0.19760405088304311,0.11972463334331039,0.5653710247349824,6682,1415,0.05511450720950961,0.0037711411714553833,0.0003924642223864794,0.9939606785774231,0.002740465570241213,0.676513671875,1.0,/kaggle/input/datasets/shuvroahmedimaging/ws2-eca/test_set/test_set/images/before/before-video-005/frame_0006.jpg,/kaggle/input/datasets/shuvroahmedimaging/ws2-eca/test_set/test_set/masks/before/before-video-005/frame_0006.jpg
before-video-005,frame_0007.jpg,strict_qmem_v1_reference_T1K2_lambda0p05,qmem,1,legacy,0.05,0.0,0.0,0.04250936329588015,0.08155200287407939,0.04407766990291262,0.5443645083932853,5150,417,0.05511450720950961,0.004048012662678957,0.0002856333740055561,0.9941439032554626,0.0024907190818339586,0.696533203125,1.0,/kaggle/input/datasets/shuvroahmedimaging/ws2-eca/test_set/test_set/images/before/before-video-005/frame_0007.jpg,/kaggle/input/datasets/shuvroahmedimaging/ws2-eca/test_set/test_set/masks/before/before-video-005/frame_0007.jpg
before-video-005,frame_0008.jpg,strict_qmem_v1_reference_T1K2_lambda0p05,qmem,1,legacy,0.05,0.0,0.0,0.07425382188789129,0.13824260221368873,0.07532307692307692,0.8395061728395061,8125,729,0.05511450720950961,0.005413712002336979,0.0003292631881777197,0.9927730560302734,0.0025641245301812887,0.71337890625,1.0,/kaggle/input/datasets/shuvroahmedimaging/ws2-eca/test_set/test_set/images/before/before-video-005/frame_0008.jpg,/kaggle/input/datasets/shuvroahmedimaging/ws2-eca/test_set/test_set/masks/before/before-video-005/frame_0008.jpg
before-video-005,frame_0009.jpg,strict_qmem_v1_reference_T1K2_lambda0p05,qmem,1,legacy,0.05,0.0,0.0,0.08887327654342672,0.16323897088474876,0.09235261909107502,0.7022900763358778,10958,1441,0.05511450720950961,0.006250019185245037,0.00046416386612690985,0.9912340641021729,0.0028467944357544184,0.64599609375,1.0,/kaggle/input/datasets/shuvroahmedimaging/ws2-eca/test_set/test_set/images/before/before-video-005/frame_0009.jpg,/kaggle/input/datasets/shuvroahmedimaging/ws2-eca/test_set/test_set/masks/before/before-video-005/frame_0009.jpg
before-video-005,frame_0010.jpg,strict_qmem_v1_reference_T1K2_lambda0p05,qmem,1,legacy,0.05,0.0,0.0,0.17525157769060207,0.29823670270662506,0.18073878627968337,0.8523434259643301,11370,2411,0.05511450720950961,0.005005460232496262,0.0005525504820980132,0.9919720888137817,0.0029510329477488995,0.591796875,1.0,/kaggle/input/datasets/shuvroahmedimaging/ws2-eca/test_set/test_set/images/before/before-video-005/frame_0010.jpg,/kaggle/input/datasets/shuvroahmedimaging/ws2-eca/test_set/test_set/masks/before/before-video-005/frame_0010.jpg
before-video-005,frame_0011.jpg,strict_qmem_v1_reference_T1K2_lambda0p05,qmem,1,legacy,0.05,0.0,0.0,0.16774596239369588,0.28729872385915683,0.17158818834796488,0.8822322527697989,12530,2437,0.05511450720950961,0.005272118840366602,0.000618589052464813,0.9915815591812134,0.0030555916018784046,0.610107421875,1.0,/kaggle/input/datasets/shuvroahmedimaging/ws2-eca/test_set/test_set/images/before/before-video-005/frame_0011.jpg,/kaggle/input/datasets/shuvroahmedimaging/ws2-eca/test_set/test_set/masks/before/before-video-005/frame_0011.jpg
before-video-005,frame_0012.jpg,strict_qmem_v1_reference_T1K2_lambda0p05,qmem,1,legacy,0.05,0.0,0.0,0.1965312724658519,0.3285016898235073,0.20372612948299954,0.8476744186046512,10735,2580,0.05511450720950961,0.004374734591692686,0.0005255177966319025,0.9926928877830505,0.003039651084691286,0.62890625,1.0,/kaggle/input/datasets/shuvroahmedimaging/ws2-eca/test_set/test_set/images/before/before-video-005/frame_0012.jpg,/kaggle/input/datasets/shuvroahmedimaging/ws2-eca/test_set/test_set/masks/before/before-video-005/frame_0012.jpg
before-video-005,frame_0013.jpg,strict_qmem_v1_reference_T1K2_lambda0p05,qmem,1,legacy,0.05,0.0,0.0,0.33108445777111445,0.4974657405669232,0.33821152046286057,0.9401608325449385,11753,4228,0.05511450720950961,0.004783654119819403,0.0005588869680650532,0.9923229217529297,0.0030345970299094915,0.669189453125,1.0,/kaggle/input/datasets/shuvroahmedimaging/ws2-eca/test_set/test_set/images/before/before-video-005/frame_0013.jpg,/kaggle/input/datasets/shuvroahmedimaging/ws2-eca/test_set/test_set/masks/before/before-video-005/frame_0013.jpg
before-video-005,frame_0014.jpg,strict_qmem_v1_reference_T1K2_lambda0p05,qmem,1,legacy,0.05,0.0,0.0,0.3707841184004554,0.5409810537243707,0.3836413163513215,0.9171066525871172,13583,5682,0.05511450720950961,0.005323892924934626,0.0006065123016014695,0.9918622970581055,0.0030336545314639807,0.65625,1.0,/kaggle/input/datasets/shuvroahmedimaging/ws2-eca/test_set/test_set/images/before/before-video-005/frame_0014.jpg,/kaggle/input/datasets/shuvroahmedimaging/ws2-eca/test_set/test_set/masks/before/before-video-005/frame_0014.jpg
before-video-005,frame_0015.jpg,strict_qmem_v1_reference_T1K2_lambda0p05,qmem,1,legacy,0.05,0.0,0.0,0.3955310067788099,0.5668537708693149,0.4068067964674895,0.9345118044845178,19363,8429,0.05511450720950961,0.0067144036293029785,0.0006505650817416608,0.9895179271697998,0.0031276405788958073,0.6044921875,1.0,/kaggle/input/datasets/shuvroahmedimaging/ws2-eca/test_set/test_set/images/before/before-video-005/frame_0015.jpg,/kaggle/input/datasets/shuvroahmedimaging/ws2-eca/test_set/test_set/masks/before/before-video-005/frame_0015.jpg
before-video-005,frame_0016.jpg,strict_qmem_v1_reference_T1K2_lambda0p05,qmem,1,legacy,0.05,0.0,0.0,0.44733001157582164,0.6181451472684911,0.4720628850647971,0.8951556047940377,18828,9929,0.05511450720950961,0.00655358238145709,0.0006441057194024324,0.9884923100471497,0.003301071235910058,0.55859375,1.0,/kaggle/input/datasets/shuvroahmedimaging/ws2-eca/test_set/test_set/images/before/before-video-005/frame_0016.jpg,/kaggle/input/datasets/shuvroahmedimaging/ws2-eca/test_set/test_set/masks/before/before-video-005/frame_0016.jpg
before-video-005,frame_0017.jpg,strict_qmem_v1_reference_T1K2_lambda0p05,qmem,1,legacy,0.05,0.0,0.0,0.3691479304533684,0.5392374662263585,0.4020143240823635,0.8186873290793072,22340,10970,0.05511450720950961,0.008542727679014206,0.0010040795896202326,0.9860600829124451,0.003742543514817953,0.523193359375,1.0,/kaggle/input/datasets/shuvroahmedimaging/ws2-eca/test_set/test_set/images/before/before-video-005/frame_0017.jpg,/kaggle/input/datasets/shuvroahmedimaging/ws2-eca/test_set/test_set/masks/before/before-video-005/frame_0017.jpg
before-video-005,frame_0018.jpg,strict_qmem_v1_reference_T1K2_lambda0p05,qmem,1,legacy,0.05,0.0,0.0,0.33942233156954604,0.5068189824367169,0.3640602971478148,0.8337610729365014,27663,12079,0.05511450720950961,0.0077457004226744175,0.0009600971243344247,0.9863971471786499,0.003999349661171436,0.490234375,1.0,/kaggle/input/datasets/shuvroahmedimaging/ws2-eca/test_set/test_set/images/before/before-video-005/frame_0018.jpg,/kaggle/input/datasets/shuvroahmedimaging/ws2-eca/test_set/test_set/masks/before/before-video-005/frame_0018.jpg
before-video-005,frame_0019.jpg,strict_qmem_v1_reference_T1K2_lambda0p05,qmem,1,legacy,0.05,0.0,0.0,0.3545877122069523,0.5235359940320776,0.3794197152640115,0.8441860465116279,27745,12470,0.05511450720950961,0.0074432361871004105,0.0009977442678064108,0.9863379001617432,0.003998495638370514,0.476318359375,1.0,/kaggle/input/datasets/shuvroahmedimaging/ws2-eca/test_set/test_set/images/before/before-video-005/frame_0019.jpg,/kaggle/input/datasets/shuvroahmedimaging/ws2-eca/test_set/test_set/masks/before/before-video-005/frame_0019.jpg
before-video-005,frame_0020.jpg,strict_qmem_v1_reference_T1K2_lambda0p05,qmem,1,legacy,0.05,0.0,0.0,0.459223150727329,0.6294077098467575,0.47940226171243944,0.9160364253742862,24760,12958,0.05511450720950961,0.0059469533152878284,0.0009795591467991471,0.9884617328643799,0.0038698299322277308,0.48193359375,1.0,/kaggle/input/datasets/shuvroahmedimaging/ws2-eca/test_set/test_set/images/before/before-video-005/frame_0020.jpg,/kaggle/input/datasets/shuvroahmedimaging/ws2-eca/test_set/test_set/masks/before/before-video-005/frame_0020.jpg
before-video-005,frame_0021.jpg,strict_qmem_v1_reference_T1K2_lambda0p05,qmem,1,legacy,0.05,0.0,0.0,0.47082910566748803,0.640222720441499,0.5068856552100808,0.8687483284300616,25633,14956,0.05511450720950961,0.00578945130109787,0.001119721680879593,0.9893065690994263,0.003942760173231363,0.48583984375,1.0,/kaggle/input/datasets/shuvroahmedimaging/ws2-eca/test_set/test_set/images/before/before-video-005/frame_0021.jpg,/kaggle/input/datasets/shuvroahmedimaging/ws2-eca/test_set/test_set/masks/before/before-video-005/frame_0021.jpg
before-video-005,frame_0022.jpg,strict_qmem_v1_reference_T1K2_lambda0p05,qmem,1,legacy,0.05,0.0,0.0,0.44487396311508415,0.6157962209464355,0.5233290701530008,0.7479520682418253,21111,14771,0.05511450720950961,0.005947616882622242,0.0009058546274900436,0.9891533851623535,0.0036846986040472984,0.5068359375,1.0,/kaggle/input/datasets/shuvroahmedimaging/ws2-eca/test_set/test_set/images/before/before-video-005/frame_0022.jpg,/kaggle/input/datasets/shuvroahmedimaging/ws2-eca/test_set/test_set/masks/before/before-video-005/frame_0022.jpg
before-video-005,frame_0023.jpg,strict_qmem_v1_reference_T1K2_lambda0p05,qmem,1,legacy,0.05,0.0,0.0,0.42141135014836795,0.5929477770166683,0.5343327454438566,0.6660071810654357,17010,13647,0.05511450720950961,0.005885015241801739,0.0008221850730478764,0.989609956741333,0.0035594659857451916,0.513671875,1.0,/kaggle/input/datasets/shuvroahmedimaging/ws2-eca/test_set/test_set/images/before/before-video-005/frame_0023.jpg,/kaggle/input/datasets/shuvroahmedimaging/ws2-eca/test_set/test_set/masks/before/before-video-005/frame_0023.jpg
before-video-005,frame_0024.jpg,strict_qmem_v1_reference_T1K2_lambda0p05,qmem,1,legacy,0.05,0.0,0.0,0.4693579953183161,0.6388613214938627,0.5815147625160462,0.708755867184331,21033,17257,0.05511450720950961,0.007882749661803246,0.00110529491212219,0.9872087240219116,0.0038703540340065956,0.47802734375,1.0,/kaggle/input/datasets/shuvroahmedimaging/ws2-eca/test_set/test_set/images/before/before-video-005/frame_0024.jpg,/kaggle/input/datasets/shuvroahmedimaging/ws2-eca/test_set/test_set/masks/before/before-video-005/frame_0024.jpg
before-video-005,frame_0025.jpg,strict_qmem_v1_reference_T1K2_lambda0p05,qmem,1,legacy,0.05,0.0,0.0,0.4377218241478604,0.6089103146323854,0.5179271819658492,0.7386710362752853,25241,17698,0.05511450720950961,0.008156425319612026,0.00104343902785331,0.985966145992279,0.0040163020603358746,0.45556640625,1.0,/kaggle/input/datasets/shuvroahmedimaging/ws2-eca/test_set/test_set/images/before/before-video-005/frame_0025.jpg,/kaggle/input/datasets/shuvroahmedimaging/ws2-eca/test_set/test_set/masks/before/before-video-005/frame_0025.jpg
before-video-005,frame_0026.jpg,strict_qmem_v1_reference_T1K2_lambda0p05,qmem,1,legacy,0.05,0.0,0.0,0.5338988222371392,0.6961330362826226,0.5616794530221808,0.9152152309221193,31153,19119,0.05511450720950961,0.007773912977427244,0.0010359494481235743,0.9858956933021545,0.003969220444560051,0.456298828125,1.0,/kaggle/input/datasets/shuvroahmedimaging/ws2-eca/test_set/test_set/images/before/before-video-005/frame_0026.jpg,/kaggle/input/datasets/shuvroahmedimaging/ws2-eca/test_set/test_set/masks/before/before-video-005/frame_0026.jpg
before-video-005,frame_0027.jpg,strict_qmem_v1_reference_T1K2_lambda0p05,qmem,1,legacy,0.05,0.0,0.0,0.5136767211742549,0.6787139076509855,0.5276037828543355,0.9511236576995461,32568,18066,0.05511450720950961,0.007380771450698376,0.0013786853523924947,0.9859861135482788,0.004492679610848427,0.4521484375,1.0,/kaggle/input/datasets/shuvroahmedimaging/ws2-eca/test_set/test_set/images/before/before-video-005/frame_0027.jpg,/kaggle/input/datasets/shuvroahmedimaging/ws2-eca/test_set/test_set/masks/before/before-video-005/frame_0027.jpg
before-video-005,frame_0028.jpg,strict_qmem_v1_reference_T1K2_lambda0p05,qmem,1,legacy,0.05,0.0,0.0,0.4759297909467273,0.644921992720866,0.4863296272987903,0.957000343997248,28602,14535,0.05511450720950961,0.005875708535313606,0.0010367188369855285,0.9878476858139038,0.0040698884986341,0.46044921875,1.0,/kaggle/input/datasets/shuvroahmedimaging/ws2-eca/test_set/test_set/images/before/before-video-005/frame_0028.jpg,/kaggle/input/datasets/shuvroahmedimaging/ws2-eca/test_set/test_set/masks/before/before-video-005/frame_0028.jpg
before-video-005,frame_0029.jpg,strict_qmem_v1_reference_T1K2_lambda0p05,qmem,1,legacy,0.05,0.0,0.0,0.39523362091056635,0.566548304150851,0.4167342159776637,0.8845345058306251,22206,10462,0.05511450720950961,0.006146638188511133,0.0011344202794134617,0.988202691078186,0.004057707730680704,0.473876953125,1.0,/kaggle/input/datasets/shuvroahmedimaging/ws2-eca/test_set/test_set/images/before/before-video-005/frame_0029.jpg,/kaggle/input/datasets/shuvroahmedimaging/ws2-eca/test_set/test_set/masks/before/before-video-005/frame_0029.jpg
before-video-005,frame_0030.jpg,strict_qmem_v1_reference_T1K2_lambda0p05,qmem,1,legacy,0.05,0.0,0.0,0.3716244524852409,0.541874930578696,0.41559824509094007,0.7783805345033905,23477,12535,0.05511450720950961,0.006451759487390518,0.001207243651151657,0.9883992075920105,0.004144671373069286,0.485107421875,1.0,/kaggle/input/datasets/shuvroahmedimaging/ws2-eca/test_set/test_set/images/before/before-video-005/frame_0030.jpg,/kaggle/input/datasets/shuvroahmedimaging/ws2-eca/test_set/test_set/masks/before/before-video-005/frame_0030.jpg
before-video-005,frame_0031.jpg,strict_qmem_v1_reference_T1K2_lambda0p05,qmem,1,legacy,0.05,0.0,0.0,0.3114432430175761,0.47496259510393785,0.352635310801229,0.7272372782218756,21155,10258,0.05511450720950961,0.005671705584973097,0.0009880604920908809,0.989065408706665,0.003919669426977634,0.470703125,1.0,/kaggle/input/datasets/shuvroahmedimaging/ws2-eca/test_set/test_set/images/before/before-video-005/frame_0031.jpg,/kaggle/input/datasets/shuvroahmedimaging/ws2-eca/test_set/test_set/masks/before/before-video-005/frame_0031.jpg
before-video-005,frame_0032.jpg,strict_qmem_v1_reference_T1K2_lambda0p05,qmem,1,legacy,0.05,0.0,0.0,0.37993944271971175,0.550661037662482,0.42883716906039104,0.7691651148355059,23116,12888,0.05511450720950961,0.0065061356872320175,0.0012908802600577474,0.9881923198699951,0.004015257116407156,0.451171875,1.0,/kaggle/input/datasets/shuvroahmedimaging/ws2-eca/test_set/test_set/images/before/before-video-005/frame_0032.jpg,/kaggle/input/datasets/shuvroahmedimaging/ws2-eca/test_set/test_set/masks/before/before-video-005/frame_0032.jpg
before-video-005,frame_0033.jpg,strict_qmem_v1_reference_T1K2_lambda0p05,qmem,1,legacy,0.05,0.0,0.0,0.4498227096561392,0.6205209873734501,0.5324028889322663,0.7435932388222465,20492,14672,0.05511450720950961,0.006716085597872734,0.000991087406873703,0.9876894354820251,0.003864897880703211,0.457275390625,1.0,/kaggle/input/datasets/shuvroahmedimaging/ws2-eca/test_set/test_set/images/before/before-video-005/frame_0033.jpg,/kaggle/input/datasets/shuvroahmedimaging/ws2-eca/test_set/test_set/masks/before/before-video-005/frame_0033.jpg
before-video-005,frame_0034.jpg,strict_qmem_v1_reference_T1K2_lambda0p05,qmem,1,legacy,0.05,0.0,0.0,0.46168851435705366,0.6317194256125553,0.5190578534146234,0.806845298970478,22799,14667,0.05511450720950961,0.007080922834575176,0.00095626205438748,0.987380862236023,0.0038516796194016933,0.4775390625,1.0,/kaggle/input/datasets/shuvroahmedimaging/ws2-eca/test_set/test_set/images/before/before-video-005/frame_0034.jpg,/kaggle/input/datasets/shuvroahmedimaging/ws2-eca/test_set/test_set/masks/before/before-video-005/frame_0034.jpg
before-video-005,frame_0035.jpg,strict_qmem_v1_reference_T1K2_lambda0p05,qmem,1,legacy,0.05,0.0,0.0,0.4507759155803849,0.621427348964573,0.48432706415899696,0.8667939842444498,22491,12567,0.05511450720950961,0.007998337969183922,0.001007014885544777,0.9863792657852173,0.003951963037252426,0.51318359375,1.0,/kaggle/input/datasets/shuvroahmedimaging/ws2-eca/test_set/test_set/images/before/before-video-005/frame_0035.jpg,/kaggle/input/datasets/shuvroahmedimaging/ws2-eca/test_set/test_set/masks/before/before-video-005/frame_0035.jpg
before-video-005,frame_0036.jpg,strict_qmem_v1_reference_T1K2_lambda0p05,qmem,1,legacy,0.05,0.0,0.0,0.2758211987809008,0.4323822163238222,0.32085877486704745,0.6627339300244101,20308,9832,0.05511450720950961,0.006557548884302378,0.0011861324310302734,0.9883871078491211,0.00399349769577384,0.497314453125,1.0,/kaggle/input/datasets/shuvroahmedimaging/ws2-eca/test_set/test_set/images/before/before-video-005/frame_0036.jpg,/kaggle/input/datasets/shuvroahmedimaging/ws2-eca/test_set/test_set/masks/before/before-video-005/frame_0036.jpg
before-video-005,frame_0037.jpg,strict_qmem_v1_reference_T1K2_lambda0p05,qmem,1,legacy,0.05,0.0,0.0,0.3008571865911526,0.4625522150967818,0.33428292019218503,0.7505489260143198,23519,10475,0.05511450720950961,0.006222599186003208,0.0010374024277552962,0.9887456297874451,0.003956557717174292,0.47314453125,1.0,/kaggle/input/datasets/shuvroahmedimaging/ws2-eca/test_set/test_set/images/before/before-video-005/frame_0037.jpg,/kaggle/input/datasets/shuvroahmedimaging/ws2-eca/test_set/test_set/masks/before/before-video-005/frame_0037.jpg
before-video-005,frame_0038.jpg,strict_qmem_v1_reference_T1K2_lambda0p05,qmem,1,legacy,0.05,0.0,0.0,0.32929852705264695,0.49544706527701593,0.36217820194081324,0.7838916854712723,24938,11522,0.05511450720950961,0.005600517615675926,0.001018117880448699,0.9895332455635071,0.0039003510028123856,0.4931640625,1.0,/kaggle/input/datasets/shuvroahmedimaging/ws2-eca/test_set/test_set/images/before/before-video-005/frame_0038.jpg,/kaggle/input/datasets/shuvroahmedimaging/ws2-eca/test_set/test_set/masks/before/before-video-005/frame_0038.jpg
before-video-005,frame_0039.jpg,strict_qmem_v1_reference_T1K2_lambda0p05,qmem,1,legacy,0.05,0.0,0.0,0.4292104760084114,0.6006259864637115,0.4682963457366928,0.8371988962637035,23972,13409,0.05511450720950961,0.004623643588274717,0.001015828107483685,0.990375280380249,0.0038726897910237312,0.5,1.0,/kaggle/input/datasets/shuvroahmedimaging/ws2-eca/test_set/test_set/images/before/before-video-005/frame_0039.jpg,/kaggle/input/datasets/shuvroahmedimaging/ws2-eca/test_set/test_set/masks/before/before-video-005/frame_0039.jpg
before-video-005,frame_0040.jpg,strict_qmem_v1_reference_T1K2_lambda0p05,qmem,1,legacy,0.05,0.0,0.0,0.5690983817107629,0.725382663501678,0.6592115050830647,0.8063205143758341,20165,16486,0.05511450720950961,0.004617936909198761,0.0008896748768165708,0.9904434680938721,0.003716049250215292,0.54345703125,1.0,/kaggle/input/datasets/shuvroahmedimaging/ws2-eca/test_set/test_set/images/before/before-video-005/frame_0040.jpg,/kaggle/input/datasets/shuvroahmedimaging/ws2-eca/test_set/test_set/masks/before/before-video-005/frame_0040.jpg
before-video-005,frame_0041.jpg,strict_qmem_v1_reference_T1K2_lambda0p05,qmem,1,legacy,0.05,0.0,0.0,0.5440184673878604,0.7046787054409006,0.5933843495433226,0.8673594573139929,20255,13857,0.05511450720950961,0.004882855340838432,0.0008292492129839957,0.9903817772865295,0.003583681769669056,0.57373046875,1.0,/kaggle/input/datasets/shuvroahmedimaging/ws2-eca/test_set/test_set/images/before/before-video-005/frame_0041.jpg,/kaggle/input/datasets/shuvroahmedimaging/ws2-eca/test_set/test_set/masks/before/before-video-005/frame_0041.jpg
before-video-005,frame_0042.jpg,strict_qmem_v1_reference_T1K2_lambda0p05,qmem,1,legacy,0.05,0.0,0.0,0.505651287752455,0.6716711789318238,0.5758295088885372,0.8057872591717723,18957,13547,0.05511450720950961,0.0053442190401256084,0.0009063519537448883,0.9900118112564087,0.0037187766283750534,0.561279296875,1.0,/kaggle/input/datasets/shuvroahmedimaging/ws2-eca/test_set/test_set/images/before/before-video-005/frame_0042.jpg,/kaggle/input/datasets/shuvroahmedimaging/ws2-eca/test_set/test_set/masks/before/before-video-005/frame_0042.jpg
before-video-005,frame_0043.jpg,strict_qmem_v1_reference_T1K2_lambda0p05,qmem,1,legacy,0.05,0.0,0.0,0.4943415168385507,0.6616178581244083,0.5526194970157629,0.8241783323189288,19603,13144,0.05511450720950961,0.00560710160061717,0.0008987719775177538,0.9894411563873291,0.003668504301458597,0.53955078125,1.0,/kaggle/input/datasets/shuvroahmedimaging/ws2-eca/test_set/test_set/images/before/before-video-005/frame_0043.jpg,/kaggle/input/datasets/shuvroahmedimaging/ws2-eca/test_set/test_set/masks/before/before-video-005/frame_0043.jpg
before-video-005,frame_0044.jpg,strict_qmem_v1_reference_T1K2_lambda0p05,qmem,1,legacy,0.05,0.0,0.0,0.4267066903170055,0.598170168000255,0.4753027002381073,0.8067067927773001,19739,11630,0.05511450720950961,0.005810507573187351,0.001092682359740138,0.9893916845321655,0.003874615067616105,0.541748046875,1.0,/kaggle/input/datasets/shuvroahmedimaging/ws2-eca/test_set/test_set/images/before/before-video-005/frame_0044.jpg,/kaggle/input/datasets/shuvroahmedimaging/ws2-eca/test_set/test_set/masks/before/before-video-005/frame_0044.jpg
before-video-005,frame_0045.jpg,strict_qmem_v1_reference_T1K2_lambda0p05,qmem,1,legacy,0.05,0.0,0.0,0.3487972508591065,0.5171974522292994,0.37582926202108513,0.8290414066931368,19445,8815,0.05511450720950961,0.005904641933739185,0.0009034285903908312,0.9890298843383789,0.003715001279488206,0.53857421875,1.0,/kaggle/input/datasets/shuvroahmedimaging/ws2-eca/test_set/test_set/images/before/before-video-005/frame_0045.jpg,/kaggle/input/datasets/shuvroahmedimaging/ws2-eca/test_set/test_set/masks/before/before-video-005/frame_0045.jpg
before-video-005,frame_0046.jpg,strict_qmem_v1_reference_T1K2_lambda0p05,qmem,1,legacy,0.05,0.0,0.0,0.3522265010576558,0.5209578436484698,0.3945321992709599,0.7666155117459568,16460,8471,0.05511450720950961,0.005479879677295685,0.0006951106479391456,0.9899188876152039,0.0034454434644430876,0.51953125,1.0,/kaggle/input/datasets/shuvroahmedimaging/ws2-eca/test_set/test_set/images/before/before-video-005/frame_0046.jpg,/kaggle/input/datasets/shuvroahmedimaging/ws2-eca/test_set/test_set/masks/before/before-video-005/frame_0046.jpg
before-video-005,frame_0047.jpg,strict_qmem_v1_reference_T1K2_lambda0p05,qmem,1,legacy,0.05,0.0,0.0,0.31462780431759085,0.478656853725851,0.3745051464766429,0.6630559449471135,13893,7847,0.05511450720950961,0.004777810536324978,0.000638514116872102,0.9909341335296631,0.0032367745880037546,0.55224609375,1.0,/kaggle/input/datasets/shuvroahmedimaging/ws2-eca/test_set/test_set/images/before/before-video-005/frame_0047.jpg,/kaggle/input/datasets/shuvroahmedimaging/ws2-eca/test_set/test_set/masks/before/before-video-005/frame_0047.jpg
before-video-005,frame_0048.jpg,strict_qmem_v1_reference_T1K2_lambda0p05,qmem,1,legacy,0.05,0.0,0.0,0.3490848585690516,0.517513566847558,0.41308970622981805,0.6925921035256833,12697,7573,0.05511450720950961,0.0042494372464716434,0.0005816291668452322,0.9920667409896851,0.003138486295938492,0.581298828125,1.0,/kaggle/input/datasets/shuvroahmedimaging/ws2-eca/test_set/test_set/images/before/before-video-005/frame_0048.jpg,/kaggle/input/datasets/shuvroahmedimaging/ws2-eca/test_set/test_set/masks/before/before-video-005/frame_0048.jpg
before-video-005,frame_0049.jpg,strict_qmem_v1_reference_T1K2_lambda0p05,qmem,1,legacy,0.05,0.0,0.0,0.38996535352239187,0.5611152141802068,0.5093011563599799,0.6246659815005139,11934,9730,0.05511450720950961,0.004485180601477623,0.0006077307625673711,0.9920631051063538,0.003237796016037464,0.575927734375,1.0,/kaggle/input/datasets/shuvroahmedimaging/ws2-eca/test_set/test_set/images/before/before-video-005/frame_0049.jpg,/kaggle/input/datasets/shuvroahmedimaging/ws2-eca/test_set/test_set/masks/before/before-video-005/frame_0049.jpg
before-video-005,frame_0050.jpg,strict_qmem_v1_reference_T1K2_lambda0p05,qmem,1,legacy,0.05,0.0,0.0,0.44858727906076634,0.6193444959030994,0.5545012359460968,0.7013615733736762,12541,9915,0.05511450720950961,0.004535607993602753,0.0005843413528054953,0.9921767115592957,0.003047697711735964,0.59228515625,1.0,/kaggle/input/datasets/shuvroahmedimaging/ws2-eca/test_set/test_set/images/before/before-video-005/frame_0050.jpg,/kaggle/input/datasets/shuvroahmedimaging/ws2-eca/test_set/test_set/masks/before/before-video-005/frame_0050.jpg
before-video-005,frame_0051.jpg,strict_qmem_v1_reference_T1K2_lambda0p05,qmem,1,legacy,0.05,0.0,0.0,0.4500103928497194,0.6206995412844036,0.5551282051282052,0.7038361508452535,11700,9228,0.05511450720950961,0.004419924225658178,0.0008513600914739072,0.9925338625907898,0.0031681442633271217,0.595947265625,1.0,/kaggle/input/datasets/shuvroahmedimaging/ws2-eca/test_set/test_set/images/before/before-video-005/frame_0051.jpg,/kaggle/input/datasets/shuvroahmedimaging/ws2-eca/test_set/test_set/masks/before/before-video-005/frame_0051.jpg
before-video-005,frame_0052.jpg,strict_qmem_v1_reference_T1K2_lambda0p05,qmem,1,legacy,0.05,0.0,0.0,0.4018166689779504,0.5732799129445516,0.5084671404755637,0.6570294784580499,11397,8820,0.05511450720950961,0.006061700638383627,0.0006405840977095068,0.9910143613815308,0.0030893664807081223,0.62451171875,1.0,/kaggle/input/datasets/shuvroahmedimaging/ws2-eca/test_set/test_set/images/before/before-video-005/frame_0052.jpg,/kaggle/input/datasets/shuvroahmedimaging/ws2-eca/test_set/test_set/masks/before/before-video-005/frame_0052.jpg
before-video-005,frame_0053.jpg,strict_qmem_v1_reference_T1K2_lambda0p05,qmem,1,legacy,0.05,0.0,0.0,0.457932993566714,0.6281948424068768,0.5581466395112016,0.718348623853211,9820,7630,0.05511450720950961,0.005558755714446306,0.0007821093895472586,0.9911471009254456,0.00318779144436121,0.630615234375,1.0,/kaggle/input/datasets/shuvroahmedimaging/ws2-eca/test_set/test_set/images/before/before-video-005/frame_0053.jpg,/kaggle/input/datasets/shuvroahmedimaging/ws2-eca/test_set/test_set/masks/before/before-video-005/frame_0053.jpg
before-video-005,frame_0054.jpg,strict_qmem_v1_reference_T1K2_lambda0p05,qmem,1,legacy,0.05,0.0,0.0,0.4621235641105247,0.6321265527126022,0.5433969152140184,0.7554878822484457,10957,7881,0.05511450720950961,0.007208783645182848,0.0007631561602465808,0.989580512046814,0.003064716001972556,0.66357421875,1.0,/kaggle/input/datasets/shuvroahmedimaging/ws2-eca/test_set/test_set/images/before/before-video-005/frame_0054.jpg,/kaggle/input/datasets/shuvroahmedimaging/ws2-eca/test_set/test_set/masks/before/before-video-005/frame_0054.jpg
before-video-005,frame_0055.jpg,strict_qmem_v1_reference_T1K2_lambda0p05,qmem,1,legacy,0.05,0.0,0.0,0.5468404772425983,0.7070418511641194,0.5849680926494919,0.8935018050541517,12693,8310,0.05511450720950961,0.007278756238520145,0.0008479873067699373,0.989061176776886,0.0031676343642175198,0.6083984375,1.0,/kaggle/input/datasets/shuvroahmedimaging/ws2-eca/test_set/test_set/images/before/before-video-005/frame_0055.jpg,/kaggle/input/datasets/shuvroahmedimaging/ws2-eca/test_set/test_set/masks/before/before-video-005/frame_0055.jpg
before-video-006,frame_0001.jpg,strict_qmem_v1_reference_T1K2_lambda0p05,qmem,1,legacy,0.05,0.0,0.0,0.27909815466360305,0.4363983383855395,0.28234183191690276,0.9604645416357795,13767,4047,0.05511450720950961,0.0,0.0,0.0,0.0,0.0,0.0,/kaggle/input/datasets/shuvroahmedimaging/ws2-eca/test_set/test_set/images/before/before-video-006/frame_0001.jpg,/kaggle/input/datasets/shuvroahmedimaging/ws2-eca/test_set/test_set/masks/before/before-video-006/frame_0001.jpg
before-video-006,frame_0002.jpg,strict_qmem_v1_reference_T1K2_lambda0p05,qmem,1,legacy,0.05,0.0,0.0,0.29986451904260125,0.4613781123335263,0.30163537250151423,0.9807976366322009,19812,6093,0.05511450720950961,0.006049804389476776,0.000853049976285547,0.9893584251403809,0.003504567313939333,0.552734375,1.0,/kaggle/input/datasets/shuvroahmedimaging/ws2-eca/test_set/test_set/images/before/before-video-006/frame_0002.jpg,/kaggle/input/datasets/shuvroahmedimaging/ws2-eca/test_set/test_set/masks/before/before-video-006/frame_0002.jpg
before-video-006,frame_0003.jpg,strict_qmem_v1_reference_T1K2_lambda0p05,qmem,1,legacy,0.05,0.0,0.0,0.356313372042638,0.5254145234976518,0.36944020127594573,0.909322127612518,22258,9043,0.05511450720950961,0.006971509661525488,0.0009229775751009583,0.9878379106521606,0.003799638943746686,0.50830078125,1.0,/kaggle/input/datasets/shuvroahmedimaging/ws2-eca/test_set/test_set/images/before/before-video-006/frame_0003.jpg,/kaggle/input/datasets/shuvroahmedimaging/ws2-eca/test_set/test_set/masks/before/before-video-006/frame_0003.jpg
before-video-006,frame_0004.jpg,strict_qmem_v1_reference_T1K2_lambda0p05,qmem,1,legacy,0.05,0.0,0.0,0.41845670852610706,0.5900168909080319,0.4273540330745866,0.9526048523603536,23704,10634,0.05511450720950961,0.0067949676886200905,0.001002884586341679,0.9878115653991699,0.003917916677892208,0.48876953125,1.0,/kaggle/input/datasets/shuvroahmedimaging/ws2-eca/test_set/test_set/images/before/before-video-006/frame_0004.jpg,/kaggle/input/datasets/shuvroahmedimaging/ws2-eca/test_set/test_set/masks/before/before-video-006/frame_0004.jpg
before-video-006,frame_0005.jpg,strict_qmem_v1_reference_T1K2_lambda0p05,qmem,1,legacy,0.05,0.0,0.0,0.46165954576118734,0.6316923076923077,0.497600465364293,0.8647123241512931,20629,11871,0.05511450720950961,0.007307910360395908,0.0010080572683364153,0.9872435927391052,0.0038212572690099478,0.49951171875,1.0,/kaggle/input/datasets/shuvroahmedimaging/ws2-eca/test_set/test_set/images/before/before-video-006/frame_0005.jpg,/kaggle/input/datasets/shuvroahmedimaging/ws2-eca/test_set/test_set/masks/before/before-video-006/frame_0005.jpg
before-video-006,frame_0006.jpg,strict_qmem_v1_reference_T1K2_lambda0p05,qmem,1,legacy,0.05,0.0,0.0,0.4935298526105421,0.6608905094838257,0.5251461988304094,0.891274925561671,18810,11083,0.05511450720950961,0.007203000131994486,0.0010355395497754216,0.9871727228164673,0.003950543701648712,0.525634765625,1.0,/kaggle/input/datasets/shuvroahmedimaging/ws2-eca/test_set/test_set/images/before/before-video-006/frame_0006.jpg,/kaggle/input/datasets/shuvroahmedimaging/ws2-eca/test_set/test_set/masks/before/before-video-006/frame_0006.jpg
before-video-006,frame_0007.jpg,strict_qmem_v1_reference_T1K2_lambda0p05,qmem,1,legacy,0.05,0.0,0.0,0.4049855680923642,0.5764978335574481,0.4594546320552513,0.7735565356856455,16796,9976,0.05511450720950961,0.006108052097260952,0.0009402406867593527,0.9886653423309326,0.0037744571454823017,0.496826171875,1.0,/kaggle/input/datasets/shuvroahmedimaging/ws2-eca/test_set/test_set/images/before/before-video-006/frame_0007.jpg,/kaggle/input/datasets/shuvroahmedimaging/ws2-eca/test_set/test_set/masks/before/before-video-006/frame_0007.jpg
before-video-006,frame_0008.jpg,strict_qmem_v1_reference_T1K2_lambda0p05,qmem,1,legacy,0.05,0.0,0.0,0.34659370388588295,0.5147710150221451,0.41354266011297774,0.6816203143893591,13631,8270,0.05511450720950961,0.0053810253739356995,0.0008924996946007013,0.9899692535400391,0.0035552175249904394,0.52978515625,1.0,/kaggle/input/datasets/shuvroahmedimaging/ws2-eca/test_set/test_set/images/before/before-video-006/frame_0008.jpg,/kaggle/input/datasets/shuvroahmedimaging/ws2-eca/test_set/test_set/masks/before/before-video-006/frame_0008.jpg
before-video-006,frame_0009.jpg,strict_qmem_v1_reference_T1K2_lambda0p05,qmem,1,legacy,0.05,0.0,0.0,0.3971313312415957,0.5684953480911132,0.4564657393096342,0.7534013605442177,17469,10584,0.05511450720950961,0.006592329125851393,0.0007328850915655494,0.9887271523475647,0.003438609652221203,0.531982421875,1.0,/kaggle/input/datasets/shuvroahmedimaging/ws2-eca/test_set/test_set/images/before/before-video-006/frame_0009.jpg,/kaggle/input/datasets/shuvroahmedimaging/ws2-eca/test_set/test_set/masks/before/before-video-006/frame_0009.jpg
before-video-006,frame_0010.jpg,strict_qmem_v1_reference_T1K2_lambda0p05,qmem,1,legacy,0.05,0.0,0.0,0.39656912209889,0.5679190751445087,0.498467392453229,0.6598572827759899,18922,14294,0.05511450720950961,0.006617135833948851,0.0009743652772158384,0.9882397651672363,0.0037486073561012745,0.519775390625,1.0,/kaggle/input/datasets/shuvroahmedimaging/ws2-eca/test_set/test_set/images/before/before-video-006/frame_0010.jpg,/kaggle/input/datasets/shuvroahmedimaging/ws2-eca/test_set/test_set/masks/before/before-video-006/frame_0010.jpg
before-video-006,frame_0011.jpg,strict_qmem_v1_reference_T1K2_lambda0p05,qmem,1,legacy,0.05,0.0,0.0,0.44779151634032716,0.6185856337551109,0.5531325718241606,0.7016080346852532,23112,18221,0.05511450720950961,0.0062581636011600494,0.0009425273747183383,0.9879550337791443,0.0038750856183469296,0.4599609375,1.0,/kaggle/input/datasets/shuvroahmedimaging/ws2-eca/test_set/test_set/images/before/before-video-006/frame_0011.jpg,/kaggle/input/datasets/shuvroahmedimaging/ws2-eca/test_set/test_set/masks/before/before-video-006/frame_0011.jpg
before-video-006,frame_0012.jpg,strict_qmem_v1_reference_T1K2_lambda0p05,qmem,1,legacy,0.05,0.0,0.0,0.4677512182020489,0.6373712552935641,0.5627048234479576,0.7348845620591958,21665,16589,0.05511450720950961,0.006660563871264458,0.000771603430621326,0.9871521592140198,0.003640775801613927,0.442138671875,1.0,/kaggle/input/datasets/shuvroahmedimaging/ws2-eca/test_set/test_set/images/before/before-video-006/frame_0012.jpg,/kaggle/input/datasets/shuvroahmedimaging/ws2-eca/test_set/test_set/masks/before/before-video-006/frame_0012.jpg
before-video-006,frame_0013.jpg,strict_qmem_v1_reference_T1K2_lambda0p05,qmem,1,legacy,0.05,0.0,0.0,0.41421959782955636,0.5857924730576087,0.5169031615633557,0.6758674565457978,20085,15361,0.05511450720950961,0.0058334022760391235,0.0009549764799885452,0.9885209798812866,0.003897015005350113,0.460693359375,1.0,/kaggle/input/datasets/shuvroahmedimaging/ws2-eca/test_set/test_set/images/before/before-video-006/frame_0013.jpg,/kaggle/input/datasets/shuvroahmedimaging/ws2-eca/test_set/test_set/masks/before/before-video-006/frame_0013.jpg
before-video-006,frame_0014.jpg,strict_qmem_v1_reference_T1K2_lambda0p05,qmem,1,legacy,0.05,0.0,0.0,0.28271318248096344,0.4408049848433816,0.3891036123086071,0.5083511361429404,13454,10298,0.05511450720950961,0.005401278845965862,0.0006759995594620705,0.9899795651435852,0.003465333953499794,0.52392578125,1.0,/kaggle/input/datasets/shuvroahmedimaging/ws2-eca/test_set/test_set/images/before/before-video-006/frame_0014.jpg,/kaggle/input/datasets/shuvroahmedimaging/ws2-eca/test_set/test_set/masks/before/before-video-006/frame_0014.jpg
before-video-006,frame_0015.jpg,strict_qmem_v1_reference_T1K2_lambda0p05,qmem,1,legacy,0.05,0.0,0.0,0.3340208615711002,0.5007730706365684,0.40096208262591965,0.6667450888130808,14136,8501,0.05511450720950961,0.00614775950089097,0.0007341610617004335,0.9897328615188599,0.0034146890975534916,0.557373046875,1.0,/kaggle/input/datasets/shuvroahmedimaging/ws2-eca/test_set/test_set/images/before/before-video-006/frame_0015.jpg,/kaggle/input/datasets/shuvroahmedimaging/ws2-eca/test_set/test_set/masks/before/before-video-006/frame_0015.jpg
before-video-006,frame_0016.jpg,strict_qmem_v1_reference_T1K2_lambda0p05,qmem,1,legacy,0.05,0.0,0.0,0.4526665436427385,0.6232215447154471,0.5025094745467582,0.8202641698712589,9763,5981,0.05511450720950961,0.005660799331963062,0.0007034409791231155,0.9903866648674011,0.0033036191016435623,0.6044921875,1.0,/kaggle/input/datasets/shuvroahmedimaging/ws2-eca/test_set/test_set/images/before/before-video-006/frame_0016.jpg,/kaggle/input/datasets/shuvroahmedimaging/ws2-eca/test_set/test_set/masks/before/before-video-006/frame_0016.jpg
before-video-006,frame_0017.jpg,strict_qmem_v1_reference_T1K2_lambda0p05,qmem,1,legacy,0.05,0.0,0.0,0.4633255269320843,0.6332501120286793,0.5338370210469509,0.7781623662680931,9265,6356,0.05511450720950961,0.008050876669585705,0.0004552680184133351,0.9888002276420593,0.00291132228448987,0.659912109375,1.0,/kaggle/input/datasets/shuvroahmedimaging/ws2-eca/test_set/test_set/images/before/before-video-006/frame_0017.jpg,/kaggle/input/datasets/shuvroahmedimaging/ws2-eca/test_set/test_set/masks/before/before-video-006/frame_0017.jpg
before-video-006,frame_0018.jpg,strict_qmem_v1_reference_T1K2_lambda0p05,qmem,1,legacy,0.05,0.0,0.0,0.33856710862991396,0.5058649752367712,0.3696038598273235,0.8012661712083677,7876,3633,0.05511450720950961,0.005204262677580118,0.0005008606240153313,0.991753876209259,0.002861316315829754,0.665283203125,1.0,/kaggle/input/datasets/shuvroahmedimaging/ws2-eca/test_set/test_set/images/before/before-video-006/frame_0018.jpg,/kaggle/input/datasets/shuvroahmedimaging/ws2-eca/test_set/test_set/masks/before/before-video-006/frame_0018.jpg
before-video-006,frame_0019.jpg,strict_qmem_v1_reference_T1K2_lambda0p05,qmem,1,legacy,0.05,0.0,0.0,0.4193265007320644,0.590880957293171,0.44252163164400493,0.8888888888888888,9708,4833,0.05511450720950961,0.005231660325080156,0.000471322622615844,0.9922652244567871,0.0028321309946477413,0.6962890625,1.0,/kaggle/input/datasets/shuvroahmedimaging/ws2-eca/test_set/test_set/images/before/before-video-006/frame_0019.jpg,/kaggle/input/datasets/shuvroahmedimaging/ws2-eca/test_set/test_set/masks/before/before-video-006/frame_0019.jpg
before-video-006,frame_0020.jpg,strict_qmem_v1_reference_T1K2_lambda0p05,qmem,1,legacy,0.05,0.0,0.0,0.2862082723766458,0.4450418777789267,0.2907715173625186,0.9480176211453745,7401,2270,0.05511450720950961,0.004300455562770367,0.0004085522668901831,0.9929393529891968,0.0028070411644876003,0.7158203125,1.0,/kaggle/input/datasets/shuvroahmedimaging/ws2-eca/test_set/test_set/images/before/before-video-006/frame_0020.jpg,/kaggle/input/datasets/shuvroahmedimaging/ws2-eca/test_set/test_set/masks/before/before-video-006/frame_0020.jpg
before-video-006,frame_0021.jpg,strict_qmem_v1_reference_T1K2_lambda0p05,qmem,1,legacy,0.05,0.0,0.0,0.2857142857142857,0.4444444444444444,0.2911102117900985,0.939077458659704,7413,2298,0.05511450720950961,0.00413346104323864,0.0005430840537883341,0.9934380054473877,0.002871256787329912,0.718994140625,1.0,/kaggle/input/datasets/shuvroahmedimaging/ws2-eca/test_set/test_set/images/before/before-video-006/frame_0021.jpg,/kaggle/input/datasets/shuvroahmedimaging/ws2-eca/test_set/test_set/masks/before/before-video-006/frame_0021.jpg
before-video-006,frame_0022.jpg,strict_qmem_v1_reference_T1K2_lambda0p05,qmem,1,legacy,0.05,0.0,0.0,0.22713766919775502,0.37019101425881085,0.23131233889947328,0.926391382405745,8923,2228,0.05511450720950961,0.004010882694274187,0.000500690599437803,0.9935038685798645,0.002851489931344986,0.7177734375,1.0,/kaggle/input/datasets/shuvroahmedimaging/ws2-eca/test_set/test_set/images/before/before-video-006/frame_0022.jpg,/kaggle/input/datasets/shuvroahmedimaging/ws2-eca/test_set/test_set/masks/before/before-video-006/frame_0022.jpg
before-video-006,frame_0023.jpg,strict_qmem_v1_reference_T1K2_lambda0p05,qmem,1,legacy,0.05,0.0,0.0,0.10670796838282419,0.19283852909950777,0.11424977127172918,0.6178107606679035,8744,1617,0.05511450720950961,0.003734121099114418,0.0005842868122272193,0.9932390451431274,0.0030368990264832973,0.636474609375,1.0,/kaggle/input/datasets/shuvroahmedimaging/ws2-eca/test_set/test_set/images/before/before-video-006/frame_0023.jpg,/kaggle/input/datasets/shuvroahmedimaging/ws2-eca/test_set/test_set/masks/before/before-video-006/frame_0023.jpg
before-video-006,frame_0024.jpg,strict_qmem_v1_reference_T1K2_lambda0p05,qmem,1,legacy,0.05,0.0,0.0,0.1930702416918429,0.3236527656880589,0.2145630049312769,0.6584030907920154,9531,3106,0.05511450720950961,0.003917178604751825,0.00045807944843545556,0.992864727973938,0.0028844717890024185,0.618408203125,1.0,/kaggle/input/datasets/shuvroahmedimaging/ws2-eca/test_set/test_set/images/before/before-video-006/frame_0024.jpg,/kaggle/input/datasets/shuvroahmedimaging/ws2-eca/test_set/test_set/masks/before/before-video-006/frame_0024.jpg
before-video-006,frame_0025.jpg,strict_qmem_v1_reference_T1K2_lambda0p05,qmem,1,legacy,0.05,0.0,0.0,0.2882379586290201,0.4474917955930614,0.30390830215712805,0.8482559431237503,12563,4501,0.05511450720950961,0.00474597979336977,0.0005212794058024883,0.9915900230407715,0.0029362733475863934,0.611083984375,1.0,/kaggle/input/datasets/shuvroahmedimaging/ws2-eca/test_set/test_set/images/before/before-video-006/frame_0025.jpg,/kaggle/input/datasets/shuvroahmedimaging/ws2-eca/test_set/test_set/masks/before/before-video-006/frame_0025.jpg
before-video-006,frame_0026.jpg,strict_qmem_v1_reference_T1K2_lambda0p05,qmem,1,legacy,0.05,0.0,0.0,0.2992739778372182,0.46067878360096465,0.33138698485233137,0.7554012345679012,11817,5184,0.05511450720950961,0.0041666231118142605,0.0005673483829014003,0.9919484257698059,0.003112247446551919,0.585205078125,1.0,/kaggle/input/datasets/shuvroahmedimaging/ws2-eca/test_set/test_set/images/before/before-video-006/frame_0026.jpg,/kaggle/input/datasets/shuvroahmedimaging/ws2-eca/test_set/test_set/masks/before/before-video-006/frame_0026.jpg
before-video-006,frame_0027.jpg,strict_qmem_v1_reference_T1K2_lambda0p05,qmem,1,legacy,0.05,0.0,0.0,0.34599063505999417,0.5141055606892428,0.44250023392907273,0.6133592736705578,10687,7710,0.05511450720950961,0.004641782958060503,0.0005934632499702275,0.9920667409896851,0.0031136476900428534,0.63525390625,1.0,/kaggle/input/datasets/shuvroahmedimaging/ws2-eca/test_set/test_set/images/before/before-video-006/frame_0027.jpg,/kaggle/input/datasets/shuvroahmedimaging/ws2-eca/test_set/test_set/masks/before/before-video-006/frame_0027.jpg
before-video-006,frame_0028.jpg,strict_qmem_v1_reference_T1K2_lambda0p05,qmem,1,legacy,0.05,0.0,0.0,0.33735733099209836,0.5045133760052519,0.49074074074074076,0.519081391421817,9396,8883,0.05511450720950961,0.004802710376679897,0.00044010800775140524,0.992326557636261,0.0028690972831100225,0.656005859375,1.0,/kaggle/input/datasets/shuvroahmedimaging/ws2-eca/test_set/test_set/images/before/before-video-006/frame_0028.jpg,/kaggle/input/datasets/shuvroahmedimaging/ws2-eca/test_set/test_set/masks/before/before-video-006/frame_0028.jpg
before-video-006,frame_0029.jpg,strict_qmem_v1_reference_T1K2_lambda0p05,qmem,1,legacy,0.05,0.0,0.0,0.33338714885372944,0.5000605400169512,0.5172845691382766,0.48394656667447855,7984,8534,0.05511450720950961,0.005339515395462513,0.0005619648145511746,0.9916934370994568,0.002995713846758008,0.668212890625,1.0,/kaggle/input/datasets/shuvroahmedimaging/ws2-eca/test_set/test_set/images/before/before-video-006/frame_0029.jpg,/kaggle/input/datasets/shuvroahmedimaging/ws2-eca/test_set/test_set/masks/before/before-video-006/frame_0029.jpg
before-video-006,frame_0030.jpg,strict_qmem_v1_reference_T1K2_lambda0p05,qmem,1,legacy,0.05,0.0,0.0,0.4042361424064894,0.5757381258023107,0.5600999063378083,0.592274678111588,9609,9087,0.05511450720950961,0.0057181441225111485,0.00046068395022302866,0.991178035736084,0.0028480240143835545,0.649658203125,1.0,/kaggle/input/datasets/shuvroahmedimaging/ws2-eca/test_set/test_set/images/before/before-video-006/frame_0030.jpg,/kaggle/input/datasets/shuvroahmedimaging/ws2-eca/test_set/test_set/masks/before/before-video-006/frame_0030.jpg
before-video-006,frame_0031.jpg,strict_qmem_v1_reference_T1K2_lambda0p05,qmem,1,legacy,0.05,0.0,0.0,0.3972972972972973,0.5686653771760155,0.5436390532544378,0.5961070559610706,9464,8631,0.05511450720950961,0.006185812409967184,0.0005501608829945326,0.9905089139938354,0.00300070783123374,0.6357421875,1.0,/kaggle/input/datasets/shuvroahmedimaging/ws2-eca/test_set/test_set/images/before/before-video-006/frame_0031.jpg,/kaggle/input/datasets/shuvroahmedimaging/ws2-eca/test_set/test_set/masks/before/before-video-006/frame_0031.jpg
before-video-006,frame_0032.jpg,strict_qmem_v1_reference_T1K2_lambda0p05,qmem,1,legacy,0.05,0.0,0.0,0.42088582521194834,0.5924273685384487,0.4788173787632955,0.776721742944875,11094,6839,0.05511450720950961,0.006413985975086689,0.00048554406384937465,0.9900168180465698,0.0028960006311535835,0.643310546875,1.0,/kaggle/input/datasets/shuvroahmedimaging/ws2-eca/test_set/test_set/images/before/before-video-006/frame_0032.jpg,/kaggle/input/datasets/shuvroahmedimaging/ws2-eca/test_set/test_set/masks/before/before-video-006/frame_0032.jpg
before-video-006,frame_0033.jpg,strict_qmem_v1_reference_T1K2_lambda0p05,qmem,1,legacy,0.05,0.0,0.0,0.4950794114781253,0.6622784150156413,0.5092713240453042,0.946711384386063,9977,5367,0.05511450720950961,0.005873368587344885,0.0004906352842226624,0.9908074736595154,0.0028882715851068497,0.639404296875,1.0,/kaggle/input/datasets/shuvroahmedimaging/ws2-eca/test_set/test_set/images/before/before-video-006/frame_0033.jpg,/kaggle/input/datasets/shuvroahmedimaging/ws2-eca/test_set/test_set/masks/before/before-video-006/frame_0033.jpg
before-video-006,frame_0034.jpg,strict_qmem_v1_reference_T1K2_lambda0p05,qmem,1,legacy,0.05,0.0,0.0,0.49797775530839233,0.6648666891663855,0.512420340746521,0.9464328609176075,7689,4163,0.05511450720950961,0.006050539202988148,0.0005102193099446595,0.9909244775772095,0.0028582557570189238,0.654541015625,1.0,/kaggle/input/datasets/shuvroahmedimaging/ws2-eca/test_set/test_set/images/before/before-video-006/frame_0034.jpg,/kaggle/input/datasets/shuvroahmedimaging/ws2-eca/test_set/test_set/masks/before/before-video-006/frame_0034.jpg
before-video-006,frame_0035.jpg,strict_qmem_v1_reference_T1K2_lambda0p05,qmem,1,legacy,0.05,0.0,0.0,0.38779354514630165,0.5588634512713782,0.43689869835880024,0.7752950037660056,7068,3983,0.05511450720950961,0.005484767258167267,0.0004183773708064109,0.9918449521064758,0.002700547454878688,0.672607421875,1.0,/kaggle/input/datasets/shuvroahmedimaging/ws2-eca/test_set/test_set/images/before/before-video-006/frame_0035.jpg,/kaggle/input/datasets/shuvroahmedimaging/ws2-eca/test_set/test_set/masks/before/before-video-006/frame_0035.jpg
before-video-006,frame_0036.jpg,strict_qmem_v1_reference_T1K2_lambda0p05,qmem,1,legacy,0.05,0.0,0.0,0.46251372666467006,0.6324914675767918,0.5292437742746173,0.78578697421981,8754,5896,0.05511450720950961,0.006349059287458658,0.0004911290016025305,0.9909290075302124,0.00274603976868093,0.639892578125,1.0,/kaggle/input/datasets/shuvroahmedimaging/ws2-eca/test_set/test_set/images/before/before-video-006/frame_0036.jpg,/kaggle/input/datasets/shuvroahmedimaging/ws2-eca/test_set/test_set/masks/before/before-video-006/frame_0036.jpg
before-video-006,frame_0037.jpg,strict_qmem_v1_reference_T1K2_lambda0p05,qmem,1,legacy,0.05,0.0,0.0,0.45962854349951127,0.6297883739619609,0.5365130077590141,0.7623216601815823,8764,6168,0.05511450720950961,0.0068735480308532715,0.000680072233080864,0.9897250533103943,0.0030423314310610294,0.598388671875,1.0,/kaggle/input/datasets/shuvroahmedimaging/ws2-eca/test_set/test_set/images/before/before-video-006/frame_0037.jpg,/kaggle/input/datasets/shuvroahmedimaging/ws2-eca/test_set/test_set/masks/before/before-video-006/frame_0037.jpg
before-video-006,frame_0038.jpg,strict_qmem_v1_reference_T1K2_lambda0p05,qmem,1,legacy,0.05,0.0,0.0,0.4805526036131775,0.6491530289979902,0.5206878022568512,0.8617710583153347,13027,7871,0.05511450720950961,0.007383137010037899,0.000732874555978924,0.9888566136360168,0.0031813224777579308,0.589111328125,1.0,/kaggle/input/datasets/shuvroahmedimaging/ws2-eca/test_set/test_set/images/before/before-video-006/frame_0038.jpg,/kaggle/input/datasets/shuvroahmedimaging/ws2-eca/test_set/test_set/masks/before/before-video-006/frame_0038.jpg
before-video-007,frame_0001.jpg,strict_qmem_v1_reference_T1K2_lambda0p05,qmem,1,legacy,0.05,0.0,0.0,0.47302083333333333,0.6422459514885793,0.525001445170241,0.8269143221342075,17299,10983,0.05511450720950961,0.0,0.0,0.0,0.0,0.0,0.0,/kaggle/input/datasets/shuvroahmedimaging/ws2-eca/test_set/test_set/images/before/before-video-007/frame_0001.jpg,/kaggle/input/datasets/shuvroahmedimaging/ws2-eca/test_set/test_set/masks/before/before-video-007/frame_0001.jpg
before-video-007,frame_0002.jpg,strict_qmem_v1_reference_T1K2_lambda0p05,qmem,1,legacy,0.05,0.0,0.0,0.413961038961039,0.5855338691159586,0.5730337078651685,0.5985915492957746,14240,13632,0.05511450720950961,0.004823391325771809,0.0006064757471904159,0.9913913011550903,0.00327442423440516,0.56982421875,1.0,/kaggle/input/datasets/shuvroahmedimaging/ws2-eca/test_set/test_set/images/before/before-video-007/frame_0002.jpg,/kaggle/input/datasets/shuvroahmedimaging/ws2-eca/test_set/test_set/masks/before/before-video-007/frame_0002.jpg
before-video-007,frame_0003.jpg,strict_qmem_v1_reference_T1K2_lambda0p05,qmem,1,legacy,0.05,0.0,0.0,0.3941047145997883,0.5653875357747795,0.5050346950487817,0.6421227197346601,19167,15075,0.05511450720950961,0.00668401550501585,0.0008121858118101954,0.989152193069458,0.0034338796976953745,0.555419921875,1.0,/kaggle/input/datasets/shuvroahmedimaging/ws2-eca/test_set/test_set/images/before/before-video-007/frame_0003.jpg,/kaggle/input/datasets/shuvroahmedimaging/ws2-eca/test_set/test_set/masks/before/before-video-007/frame_0003.jpg
before-video-007,frame_0004.jpg,strict_qmem_v1_reference_T1K2_lambda0p05,qmem,1,legacy,0.05,0.0,0.0,0.40272320560202296,0.5742019580109271,0.4841002618780397,0.7055135282491651,21384,14673,0.05511450720950961,0.008140712976455688,0.0010027001844719052,0.9868195652961731,0.0037805666215717793,0.501708984375,1.0,/kaggle/input/datasets/shuvroahmedimaging/ws2-eca/test_set/test_set/images/before/before-video-007/frame_0004.jpg,/kaggle/input/datasets/shuvroahmedimaging/ws2-eca/test_set/test_set/masks/before/before-video-007/frame_0004.jpg
before-video-007,frame_0005.jpg,strict_qmem_v1_reference_T1K2_lambda0p05,qmem,1,legacy,0.05,0.0,0.0,0.4287449839855686,0.6001700636450308,0.5032626074931938,0.7432984426857289,23141,15668,0.05511450720950961,0.007592473644763231,0.0008894827915355563,0.986605703830719,0.003712506266310811,0.501220703125,1.0,/kaggle/input/datasets/shuvroahmedimaging/ws2-eca/test_set/test_set/images/before/before-video-007/frame_0005.jpg,/kaggle/input/datasets/shuvroahmedimaging/ws2-eca/test_set/test_set/masks/before/before-video-007/frame_0005.jpg
before-video-007,frame_0006.jpg,strict_qmem_v1_reference_T1K2_lambda0p05,qmem,1,legacy,0.05,0.0,0.0,0.49013892569178935,0.6578432617807697,0.5465828021444552,0.8259760142893595,23689,15676,0.05511450720950961,0.007908902131021023,0.000933145871385932,0.9861242175102234,0.0038450774736702442,0.5283203125,1.0,/kaggle/input/datasets/shuvroahmedimaging/ws2-eca/test_set/test_set/images/before/before-video-007/frame_0006.jpg,/kaggle/input/datasets/shuvroahmedimaging/ws2-eca/test_set/test_set/masks/before/before-video-007/frame_0006.jpg
before-video-007,frame_0007.jpg,strict_qmem_v1_reference_T1K2_lambda0p05,qmem,1,legacy,0.05,0.0,0.0,0.620312019674147,0.7656698366020822,0.6711428927784476,0.891189135475323,24053,18114,0.05511450720950961,0.008643528446555138,0.0010453950380906463,0.9850395917892456,0.003913531079888344,0.51513671875,1.0,/kaggle/input/datasets/shuvroahmedimaging/ws2-eca/test_set/test_set/images/before/before-video-007/frame_0007.jpg,/kaggle/input/datasets/shuvroahmedimaging/ws2-eca/test_set/test_set/masks/before/before-video-007/frame_0007.jpg
before-video-007,frame_0008.jpg,strict_qmem_v1_reference_T1K2_lambda0p05,qmem,1,legacy,0.05,0.0,0.0,0.5758759932265207,0.7308646057199537,0.615966932937024,0.8984554938355236,21532,14762,0.05511450720950961,0.007682218682020903,0.0009709434234537184,0.9862755537033081,0.0039298636838793755,0.517578125,1.0,/kaggle/input/datasets/shuvroahmedimaging/ws2-eca/test_set/test_set/images/before/before-video-007/frame_0008.jpg,/kaggle/input/datasets/shuvroahmedimaging/ws2-eca/test_set/test_set/masks/before/before-video-007/frame_0008.jpg
before-video-007,frame_0009.jpg,strict_qmem_v1_reference_T1K2_lambda0p05,qmem,1,legacy,0.05,0.0,0.0,0.5469147722285614,0.707103949160236,0.5753196989981996,0.9172002649591521,21661,13587,0.05511450720950961,0.007770736236125231,0.0009172243881039321,0.9871964454650879,0.0037891091778874397,0.556396484375,1.0,/kaggle/input/datasets/shuvroahmedimaging/ws2-eca/test_set/test_set/images/before/before-video-007/frame_0009.jpg,/kaggle/input/datasets/shuvroahmedimaging/ws2-eca/test_set/test_set/masks/before/before-video-007/frame_0009.jpg
before-video-007,frame_0010.jpg,strict_qmem_v1_reference_T1K2_lambda0p05,qmem,1,legacy,0.05,0.0,0.0,0.43212584607671095,0.603474683821277,0.4528140802521836,0.9043809024134313,15227,7624,0.05511450720950961,0.004749070852994919,0.0006269576260820031,0.9909104108810425,0.0032716940622776747,0.574951171875,1.0,/kaggle/input/datasets/shuvroahmedimaging/ws2-eca/test_set/test_set/images/before/before-video-007/frame_0010.jpg,/kaggle/input/datasets/shuvroahmedimaging/ws2-eca/test_set/test_set/masks/before/before-video-007/frame_0010.jpg
before-video-008,frame_0001.jpg,strict_qmem_v1_reference_T1K2_lambda0p05,qmem,1,legacy,0.05,0.0,0.0,0.5310540459838757,0.693710385177962,0.5573196845458819,0.918488552246514,19147,11618,0.05511450720950961,0.0,0.0,0.0,0.0,0.0,0.0,/kaggle/input/datasets/shuvroahmedimaging/ws2-eca/test_set/test_set/images/before/before-video-008/frame_0001.jpg,/kaggle/input/datasets/shuvroahmedimaging/ws2-eca/test_set/test_set/masks/before/before-video-008/frame_0001.jpg
before-video-008,frame_0002.jpg,strict_qmem_v1_reference_T1K2_lambda0p05,qmem,1,legacy,0.05,0.0,0.0,0.34429592376919005,0.5122323406349988,0.3562722541769378,0.9110488530905271,14604,5711,0.05511450720950961,0.005128529854118824,0.000498959154356271,0.9910595417022705,0.0030823468696326017,0.591552734375,1.0,/kaggle/input/datasets/shuvroahmedimaging/ws2-eca/test_set/test_set/images/before/before-video-008/frame_0002.jpg,/kaggle/input/datasets/shuvroahmedimaging/ws2-eca/test_set/test_set/masks/before/before-video-008/frame_0002.jpg
before-video-008,frame_0003.jpg,strict_qmem_v1_reference_T1K2_lambda0p05,qmem,1,legacy,0.05,0.0,0.0,0.28795334426827046,0.4471487194000283,0.30535334664691105,0.8348009862627686,15523,5678,0.05511450720950961,0.005764391273260117,0.0005856110947206616,0.9905563592910767,0.0031717864330857992,0.560791015625,1.0,/kaggle/input/datasets/shuvroahmedimaging/ws2-eca/test_set/test_set/images/before/before-video-008/frame_0003.jpg,/kaggle/input/datasets/shuvroahmedimaging/ws2-eca/test_set/test_set/masks/before/before-video-008/frame_0003.jpg
before-video-008,frame_0004.jpg,strict_qmem_v1_reference_T1K2_lambda0p05,qmem,1,legacy,0.05,0.0,0.0,0.23052625305441327,0.3746791301399719,0.23800147674132416,0.8800910125142207,16252,4395,0.05511450720950961,0.005329504609107971,0.0006396973039954901,0.9907314777374268,0.0032249223440885544,0.547607421875,1.0,/kaggle/input/datasets/shuvroahmedimaging/ws2-eca/test_set/test_set/images/before/before-video-008/frame_0004.jpg,/kaggle/input/datasets/shuvroahmedimaging/ws2-eca/test_set/test_set/masks/before/before-video-008/frame_0004.jpg
before-video-008,frame_0005.jpg,strict_qmem_v1_reference_T1K2_lambda0p05,qmem,1,legacy,0.05,0.0,0.0,0.27580416644802436,0.4323612881997285,0.2985515478557228,0.7835420393559929,17605,6708,0.05511450720950961,0.005186505615711212,0.0007578337099403143,0.990760087966919,0.0033704282250255346,0.51904296875,1.0,/kaggle/input/datasets/shuvroahmedimaging/ws2-eca/test_set/test_set/images/before/before-video-008/frame_0005.jpg,/kaggle/input/datasets/shuvroahmedimaging/ws2-eca/test_set/test_set/masks/before/before-video-008/frame_0005.jpg
before-video-008,frame_0006.jpg,strict_qmem_v1_reference_T1K2_lambda0p05,qmem,1,legacy,0.05,0.0,0.0,0.34442279138827026,0.5123727351164797,0.37632446134347275,0.8024864864864865,19725,9250,0.05511450720950961,0.005643540993332863,0.0009205617825500667,0.9898778200149536,0.0036426980514079332,0.4990234375,1.0,/kaggle/input/datasets/shuvroahmedimaging/ws2-eca/test_set/test_set/images/before/before-video-008/frame_0006.jpg,/kaggle/input/datasets/shuvroahmedimaging/ws2-eca/test_set/test_set/masks/before/before-video-008/frame_0006.jpg
before-video-008,frame_0007.jpg,strict_qmem_v1_reference_T1K2_lambda0p05,qmem,1,legacy,0.05,0.0,0.0,0.35819661430001304,0.5274591477090677,0.4260351966873706,0.6922624053826745,19320,11890,0.05511450720950961,0.00638836994767189,0.0009622891084291041,0.9888148307800293,0.003767317160964012,0.504150390625,1.0,/kaggle/input/datasets/shuvroahmedimaging/ws2-eca/test_set/test_set/images/before/before-video-008/frame_0007.jpg,/kaggle/input/datasets/shuvroahmedimaging/ws2-eca/test_set/test_set/masks/before/before-video-008/frame_0007.jpg
before-video-008,frame_0008.jpg,strict_qmem_v1_reference_T1K2_lambda0p05,qmem,1,legacy,0.05,0.0,0.0,0.3185270222536206,0.48315585024445784,0.38782861136498037,0.6406180623390463,18601,11261,0.05511450720950961,0.006445217877626419,0.0011171752121299505,0.9887588024139404,0.0038957165088504553,0.52294921875,1.0,/kaggle/input/datasets/shuvroahmedimaging/ws2-eca/test_set/test_set/images/before/before-video-008/frame_0008.jpg,/kaggle/input/datasets/shuvroahmedimaging/ws2-eca/test_set/test_set/masks/before/before-video-008/frame_0008.jpg
before-video-008,frame_0009.jpg,strict_qmem_v1_reference_T1K2_lambda0p05,qmem,1,legacy,0.05,0.0,0.0,0.3628547244620662,0.5324921548117155,0.43598115833422546,0.6838790931989924,18682,11910,0.05511450720950961,0.006963212974369526,0.0009536549914628267,0.9882103800773621,0.003754757111892104,0.53271484375,1.0,/kaggle/input/datasets/shuvroahmedimaging/ws2-eca/test_set/test_set/images/before/before-video-008/frame_0009.jpg,/kaggle/input/datasets/shuvroahmedimaging/ws2-eca/test_set/test_set/masks/before/before-video-008/frame_0009.jpg
before-video-008,frame_0010.jpg,strict_qmem_v1_reference_T1K2_lambda0p05,qmem,1,legacy,0.05,0.0,0.0,0.3976693372177713,0.5690463783220427,0.45829398803903054,0.7503865315237932,19062,11642,0.05511450720950961,0.0065474556758999825,0.0010250703198835254,0.9885395169258118,0.0038504889234900475,0.531982421875,1.0,/kaggle/input/datasets/shuvroahmedimaging/ws2-eca/test_set/test_set/images/before/before-video-008/frame_0010.jpg,/kaggle/input/datasets/shuvroahmedimaging/ws2-eca/test_set/test_set/masks/before/before-video-008/frame_0010.jpg
before-video-008,frame_0011.jpg,strict_qmem_v1_reference_T1K2_lambda0p05,qmem,1,legacy,0.05,0.0,0.0,0.322107129009029,0.48726328138092845,0.3665532022188603,0.7265117441279361,15864,8004,0.05511450720950961,0.006971362978219986,0.0009768488816916943,0.988332211971283,0.0038230358622968197,0.5166015625,1.0,/kaggle/input/datasets/shuvroahmedimaging/ws2-eca/test_set/test_set/images/before/before-video-008/frame_0011.jpg,/kaggle/input/datasets/shuvroahmedimaging/ws2-eca/test_set/test_set/masks/before/before-video-008/frame_0011.jpg
before-video-008,frame_0012.jpg,strict_qmem_v1_reference_T1K2_lambda0p05,qmem,1,legacy,0.05,0.0,0.0,0.27579927154997974,0.432355273592387,0.3088601858146386,0.7204016913319239,13239,5676,0.05511450720950961,0.006228189449757338,0.0006750592729076743,0.989434003829956,0.003342568874359131,0.5390625,1.0,/kaggle/input/datasets/shuvroahmedimaging/ws2-eca/test_set/test_set/images/before/before-video-008/frame_0012.jpg,/kaggle/input/datasets/shuvroahmedimaging/ws2-eca/test_set/test_set/masks/before/before-video-008/frame_0012.jpg
before-video-008,frame_0013.jpg,strict_qmem_v1_reference_T1K2_lambda0p05,qmem,1,legacy,0.05,0.0,0.0,0.2392175572519084,0.38607838607838607,0.24816867946941198,0.8689774696707105,10102,2885,0.05511450720950961,0.004357920493930578,0.0006219573551788926,0.9922701120376587,0.0031504742801189423,0.59130859375,1.0,/kaggle/input/datasets/shuvroahmedimaging/ws2-eca/test_set/test_set/images/before/before-video-008/frame_0013.jpg,/kaggle/input/datasets/shuvroahmedimaging/ws2-eca/test_set/test_set/masks/before/before-video-008/frame_0013.jpg
before-video-008,frame_0014.jpg,strict_qmem_v1_reference_T1K2_lambda0p05,qmem,1,legacy,0.05,0.0,0.0,0.14807665793464772,0.2579560465954125,0.1565141358204605,0.7331058020477815,6862,1465,0.05511450720950961,0.00393686443567276,0.0004263231821823865,0.9935617446899414,0.0028046523220837116,0.66796875,1.0,/kaggle/input/datasets/shuvroahmedimaging/ws2-eca/test_set/test_set/images/before/before-video-008/frame_0014.jpg,/kaggle/input/datasets/shuvroahmedimaging/ws2-eca/test_set/test_set/masks/before/before-video-008/frame_0014.jpg
before-video-008,frame_0015.jpg,strict_qmem_v1_reference_T1K2_lambda0p05,qmem,1,legacy,0.05,0.0,0.0,0.2535030359645026,0.40447135537959944,0.26729869490273334,0.8308457711442786,8122,2613,0.05511450720950961,0.0044666011817753315,0.0005163957248441875,0.9929328560829163,0.0028772340156137943,0.693359375,1.0,/kaggle/input/datasets/shuvroahmedimaging/ws2-eca/test_set/test_set/images/before/before-video-008/frame_0015.jpg,/kaggle/input/datasets/shuvroahmedimaging/ws2-eca/test_set/test_set/masks/before/before-video-008/frame_0015.jpg
before-video-008,frame_0016.jpg,strict_qmem_v1_reference_T1K2_lambda0p05,qmem,1,legacy,0.05,0.0,0.0,0.3686317941727722,0.5386865857454093,0.4050360385659459,0.8039762170196952,10683,5382,0.05511450720950961,0.005469481460750103,0.0006307343137450516,0.9914523363113403,0.0030201771296560764,0.709228515625,1.0,/kaggle/input/datasets/shuvroahmedimaging/ws2-eca/test_set/test_set/images/before/before-video-008/frame_0016.jpg,/kaggle/input/datasets/shuvroahmedimaging/ws2-eca/test_set/test_set/masks/before/before-video-008/frame_0016.jpg
before-video-008,frame_0017.jpg,strict_qmem_v1_reference_T1K2_lambda0p05,qmem,1,legacy,0.05,0.0,0.0,0.4498131684061332,0.6205119089939566,0.5204621692135669,0.7681813180767961,13415,9089,0.05511450720950961,0.006753253750503063,0.00046646298142150044,0.9903117418289185,0.0028125105891376734,0.6748046875,1.0,/kaggle/input/datasets/shuvroahmedimaging/ws2-eca/test_set/test_set/images/before/before-video-008/frame_0017.jpg,/kaggle/input/datasets/shuvroahmedimaging/ws2-eca/test_set/test_set/masks/before/before-video-008/frame_0017.jpg
before-video-008,frame_0018.jpg,strict_qmem_v1_reference_T1K2_lambda0p05,qmem,1,legacy,0.05,0.0,0.0,0.41328359300709533,0.5848558563221365,0.4328506856661304,0.9014039566049776,13053,6268,0.05511450720950961,0.005381887778639793,0.0005748652038164437,0.9911444783210754,0.0029478096403181553,0.620361328125,1.0,/kaggle/input/datasets/shuvroahmedimaging/ws2-eca/test_set/test_set/images/before/before-video-008/frame_0018.jpg,/kaggle/input/datasets/shuvroahmedimaging/ws2-eca/test_set/test_set/masks/before/before-video-008/frame_0018.jpg
before-video-008,frame_0019.jpg,strict_qmem_v1_reference_T1K2_lambda0p05,qmem,1,legacy,0.05,0.0,0.0,0.4110991379310345,0.5826651393661703,0.48874450951683746,0.7212694125590817,10928,7405,0.05511450720950961,0.004841463174670935,0.0006575194420292974,0.9919657111167908,0.0031827534548938274,0.620361328125,1.0,/kaggle/input/datasets/shuvroahmedimaging/ws2-eca/test_set/test_set/images/before/before-video-008/frame_0019.jpg,/kaggle/input/datasets/shuvroahmedimaging/ws2-eca/test_set/test_set/masks/before/before-video-008/frame_0019.jpg
before-video-008,frame_0020.jpg,strict_qmem_v1_reference_T1K2_lambda0p05,qmem,1,legacy,0.05,0.0,0.0,0.20308575529242914,0.33760811213838354,0.23922231614539308,0.5734549138804458,11830,4935,0.05511450720950961,0.007820029743015766,0.0004869349650107324,0.9894001483917236,0.0029382428620010614,0.6572265625,1.0,/kaggle/input/datasets/shuvroahmedimaging/ws2-eca/test_set/test_set/images/before/before-video-008/frame_0020.jpg,/kaggle/input/datasets/shuvroahmedimaging/ws2-eca/test_set/test_set/masks/before/before-video-008/frame_0020.jpg
before-video-008,frame_0021.jpg,strict_qmem_v1_reference_T1K2_lambda0p05,qmem,1,legacy,0.05,0.0,0.0,0.20963210702341137,0.3466047334660473,0.2559621038876184,0.5366438356164384,12244,5840,0.05511450720950961,0.0072467029094696045,0.0008405873086303473,0.9893677234649658,0.0032396120950579643,0.60302734375,1.0,/kaggle/input/datasets/shuvroahmedimaging/ws2-eca/test_set/test_set/images/before/before-video-008/frame_0021.jpg,/kaggle/input/datasets/shuvroahmedimaging/ws2-eca/test_set/test_set/masks/before/before-video-008/frame_0021.jpg
before-video-008,frame_0022.jpg,strict_qmem_v1_reference_T1K2_lambda0p05,qmem,1,legacy,0.05,0.0,0.0,0.33995757508094226,0.5074154307615397,0.451177952289228,0.5796687607081668,13498,10506,0.05511450720950961,0.00709265423938632,0.0006137864547781646,0.9887670874595642,0.0031314408406615257,0.550048828125,1.0,/kaggle/input/datasets/shuvroahmedimaging/ws2-eca/test_set/test_set/images/before/before-video-008/frame_0022.jpg,/kaggle/input/datasets/shuvroahmedimaging/ws2-eca/test_set/test_set/masks/before/before-video-008/frame_0022.jpg
before-video-008,frame_0023.jpg,strict_qmem_v1_reference_T1K2_lambda0p05,qmem,1,legacy,0.05,0.0,0.0,0.3261484098939929,0.4918731681321609,0.4076254968349772,0.6200179131213615,13586,8932,0.05511450720950961,0.006625452544540167,0.0009179176995530725,0.9888296127319336,0.0035416227765381336,0.540771484375,1.0,/kaggle/input/datasets/shuvroahmedimaging/ws2-eca/test_set/test_set/images/before/before-video-008/frame_0023.jpg,/kaggle/input/datasets/shuvroahmedimaging/ws2-eca/test_set/test_set/masks/before/before-video-008/frame_0023.jpg
before-video-008,frame_0024.jpg,strict_qmem_v1_reference_T1K2_lambda0p05,qmem,1,legacy,0.05,0.0,0.0,0.4061013154212147,0.5776273885350318,0.49626631704953544,0.6908975478136656,17543,12601,0.05511450720950961,0.009268571622669697,0.0009565536747686565,0.9858332276344299,0.0036525139585137367,0.544189453125,1.0,/kaggle/input/datasets/shuvroahmedimaging/ws2-eca/test_set/test_set/images/before/before-video-008/frame_0024.jpg,/kaggle/input/datasets/shuvroahmedimaging/ws2-eca/test_set/test_set/masks/before/before-video-008/frame_0024.jpg
before-video-008,frame_0025.jpg,strict_qmem_v1_reference_T1K2_lambda0p05,qmem,1,legacy,0.05,0.0,0.0,0.37400152149106125,0.5443975361616721,0.4370728454742457,0.7215851756719567,17997,10901,0.05511450720950961,0.008721599355340004,0.0009447635966353118,0.9859001040458679,0.003783486783504486,0.51708984375,1.0,/kaggle/input/datasets/shuvroahmedimaging/ws2-eca/test_set/test_set/images/before/before-video-008/frame_0025.jpg,/kaggle/input/datasets/shuvroahmedimaging/ws2-eca/test_set/test_set/masks/before/before-video-008/frame_0025.jpg
before-video-008,frame_0026.jpg,strict_qmem_v1_reference_T1K2_lambda0p05,qmem,1,legacy,0.05,0.0,0.0,0.3405118745676735,0.5080326120609584,0.36104048503813807,0.8569107578043402,20452,8617,0.05511450720950961,0.008153200149536133,0.0009057130082510412,0.9866289496421814,0.0035787937231361866,0.52001953125,1.0,/kaggle/input/datasets/shuvroahmedimaging/ws2-eca/test_set/test_set/images/before/before-video-008/frame_0026.jpg,/kaggle/input/datasets/shuvroahmedimaging/ws2-eca/test_set/test_set/masks/before/before-video-008/frame_0026.jpg
before-video-008,frame_0027.jpg,strict_qmem_v1_reference_T1K2_lambda0p05,qmem,1,legacy,0.05,0.0,0.0,0.32996323529411764,0.4961990324809952,0.36314411519695344,0.7831387142307199,16806,7793,0.05511450720950961,0.006980747450143099,0.0008852441096678376,0.9882156252861023,0.003585868515074253,0.54541015625,1.0,/kaggle/input/datasets/shuvroahmedimaging/ws2-eca/test_set/test_set/images/before/before-video-008/frame_0027.jpg,/kaggle/input/datasets/shuvroahmedimaging/ws2-eca/test_set/test_set/masks/before/before-video-008/frame_0027.jpg
before-video-008,frame_0028.jpg,strict_qmem_v1_reference_T1K2_lambda0p05,qmem,1,legacy,0.05,0.0,0.0,0.3868348306841742,0.5578671982060546,0.45077511576404267,0.7316993464052287,14901,9180,0.05511450720950961,0.007051712367683649,0.0007668576436117291,0.9884040355682373,0.003487279172986746,0.5634765625,1.0,/kaggle/input/datasets/shuvroahmedimaging/ws2-eca/test_set/test_set/images/before/before-video-008/frame_0028.jpg,/kaggle/input/datasets/shuvroahmedimaging/ws2-eca/test_set/test_set/masks/before/before-video-008/frame_0028.jpg
before-video-008,frame_0029.jpg,strict_qmem_v1_reference_T1K2_lambda0p05,qmem,1,legacy,0.05,0.0,0.0,0.5045622545622546,0.6707097071354546,0.6108081655480985,0.7436377564048005,14304,11749,0.05511450720950961,0.006667367182672024,0.0009350559557788074,0.988930344581604,0.0036779819056391716,0.5703125,1.0,/kaggle/input/datasets/shuvroahmedimaging/ws2-eca/test_set/test_set/images/before/before-video-008/frame_0029.jpg,/kaggle/input/datasets/shuvroahmedimaging/ws2-eca/test_set/test_set/masks/before/before-video-008/frame_0029.jpg
before-video-008,frame_0030.jpg,strict_qmem_v1_reference_T1K2_lambda0p05,qmem,1,legacy,0.05,0.0,0.0,0.5145446479498067,0.6794710854464808,0.58705712219812,0.8064163686928884,13830,10068,0.05511450720950961,0.006499618291854858,0.000741848663892597,0.9888695478439331,0.003461914137005806,0.548095703125,1.0,/kaggle/input/datasets/shuvroahmedimaging/ws2-eca/test_set/test_set/images/before/before-video-008/frame_0030.jpg,/kaggle/input/datasets/shuvroahmedimaging/ws2-eca/test_set/test_set/masks/before/before-video-008/frame_0030.jpg
before-video-008,frame_0031.jpg,strict_qmem_v1_reference_T1K2_lambda0p05,qmem,1,legacy,0.05,0.0,0.0,0.3856437082243534,0.5566275167785235,0.4477964500236215,0.7353430123018951,14817,9023,0.05511450720950961,0.007113975007086992,0.0008199272560887039,0.9880786538124084,0.0036068607587367296,0.548828125,1.0,/kaggle/input/datasets/shuvroahmedimaging/ws2-eca/test_set/test_set/images/before/before-video-008/frame_0031.jpg,/kaggle/input/datasets/shuvroahmedimaging/ws2-eca/test_set/test_set/masks/before/before-video-008/frame_0031.jpg
before-video-008,frame_0032.jpg,strict_qmem_v1_reference_T1K2_lambda0p05,qmem,1,legacy,0.05,0.0,0.0,0.26629330425732267,0.420587084148728,0.33434971997510887,0.5667721518987342,16070,9480,0.05511450720950961,0.007424936629831791,0.000665105355437845,0.9880610704421997,0.003350538434460759,0.53515625,1.0,/kaggle/input/datasets/shuvroahmedimaging/ws2-eca/test_set/test_set/images/before/before-video-008/frame_0032.jpg,/kaggle/input/datasets/shuvroahmedimaging/ws2-eca/test_set/test_set/masks/before/before-video-008/frame_0032.jpg
before-video-008,frame_0033.jpg,strict_qmem_v1_reference_T1K2_lambda0p05,qmem,1,legacy,0.05,0.0,0.0,0.24841546700732078,0.397969223503483,0.30348139255702283,0.5778946165276031,16660,8749,0.05511450720950961,0.0064244517125189304,0.0006712594185955822,0.989097535610199,0.003292360808700323,0.524658203125,1.0,/kaggle/input/datasets/shuvroahmedimaging/ws2-eca/test_set/test_set/images/before/before-video-008/frame_0033.jpg,/kaggle/input/datasets/shuvroahmedimaging/ws2-eca/test_set/test_set/masks/before/before-video-008/frame_0033.jpg
before-video-008,frame_0034.jpg,strict_qmem_v1_reference_T1K2_lambda0p05,qmem,1,legacy,0.05,0.0,0.0,0.24190862732854615,0.38957556458708675,0.3242885044642857,0.4877767285699297,14336,9531,0.05511450720950961,0.005819609388709068,0.0007674573571421206,0.9901330471038818,0.0034391898661851883,0.544677734375,1.0,/kaggle/input/datasets/shuvroahmedimaging/ws2-eca/test_set/test_set/images/before/before-video-008/frame_0034.jpg,/kaggle/input/datasets/shuvroahmedimaging/ws2-eca/test_set/test_set/masks/before/before-video-008/frame_0034.jpg
before-video-008,frame_0035.jpg,strict_qmem_v1_reference_T1K2_lambda0p05,qmem,1,legacy,0.05,0.0,0.0,0.28026621593069934,0.4378249030448057,0.3557253955484044,0.5691911606951298,14916,9322,0.05511450720950961,0.006728264037519693,0.0008048280142247677,0.9891103506088257,0.0034701363183557987,0.523681640625,1.0,/kaggle/input/datasets/shuvroahmedimaging/ws2-eca/test_set/test_set/images/before/before-video-008/frame_0035.jpg,/kaggle/input/datasets/shuvroahmedimaging/ws2-eca/test_set/test_set/masks/before/before-video-008/frame_0035.jpg
before-video-008,frame_0036.jpg,strict_qmem_v1_reference_T1K2_lambda0p05,qmem,1,legacy,0.05,0.0,0.0,0.3662084612304818,0.5360945589528182,0.4594006361962163,0.6435272045028143,11946,8528,0.05511450720950961,0.00563234556466341,0.0006776999798603356,0.9902740120887756,0.0032551619224250317,0.5517578125,1.0,/kaggle/input/datasets/shuvroahmedimaging/ws2-eca/test_set/test_set/images/before/before-video-008/frame_0036.jpg,/kaggle/input/datasets/shuvroahmedimaging/ws2-eca/test_set/test_set/masks/before/before-video-008/frame_0036.jpg
before-video-008,frame_0037.jpg,strict_qmem_v1_reference_T1K2_lambda0p05,qmem,1,legacy,0.05,0.0,0.0,0.40649017933390263,0.5780206435944141,0.5097451274362819,0.6674144699943915,9338,7132,0.05511450720950961,0.0059513552114367485,0.0005544617888517678,0.9907801151275635,0.0030752518214285374,0.62890625,1.0,/kaggle/input/datasets/shuvroahmedimaging/ws2-eca/test_set/test_set/images/before/before-video-008/frame_0037.jpg,/kaggle/input/datasets/shuvroahmedimaging/ws2-eca/test_set/test_set/masks/before/before-video-008/frame_0037.jpg
before-video-008,frame_0038.jpg,strict_qmem_v1_reference_T1K2_lambda0p05,qmem,1,legacy,0.05,0.0,0.0,0.42988861386138616,0.6012896524862595,0.5261682950844505,0.7014337641357028,13203,9904,0.05511450720950961,0.008372899144887924,0.0007324915495701134,0.9882540106773376,0.00306167290546,0.630126953125,1.0,/kaggle/input/datasets/shuvroahmedimaging/ws2-eca/test_set/test_set/images/before/before-video-008/frame_0038.jpg,/kaggle/input/datasets/shuvroahmedimaging/ws2-eca/test_set/test_set/masks/before/before-video-008/frame_0038.jpg
before-video-008,frame_0039.jpg,strict_qmem_v1_reference_T1K2_lambda0p05,qmem,1,legacy,0.05,0.0,0.0,0.3319317489335771,0.4984215583108386,0.40172579098753597,0.6564232345143408,13559,8298,0.05511450720950961,0.007662259507924318,0.0006384160369634628,0.988243043422699,0.0030096382834017277,0.573486328125,1.0,/kaggle/input/datasets/shuvroahmedimaging/ws2-eca/test_set/test_set/images/before/before-video-008/frame_0039.jpg,/kaggle/input/datasets/shuvroahmedimaging/ws2-eca/test_set/test_set/masks/before/before-video-008/frame_0039.jpg
before-video-008,frame_0040.jpg,strict_qmem_v1_reference_T1K2_lambda0p05,qmem,1,legacy,0.05,0.0,0.0,0.39389472391130764,0.5651714109456244,0.4515879163439194,0.7550924290592252,14201,8493,0.05511450720950961,0.006684963125735521,0.0005652934778481722,0.9896841645240784,0.0030040869023650885,0.58056640625,1.0,/kaggle/input/datasets/shuvroahmedimaging/ws2-eca/test_set/test_set/images/before/before-video-008/frame_0040.jpg,/kaggle/input/datasets/shuvroahmedimaging/ws2-eca/test_set/test_set/masks/before/before-video-008/frame_0040.jpg
before-video-008,frame_0041.jpg,strict_qmem_v1_reference_T1K2_lambda0p05,qmem,1,legacy,0.05,0.0,0.0,0.38410871113220985,0.55502679528403,0.41310868594039185,0.8454806687565308,15669,7656,0.05511450720950961,0.006257949862629175,0.0005804714746773243,0.9903184771537781,0.0032262951135635376,0.621337890625,1.0,/kaggle/input/datasets/shuvroahmedimaging/ws2-eca/test_set/test_set/images/before/before-video-008/frame_0041.jpg,/kaggle/input/datasets/shuvroahmedimaging/ws2-eca/test_set/test_set/masks/before/before-video-008/frame_0041.jpg
before-video-008,frame_0042.jpg,strict_qmem_v1_reference_T1K2_lambda0p05,qmem,1,legacy,0.05,0.0,0.0,0.38805768059034595,0.5591376871677316,0.4397054311138386,0.7676443015936788,13036,7467,0.05511450720950961,0.004422048106789589,0.0007201249245554209,0.9925433993339539,0.00317174568772316,0.665283203125,1.0,/kaggle/input/datasets/shuvroahmedimaging/ws2-eca/test_set/test_set/images/before/before-video-008/frame_0042.jpg,/kaggle/input/datasets/shuvroahmedimaging/ws2-eca/test_set/test_set/masks/before/before-video-008/frame_0042.jpg
before-video-008,frame_0043.jpg,strict_qmem_v1_reference_T1K2_lambda0p05,qmem,1,legacy,0.05,0.0,0.0,0.27593466424682395,0.4325216203914429,0.3283801295896328,0.6333944342609565,11575,6001,0.05511450720950961,0.004787646234035492,0.0005430045421235263,0.9920946955680847,0.003102534916251898,0.650390625,1.0,/kaggle/input/datasets/shuvroahmedimaging/ws2-eca/test_set/test_set/images/before/before-video-008/frame_0043.jpg,/kaggle/input/datasets/shuvroahmedimaging/ws2-eca/test_set/test_set/masks/before/before-video-008/frame_0043.jpg
before-video-008,frame_0044.jpg,strict_qmem_v1_reference_T1K2_lambda0p05,qmem,1,legacy,0.05,0.0,0.0,0.2596334988867957,0.41223657375934736,0.30070415550927304,0.6552842014264102,10083,4627,0.05511450720950961,0.005266730673611164,0.00038224365562200546,0.991988480091095,0.002722781617194414,0.662841796875,1.0,/kaggle/input/datasets/shuvroahmedimaging/ws2-eca/test_set/test_set/images/before/before-video-008/frame_0044.jpg,/kaggle/input/datasets/shuvroahmedimaging/ws2-eca/test_set/test_set/masks/before/before-video-008/frame_0044.jpg
before-video-008,frame_0045.jpg,strict_qmem_v1_reference_T1K2_lambda0p05,qmem,1,legacy,0.05,0.0,0.0,0.300878148836613,0.4625769894062577,0.3475235063300511,0.6915144372421921,13507,6788,0.05511450720950961,0.007929863408207893,0.00044615170918405056,0.989517867565155,0.002898028353229165,0.67822265625,1.0,/kaggle/input/datasets/shuvroahmedimaging/ws2-eca/test_set/test_set/images/before/before-video-008/frame_0045.jpg,/kaggle/input/datasets/shuvroahmedimaging/ws2-eca/test_set/test_set/masks/before/before-video-008/frame_0045.jpg
before-video-008,frame_0046.jpg,strict_qmem_v1_reference_T1K2_lambda0p05,qmem,1,legacy,0.05,0.0,0.0,0.25893592488881567,0.4113567970692137,0.28775398132894014,0.7211009174311926,16389,6540,0.05511450720950961,0.008363972418010235,0.0006313380436040461,0.9880549907684326,0.0032065068371593952,0.59033203125,1.0,/kaggle/input/datasets/shuvroahmedimaging/ws2-eca/test_set/test_set/images/before/before-video-008/frame_0046.jpg,/kaggle/input/datasets/shuvroahmedimaging/ws2-eca/test_set/test_set/masks/before/before-video-008/frame_0046.jpg
before-video-008,frame_0047.jpg,strict_qmem_v1_reference_T1K2_lambda0p05,qmem,1,legacy,0.05,0.0,0.0,0.24915405164737311,0.3989164528086684,0.25845187511546275,0.8738288569643973,16239,4803,0.05511450720950961,0.00677618058398366,0.0005837610806338489,0.9896631240844727,0.0031882321927696466,0.562744140625,1.0,/kaggle/input/datasets/shuvroahmedimaging/ws2-eca/test_set/test_set/images/before/before-video-008/frame_0047.jpg,/kaggle/input/datasets/shuvroahmedimaging/ws2-eca/test_set/test_set/masks/before/before-video-008/frame_0047.jpg
before-video-008,frame_0048.jpg,strict_qmem_v1_reference_T1K2_lambda0p05,qmem,1,legacy,0.05,0.0,0.0,0.12116466149355734,0.21614070734649818,0.13321853475266124,0.572485704675412,12776,2973,0.05511450720950961,0.006049225106835365,0.0006021550507284701,0.9902155995368958,0.0032941389363259077,0.576171875,1.0,/kaggle/input/datasets/shuvroahmedimaging/ws2-eca/test_set/test_set/images/before/before-video-008/frame_0048.jpg,/kaggle/input/datasets/shuvroahmedimaging/ws2-eca/test_set/test_set/masks/before/before-video-008/frame_0048.jpg
before-video-008,frame_0049.jpg,strict_qmem_v1_reference_T1K2_lambda0p05,qmem,1,legacy,0.05,0.0,0.0,0.06259873617693523,0.11782196617729046,0.06941099189840158,0.3894348894348894,9134,1628,0.05511450720950961,0.00480336369946599,0.0006075853598304093,0.9916227459907532,0.0031435645651072264,0.614501953125,1.0,/kaggle/input/datasets/shuvroahmedimaging/ws2-eca/test_set/test_set/images/before/before-video-008/frame_0049.jpg,/kaggle/input/datasets/shuvroahmedimaging/ws2-eca/test_set/test_set/masks/before/before-video-008/frame_0049.jpg
before-video-008,frame_0050.jpg,strict_qmem_v1_reference_T1K2_lambda0p05,qmem,1,legacy,0.05,0.0,0.0,0.147787815612694,0.25751765893037337,0.17489035087719298,0.4881407804131599,10944,3921,0.05511450720950961,0.006605992559343576,0.0006448901258409023,0.990306556224823,0.003113380167633295,0.65478515625,1.0,/kaggle/input/datasets/shuvroahmedimaging/ws2-eca/test_set/test_set/images/before/before-video-008/frame_0050.jpg,/kaggle/input/datasets/shuvroahmedimaging/ws2-eca/test_set/test_set/masks/before/before-video-008/frame_0050.jpg
before-video-008,frame_0051.jpg,strict_qmem_v1_reference_T1K2_lambda0p05,qmem,1,legacy,0.05,0.0,0.0,0.17853783093670206,0.3029819259935002,0.20754569598500233,0.560903525438041,12802,4737,0.05511450720950961,0.0071184756234288216,0.0006159970071166754,0.9892790913581848,0.0030976717825978994,0.625732421875,1.0,/kaggle/input/datasets/shuvroahmedimaging/ws2-eca/test_set/test_set/images/before/before-video-008/frame_0051.jpg,/kaggle/input/datasets/shuvroahmedimaging/ws2-eca/test_set/test_set/masks/before/before-video-008/frame_0051.jpg
before-video-008,frame_0052.jpg,strict_qmem_v1_reference_T1K2_lambda0p05,qmem,1,legacy,0.05,0.0,0.0,0.2036846908510153,0.33843529356015734,0.22515762925598992,0.681098607667366,15860,5243,0.05511450720950961,0.0064154621213674545,0.0006275012856349349,0.9898285865783691,0.003186390735208988,0.543212890625,1.0,/kaggle/input/datasets/shuvroahmedimaging/ws2-eca/test_set/test_set/images/before/before-video-008/frame_0052.jpg,/kaggle/input/datasets/shuvroahmedimaging/ws2-eca/test_set/test_set/masks/before/before-video-008/frame_0052.jpg
before-video-008,frame_0053.jpg,strict_qmem_v1_reference_T1K2_lambda0p05,qmem,1,legacy,0.05,0.0,0.0,0.2269411501454464,0.36992996790195504,0.24745034889962425,0.7324859165101835,20493,6923,0.05511450720950961,0.00807330571115017,0.0009819578845053911,0.9877474308013916,0.003544124076142907,0.533447265625,1.0,/kaggle/input/datasets/shuvroahmedimaging/ws2-eca/test_set/test_set/images/before/before-video-008/frame_0053.jpg,/kaggle/input/datasets/shuvroahmedimaging/ws2-eca/test_set/test_set/masks/before/before-video-008/frame_0053.jpg
before-video-008,frame_0054.jpg,strict_qmem_v1_reference_T1K2_lambda0p05,qmem,1,legacy,0.05,0.0,0.0,0.23048310477726988,0.3746221364315111,0.2520460671404068,0.7292966534316506,20405,7052,0.05511450720950961,0.008302264846861362,0.0007739226566627622,0.9870216250419617,0.003598187118768692,0.5166015625,1.0,/kaggle/input/datasets/shuvroahmedimaging/ws2-eca/test_set/test_set/images/before/before-video-008/frame_0054.jpg,/kaggle/input/datasets/shuvroahmedimaging/ws2-eca/test_set/test_set/masks/before/before-video-008/frame_0054.jpg
before-video-008,frame_0055.jpg,strict_qmem_v1_reference_T1K2_lambda0p05,qmem,1,legacy,0.05,0.0,0.0,0.20588991108598448,0.3414738098282402,0.23232616134083398,0.6440514469453377,17243,6220,0.05511450720950961,0.005874749273061752,0.0009292991016991436,0.9894965887069702,0.003741178661584854,0.506591796875,1.0,/kaggle/input/datasets/shuvroahmedimaging/ws2-eca/test_set/test_set/images/before/before-video-008/frame_0055.jpg,/kaggle/input/datasets/shuvroahmedimaging/ws2-eca/test_set/test_set/masks/before/before-video-008/frame_0055.jpg
before-video-008,frame_0056.jpg,strict_qmem_v1_reference_T1K2_lambda0p05,qmem,1,legacy,0.05,0.0,0.0,0.3025681282942694,0.46457167455876025,0.3381164233347954,0.7421262549855591,15959,7271,0.05511450720950961,0.007967266254127026,0.0008347879047505558,0.9877538084983826,0.003514434676617384,0.544189453125,1.0,/kaggle/input/datasets/shuvroahmedimaging/ws2-eca/test_set/test_set/images/before/before-video-008/frame_0056.jpg,/kaggle/input/datasets/shuvroahmedimaging/ws2-eca/test_set/test_set/masks/before/before-video-008/frame_0056.jpg
before-video-008,frame_0057.jpg,strict_qmem_v1_reference_T1K2_lambda0p05,qmem,1,legacy,0.05,0.0,0.0,0.4036936560934892,0.5751876904779603,0.4767420368430781,0.7248711943793911,16231,10675,0.05511450720950961,0.009001095779240131,0.0008816294139251113,0.9866192936897278,0.0034240735694766045,0.58740234375,1.0,/kaggle/input/datasets/shuvroahmedimaging/ws2-eca/test_set/test_set/images/before/before-video-008/frame_0057.jpg,/kaggle/input/datasets/shuvroahmedimaging/ws2-eca/test_set/test_set/masks/before/before-video-008/frame_0057.jpg
before-video-008,frame_0058.jpg,strict_qmem_v1_reference_T1K2_lambda0p05,qmem,1,legacy,0.05,0.0,0.0,0.42595056368601636,0.5974268316637202,0.5111335181917486,0.7187758478081059,11901,8463,0.05511450720950961,0.00754587072879076,0.0006629566196352243,0.9880695939064026,0.0032783634960651398,0.58154296875,1.0,/kaggle/input/datasets/shuvroahmedimaging/ws2-eca/test_set/test_set/images/before/before-video-008/frame_0058.jpg,/kaggle/input/datasets/shuvroahmedimaging/ws2-eca/test_set/test_set/masks/before/before-video-008/frame_0058.jpg
before-video-008,frame_0059.jpg,strict_qmem_v1_reference_T1K2_lambda0p05,qmem,1,legacy,0.05,0.0,0.0,0.43290223065970573,0.6042313584233843,0.5122139547943282,0.7365499142020794,14246,9907,0.05511450720950961,0.00685556884855032,0.000779690919443965,0.9891089797019958,0.0033672393765300512,0.554931640625,1.0,/kaggle/input/datasets/shuvroahmedimaging/ws2-eca/test_set/test_set/images/before/before-video-008/frame_0059.jpg,/kaggle/input/datasets/shuvroahmedimaging/ws2-eca/test_set/test_set/masks/before/before-video-008/frame_0059.jpg
before-video-008,frame_0060.jpg,strict_qmem_v1_reference_T1K2_lambda0p05,qmem,1,legacy,0.05,0.0,0.0,0.41981953458920374,0.5913702753930205,0.4674500587544066,0.8046930312531607,17020,9887,0.05511450720950961,0.006543710827827454,0.0007024338701739907,0.9892433881759644,0.0033721583895385265,0.53955078125,1.0,/kaggle/input/datasets/shuvroahmedimaging/ws2-eca/test_set/test_set/images/before/before-video-008/frame_0060.jpg,/kaggle/input/datasets/shuvroahmedimaging/ws2-eca/test_set/test_set/masks/before/before-video-008/frame_0060.jpg
before-video-008,frame_0061.jpg,strict_qmem_v1_reference_T1K2_lambda0p05,qmem,1,legacy,0.05,0.0,0.0,0.4008555955035726,0.572301094831227,0.42825886128263724,0.8623457998825141,20567,10214,0.05511450720950961,0.005601037759333849,0.0008618278079666197,0.9895821809768677,0.003598190611228347,0.525146484375,1.0,/kaggle/input/datasets/shuvroahmedimaging/ws2-eca/test_set/test_set/images/before/before-video-008/frame_0061.jpg,/kaggle/input/datasets/shuvroahmedimaging/ws2-eca/test_set/test_set/masks/before/before-video-008/frame_0061.jpg
before-video-008,frame_0062.jpg,strict_qmem_v1_reference_T1K2_lambda0p05,qmem,1,legacy,0.05,0.0,0.0,0.5116940713777666,0.6769809858570203,0.5291852364674831,0.9393241167434716,23111,13020,0.05511450720950961,0.005310163367539644,0.0008445912390016019,0.989861249923706,0.003743834560737014,0.526123046875,1.0,/kaggle/input/datasets/shuvroahmedimaging/ws2-eca/test_set/test_set/images/before/before-video-008/frame_0062.jpg,/kaggle/input/datasets/shuvroahmedimaging/ws2-eca/test_set/test_set/masks/before/before-video-008/frame_0062.jpg
before-video-008,frame_0063.jpg,strict_qmem_v1_reference_T1K2_lambda0p05,qmem,1,legacy,0.05,0.0,0.0,0.5386616320537025,0.7001690570976714,0.6266900961585395,0.7931673565206647,20487,16187,0.05511450720950961,0.004699917044490576,0.000774096290115267,0.9904893636703491,0.0036501139402389526,0.51953125,1.0,/kaggle/input/datasets/shuvroahmedimaging/ws2-eca/test_set/test_set/images/before/before-video-008/frame_0063.jpg,/kaggle/input/datasets/shuvroahmedimaging/ws2-eca/test_set/test_set/masks/before/before-video-008/frame_0063.jpg
before-video-008,frame_0064.jpg,strict_qmem_v1_reference_T1K2_lambda0p05,qmem,1,legacy,0.05,0.0,0.0,0.5206160827261225,0.6847436228515681,0.6037239425217568,0.7908795651885729,19764,15087,0.05511450720950961,0.004459786228835583,0.0007111851591616869,0.9909188747406006,0.0034634212497621775,0.58935546875,1.0,/kaggle/input/datasets/shuvroahmedimaging/ws2-eca/test_set/test_set/images/before/before-video-008/frame_0064.jpg,/kaggle/input/datasets/shuvroahmedimaging/ws2-eca/test_set/test_set/masks/before/before-video-008/frame_0064.jpg
before-video-008,frame_0065.jpg,strict_qmem_v1_reference_T1K2_lambda0p05,qmem,1,legacy,0.05,0.0,0.0,0.45879947753989436,0.629009654313298,0.5033331256619525,0.8383314309432396,16051,9637,0.05511450720950961,0.003839424578472972,0.0006217446061782539,0.9923958778381348,0.003333074040710926,0.622802734375,1.0,/kaggle/input/datasets/shuvroahmedimaging/ws2-eca/test_set/test_set/images/before/before-video-008/frame_0065.jpg,/kaggle/input/datasets/shuvroahmedimaging/ws2-eca/test_set/test_set/masks/before/before-video-008/frame_0065.jpg
before-video-008,frame_0066.jpg,strict_qmem_v1_reference_T1K2_lambda0p05,qmem,1,legacy,0.05,0.0,0.0,0.3706306093528578,0.5408176452849697,0.4142687434002112,0.7786875077533805,15152,8061,0.05511450720950961,0.006379358004778624,0.0007774290861561894,0.9900648593902588,0.00339844380505383,0.635986328125,1.0,/kaggle/input/datasets/shuvroahmedimaging/ws2-eca/test_set/test_set/images/before/before-video-008/frame_0066.jpg,/kaggle/input/datasets/shuvroahmedimaging/ws2-eca/test_set/test_set/masks/before/before-video-008/frame_0066.jpg
before-video-008,frame_0067.jpg,strict_qmem_v1_reference_T1K2_lambda0p05,qmem,1,legacy,0.05,0.0,0.0,0.4047277936962751,0.5762366139724631,0.4234475374732334,0.9015272395714611,18680,8774,0.05511450720950961,0.006356822792440653,0.0010100650833919644,0.989632248878479,0.0035484256222844124,0.5869140625,1.0,/kaggle/input/datasets/shuvroahmedimaging/ws2-eca/test_set/test_set/images/before/before-video-008/frame_0067.jpg,/kaggle/input/datasets/shuvroahmedimaging/ws2-eca/test_set/test_set/masks/before/before-video-008/frame_0067.jpg
before-video-008,frame_0068.jpg,strict_qmem_v1_reference_T1K2_lambda0p05,qmem,1,legacy,0.05,0.0,0.0,0.3700065487884741,0.5401529636711281,0.3840924541128484,0.9098228663446055,23536,9936,0.05511450720950961,0.007463825400918722,0.0009257500059902668,0.9879598617553711,0.0036591202951967716,0.558837890625,1.0,/kaggle/input/datasets/shuvroahmedimaging/ws2-eca/test_set/test_set/images/before/before-video-008/frame_0068.jpg,/kaggle/input/datasets/shuvroahmedimaging/ws2-eca/test_set/test_set/masks/before/before-video-008/frame_0068.jpg
before-video-008,frame_0069.jpg,strict_qmem_v1_reference_T1K2_lambda0p05,qmem,1,legacy,0.05,0.0,0.0,0.35842978611829046,0.5277119064688689,0.39914073579711357,0.7784738041002278,23974,12292,0.05511450720950961,0.007971642538905144,0.0009823964210227132,0.9866604804992676,0.003870787099003792,0.50146484375,1.0,/kaggle/input/datasets/shuvroahmedimaging/ws2-eca/test_set/test_set/images/before/before-video-008/frame_0069.jpg,/kaggle/input/datasets/shuvroahmedimaging/ws2-eca/test_set/test_set/masks/before/before-video-008/frame_0069.jpg
before-video-008,frame_0070.jpg,strict_qmem_v1_reference_T1K2_lambda0p05,qmem,1,legacy,0.05,0.0,0.0,0.3529600570613409,0.5217597596014445,0.40940680069496155,0.7191019399840151,24174,13763,0.05511450720950961,0.006424130871891975,0.0010337420972064137,0.988235592842102,0.003991071134805679,0.471923828125,1.0,/kaggle/input/datasets/shuvroahmedimaging/ws2-eca/test_set/test_set/images/before/before-video-008/frame_0070.jpg,/kaggle/input/datasets/shuvroahmedimaging/ws2-eca/test_set/test_set/masks/before/before-video-008/frame_0070.jpg
before-video-008,frame_0071.jpg,strict_qmem_v1_reference_T1K2_lambda0p05,qmem,1,legacy,0.05,0.0,0.0,0.3684529740501668,0.5384956312523743,0.4530683997443,0.663623595505618,18772,12816,0.05511450720950961,0.0051843104884028435,0.0008995372918434441,0.9902061223983765,0.0037063490599393845,0.530517578125,1.0,/kaggle/input/datasets/shuvroahmedimaging/ws2-eca/test_set/test_set/images/before/before-video-008/frame_0071.jpg,/kaggle/input/datasets/shuvroahmedimaging/ws2-eca/test_set/test_set/masks/before/before-video-008/frame_0071.jpg
before-video-008,frame_0072.jpg,strict_qmem_v1_reference_T1K2_lambda0p05,qmem,1,legacy,0.05,0.0,0.0,0.30052861411169846,0.46216378609550063,0.3821827322148828,0.5844806007509387,17107,11186,0.05511450720950961,0.005347034893929958,0.0009063067846000195,0.990458607673645,0.0037966291420161724,0.521484375,1.0,/kaggle/input/datasets/shuvroahmedimaging/ws2-eca/test_set/test_set/images/before/before-video-008/frame_0072.jpg,/kaggle/input/datasets/shuvroahmedimaging/ws2-eca/test_set/test_set/masks/before/before-video-008/frame_0072.jpg
before-video-008,frame_0073.jpg,strict_qmem_v1_reference_T1K2_lambda0p05,qmem,1,legacy,0.05,0.0,0.0,0.3566423634125556,0.5257721165590648,0.44205152279795784,0.6486137420354744,17041,11614,0.05511450720950961,0.005342199467122555,0.0008724411600269377,0.9902515411376953,0.003630760358646512,0.531005859375,1.0,/kaggle/input/datasets/shuvroahmedimaging/ws2-eca/test_set/test_set/images/before/before-video-008/frame_0073.jpg,/kaggle/input/datasets/shuvroahmedimaging/ws2-eca/test_set/test_set/masks/before/before-video-008/frame_0073.jpg
before-video-008,frame_0074.jpg,strict_qmem_v1_reference_T1K2_lambda0p05,qmem,1,legacy,0.05,0.0,0.0,0.4070865064526426,0.5786232823437905,0.4574898785425101,0.7870052014458256,19513,11343,0.05511450720950961,0.005074433051049709,0.0010839407332241535,0.9903667569160461,0.0038521920796483755,0.523193359375,1.0,/kaggle/input/datasets/shuvroahmedimaging/ws2-eca/test_set/test_set/images/before/before-video-008/frame_0074.jpg,/kaggle/input/datasets/shuvroahmedimaging/ws2-eca/test_set/test_set/masks/before/before-video-008/frame_0074.jpg
before-video-008,frame_0075.jpg,strict_qmem_v1_reference_T1K2_lambda0p05,qmem,1,legacy,0.05,0.0,0.0,0.4094739901191514,0.5810309278350515,0.45601165111386804,0.8004923776157561,18539,10561,0.05511450720950961,0.005542869679629803,0.000916353368666023,0.9900113344192505,0.003736175363883376,0.533447265625,1.0,/kaggle/input/datasets/shuvroahmedimaging/ws2-eca/test_set/test_set/images/before/before-video-008/frame_0075.jpg,/kaggle/input/datasets/shuvroahmedimaging/ws2-eca/test_set/test_set/masks/before/before-video-008/frame_0075.jpg
before-video-008,frame_0076.jpg,strict_qmem_v1_reference_T1K2_lambda0p05,qmem,1,legacy,0.05,0.0,0.0,0.4012171035071798,0.5726694350260962,0.4540292376464903,0.7752449716348633,16554,9695,0.05511450720950961,0.004936987534165382,0.0008203336619772017,0.9906744360923767,0.0035906347911804914,0.539794921875,1.0,/kaggle/input/datasets/shuvroahmedimaging/ws2-eca/test_set/test_set/images/before/before-video-008/frame_0076.jpg,/kaggle/input/datasets/shuvroahmedimaging/ws2-eca/test_set/test_set/masks/before/before-video-008/frame_0076.jpg
before-video-008,frame_0077.jpg,strict_qmem_v1_reference_T1K2_lambda0p05,qmem,1,legacy,0.05,0.0,0.0,0.3561827139468402,0.5252724581782302,0.4106591865357644,0.7286300858529302,14260,8037,0.05511450720950961,0.005938871297985315,0.0008212206303142011,0.9898973107337952,0.0035436865873634815,0.54931640625,1.0,/kaggle/input/datasets/shuvroahmedimaging/ws2-eca/test_set/test_set/images/before/before-video-008/frame_0077.jpg,/kaggle/input/datasets/shuvroahmedimaging/ws2-eca/test_set/test_set/masks/before/before-video-008/frame_0077.jpg
before-video-008,frame_0078.jpg,strict_qmem_v1_reference_T1K2_lambda0p05,qmem,1,legacy,0.05,0.0,0.0,0.3781175585913022,0.5487449981811567,0.41086749285033364,0.8258965234054202,14686,7306,0.05511450720950961,0.0056682066060602665,0.000703946512658149,0.9904456734657288,0.0033018779940903187,0.550537109375,1.0,/kaggle/input/datasets/shuvroahmedimaging/ws2-eca/test_set/test_set/images/before/before-video-008/frame_0078.jpg,/kaggle/input/datasets/shuvroahmedimaging/ws2-eca/test_set/test_set/masks/before/before-video-008/frame_0078.jpg
before-video-008,frame_0079.jpg,strict_qmem_v1_reference_T1K2_lambda0p05,qmem,1,legacy,0.05,0.0,0.0,0.3659143710587454,0.5357793706718503,0.4442578912021491,0.6747934305824748,14890,9803,0.05511450720950961,0.005516855511814356,0.000646995147690177,0.9903723001480103,0.003279376309365034,0.559326171875,1.0,/kaggle/input/datasets/shuvroahmedimaging/ws2-eca/test_set/test_set/images/before/before-video-008/frame_0079.jpg,/kaggle/input/datasets/shuvroahmedimaging/ws2-eca/test_set/test_set/masks/before/before-video-008/frame_0079.jpg
before-video-008,frame_0080.jpg,strict_qmem_v1_reference_T1K2_lambda0p05,qmem,1,legacy,0.05,0.0,0.0,0.3936105476673428,0.564878829779492,0.48337277369535436,0.6794467787114846,16058,11424,0.05511450720950961,0.005628753453493118,0.0007269942434504628,0.9903416633605957,0.0034764327574521303,0.556640625,1.0,/kaggle/input/datasets/shuvroahmedimaging/ws2-eca/test_set/test_set/images/before/before-video-008/frame_0080.jpg,/kaggle/input/datasets/shuvroahmedimaging/ws2-eca/test_set/test_set/masks/before/before-video-008/frame_0080.jpg
before-video-008,frame_0081.jpg,strict_qmem_v1_reference_T1K2_lambda0p05,qmem,1,legacy,0.05,0.0,0.0,0.4547589755060955,0.6252018144076267,0.5773927861403011,0.6816429170159263,14084,11930,0.05511450720950961,0.0047266785986721516,0.0008084885193966329,0.9911450147628784,0.003577698487788439,0.543212890625,1.0,/kaggle/input/datasets/shuvroahmedimaging/ws2-eca/test_set/test_set/images/before/before-video-008/frame_0081.jpg,/kaggle/input/datasets/shuvroahmedimaging/ws2-eca/test_set/test_set/masks/before/before-video-008/frame_0081.jpg
before-video-008,frame_0082.jpg,strict_qmem_v1_reference_T1K2_lambda0p05,qmem,1,legacy,0.05,0.0,0.0,0.41617887465063547,0.5877490225283932,0.5502719286013108,0.6307040677695197,14342,12513,0.05511450720950961,0.005487335380166769,0.0007167761214077473,0.990256667137146,0.003498853649944067,0.54736328125,1.0,/kaggle/input/datasets/shuvroahmedimaging/ws2-eca/test_set/test_set/images/before/before-video-008/frame_0082.jpg,/kaggle/input/datasets/shuvroahmedimaging/ws2-eca/test_set/test_set/masks/before/before-video-008/frame_0082.jpg
before-video-008,frame_0083.jpg,strict_qmem_v1_reference_T1K2_lambda0p05,qmem,1,legacy,0.05,0.0,0.0,0.41044063991018803,0.5820034226131253,0.494354675140288,0.7074303405572755,14791,10336,0.05511450720950961,0.005215311422944069,0.0007945543038658798,0.9905922412872314,0.0035258058924227953,0.527099609375,1.0,/kaggle/input/datasets/shuvroahmedimaging/ws2-eca/test_set/test_set/images/before/before-video-008/frame_0083.jpg,/kaggle/input/datasets/shuvroahmedimaging/ws2-eca/test_set/test_set/masks/before/before-video-008/frame_0083.jpg
before-video-008,frame_0084.jpg,strict_qmem_v1_reference_T1K2_lambda0p05,qmem,1,legacy,0.05,0.0,0.0,0.35136690647482016,0.5200170357751278,0.3827886197977898,0.8106224066390042,12759,6025,0.05511450720950961,0.003812165930867195,0.0006488185026682913,0.9923907518386841,0.0033302921801805496,0.540283203125,1.0,/kaggle/input/datasets/shuvroahmedimaging/ws2-eca/test_set/test_set/images/before/before-video-008/frame_0084.jpg,/kaggle/input/datasets/shuvroahmedimaging/ws2-eca/test_set/test_set/masks/before/before-video-008/frame_0084.jpg
before-video-008,frame_0085.jpg,strict_qmem_v1_reference_T1K2_lambda0p05,qmem,1,legacy,0.05,0.0,0.0,0.399523736365033,0.5709424227454855,0.40718703515227433,0.9550128534704371,12773,5446,0.05511450720950961,0.004364926367998123,0.0007074144086800516,0.9924547672271729,0.0033413248602300882,0.619384765625,1.0,/kaggle/input/datasets/shuvroahmedimaging/ws2-eca/test_set/test_set/images/before/before-video-008/frame_0085.jpg,/kaggle/input/datasets/shuvroahmedimaging/ws2-eca/test_set/test_set/masks/before/before-video-008/frame_0085.jpg
before-video-008,frame_0086.jpg,strict_qmem_v1_reference_T1K2_lambda0p05,qmem,1,legacy,0.05,0.0,0.0,0.32939547761882787,0.4955567897806165,0.3430081691494474,0.8924731182795699,10405,3999,0.05511450720950961,0.005008717067539692,0.0005823572864755988,0.9921776056289673,0.0031251641921699047,0.67822265625,1.0,/kaggle/input/datasets/shuvroahmedimaging/ws2-eca/test_set/test_set/images/before/before-video-008/frame_0086.jpg,/kaggle/input/datasets/shuvroahmedimaging/ws2-eca/test_set/test_set/masks/before/before-video-008/frame_0086.jpg
before-video-008,frame_0087.jpg,strict_qmem_v1_reference_T1K2_lambda0p05,qmem,1,legacy,0.05,0.0,0.0,0.29787503162155327,0.45901958873404153,0.3193653376729048,0.8157256667821268,7374,2887,0.05511450720950961,0.0057733808644115925,0.0005527407047338784,0.9919105768203735,0.002864084206521511,0.69384765625,1.0,/kaggle/input/datasets/shuvroahmedimaging/ws2-eca/test_set/test_set/images/before/before-video-008/frame_0087.jpg,/kaggle/input/datasets/shuvroahmedimaging/ws2-eca/test_set/test_set/masks/before/before-video-008/frame_0087.jpg
before-video-008,frame_0088.jpg,strict_qmem_v1_reference_T1K2_lambda0p05,qmem,1,legacy,0.05,0.0,0.0,0.3466401194624191,0.5148222074369779,0.35690856908569085,0.9233625033147707,9756,3771,0.05511450720950961,0.005828564055263996,0.00037018698640167713,0.9920150637626648,0.002618204802274704,0.70947265625,1.0,/kaggle/input/datasets/shuvroahmedimaging/ws2-eca/test_set/test_set/images/before/before-video-008/frame_0088.jpg,/kaggle/input/datasets/shuvroahmedimaging/ws2-eca/test_set/test_set/masks/before/before-video-008/frame_0088.jpg
before-video-008,frame_0089.jpg,strict_qmem_v1_reference_T1K2_lambda0p05,qmem,1,legacy,0.05,0.0,0.0,0.3566306530261019,0.5257593910775953,0.36422224392149205,0.9447821681864235,10241,3948,0.05511450720950961,0.00579791609197855,0.0004078464407939464,0.9919585585594177,0.0027297078631818295,0.69970703125,1.0,/kaggle/input/datasets/shuvroahmedimaging/ws2-eca/test_set/test_set/images/before/before-video-008/frame_0089.jpg,/kaggle/input/datasets/shuvroahmedimaging/ws2-eca/test_set/test_set/masks/before/before-video-008/frame_0089.jpg
before-video-008,frame_0090.jpg,strict_qmem_v1_reference_T1K2_lambda0p05,qmem,1,legacy,0.05,0.0,0.0,0.24971138305241283,0.39963048498845266,0.26826243333746747,0.7831281679942071,8063,2762,0.05511450720950961,0.005413150414824486,0.0004047208931297064,0.9921784996986389,0.002767447615042329,0.68603515625,1.0,/kaggle/input/datasets/shuvroahmedimaging/ws2-eca/test_set/test_set/images/before/before-video-008/frame_0090.jpg,/kaggle/input/datasets/shuvroahmedimaging/ws2-eca/test_set/test_set/masks/before/before-video-008/frame_0090.jpg
before-video-008,frame_0091.jpg,strict_qmem_v1_reference_T1K2_lambda0p05,qmem,1,legacy,0.05,0.0,0.0,0.32935579472781157,0.49551188031680843,0.3558308055274688,0.8157233919258258,11868,5177,0.05511450720950961,0.006544928532093763,0.0003833110968116671,0.9909372329711914,0.002686088439077139,0.6845703125,1.0,/kaggle/input/datasets/shuvroahmedimaging/ws2-eca/test_set/test_set/images/before/before-video-008/frame_0091.jpg,/kaggle/input/datasets/shuvroahmedimaging/ws2-eca/test_set/test_set/masks/before/before-video-008/frame_0091.jpg
before-video-009,frame_0001.jpg,strict_qmem_v1_reference_T1K2_lambda0p05,qmem,1,legacy,0.05,0.0,0.0,0.33079695634761713,0.49714113752633166,0.3378323108384458,0.9407744874715261,9780,3512,0.05511450720950961,0.0,0.0,0.0,0.0,0.0,0.0,/kaggle/input/datasets/shuvroahmedimaging/ws2-eca/test_set/test_set/images/before/before-video-009/frame_0001.jpg,/kaggle/input/datasets/shuvroahmedimaging/ws2-eca/test_set/test_set/masks/before/before-video-009/frame_0001.jpg
before-video-009,frame_0002.jpg,strict_qmem_v1_reference_T1K2_lambda0p05,qmem,1,legacy,0.05,0.0,0.0,0.3153662894580107,0.47951098030337336,0.36145812000819166,0.7120763851533082,14649,7436,0.05511450720950961,0.009734982624650002,0.0005975730018690228,0.9872099757194519,0.0030117405112832785,0.649658203125,1.0,/kaggle/input/datasets/shuvroahmedimaging/ws2-eca/test_set/test_set/images/before/before-video-009/frame_0002.jpg,/kaggle/input/datasets/shuvroahmedimaging/ws2-eca/test_set/test_set/masks/before/before-video-009/frame_0002.jpg
before-video-009,frame_0003.jpg,strict_qmem_v1_reference_T1K2_lambda0p05,qmem,1,legacy,0.05,0.0,0.0,0.28384966988318944,0.44218521302266706,0.3530861077768652,0.5914285714285714,15829,9450,0.05511450720950961,0.005887734703719616,0.0006071319221518934,0.9900246262550354,0.0031941907946020365,0.53564453125,1.0,/kaggle/input/datasets/shuvroahmedimaging/ws2-eca/test_set/test_set/images/before/before-video-009/frame_0003.jpg,/kaggle/input/datasets/shuvroahmedimaging/ws2-eca/test_set/test_set/masks/before/before-video-009/frame_0003.jpg
before-video-009,frame_0004.jpg,strict_qmem_v1_reference_T1K2_lambda0p05,qmem,1,legacy,0.05,0.0,0.0,0.41425291416460613,0.5858257883234468,0.4829361198332218,0.7444259303340475,19427,12603,0.05511450720950961,0.0073183816857635975,0.000966403225902468,0.9876604080200195,0.0037133963778615,0.4921875,1.0,/kaggle/input/datasets/shuvroahmedimaging/ws2-eca/test_set/test_set/images/before/before-video-009/frame_0004.jpg,/kaggle/input/datasets/shuvroahmedimaging/ws2-eca/test_set/test_set/masks/before/before-video-009/frame_0004.jpg
before-video-009,frame_0005.jpg,strict_qmem_v1_reference_T1K2_lambda0p05,qmem,1,legacy,0.05,0.0,0.0,0.39472060010444854,0.5660210368655751,0.4493325406690807,0.7645760529703881,18503,10874,0.05511450720950961,0.006398462224751711,0.0009862734004855156,0.9880801439285278,0.003914584405720234,0.472900390625,1.0,/kaggle/input/datasets/shuvroahmedimaging/ws2-eca/test_set/test_set/images/before/before-video-009/frame_0005.jpg,/kaggle/input/datasets/shuvroahmedimaging/ws2-eca/test_set/test_set/masks/before/before-video-009/frame_0005.jpg
before-video-009,frame_0006.jpg,strict_qmem_v1_reference_T1K2_lambda0p05,qmem,1,legacy,0.05,0.0,0.0,0.40828098961671583,0.5798288731112324,0.47167715660866344,0.7523325853312862,13505,8467,0.05511450720950961,0.004906749818474054,0.0009427622426301241,0.9908822774887085,0.003750212024897337,0.538818359375,1.0,/kaggle/input/datasets/shuvroahmedimaging/ws2-eca/test_set/test_set/images/before/before-video-009/frame_0006.jpg,/kaggle/input/datasets/shuvroahmedimaging/ws2-eca/test_set/test_set/masks/before/before-video-009/frame_0006.jpg
before-video-009,frame_0007.jpg,strict_qmem_v1_reference_T1K2_lambda0p05,qmem,1,legacy,0.05,0.0,0.0,0.39751512810608985,0.5688884794324934,0.4635537872532092,0.7361707200762995,13321,8388,0.05511450720950961,0.006497515365481377,0.0007479437626898289,0.989789605140686,0.0034010810777544975,0.590576171875,1.0,/kaggle/input/datasets/shuvroahmedimaging/ws2-eca/test_set/test_set/images/before/before-video-009/frame_0007.jpg,/kaggle/input/datasets/shuvroahmedimaging/ws2-eca/test_set/test_set/masks/before/before-video-009/frame_0007.jpg
before-video-009,frame_0008.jpg,strict_qmem_v1_reference_T1K2_lambda0p05,qmem,1,legacy,0.05,0.0,0.0,0.39445149382858463,0.5657443024361997,0.4965151735153187,0.6574065173507642,13774,10403,0.05511450720950961,0.007058999035507441,0.0007299595163203776,0.9888462424278259,0.0032512559555470943,0.572509765625,1.0,/kaggle/input/datasets/shuvroahmedimaging/ws2-eca/test_set/test_set/images/before/before-video-009/frame_0008.jpg,/kaggle/input/datasets/shuvroahmedimaging/ws2-eca/test_set/test_set/masks/before/before-video-009/frame_0008.jpg
before-video-009,frame_0009.jpg,strict_qmem_v1_reference_T1K2_lambda0p05,qmem,1,legacy,0.05,0.0,0.0,0.434100273135503,0.6053973787849442,0.550972442564193,0.6717529909019271,17019,13959,0.05511450720950961,0.007070802617818117,0.0009720676462166011,0.9884929060935974,0.0035913288593292236,0.51708984375,1.0,/kaggle/input/datasets/shuvroahmedimaging/ws2-eca/test_set/test_set/images/before/before-video-009/frame_0009.jpg,/kaggle/input/datasets/shuvroahmedimaging/ws2-eca/test_set/test_set/masks/before/before-video-009/frame_0009.jpg
before-video-009,frame_0010.jpg,strict_qmem_v1_reference_T1K2_lambda0p05,qmem,1,legacy,0.05,0.0,0.0,0.4695124236405202,0.639004361021142,0.5858037968764612,0.7028330995792427,21386,17825,0.05511450720950961,0.008049080148339272,0.0009403782896697521,0.9871565103530884,0.003697654465213418,0.51513671875,1.0,/kaggle/input/datasets/shuvroahmedimaging/ws2-eca/test_set/test_set/images/before/before-video-009/frame_0010.jpg,/kaggle/input/datasets/shuvroahmedimaging/ws2-eca/test_set/test_set/masks/before/before-video-009/frame_0010.jpg
before-video-009,frame_0011.jpg,strict_qmem_v1_reference_T1K2_lambda0p05,qmem,1,legacy,0.05,0.0,0.0,0.5351186540298288,0.6971691114886692,0.6309064922690458,0.7789839572192513,23089,18700,0.05511450720950961,0.006291575729846954,0.001024109311401844,0.9883638620376587,0.0039637088775634766,0.497314453125,1.0,/kaggle/input/datasets/shuvroahmedimaging/ws2-eca/test_set/test_set/images/before/before-video-009/frame_0011.jpg,/kaggle/input/datasets/shuvroahmedimaging/ws2-eca/test_set/test_set/masks/before/before-video-009/frame_0011.jpg
before-video-009,frame_0012.jpg,strict_qmem_v1_reference_T1K2_lambda0p05,qmem,1,legacy,0.05,0.0,0.0,0.49616624553454736,0.6632501528695804,0.5898591257509841,0.7574991686065846,19308,15035,0.05511450720950961,0.0059333667159080505,0.0008527924073860049,0.9889901876449585,0.003716954728588462,0.510986328125,1.0,/kaggle/input/datasets/shuvroahmedimaging/ws2-eca/test_set/test_set/images/before/before-video-009/frame_0012.jpg,/kaggle/input/datasets/shuvroahmedimaging/ws2-eca/test_set/test_set/masks/before/before-video-009/frame_0012.jpg
before-video-009,frame_0013.jpg,strict_qmem_v1_reference_T1K2_lambda0p05,qmem,1,legacy,0.05,0.0,0.0,0.5124892744780246,0.6776765734816729,0.581858526817124,0.8112737699969816,18477,13252,0.05511450720950961,0.00606687692925334,0.0009065900230780244,0.9893250465393066,0.0036443888675421476,0.566162109375,1.0,/kaggle/input/datasets/shuvroahmedimaging/ws2-eca/test_set/test_set/images/before/before-video-009/frame_0013.jpg,/kaggle/input/datasets/shuvroahmedimaging/ws2-eca/test_set/test_set/masks/before/before-video-009/frame_0013.jpg
before-video-009,frame_0014.jpg,strict_qmem_v1_reference_T1K2_lambda0p05,qmem,1,legacy,0.05,0.0,0.0,0.4804105899690025,0.6490234442041671,0.5187664618086041,0.8666238885324045,18224,10909,0.05511450720950961,0.005678354762494564,0.0009524946799501777,0.9899116158485413,0.003654755186289549,0.568115234375,1.0,/kaggle/input/datasets/shuvroahmedimaging/ws2-eca/test_set/test_set/images/before/before-video-009/frame_0014.jpg,/kaggle/input/datasets/shuvroahmedimaging/ws2-eca/test_set/test_set/masks/before/before-video-009/frame_0014.jpg
before-video-010,frame_0001.jpg,strict_qmem_v1_reference_T1K2_lambda0p05,qmem,1,legacy,0.05,0.0,0.0,0.413549608555493,0.5851221719457014,0.48774894387447193,0.7310719131614654,16570,11055,0.05511450720950961,0.0,0.0,0.0,0.0,0.0,0.0,/kaggle/input/datasets/shuvroahmedimaging/ws2-eca/test_set/test_set/images/before/before-video-010/frame_0001.jpg,/kaggle/input/datasets/shuvroahmedimaging/ws2-eca/test_set/test_set/masks/before/before-video-010/frame_0001.jpg
before-video-010,frame_0002.jpg,strict_qmem_v1_reference_T1K2_lambda0p05,qmem,1,legacy,0.05,0.0,0.0,0.4753248142009303,0.6443663247925199,0.5511811023622047,0.7754710397766923,16129,11464,0.05511450720950961,0.005093581508845091,0.0006548719247803092,0.9906968474388123,0.0033648971002548933,0.5458984375,1.0,/kaggle/input/datasets/shuvroahmedimaging/ws2-eca/test_set/test_set/images/before/before-video-010/frame_0002.jpg,/kaggle/input/datasets/shuvroahmedimaging/ws2-eca/test_set/test_set/masks/before/before-video-010/frame_0002.jpg
before-video-010,frame_0003.jpg,strict_qmem_v1_reference_T1K2_lambda0p05,qmem,1,legacy,0.05,0.0,0.0,0.35121487554208997,0.5198505165970543,0.39123817086890345,0.7744301807702384,15111,7634,0.05511450720950961,0.006085330154746771,0.0007026022649370134,0.9903246164321899,0.0032624818850308657,0.596435546875,1.0,/kaggle/input/datasets/shuvroahmedimaging/ws2-eca/test_set/test_set/images/before/before-video-010/frame_0003.jpg,/kaggle/input/datasets/shuvroahmedimaging/ws2-eca/test_set/test_set/masks/before/before-video-010/frame_0003.jpg
before-video-010,frame_0004.jpg,strict_qmem_v1_reference_T1K2_lambda0p05,qmem,1,legacy,0.05,0.0,0.0,0.3623893545928835,0.5319908781894066,0.382810081119574,0.8716864072194022,16149,7092,0.05511450720950961,0.0065113455057144165,0.0007211672491393983,0.9894286394119263,0.0032542110420763493,0.578369140625,1.0,/kaggle/input/datasets/shuvroahmedimaging/ws2-eca/test_set/test_set/images/before/before-video-010/frame_0004.jpg,/kaggle/input/datasets/shuvroahmedimaging/ws2-eca/test_set/test_set/masks/before/before-video-010/frame_0004.jpg
before-video-010,frame_0005.jpg,strict_qmem_v1_reference_T1K2_lambda0p05,qmem,1,legacy,0.05,0.0,0.0,0.2648456771554058,0.41877943205061124,0.2694332231607296,0.9395944503735325,16338,4685,0.05511450720950961,0.006184593308717012,0.000753378146328032,0.9894545078277588,0.0033710577990859747,0.5322265625,1.0,/kaggle/input/datasets/shuvroahmedimaging/ws2-eca/test_set/test_set/images/before/before-video-010/frame_0005.jpg,/kaggle/input/datasets/shuvroahmedimaging/ws2-eca/test_set/test_set/masks/before/before-video-010/frame_0005.jpg
before-video-010,frame_0006.jpg,strict_qmem_v1_reference_T1K2_lambda0p05,qmem,1,legacy,0.05,0.0,0.0,0.24779546665088478,0.39717321191424776,0.2507786296118831,0.9541932543299909,16696,4388,0.05511450720950961,0.006687203422188759,0.0006788024911656976,0.9889253377914429,0.00328564690425992,0.54345703125,1.0,/kaggle/input/datasets/shuvroahmedimaging/ws2-eca/test_set/test_set/images/before/before-video-010/frame_0006.jpg,/kaggle/input/datasets/shuvroahmedimaging/ws2-eca/test_set/test_set/masks/before/before-video-010/frame_0006.jpg
before-video-010,frame_0007.jpg,strict_qmem_v1_reference_T1K2_lambda0p05,qmem,1,legacy,0.05,0.0,0.0,0.227329064242925,0.37044517377766556,0.23021808482819936,0.9476856835306782,19121,4645,0.05511450720950961,0.006895960308611393,0.0007274728850461543,0.9887314438819885,0.003422906156629324,0.527587890625,1.0,/kaggle/input/datasets/shuvroahmedimaging/ws2-eca/test_set/test_set/images/before/before-video-010/frame_0007.jpg,/kaggle/input/datasets/shuvroahmedimaging/ws2-eca/test_set/test_set/masks/before/before-video-010/frame_0007.jpg
before-video-010,frame_0008.jpg,strict_qmem_v1_reference_T1K2_lambda0p05,qmem,1,legacy,0.05,0.0,0.0,0.2511523266022827,0.4014736195780887,0.25880689850155497,0.8946442533229085,17685,5116,0.05511450720950961,0.006416487041860819,0.0008103644358925521,0.9888394474983215,0.0035671459045261145,0.48583984375,1.0,/kaggle/input/datasets/shuvroahmedimaging/ws2-eca/test_set/test_set/images/before/before-video-010/frame_0008.jpg,/kaggle/input/datasets/shuvroahmedimaging/ws2-eca/test_set/test_set/masks/before/before-video-010/frame_0008.jpg
before-video-010,frame_0009.jpg,strict_qmem_v1_reference_T1K2_lambda0p05,qmem,1,legacy,0.05,0.0,0.0,0.3829369531074714,0.5538024741431758,0.39895979429640016,0.9050775553493305,17112,7543,0.05511450720950961,0.007532533258199692,0.0009852449875324965,0.987256646156311,0.003702558344230056,0.463623046875,1.0,/kaggle/input/datasets/shuvroahmedimaging/ws2-eca/test_set/test_set/images/before/before-video-010/frame_0009.jpg,/kaggle/input/datasets/shuvroahmedimaging/ws2-eca/test_set/test_set/masks/before/before-video-010/frame_0009.jpg
before-video-010,frame_0010.jpg,strict_qmem_v1_reference_T1K2_lambda0p05,qmem,1,legacy,0.05,0.0,0.0,0.47598488936859146,0.6449725776965265,0.4926342246736019,0.9337038507344184,14323,7557,0.05511450720950961,0.00652669882401824,0.0006710232119075954,0.9889944195747375,0.0033548870123922825,0.521728515625,1.0,/kaggle/input/datasets/shuvroahmedimaging/ws2-eca/test_set/test_set/images/before/before-video-010/frame_0010.jpg,/kaggle/input/datasets/shuvroahmedimaging/ws2-eca/test_set/test_set/masks/before/before-video-010/frame_0010.jpg
before-video-010,frame_0011.jpg,strict_qmem_v1_reference_T1K2_lambda0p05,qmem,1,legacy,0.05,0.0,0.0,0.4367853642600457,0.6080036380172806,0.45623613717795597,0.9110732538330494,11722,5870,0.05511450720950961,0.005331236869096756,0.0006300473469309509,0.9909207224845886,0.0032615051604807377,0.63623046875,1.0,/kaggle/input/datasets/shuvroahmedimaging/ws2-eca/test_set/test_set/images/before/before-video-010/frame_0011.jpg,/kaggle/input/datasets/shuvroahmedimaging/ws2-eca/test_set/test_set/masks/before/before-video-010/frame_0011.jpg
before-video-011,frame_0001.jpg,strict_qmem_v1_reference_T1K2_lambda0p05,qmem,1,legacy,0.05,0.0,0.0,0.42567193554339133,0.5971527178602243,0.44271732872769143,0.9170531336955081,15633,7547,0.05511450720950961,0.0,0.0,0.0,0.0,0.0,0.0,/kaggle/input/datasets/shuvroahmedimaging/ws2-eca/test_set/test_set/images/before/before-video-011/frame_0001.jpg,/kaggle/input/datasets/shuvroahmedimaging/ws2-eca/test_set/test_set/masks/before/before-video-011/frame_0001.jpg
before-video-011,frame_0002.jpg,strict_qmem_v1_reference_T1K2_lambda0p05,qmem,1,legacy,0.05,0.0,0.0,0.3107659154170782,0.47417454445814494,0.3254654880571751,0.8731079717457114,10634,3964,0.05511450720950961,0.007216864265501499,0.0008530258783139288,0.9886748790740967,0.003471584524959326,0.54931640625,1.0,/kaggle/input/datasets/shuvroahmedimaging/ws2-eca/test_set/test_set/images/before/before-video-011/frame_0002.jpg,/kaggle/input/datasets/shuvroahmedimaging/ws2-eca/test_set/test_set/masks/before/before-video-011/frame_0002.jpg
before-video-011,frame_0003.jpg,strict_qmem_v1_reference_T1K2_lambda0p05,qmem,1,legacy,0.05,0.0,0.0,0.35009192476311696,0.5186193893049809,0.38406640291676364,0.7982908739116414,12891,6202,0.05511450720950961,0.00609214510768652,0.0006704133120365441,0.9901246428489685,0.0031482551712542772,0.609619140625,1.0,/kaggle/input/datasets/shuvroahmedimaging/ws2-eca/test_set/test_set/images/before/before-video-011/frame_0003.jpg,/kaggle/input/datasets/shuvroahmedimaging/ws2-eca/test_set/test_set/masks/before/before-video-011/frame_0003.jpg
before-video-011,frame_0004.jpg,strict_qmem_v1_reference_T1K2_lambda0p05,qmem,1,legacy,0.05,0.0,0.0,0.4160985841636078,0.5876689501944085,0.46008001391546355,0.8131789301086289,17247,9758,0.05511450720950961,0.007129599805921316,0.0007752226083539426,0.9886521697044373,0.0034166714176535606,0.57958984375,1.0,/kaggle/input/datasets/shuvroahmedimaging/ws2-eca/test_set/test_set/images/before/before-video-011/frame_0004.jpg,/kaggle/input/datasets/shuvroahmedimaging/ws2-eca/test_set/test_set/masks/before/before-video-011/frame_0004.jpg
before-video-011,frame_0005.jpg,strict_qmem_v1_reference_T1K2_lambda0p05,qmem,1,legacy,0.05,0.0,0.0,0.5512347696185985,0.710704505100966,0.5778604286972693,0.9228604923798359,20434,12795,0.05511450720950961,0.006472237408161163,0.0008040260872803628,0.9887948036193848,0.0035837122704833746,0.53369140625,1.0,/kaggle/input/datasets/shuvroahmedimaging/ws2-eca/test_set/test_set/images/before/before-video-011/frame_0005.jpg,/kaggle/input/datasets/shuvroahmedimaging/ws2-eca/test_set/test_set/masks/before/before-video-011/frame_0005.jpg
before-video-011,frame_0006.jpg,strict_qmem_v1_reference_T1K2_lambda0p05,qmem,1,legacy,0.05,0.0,0.0,0.5759314890373493,0.7309092978263344,0.6103007554520834,0.910928302957237,21047,14101,0.05511450720950961,0.006011576391756535,0.0010514641180634499,0.9891292452812195,0.003866637824103236,0.521240234375,1.0,/kaggle/input/datasets/shuvroahmedimaging/ws2-eca/test_set/test_set/images/before/before-video-011/frame_0006.jpg,/kaggle/input/datasets/shuvroahmedimaging/ws2-eca/test_set/test_set/masks/before/before-video-011/frame_0006.jpg
before-video-011,frame_0007.jpg,strict_qmem_v1_reference_T1K2_lambda0p05,qmem,1,legacy,0.05,0.0,0.0,0.5554157999129214,0.7141701915899478,0.599342242639382,0.8834256694367497,19156,12996,0.05511450720950961,0.005816216580569744,0.0008828800637274981,0.9893659353256226,0.0037273422349244356,0.536376953125,1.0,/kaggle/input/datasets/shuvroahmedimaging/ws2-eca/test_set/test_set/images/before/before-video-011/frame_0007.jpg,/kaggle/input/datasets/shuvroahmedimaging/ws2-eca/test_set/test_set/masks/before/before-video-011/frame_0007.jpg
before-video-011,frame_0008.jpg,strict_qmem_v1_reference_T1K2_lambda0p05,qmem,1,legacy,0.05,0.0,0.0,0.5248415716096324,0.68838833014712,0.5871260456543315,0.831860184813178,14106,9956,0.05511450720950961,0.004719349090009928,0.0007653918582946062,0.9911733865737915,0.00350117776542902,0.580810546875,1.0,/kaggle/input/datasets/shuvroahmedimaging/ws2-eca/test_set/test_set/images/before/before-video-011/frame_0008.jpg,/kaggle/input/datasets/shuvroahmedimaging/ws2-eca/test_set/test_set/masks/before/before-video-011/frame_0008.jpg
before-video-011,frame_0009.jpg,strict_qmem_v1_reference_T1K2_lambda0p05,qmem,1,legacy,0.05,0.0,0.0,0.434828797907984,0.606105478983939,0.5340760815015557,0.7005924950625412,9963,7595,0.05511450720950961,0.0051476191729307175,0.0005406375858001411,0.9916924834251404,0.003109721699729562,0.660400390625,1.0,/kaggle/input/datasets/shuvroahmedimaging/ws2-eca/test_set/test_set/images/before/before-video-011/frame_0009.jpg,/kaggle/input/datasets/shuvroahmedimaging/ws2-eca/test_set/test_set/masks/before/before-video-011/frame_0009.jpg
before-video-011,frame_0010.jpg,strict_qmem_v1_reference_T1K2_lambda0p05,qmem,1,legacy,0.05,0.0,0.0,0.38706749858196254,0.558109102805267,0.4990127970749543,0.6330828462751646,13675,10779,0.05511450720950961,0.008430666290223598,0.0005486785667017102,0.9885053038597107,0.003037119284272194,0.65673828125,1.0,/kaggle/input/datasets/shuvroahmedimaging/ws2-eca/test_set/test_set/images/before/before-video-011/frame_0010.jpg,/kaggle/input/datasets/shuvroahmedimaging/ws2-eca/test_set/test_set/masks/before/before-video-011/frame_0010.jpg
before-video-011,frame_0011.jpg,strict_qmem_v1_reference_T1K2_lambda0p05,qmem,1,legacy,0.05,0.0,0.0,0.3880355247723845,0.5591146881287726,0.489087580963109,0.6525455570167199,14204,10646,0.05511450720950961,0.00615762360394001,0.0006501275929622352,0.989984393119812,0.003149991389364004,0.595703125,1.0,/kaggle/input/datasets/shuvroahmedimaging/ws2-eca/test_set/test_set/images/before/before-video-011/frame_0011.jpg,/kaggle/input/datasets/shuvroahmedimaging/ws2-eca/test_set/test_set/masks/before/before-video-011/frame_0011.jpg
before-video-011,frame_0012.jpg,strict_qmem_v1_reference_T1K2_lambda0p05,qmem,1,legacy,0.05,0.0,0.0,0.39578184214862416,0.5671113209774525,0.48890698147771217,0.6750983698707139,14739,10674,0.05511450720950961,0.006182923447340727,0.0005387121345847845,0.990226686000824,0.003119570203125477,0.588623046875,1.0,/kaggle/input/datasets/shuvroahmedimaging/ws2-eca/test_set/test_set/images/before/before-video-011/frame_0012.jpg,/kaggle/input/datasets/shuvroahmedimaging/ws2-eca/test_set/test_set/masks/before/before-video-011/frame_0012.jpg
before-video-011,frame_0013.jpg,strict_qmem_v1_reference_T1K2_lambda0p05,qmem,1,legacy,0.05,0.0,0.0,0.387273335004596,0.5583230430985152,0.443620178041543,0.7530262409618979,20894,12309,0.05511450720950961,0.008304480463266373,0.000947719847317785,0.9878151416778564,0.0035827630199491978,0.60107421875,1.0,/kaggle/input/datasets/shuvroahmedimaging/ws2-eca/test_set/test_set/images/before/before-video-011/frame_0013.jpg,/kaggle/input/datasets/shuvroahmedimaging/ws2-eca/test_set/test_set/masks/before/before-video-011/frame_0013.jpg
before-video-011,frame_0014.jpg,strict_qmem_v1_reference_T1K2_lambda0p05,qmem,1,legacy,0.05,0.0,0.0,0.5506904820970809,0.7102519664044794,0.5853219072731268,0.9029830508474577,22755,14750,0.05511450720950961,0.008520958945155144,0.0010236861417070031,0.986631453037262,0.004016222432255745,0.510009765625,1.0,/kaggle/input/datasets/shuvroahmedimaging/ws2-eca/test_set/test_set/images/before/before-video-011/frame_0014.jpg,/kaggle/input/datasets/shuvroahmedimaging/ws2-eca/test_set/test_set/masks/before/before-video-011/frame_0014.jpg
before-video-012,frame_0001.jpg,strict_qmem_v1_reference_T1K2_lambda0p05,qmem,1,legacy,0.05,0.0,0.0,0.47683015724252836,0.6457481314342124,0.5270791366906474,0.8333788333788333,17375,10989,0.05511450720950961,0.0,0.0,0.0,0.0,0.0,0.0,/kaggle/input/datasets/shuvroahmedimaging/ws2-eca/test_set/test_set/images/before/before-video-012/frame_0001.jpg,/kaggle/input/datasets/shuvroahmedimaging/ws2-eca/test_set/test_set/masks/before/before-video-012/frame_0001.jpg
before-video-012,frame_0002.jpg,strict_qmem_v1_reference_T1K2_lambda0p05,qmem,1,legacy,0.05,0.0,0.0,0.42276565029091384,0.5942871198843895,0.46731141199226306,0.8160094570632441,20680,11843,0.05511450720950961,0.008807135745882988,0.001026941929012537,0.9862421751022339,0.0037074692081660032,0.56103515625,1.0,/kaggle/input/datasets/shuvroahmedimaging/ws2-eca/test_set/test_set/images/before/before-video-012/frame_0002.jpg,/kaggle/input/datasets/shuvroahmedimaging/ws2-eca/test_set/test_set/masks/before/before-video-012/frame_0002.jpg
before-video-012,frame_0003.jpg,strict_qmem_v1_reference_T1K2_lambda0p05,qmem,1,legacy,0.05,0.0,0.0,0.39388204000204613,0.5651583544350252,0.4075799280118569,0.9213832715089146,18892,8357,0.05511450720950961,0.00690749054774642,0.0009969297097995877,0.987846851348877,0.0037845829501748085,0.528564453125,1.0,/kaggle/input/datasets/shuvroahmedimaging/ws2-eca/test_set/test_set/images/before/before-video-012/frame_0003.jpg,/kaggle/input/datasets/shuvroahmedimaging/ws2-eca/test_set/test_set/masks/before/before-video-012/frame_0003.jpg
before-video-012,frame_0004.jpg,strict_qmem_v1_reference_T1K2_lambda0p05,qmem,1,legacy,0.05,0.0,0.0,0.37584124245038825,0.5463439106986078,0.4186247657488828,0.7862106308094937,20811,11081,0.05511450720950961,0.006893896497786045,0.0007861341582611203,0.9879994988441467,0.0035989955067634583,0.5400390625,1.0,/kaggle/input/datasets/shuvroahmedimaging/ws2-eca/test_set/test_set/images/before/before-video-012/frame_0004.jpg,/kaggle/input/datasets/shuvroahmedimaging/ws2-eca/test_set/test_set/masks/before/before-video-012/frame_0004.jpg
before-video-012,frame_0005.jpg,strict_qmem_v1_reference_T1K2_lambda0p05,qmem,1,legacy,0.05,0.0,0.0,0.35378889856679074,0.5226647949932737,0.420438505693046,0.6905718701700154,21254,12940,0.05511450720950961,0.006836841348558664,0.0008878993685357273,0.9880682229995728,0.0037698172964155674,0.518310546875,1.0,/kaggle/input/datasets/shuvroahmedimaging/ws2-eca/test_set/test_set/images/before/before-video-012/frame_0005.jpg,/kaggle/input/datasets/shuvroahmedimaging/ws2-eca/test_set/test_set/masks/before/before-video-012/frame_0005.jpg
before-video-012,frame_0006.jpg,strict_qmem_v1_reference_T1K2_lambda0p05,qmem,1,legacy,0.05,0.0,0.0,0.34431009347397307,0.5122480224547078,0.4132997066241186,0.6734882160530068,19429,11923,0.05511450720950961,0.006663214415311813,0.0008488699095323682,0.98842853307724,0.0036719455383718014,0.517333984375,1.0,/kaggle/input/datasets/shuvroahmedimaging/ws2-eca/test_set/test_set/images/before/before-video-012/frame_0006.jpg,/kaggle/input/datasets/shuvroahmedimaging/ws2-eca/test_set/test_set/masks/before/before-video-012/frame_0006.jpg
before-video-012,frame_0007.jpg,strict_qmem_v1_reference_T1K2_lambda0p05,qmem,1,legacy,0.05,0.0,0.0,0.35099307371221505,0.5196075102706006,0.4173666412130468,0.6881913841172768,18334,11119,0.05511450720950961,0.0056111798621714115,0.0008210858213715255,0.990077793598175,0.0036011063493788242,0.528564453125,1.0,/kaggle/input/datasets/shuvroahmedimaging/ws2-eca/test_set/test_set/images/before/before-video-012/frame_0007.jpg,/kaggle/input/datasets/shuvroahmedimaging/ws2-eca/test_set/test_set/masks/before/before-video-012/frame_0007.jpg
before-video-012,frame_0008.jpg,strict_qmem_v1_reference_T1K2_lambda0p05,qmem,1,legacy,0.05,0.0,0.0,0.39173171436831455,0.5629414208558371,0.44989209230258426,0.7518727457689818,18071,10813,0.05511450720950961,0.0059240106493234634,0.0007804821361787617,0.9900693893432617,0.0034578663762658834,0.531494140625,1.0,/kaggle/input/datasets/shuvroahmedimaging/ws2-eca/test_set/test_set/images/before/before-video-012/frame_0008.jpg,/kaggle/input/datasets/shuvroahmedimaging/ws2-eca/test_set/test_set/masks/before/before-video-012/frame_0008.jpg
before-video-012,frame_0009.jpg,strict_qmem_v1_reference_T1K2_lambda0p05,qmem,1,legacy,0.05,0.0,0.0,0.33552044512099105,0.5024564713280667,0.3718008375988832,0.7746939764876984,17192,8251,0.05511450720950961,0.007609499618411064,0.0007441870402544737,0.9885426759719849,0.003435201244428754,0.536865234375,1.0,/kaggle/input/datasets/shuvroahmedimaging/ws2-eca/test_set/test_set/images/before/before-video-012/frame_0009.jpg,/kaggle/input/datasets/shuvroahmedimaging/ws2-eca/test_set/test_set/masks/before/before-video-012/frame_0009.jpg
before-video-012,frame_0010.jpg,strict_qmem_v1_reference_T1K2_lambda0p05,qmem,1,legacy,0.05,0.0,0.0,0.29631079361972795,0.4571601117234091,0.3300632221495531,0.743432359440216,18348,8146,0.05511450720950961,0.008602352812886238,0.0007904422818683088,0.9869178533554077,0.0034539448097348213,0.518798828125,1.0,/kaggle/input/datasets/shuvroahmedimaging/ws2-eca/test_set/test_set/images/before/before-video-012/frame_0010.jpg,/kaggle/input/datasets/shuvroahmedimaging/ws2-eca/test_set/test_set/masks/before/before-video-012/frame_0010.jpg
before-video-012,frame_0011.jpg,strict_qmem_v1_reference_T1K2_lambda0p05,qmem,1,legacy,0.05,0.0,0.0,0.3744972028295344,0.5449224662787178,0.4330856012404427,0.7346272446943588,18703,11026,0.05511450720950961,0.007578122429549694,0.000789437151979655,0.9876826405525208,0.003539065131917596,0.50732421875,1.0,/kaggle/input/datasets/shuvroahmedimaging/ws2-eca/test_set/test_set/images/before/before-video-012/frame_0011.jpg,/kaggle/input/datasets/shuvroahmedimaging/ws2-eca/test_set/test_set/masks/before/before-video-012/frame_0011.jpg
before-video-012,frame_0012.jpg,strict_qmem_v1_reference_T1K2_lambda0p05,qmem,1,legacy,0.05,0.0,0.0,0.4136030994403788,0.5851757110664474,0.47934544003192975,0.7509770204783492,20044,12794,0.05511450720950961,0.006855488754808903,0.0007875495357438922,0.988487720489502,0.0036267901305109262,0.51025390625,1.0,/kaggle/input/datasets/shuvroahmedimaging/ws2-eca/test_set/test_set/images/before/before-video-012/frame_0012.jpg,/kaggle/input/datasets/shuvroahmedimaging/ws2-eca/test_set/test_set/masks/before/before-video-012/frame_0012.jpg
before-video-012,frame_0013.jpg,strict_qmem_v1_reference_T1K2_lambda0p05,qmem,1,legacy,0.05,0.0,0.0,0.4436810326879034,0.6146524372656476,0.5053834843238628,0.7842054905424303,21083,13587,0.05511450720950961,0.006072841584682465,0.0007966525154188275,0.9892032146453857,0.003612387925386429,0.531005859375,1.0,/kaggle/input/datasets/shuvroahmedimaging/ws2-eca/test_set/test_set/images/before/before-video-012/frame_0013.jpg,/kaggle/input/datasets/shuvroahmedimaging/ws2-eca/test_set/test_set/masks/before/before-video-012/frame_0013.jpg
before-video-012,frame_0014.jpg,strict_qmem_v1_reference_T1K2_lambda0p05,qmem,1,legacy,0.05,0.0,0.0,0.4738132382438155,0.6429759564494179,0.5214362797998626,0.8383941951257986,20386,12679,0.05511450720950961,0.004496879875659943,0.000921506027225405,0.9908897280693054,0.003713345155119896,0.549072265625,1.0,/kaggle/input/datasets/shuvroahmedimaging/ws2-eca/test_set/test_set/images/before/before-video-012/frame_0014.jpg,/kaggle/input/datasets/shuvroahmedimaging/ws2-eca/test_set/test_set/masks/before/before-video-012/frame_0014.jpg
before-video-012,frame_0015.jpg,strict_qmem_v1_reference_T1K2_lambda0p05,qmem,1,legacy,0.05,0.0,0.0,0.5174052322477309,0.6819605221491151,0.5619274034558738,0.8672035794183445,17246,11175,0.05511450720950961,0.004300856031477451,0.0010349766816943884,0.9914419054985046,0.0037150641437619925,0.57568359375,1.0,/kaggle/input/datasets/shuvroahmedimaging/ws2-eca/test_set/test_set/images/before/before-video-012/frame_0015.jpg,/kaggle/input/datasets/shuvroahmedimaging/ws2-eca/test_set/test_set/masks/before/before-video-012/frame_0015.jpg
before-video-012,frame_0016.jpg,strict_qmem_v1_reference_T1K2_lambda0p05,qmem,1,legacy,0.05,0.0,0.0,0.40555270582200564,0.5770722138588568,0.4532750465816253,0.793899836826911,13954,7967,0.05511450720950961,0.004305939190089703,0.0006431058282032609,0.9917283058166504,0.003293973859399557,0.5732421875,1.0,/kaggle/input/datasets/shuvroahmedimaging/ws2-eca/test_set/test_set/images/before/before-video-012/frame_0016.jpg,/kaggle/input/datasets/shuvroahmedimaging/ws2-eca/test_set/test_set/masks/before/before-video-012/frame_0016.jpg
before-video-012,frame_0017.jpg,strict_qmem_v1_reference_T1K2_lambda0p05,qmem,1,legacy,0.05,0.0,0.0,0.32265890344492965,0.48789435069699194,0.34908136482939633,0.8099878197320342,15240,6568,0.05511450720950961,0.00461922911927104,0.0007455453160218894,0.9914615750312805,0.0032704570330679417,0.5908203125,1.0,/kaggle/input/datasets/shuvroahmedimaging/ws2-eca/test_set/test_set/images/before/before-video-012/frame_0017.jpg,/kaggle/input/datasets/shuvroahmedimaging/ws2-eca/test_set/test_set/masks/before/before-video-012/frame_0017.jpg
before-video-012,frame_0018.jpg,strict_qmem_v1_reference_T1K2_lambda0p05,qmem,1,legacy,0.05,0.0,0.0,0.2864401038726431,0.44532209935053535,0.30527645749353227,0.8227663369547592,16621,6167,0.05511450720950961,0.005475951824337244,0.0006653793388977647,0.9904848337173462,0.003228576621040702,0.570556640625,1.0,/kaggle/input/datasets/shuvroahmedimaging/ws2-eca/test_set/test_set/images/before/before-video-012/frame_0018.jpg,/kaggle/input/datasets/shuvroahmedimaging/ws2-eca/test_set/test_set/masks/before/before-video-012/frame_0018.jpg
before-video-012,frame_0019.jpg,strict_qmem_v1_reference_T1K2_lambda0p05,qmem,1,legacy,0.05,0.0,0.0,0.29291237748116045,0.4531047619047619,0.32515035538545656,0.7471105527638191,18290,7960,0.05511450720950961,0.005329980049282312,0.0009188466938212514,0.9905089139938354,0.0036100426223129034,0.52734375,1.0,/kaggle/input/datasets/shuvroahmedimaging/ws2-eca/test_set/test_set/images/before/before-video-012/frame_0019.jpg,/kaggle/input/datasets/shuvroahmedimaging/ws2-eca/test_set/test_set/masks/before/before-video-012/frame_0019.jpg
before-video-012,frame_0020.jpg,strict_qmem_v1_reference_T1K2_lambda0p05,qmem,1,legacy,0.05,0.0,0.0,0.3444344818752402,0.5123856707317073,0.35535879476675036,0.9180607715944008,22701,8787,0.05511450720950961,0.005247625522315502,0.0008023430709727108,0.9901843070983887,0.003630612976849079,0.50390625,1.0,/kaggle/input/datasets/shuvroahmedimaging/ws2-eca/test_set/test_set/images/before/before-video-012/frame_0020.jpg,/kaggle/input/datasets/shuvroahmedimaging/ws2-eca/test_set/test_set/masks/before/before-video-012/frame_0020.jpg
before-video-012,frame_0021.jpg,strict_qmem_v1_reference_T1K2_lambda0p05,qmem,1,legacy,0.05,0.0,0.0,0.32820775670596275,0.4942114741445845,0.343234913119221,0.8823056608106556,22387,8709,0.05511450720950961,0.005162511020898819,0.0008244203054346144,0.9902478456497192,0.003589802188798785,0.49462890625,1.0,/kaggle/input/datasets/shuvroahmedimaging/ws2-eca/test_set/test_set/images/before/before-video-012/frame_0021.jpg,/kaggle/input/datasets/shuvroahmedimaging/ws2-eca/test_set/test_set/masks/before/before-video-012/frame_0021.jpg
before-video-012,frame_0022.jpg,strict_qmem_v1_reference_T1K2_lambda0p05,qmem,1,legacy,0.05,0.0,0.0,0.35905984330721785,0.5283944560284558,0.3686777920410783,0.9322657433455962,23370,9242,0.05511450720950961,0.005493510514497757,0.0007928709965199232,0.9900220036506653,0.0035832456778734922,0.49072265625,1.0,/kaggle/input/datasets/shuvroahmedimaging/ws2-eca/test_set/test_set/images/before/before-video-012/frame_0022.jpg,/kaggle/input/datasets/shuvroahmedimaging/ws2-eca/test_set/test_set/masks/before/before-video-012/frame_0022.jpg
before-video-012,frame_0023.jpg,strict_qmem_v1_reference_T1K2_lambda0p05,qmem,1,legacy,0.05,0.0,0.0,0.3084073019594708,0.471424,0.32604461756373937,0.8507738507738508,22592,8658,0.05511450720950961,0.007373096887022257,0.0009579014731571078,0.9880159497261047,0.0037406340707093477,0.523681640625,1.0,/kaggle/input/datasets/shuvroahmedimaging/ws2-eca/test_set/test_set/images/before/before-video-012/frame_0023.jpg,/kaggle/input/datasets/shuvroahmedimaging/ws2-eca/test_set/test_set/masks/before/before-video-012/frame_0023.jpg
before-video-012,frame_0024.jpg,strict_qmem_v1_reference_T1K2_lambda0p05,qmem,1,legacy,0.05,0.0,0.0,0.3629291238862002,0.5325722629675107,0.3944742146403815,0.8194444444444444,20341,9792,0.05511450720950961,0.006870511919260025,0.0008870809688232839,0.9881278276443481,0.0036820187233388424,0.47998046875,1.0,/kaggle/input/datasets/shuvroahmedimaging/ws2-eca/test_set/test_set/images/before/before-video-012/frame_0024.jpg,/kaggle/input/datasets/shuvroahmedimaging/ws2-eca/test_set/test_set/masks/before/before-video-012/frame_0024.jpg
before-video-012,frame_0025.jpg,strict_qmem_v1_reference_T1K2_lambda0p05,qmem,1,legacy,0.05,0.0,0.0,0.44903553805512636,0.6197716015410016,0.4895663514835344,0.8443298969072165,18402,10670,0.05511450720950961,0.006601283326745033,0.0007884832448326051,0.9884870052337646,0.0035961547400802374,0.4619140625,1.0,/kaggle/input/datasets/shuvroahmedimaging/ws2-eca/test_set/test_set/images/before/before-video-012/frame_0025.jpg,/kaggle/input/datasets/shuvroahmedimaging/ws2-eca/test_set/test_set/masks/before/before-video-012/frame_0025.jpg
before-video-012,frame_0026.jpg,strict_qmem_v1_reference_T1K2_lambda0p05,qmem,1,legacy,0.05,0.0,0.0,0.3032215210893391,0.46534148827726807,0.3193424274221756,0.8572769953051643,17154,6390,0.05511450720950961,0.005924021825194359,0.0007425037329085171,0.9894900321960449,0.0035150491166859865,0.487060546875,1.0,/kaggle/input/datasets/shuvroahmedimaging/ws2-eca/test_set/test_set/images/before/before-video-012/frame_0026.jpg,/kaggle/input/datasets/shuvroahmedimaging/ws2-eca/test_set/test_set/masks/before/before-video-012/frame_0026.jpg
before-video-012,frame_0027.jpg,strict_qmem_v1_reference_T1K2_lambda0p05,qmem,1,legacy,0.05,0.0,0.0,0.44603398788099685,0.616906644821828,0.46545904055531784,0.914440500653839,21033,10706,0.05511450720950961,0.0091293565928936,0.0008531557396054268,0.985909640789032,0.0036306516267359257,0.50146484375,1.0,/kaggle/input/datasets/shuvroahmedimaging/ws2-eca/test_set/test_set/images/before/before-video-012/frame_0027.jpg,/kaggle/input/datasets/shuvroahmedimaging/ws2-eca/test_set/test_set/masks/before/before-video-012/frame_0027.jpg
before-video-012,frame_0028.jpg,strict_qmem_v1_reference_T1K2_lambda0p05,qmem,1,legacy,0.05,0.0,0.0,0.4,0.5714285714285714,0.42041601759369557,0.8917395529640427,21826,10290,0.05511450720950961,0.008229556493461132,0.0007854542345739901,0.9866093397140503,0.003628640668466687,0.47705078125,1.0,/kaggle/input/datasets/shuvroahmedimaging/ws2-eca/test_set/test_set/images/before/before-video-012/frame_0028.jpg,/kaggle/input/datasets/shuvroahmedimaging/ws2-eca/test_set/test_set/masks/before/before-video-012/frame_0028.jpg
before-video-012,frame_0029.jpg,strict_qmem_v1_reference_T1K2_lambda0p05,qmem,1,legacy,0.05,0.0,0.0,0.48309548080190284,0.651469156309067,0.4913811725061563,0.966273043921502,23147,11771,0.05511450720950961,0.007649545557796955,0.0010821379255503416,0.9870855212211609,0.003845818806439638,0.486083984375,1.0,/kaggle/input/datasets/shuvroahmedimaging/ws2-eca/test_set/test_set/images/before/before-video-012/frame_0029.jpg,/kaggle/input/datasets/shuvroahmedimaging/ws2-eca/test_set/test_set/masks/before/before-video-012/frame_0029.jpg
before-video-012,frame_0030.jpg,strict_qmem_v1_reference_T1K2_lambda0p05,qmem,1,legacy,0.05,0.0,0.0,0.43942736040828684,0.6105585769658364,0.45999909448997145,0.9076290870108987,22087,11194,0.05511450720950961,0.007917804643511772,0.0010091118747368455,0.9865941405296326,0.003972616977989674,0.50244140625,1.0,/kaggle/input/datasets/shuvroahmedimaging/ws2-eca/test_set/test_set/images/before/before-video-012/frame_0030.jpg,/kaggle/input/datasets/shuvroahmedimaging/ws2-eca/test_set/test_set/masks/before/before-video-012/frame_0030.jpg
before-video-012,frame_0031.jpg,strict_qmem_v1_reference_T1K2_lambda0p05,qmem,1,legacy,0.05,0.0,0.0,0.413343955387373,0.5849162955864946,0.4417812593128699,0.8652547319269573,23489,11993,0.05511450720950961,0.006339124869555235,0.0013206349685788155,0.988370418548584,0.004268530756235123,0.455810546875,1.0,/kaggle/input/datasets/shuvroahmedimaging/ws2-eca/test_set/test_set/images/before/before-video-012/frame_0031.jpg,/kaggle/input/datasets/shuvroahmedimaging/ws2-eca/test_set/test_set/masks/before/before-video-012/frame_0031.jpg
before-video-012,frame_0032.jpg,strict_qmem_v1_reference_T1K2_lambda0p05,qmem,1,legacy,0.05,0.0,0.0,0.3831852768094756,0.5540621104547179,0.39747278382581647,0.9142371668753354,25720,11182,0.05511450720950961,0.006409316323697567,0.0009534020791761577,0.9885914325714111,0.0038457196205854416,0.45166015625,1.0,/kaggle/input/datasets/shuvroahmedimaging/ws2-eca/test_set/test_set/images/before/before-video-012/frame_0032.jpg,/kaggle/input/datasets/shuvroahmedimaging/ws2-eca/test_set/test_set/masks/before/before-video-012/frame_0032.jpg
before-video-012,frame_0033.jpg,strict_qmem_v1_reference_T1K2_lambda0p05,qmem,1,legacy,0.05,0.0,0.0,0.36627607298718257,0.5361670020120725,0.39626008401799323,0.8287846979239561,26899,12861,0.05511450720950961,0.005953273270279169,0.0009161144262179732,0.9888150095939636,0.003840685123577714,0.459228515625,1.0,/kaggle/input/datasets/shuvroahmedimaging/ws2-eca/test_set/test_set/images/before/before-video-012/frame_0033.jpg,/kaggle/input/datasets/shuvroahmedimaging/ws2-eca/test_set/test_set/masks/before/before-video-012/frame_0033.jpg
before-video-012,frame_0034.jpg,strict_qmem_v1_reference_T1K2_lambda0p05,qmem,1,legacy,0.05,0.0,0.0,0.41423746598026034,0.5858103408300487,0.467041295426818,0.7855854735402027,27049,16081,0.05511450720950961,0.00550386356189847,0.0009685845579952002,0.9888649582862854,0.004052517935633659,0.436279296875,1.0,/kaggle/input/datasets/shuvroahmedimaging/ws2-eca/test_set/test_set/images/before/before-video-012/frame_0034.jpg,/kaggle/input/datasets/shuvroahmedimaging/ws2-eca/test_set/test_set/masks/before/before-video-012/frame_0034.jpg
before-video-012,frame_0035.jpg,strict_qmem_v1_reference_T1K2_lambda0p05,qmem,1,legacy,0.05,0.0,0.0,0.41143663960465937,0.5830040514179963,0.4994643698847324,0.7001021082347288,23337,16649,0.05511450720950961,0.006856749299913645,0.0010444880463182926,0.9874985218048096,0.004135387018322945,0.4482421875,1.0,/kaggle/input/datasets/shuvroahmedimaging/ws2-eca/test_set/test_set/images/before/before-video-012/frame_0035.jpg,/kaggle/input/datasets/shuvroahmedimaging/ws2-eca/test_set/test_set/masks/before/before-video-012/frame_0035.jpg
before-video-012,frame_0036.jpg,strict_qmem_v1_reference_T1K2_lambda0p05,qmem,1,legacy,0.05,0.0,0.0,0.3187388632313902,0.4833995146701963,0.45755898935059514,0.5123334112695814,19156,17108,0.05511450720950961,0.005923029035329819,0.0008810632862150669,0.988414466381073,0.003873736597597599,0.448486328125,1.0,/kaggle/input/datasets/shuvroahmedimaging/ws2-eca/test_set/test_set/images/before/before-video-012/frame_0036.jpg,/kaggle/input/datasets/shuvroahmedimaging/ws2-eca/test_set/test_set/masks/before/before-video-012/frame_0036.jpg
before-video-012,frame_0037.jpg,strict_qmem_v1_reference_T1K2_lambda0p05,qmem,1,legacy,0.05,0.0,0.0,0.4075985663082437,0.5791403544510083,0.5402631954012067,0.624046534599133,21049,18223,0.05511450720950961,0.006106403656303883,0.0008009200682863593,0.9886535406112671,0.0037315634544938803,0.424560546875,1.0,/kaggle/input/datasets/shuvroahmedimaging/ws2-eca/test_set/test_set/images/before/before-video-012/frame_0037.jpg,/kaggle/input/datasets/shuvroahmedimaging/ws2-eca/test_set/test_set/masks/before/before-video-012/frame_0037.jpg
before-video-012,frame_0038.jpg,strict_qmem_v1_reference_T1K2_lambda0p05,qmem,1,legacy,0.05,0.0,0.0,0.3629781100197781,0.5326250030743501,0.4618665756696809,0.6289863491141446,23444,17215,0.05511450720950961,0.006311245262622833,0.0009047497296705842,0.9882912039756775,0.0038714674301445484,0.449951171875,1.0,/kaggle/input/datasets/shuvroahmedimaging/ws2-eca/test_set/test_set/images/before/before-video-012/frame_0038.jpg,/kaggle/input/datasets/shuvroahmedimaging/ws2-eca/test_set/test_set/masks/before/before-video-012/frame_0038.jpg
before-video-012,frame_0039.jpg,strict_qmem_v1_reference_T1K2_lambda0p05,qmem,1,legacy,0.05,0.0,0.0,0.40995180992939595,0.5815118035132343,0.4985009539384028,0.6976921609765402,22014,15729,0.05511450720950961,0.005992487072944641,0.0008180378936231136,0.9891058206558228,0.003676836146041751,0.470947265625,1.0,/kaggle/input/datasets/shuvroahmedimaging/ws2-eca/test_set/test_set/images/before/before-video-012/frame_0039.jpg,/kaggle/input/datasets/shuvroahmedimaging/ws2-eca/test_set/test_set/masks/before/before-video-012/frame_0039.jpg
before-video-012,frame_0040.jpg,strict_qmem_v1_reference_T1K2_lambda0p05,qmem,1,legacy,0.05,0.0,0.0,0.5425263078489797,0.7034256791451696,0.5772533911228831,0.9001814882032668,24918,15979,0.05511450720950961,0.00786515511572361,0.0008350525749847293,0.9873425364494324,0.0035754546988755465,0.508544921875,1.0,/kaggle/input/datasets/shuvroahmedimaging/ws2-eca/test_set/test_set/images/before/before-video-012/frame_0040.jpg,/kaggle/input/datasets/shuvroahmedimaging/ws2-eca/test_set/test_set/masks/before/before-video-012/frame_0040.jpg
before-video-012,frame_0041.jpg,strict_qmem_v1_reference_T1K2_lambda0p05,qmem,1,legacy,0.05,0.0,0.0,0.534936672833357,0.6970146486185796,0.5509037616023449,0.9486036339165546,20470,11888,0.05511450720950961,0.007552498951554298,0.0010236919624730945,0.9873678088188171,0.0038290107622742653,0.501953125,1.0,/kaggle/input/datasets/shuvroahmedimaging/ws2-eca/test_set/test_set/images/before/before-video-012/frame_0041.jpg,/kaggle/input/datasets/shuvroahmedimaging/ws2-eca/test_set/test_set/masks/before/before-video-012/frame_0041.jpg
before-video-012,frame_0042.jpg,strict_qmem_v1_reference_T1K2_lambda0p05,qmem,1,legacy,0.05,0.0,0.0,0.3636808375324104,0.5333811659192825,0.40032310177705976,0.7989253089736701,18570,9305,0.05511450720950961,0.006368238013237715,0.0009631567518226802,0.988792896270752,0.0037948554381728172,0.508544921875,1.0,/kaggle/input/datasets/shuvroahmedimaging/ws2-eca/test_set/test_set/images/before/before-video-012/frame_0042.jpg,/kaggle/input/datasets/shuvroahmedimaging/ws2-eca/test_set/test_set/masks/before/before-video-012/frame_0042.jpg
before-video-012,frame_0043.jpg,strict_qmem_v1_reference_T1K2_lambda0p05,qmem,1,legacy,0.05,0.0,0.0,0.3057380438278127,0.4682992048413201,0.31898576427167713,0.8804074613044054,20863,7559,0.05511450720950961,0.006222388707101345,0.001035179477185011,0.9888257384300232,0.003874965477734804,0.479248046875,1.0,/kaggle/input/datasets/shuvroahmedimaging/ws2-eca/test_set/test_set/images/before/before-video-012/frame_0043.jpg,/kaggle/input/datasets/shuvroahmedimaging/ws2-eca/test_set/test_set/masks/before/before-video-012/frame_0043.jpg
before-video-012,frame_0044.jpg,strict_qmem_v1_reference_T1K2_lambda0p05,qmem,1,legacy,0.05,0.0,0.0,0.3244614747307374,0.48995230276018453,0.3590213716839512,0.7712,17453,8125,0.05511450720950961,0.005721645429730415,0.0007691444479860365,0.9898011684417725,0.003545940387994051,0.512451171875,1.0,/kaggle/input/datasets/shuvroahmedimaging/ws2-eca/test_set/test_set/images/before/before-video-012/frame_0044.jpg,/kaggle/input/datasets/shuvroahmedimaging/ws2-eca/test_set/test_set/masks/before/before-video-012/frame_0044.jpg
before-video-012,frame_0045.jpg,strict_qmem_v1_reference_T1K2_lambda0p05,qmem,1,legacy,0.05,0.0,0.0,0.4301628106255356,0.6015578190533254,0.4649493487698987,0.8518400678757027,17275,9429,0.05511450720950961,0.007060755509883165,0.0007836661534383893,0.988756537437439,0.0034556479658931494,0.55517578125,1.0,/kaggle/input/datasets/shuvroahmedimaging/ws2-eca/test_set/test_set/images/before/before-video-012/frame_0045.jpg,/kaggle/input/datasets/shuvroahmedimaging/ws2-eca/test_set/test_set/masks/before/before-video-012/frame_0045.jpg
before-video-012,frame_0046.jpg,strict_qmem_v1_reference_T1K2_lambda0p05,qmem,1,legacy,0.05,0.0,0.0,0.4158274143962684,0.5873984500767474,0.4588255936366826,0.8160823884323312,17098,9613,0.05511450720950961,0.00680956058204174,0.0007999861263670027,0.9890621304512024,0.0034528174437582493,0.531494140625,1.0,/kaggle/input/datasets/shuvroahmedimaging/ws2-eca/test_set/test_set/images/before/before-video-012/frame_0046.jpg,/kaggle/input/datasets/shuvroahmedimaging/ws2-eca/test_set/test_set/masks/before/before-video-012/frame_0046.jpg
before-video-012,frame_0047.jpg,strict_qmem_v1_reference_T1K2_lambda0p05,qmem,1,legacy,0.05,0.0,0.0,0.4521081447197607,0.6226921133439577,0.5189840611636647,0.7781987758670942,15434,10293,0.05511450720950961,0.006179220974445343,0.0008718719473108649,0.9895742535591125,0.003484617220237851,0.553955078125,1.0,/kaggle/input/datasets/shuvroahmedimaging/ws2-eca/test_set/test_set/images/before/before-video-012/frame_0047.jpg,/kaggle/input/datasets/shuvroahmedimaging/ws2-eca/test_set/test_set/masks/before/before-video-012/frame_0047.jpg
before-video-012,frame_0048.jpg,strict_qmem_v1_reference_T1K2_lambda0p05,qmem,1,legacy,0.05,0.0,0.0,0.4360623681366747,0.607302827247644,0.473222762048361,0.8474,17907,10000,0.05511450720950961,0.007414219900965691,0.0007137050852179527,0.988454282283783,0.0034215026535093784,0.553955078125,1.0,/kaggle/input/datasets/shuvroahmedimaging/ws2-eca/test_set/test_set/images/before/before-video-012/frame_0048.jpg,/kaggle/input/datasets/shuvroahmedimaging/ws2-eca/test_set/test_set/masks/before/before-video-012/frame_0048.jpg
before-video-012,frame_0049.jpg,strict_qmem_v1_reference_T1K2_lambda0p05,qmem,1,legacy,0.05,0.0,0.0,0.30654788821561,0.46924860692901393,0.33160495034975296,0.8022485207100591,20443,8450,0.05511450720950961,0.0070451050996780396,0.0008767711697146297,0.9886668920516968,0.0035862112417817116,0.52783203125,1.0,/kaggle/input/datasets/shuvroahmedimaging/ws2-eca/test_set/test_set/images/before/before-video-012/frame_0049.jpg,/kaggle/input/datasets/shuvroahmedimaging/ws2-eca/test_set/test_set/masks/before/before-video-012/frame_0049.jpg
before-video-012,frame_0050.jpg,strict_qmem_v1_reference_T1K2_lambda0p05,qmem,1,legacy,0.05,0.0,0.0,0.2622405324037395,0.41551594275671605,0.2725027442371021,0.8744276153575202,18220,5678,0.05511450720950961,0.005557263270020485,0.0006998300086706877,0.9901783466339111,0.00341163482517004,0.497314453125,1.0,/kaggle/input/datasets/shuvroahmedimaging/ws2-eca/test_set/test_set/images/before/before-video-012/frame_0050.jpg,/kaggle/input/datasets/shuvroahmedimaging/ws2-eca/test_set/test_set/masks/before/before-video-012/frame_0050.jpg
before-video-012,frame_0051.jpg,strict_qmem_v1_reference_T1K2_lambda0p05,qmem,1,legacy,0.05,0.0,0.0,0.15512820512820513,0.2685904550499445,0.16119316536345207,0.8048004626951996,17265,3458,0.05511450720950961,0.006641061510890722,0.0006186639657244086,0.989549994468689,0.0033154923003166914,0.544921875,1.0,/kaggle/input/datasets/shuvroahmedimaging/ws2-eca/test_set/test_set/images/before/before-video-012/frame_0051.jpg,/kaggle/input/datasets/shuvroahmedimaging/ws2-eca/test_set/test_set/masks/before/before-video-012/frame_0051.jpg
before-video-012,frame_0052.jpg,strict_qmem_v1_reference_T1K2_lambda0p05,qmem,1,legacy,0.05,0.0,0.0,0.1471176369765183,0.25649965135969716,0.15257450968774072,0.8044361137144642,16877,3201,0.05511450720950961,0.007859348319470882,0.0009566353401169181,0.9883159399032593,0.003443488385528326,0.544921875,1.0,/kaggle/input/datasets/shuvroahmedimaging/ws2-eca/test_set/test_set/images/before/before-video-012/frame_0052.jpg,/kaggle/input/datasets/shuvroahmedimaging/ws2-eca/test_set/test_set/masks/before/before-video-012/frame_0052.jpg
before-video-012,frame_0053.jpg,strict_qmem_v1_reference_T1K2_lambda0p05,qmem,1,legacy,0.05,0.0,0.0,0.190760210270926,0.32040071313354274,0.2172961768770152,0.6096930533117932,17368,6190,0.05511450720950961,0.007746355142444372,0.0008900660322979093,0.9880067706108093,0.0036148461513221264,0.490478515625,1.0,/kaggle/input/datasets/shuvroahmedimaging/ws2-eca/test_set/test_set/images/before/before-video-012/frame_0053.jpg,/kaggle/input/datasets/shuvroahmedimaging/ws2-eca/test_set/test_set/masks/before/before-video-012/frame_0053.jpg
before-video-012,frame_0054.jpg,strict_qmem_v1_reference_T1K2_lambda0p05,qmem,1,legacy,0.05,0.0,0.0,0.2365149439285533,0.38255088640840446,0.245083605005784,0.871214953271028,19018,5350,0.05511450720950961,0.0066238828003406525,0.0006672535673715174,0.9889284372329712,0.0033474958036094904,0.47509765625,1.0,/kaggle/input/datasets/shuvroahmedimaging/ws2-eca/test_set/test_set/images/before/before-video-012/frame_0054.jpg,/kaggle/input/datasets/shuvroahmedimaging/ws2-eca/test_set/test_set/masks/before/before-video-012/frame_0054.jpg
before-video-012,frame_0055.jpg,strict_qmem_v1_reference_T1K2_lambda0p05,qmem,1,legacy,0.05,0.0,0.0,0.3205314511106498,0.485458261279673,0.3480613165013526,0.8020779220779221,17744,7700,0.05511450720950961,0.007992807775735855,0.0006293152109719813,0.987808883190155,0.00330042140558362,0.54296875,1.0,/kaggle/input/datasets/shuvroahmedimaging/ws2-eca/test_set/test_set/images/before/before-video-012/frame_0055.jpg,/kaggle/input/datasets/shuvroahmedimaging/ws2-eca/test_set/test_set/masks/before/before-video-012/frame_0055.jpg
before-video-012,frame_0056.jpg,strict_qmem_v1_reference_T1K2_lambda0p05,qmem,1,legacy,0.05,0.0,0.0,0.36146407286629934,0.5309931860417096,0.40510396975425333,0.7704014379868185,15870,8345,0.05511450720950961,0.007569659501314163,0.000735368812456727,0.9877131581306458,0.0034451037645339966,0.536865234375,1.0,/kaggle/input/datasets/shuvroahmedimaging/ws2-eca/test_set/test_set/images/before/before-video-012/frame_0056.jpg,/kaggle/input/datasets/shuvroahmedimaging/ws2-eca/test_set/test_set/masks/before/before-video-012/frame_0056.jpg
before-video-012,frame_0057.jpg,strict_qmem_v1_reference_T1K2_lambda0p05,qmem,1,legacy,0.05,0.0,0.0,0.37812203604173256,0.548749713236981,0.4386737089201878,0.7325738086487811,13632,8163,0.05511450720950961,0.006792677100747824,0.0006704498082399368,0.9885845184326172,0.0033857394009828568,0.52392578125,1.0,/kaggle/input/datasets/shuvroahmedimaging/ws2-eca/test_set/test_set/images/before/before-video-012/frame_0057.jpg,/kaggle/input/datasets/shuvroahmedimaging/ws2-eca/test_set/test_set/masks/before/before-video-012/frame_0057.jpg
before-video-012,frame_0058.jpg,strict_qmem_v1_reference_T1K2_lambda0p05,qmem,1,legacy,0.05,0.0,0.0,0.43324569091440257,0.6045658377496943,0.5017593720395181,0.7603568498769483,14778,9752,0.05511450720950961,0.006770848762243986,0.0006068525835871696,0.9885843992233276,0.0032443972304463387,0.55908203125,1.0,/kaggle/input/datasets/shuvroahmedimaging/ws2-eca/test_set/test_set/images/before/before-video-012/frame_0058.jpg,/kaggle/input/datasets/shuvroahmedimaging/ws2-eca/test_set/test_set/masks/before/before-video-012/frame_0058.jpg
before-video-012,frame_0059.jpg,strict_qmem_v1_reference_T1K2_lambda0p05,qmem,1,legacy,0.05,0.0,0.0,0.40777565328234544,0.5793190872872148,0.4739610341506778,0.7449062754686226,13499,8589,0.05511450720950961,0.006564298179000616,0.0006440852885134518,0.9891976118087769,0.003340567694976926,0.572265625,1.0,/kaggle/input/datasets/shuvroahmedimaging/ws2-eca/test_set/test_set/images/before/before-video-012/frame_0059.jpg,/kaggle/input/datasets/shuvroahmedimaging/ws2-eca/test_set/test_set/masks/before/before-video-012/frame_0059.jpg
before-video-012,frame_0060.jpg,strict_qmem_v1_reference_T1K2_lambda0p05,qmem,1,legacy,0.05,0.0,0.0,0.29321571098508714,0.45346759785609875,0.33652745133490025,0.6949595519601742,16593,8035,0.05511450720950961,0.008882682770490646,0.000687729858327657,0.9873468279838562,0.0032518808729946613,0.597412109375,1.0,/kaggle/input/datasets/shuvroahmedimaging/ws2-eca/test_set/test_set/images/before/before-video-012/frame_0060.jpg,/kaggle/input/datasets/shuvroahmedimaging/ws2-eca/test_set/test_set/masks/before/before-video-012/frame_0060.jpg
before-video-012,frame_0061.jpg,strict_qmem_v1_reference_T1K2_lambda0p05,qmem,1,legacy,0.05,0.0,0.0,0.2916201616143578,0.4515571532266427,0.3450789793438639,0.6530693861227754,18929,10002,0.05511450720950961,0.010235738009214401,0.0009163174545392394,0.9851363301277161,0.0036105187609791756,0.54345703125,1.0,/kaggle/input/datasets/shuvroahmedimaging/ws2-eca/test_set/test_set/images/before/before-video-012/frame_0061.jpg,/kaggle/input/datasets/shuvroahmedimaging/ws2-eca/test_set/test_set/masks/before/before-video-012/frame_0061.jpg
before-video-012,frame_0062.jpg,strict_qmem_v1_reference_T1K2_lambda0p05,qmem,1,legacy,0.05,0.0,0.0,0.2862529832935561,0.44509592904590495,0.33070475350170947,0.6804720299557472,18134,8813,0.05511450720950961,0.008422302082180977,0.0009307302534580231,0.9863162636756897,0.0037902153562754393,0.4951171875,1.0,/kaggle/input/datasets/shuvroahmedimaging/ws2-eca/test_set/test_set/images/before/before-video-012/frame_0062.jpg,/kaggle/input/datasets/shuvroahmedimaging/ws2-eca/test_set/test_set/masks/before/before-video-012/frame_0062.jpg
before-video-012,frame_0063.jpg,strict_qmem_v1_reference_T1K2_lambda0p05,qmem,1,legacy,0.05,0.0,0.0,0.3648772367873491,0.5346667479724373,0.42631399815238,0.7168669773526286,20567,12231,0.05511450720950961,0.008956165984272957,0.0008915052749216557,0.9857373237609863,0.003766481764614582,0.515380859375,1.0,/kaggle/input/datasets/shuvroahmedimaging/ws2-eca/test_set/test_set/images/before/before-video-012/frame_0063.jpg,/kaggle/input/datasets/shuvroahmedimaging/ws2-eca/test_set/test_set/masks/before/before-video-012/frame_0063.jpg
before-video-012,frame_0064.jpg,strict_qmem_v1_reference_T1K2_lambda0p05,qmem,1,legacy,0.05,0.0,0.0,0.4034447149074279,0.574934959135942,0.4576987447698745,0.7729103370310182,23900,14153,0.05511450720950961,0.00828118808567524,0.001021086354739964,0.9855555891990662,0.003872113535180688,0.492919921875,1.0,/kaggle/input/datasets/shuvroahmedimaging/ws2-eca/test_set/test_set/images/before/before-video-012/frame_0064.jpg,/kaggle/input/datasets/shuvroahmedimaging/ws2-eca/test_set/test_set/masks/before/before-video-012/frame_0064.jpg
before-video-012,frame_0065.jpg,strict_qmem_v1_reference_T1K2_lambda0p05,qmem,1,legacy,0.05,0.0,0.0,0.3328386686453254,0.49944329568951806,0.4062621296416095,0.6480908152734778,15458,9690,0.05511450720950961,0.005018787458539009,0.0010500748176127672,0.989398717880249,0.0038540842942893505,0.469970703125,1.0,/kaggle/input/datasets/shuvroahmedimaging/ws2-eca/test_set/test_set/images/before/before-video-012/frame_0065.jpg,/kaggle/input/datasets/shuvroahmedimaging/ws2-eca/test_set/test_set/masks/before/before-video-012/frame_0065.jpg
before-video-012,frame_0066.jpg,strict_qmem_v1_reference_T1K2_lambda0p05,qmem,1,legacy,0.05,0.0,0.0,0.30258899676375406,0.4645962732919255,0.3636822012533314,0.6430208863983699,13883,7852,0.05511450720950961,0.006336614489555359,0.0007058435003273189,0.9893742799758911,0.0033334861509501934,0.57373046875,1.0,/kaggle/input/datasets/shuvroahmedimaging/ws2-eca/test_set/test_set/images/before/before-video-012/frame_0066.jpg,/kaggle/input/datasets/shuvroahmedimaging/ws2-eca/test_set/test_set/masks/before/before-video-012/frame_0066.jpg
before-video-012,frame_0067.jpg,strict_qmem_v1_reference_T1K2_lambda0p05,qmem,1,legacy,0.05,0.0,0.0,0.3929570302568014,0.564205530710961,0.4497308307871381,0.7568560235063663,13746,8168,0.05511450720950961,0.006380015052855015,0.0006793952779844403,0.9900140762329102,0.0032378598116338253,0.599609375,1.0,/kaggle/input/datasets/shuvroahmedimaging/ws2-eca/test_set/test_set/images/before/before-video-012/frame_0067.jpg,/kaggle/input/datasets/shuvroahmedimaging/ws2-eca/test_set/test_set/masks/before/before-video-012/frame_0067.jpg
before-video-012,frame_0068.jpg,strict_qmem_v1_reference_T1K2_lambda0p05,qmem,1,legacy,0.05,0.0,0.0,0.5733063700707786,0.7287917737789203,0.6434042553191489,0.8403112263801408,14100,10796,0.05511450720950961,0.006837082095444202,0.000516149215400219,0.9899078607559204,0.003113488433882594,0.6123046875,1.0,/kaggle/input/datasets/shuvroahmedimaging/ws2-eca/test_set/test_set/images/before/before-video-012/frame_0068.jpg,/kaggle/input/datasets/shuvroahmedimaging/ws2-eca/test_set/test_set/masks/before/before-video-012/frame_0068.jpg
before-video-012,frame_0069.jpg,strict_qmem_v1_reference_T1K2_lambda0p05,qmem,1,legacy,0.05,0.0,0.0,0.5057028730930266,0.6717166874420686,0.5711179955432361,0.8153320918684047,18399,12888,0.05511450720950961,0.009323479607701302,0.0007591744652017951,0.9862788915634155,0.0033203503116965294,0.584228515625,1.0,/kaggle/input/datasets/shuvroahmedimaging/ws2-eca/test_set/test_set/images/before/before-video-012/frame_0069.jpg,/kaggle/input/datasets/shuvroahmedimaging/ws2-eca/test_set/test_set/masks/before/before-video-012/frame_0069.jpg
before-video-012,frame_0070.jpg,strict_qmem_v1_reference_T1K2_lambda0p05,qmem,1,legacy,0.05,0.0,0.0,0.4263996138996139,0.5978683809846049,0.4491231042955181,0.893929173693086,23606,11860,0.05511450720950961,0.009364321827888489,0.000943439663387835,0.9851281046867371,0.003521720413118601,0.526123046875,1.0,/kaggle/input/datasets/shuvroahmedimaging/ws2-eca/test_set/test_set/images/before/before-video-012/frame_0070.jpg,/kaggle/input/datasets/shuvroahmedimaging/ws2-eca/test_set/test_set/masks/before/before-video-012/frame_0070.jpg
before-video-012,frame_0071.jpg,strict_qmem_v1_reference_T1K2_lambda0p05,qmem,1,legacy,0.05,0.0,0.0,0.36577387824213037,0.5356287509509453,0.3819109611057538,0.8964444025275865,24888,10603,0.05511450720950961,0.008263693191111088,0.0009363481658510864,0.986056923866272,0.003772021969780326,0.503173828125,1.0,/kaggle/input/datasets/shuvroahmedimaging/ws2-eca/test_set/test_set/images/before/before-video-012/frame_0071.jpg,/kaggle/input/datasets/shuvroahmedimaging/ws2-eca/test_set/test_set/masks/before/before-video-012/frame_0071.jpg
before-video-012,frame_0072.jpg,strict_qmem_v1_reference_T1K2_lambda0p05,qmem,1,legacy,0.05,0.0,0.0,0.36484477481416705,0.5346318959441276,0.3784298607646605,0.9104200763775232,22049,9165,0.05511450720950961,0.00716124102473259,0.0008462205296382308,0.9874793291091919,0.0036933431401848793,0.4990234375,1.0,/kaggle/input/datasets/shuvroahmedimaging/ws2-eca/test_set/test_set/images/before/before-video-012/frame_0072.jpg,/kaggle/input/datasets/shuvroahmedimaging/ws2-eca/test_set/test_set/masks/before/before-video-012/frame_0072.jpg
before-video-013,frame_0001.jpg,strict_qmem_v1_reference_T1K2_lambda0p05,qmem,1,legacy,0.05,0.0,0.0,0.39244601610112106,0.5636786080942346,0.4205264643044302,0.8545916277545671,24807,12207,0.05511450720950961,0.0,0.0,0.0,0.0,0.0,0.0,/kaggle/input/datasets/shuvroahmedimaging/ws2-eca/test_set/test_set/images/before/before-video-013/frame_0001.jpg,/kaggle/input/datasets/shuvroahmedimaging/ws2-eca/test_set/test_set/masks/before/before-video-013/frame_0001.jpg
before-video-013,frame_0002.jpg,strict_qmem_v1_reference_T1K2_lambda0p05,qmem,1,legacy,0.05,0.0,0.0,0.3404165966739459,0.50792656181465,0.35234286707815354,0.9095601436265709,23006,8912,0.05511450720950961,0.0057621728628873825,0.0009194455342367291,0.9883528351783752,0.003877815790474415,0.42333984375,1.0,/kaggle/input/datasets/shuvroahmedimaging/ws2-eca/test_set/test_set/images/before/before-video-013/frame_0002.jpg,/kaggle/input/datasets/shuvroahmedimaging/ws2-eca/test_set/test_set/masks/before/before-video-013/frame_0002.jpg
before-video-013,frame_0003.jpg,strict_qmem_v1_reference_T1K2_lambda0p05,qmem,1,legacy,0.05,0.0,0.0,0.3792126106538282,0.5498972496692284,0.4164144105734385,0.8093304607225721,23455,12068,0.05511450720950961,0.008038368076086044,0.0011478671804070473,0.9863070249557495,0.004151272587478161,0.463134765625,1.0,/kaggle/input/datasets/shuvroahmedimaging/ws2-eca/test_set/test_set/images/before/before-video-013/frame_0003.jpg,/kaggle/input/datasets/shuvroahmedimaging/ws2-eca/test_set/test_set/masks/before/before-video-013/frame_0003.jpg
before-video-013,frame_0004.jpg,strict_qmem_v1_reference_T1K2_lambda0p05,qmem,1,legacy,0.05,0.0,0.0,0.29042755582256935,0.45012609117361785,0.3267984902259028,0.7229561316051845,17751,8024,0.05511450720950961,0.007871954701840878,0.0010713839437812567,0.9861769080162048,0.004103601910173893,0.463134765625,1.0,/kaggle/input/datasets/shuvroahmedimaging/ws2-eca/test_set/test_set/images/before/before-video-013/frame_0004.jpg,/kaggle/input/datasets/shuvroahmedimaging/ws2-eca/test_set/test_set/masks/before/before-video-013/frame_0004.jpg
before-video-013,frame_0005.jpg,strict_qmem_v1_reference_T1K2_lambda0p05,qmem,1,legacy,0.05,0.0,0.0,0.3125,0.47619047619047616,0.357864941366761,0.7114147909967846,14838,7464,0.05511450720950961,0.007547103799879551,0.0007807662477716804,0.9875677227973938,0.003607348073273897,0.492431640625,1.0,/kaggle/input/datasets/shuvroahmedimaging/ws2-eca/test_set/test_set/images/before/before-video-013/frame_0005.jpg,/kaggle/input/datasets/shuvroahmedimaging/ws2-eca/test_set/test_set/masks/before/before-video-013/frame_0005.jpg
before-video-013,frame_0006.jpg,strict_qmem_v1_reference_T1K2_lambda0p05,qmem,1,legacy,0.05,0.0,0.0,0.3273716560028213,0.4932629900937488,0.3733838993277021,0.726520572450805,17403,8944,0.05511450720950961,0.008301573805510998,0.0007343656034208834,0.9872194528579712,0.0033929222263395786,0.525146484375,1.0,/kaggle/input/datasets/shuvroahmedimaging/ws2-eca/test_set/test_set/images/before/before-video-013/frame_0006.jpg,/kaggle/input/datasets/shuvroahmedimaging/ws2-eca/test_set/test_set/masks/before/before-video-013/frame_0006.jpg
before-video-013,frame_0007.jpg,strict_qmem_v1_reference_T1K2_lambda0p05,qmem,1,legacy,0.05,0.0,0.0,0.3369954843815465,0.504108635097493,0.3657538399353274,0.8108198924731183,19792,8928,0.05511450720950961,0.009727336466312408,0.000745035707950592,0.9853635430335999,0.0034249599557369947,0.51123046875,1.0,/kaggle/input/datasets/shuvroahmedimaging/ws2-eca/test_set/test_set/images/before/before-video-013/frame_0007.jpg,/kaggle/input/datasets/shuvroahmedimaging/ws2-eca/test_set/test_set/masks/before/before-video-013/frame_0007.jpg
before-video-013,frame_0008.jpg,strict_qmem_v1_reference_T1K2_lambda0p05,qmem,1,legacy,0.05,0.0,0.0,0.21426581220395655,0.35291418081688847,0.23635357757560857,0.696305686345527,16268,5522,0.05511450720950961,0.007559956517070532,0.0008196172420866787,0.9870942831039429,0.003618064569309354,0.454833984375,1.0,/kaggle/input/datasets/shuvroahmedimaging/ws2-eca/test_set/test_set/images/before/before-video-013/frame_0008.jpg,/kaggle/input/datasets/shuvroahmedimaging/ws2-eca/test_set/test_set/masks/before/before-video-013/frame_0008.jpg
before-video-013,frame_0009.jpg,strict_qmem_v1_reference_T1K2_lambda0p05,qmem,1,legacy,0.05,0.0,0.0,0.28265696311829286,0.4407366447083714,0.29932728103977535,0.8353991979584396,15311,5486,0.05511450720950961,0.007040617987513542,0.0010462430072948337,0.9884854555130005,0.003705092240124941,0.51708984375,1.0,/kaggle/input/datasets/shuvroahmedimaging/ws2-eca/test_set/test_set/images/before/before-video-013/frame_0009.jpg,/kaggle/input/datasets/shuvroahmedimaging/ws2-eca/test_set/test_set/masks/before/before-video-013/frame_0009.jpg
