video,frame,method,kind,memory_frames,confidence_mode,lambda_qmem,lambda_code,lambda_clean,iou,dice,precision,recall,pred_pixels,gt_pixels,threshold,mean_qmem_mismatch,mean_qmem_confidence,mean_top_similarity,mean_score_margin,same_code_rate,mean_selected_age,img_path,mask_path
before-video-000,frame_0001.jpg,strict_qmem_v2_T2K2_qmem_only_lambda0p05,qmem,2,margin,0.05,0.0,0.0,0.22316345584551622,0.3648955579550955,0.23219447471923424,0.851581508515815,21103,5754,0.04269570205360651,0.0,0.0,0.0,0.0,0.0,0.0,/kaggle/input/datasets/shuvroahmedimaging/ws2-eca/test_set/test_set/images/before/before-video-000/frame_0001.jpg,/kaggle/input/datasets/shuvroahmedimaging/ws2-eca/test_set/test_set/masks/before/before-video-000/frame_0001.jpg
before-video-000,frame_0002.jpg,strict_qmem_v2_T2K2_qmem_only_lambda0p05,qmem,2,margin,0.05,0.0,0.0,0.2610239326729201,0.413987277972818,0.266145251396648,0.9313418830153268,22375,6394,0.04269570205360651,0.005915879271924496,0.5993732810020447,0.9918311238288879,0.0027060271240770817,0.421142578125,1.0000855922698975,/kaggle/input/datasets/shuvroahmedimaging/ws2-eca/test_set/test_set/images/before/before-video-000/frame_0002.jpg,/kaggle/input/datasets/shuvroahmedimaging/ws2-eca/test_set/test_set/masks/before/before-video-000/frame_0002.jpg
before-video-000,frame_0003.jpg,strict_qmem_v2_T2K2_qmem_only_lambda0p05,qmem,2,margin,0.05,0.0,0.0,0.30907873978103934,0.47220801986706595,0.3179873100191825,0.9168912211033896,20331,7051,0.04269570205360651,0.004867842420935631,0.592696487903595,0.9929266571998596,0.0025574390310794115,0.413818359375,1.0010486841201782,/kaggle/input/datasets/shuvroahmedimaging/ws2-eca/test_set/test_set/images/before/before-video-000/frame_0003.jpg,/kaggle/input/datasets/shuvroahmedimaging/ws2-eca/test_set/test_set/masks/before/before-video-000/frame_0003.jpg
before-video-000,frame_0004.jpg,strict_qmem_v2_T2K2_qmem_only_lambda0p05,qmem,2,margin,0.05,0.0,0.0,0.26578488592435384,0.41995269319440703,0.2819069823531776,0.8229288899319409,24877,8522,0.04269570205360651,0.006168334744870663,0.593344509601593,0.9915196299552917,0.002638341626152396,0.41357421875,1.0018048286437988,/kaggle/input/datasets/shuvroahmedimaging/ws2-eca/test_set/test_set/images/before/before-video-000/frame_0004.jpg,/kaggle/input/datasets/shuvroahmedimaging/ws2-eca/test_set/test_set/masks/before/before-video-000/frame_0004.jpg
before-video-000,frame_0005.jpg,strict_qmem_v2_T2K2_qmem_only_lambda0p05,qmem,2,margin,0.05,0.0,0.0,0.24848114169215085,0.39805349619517294,0.28145205985590244,0.6796029887364782,21652,8967,0.04269570205360651,0.006410314701497555,0.5539270043373108,0.9911659359931946,0.0026923278346657753,0.356689453125,1.000244140625,/kaggle/input/datasets/shuvroahmedimaging/ws2-eca/test_set/test_set/images/before/before-video-000/frame_0005.jpg,/kaggle/input/datasets/shuvroahmedimaging/ws2-eca/test_set/test_set/masks/before/before-video-000/frame_0005.jpg
before-video-000,frame_0006.jpg,strict_qmem_v2_T2K2_qmem_only_lambda0p05,qmem,2,margin,0.05,0.0,0.0,0.2413716895649932,0.3888789982790339,0.266360458499309,0.7201098901098901,24602,9100,0.04269570205360651,0.006135191302746534,0.5305603742599487,0.9913157224655151,0.0026065518613904715,0.323974609375,1.0012125968933105,/kaggle/input/datasets/shuvroahmedimaging/ws2-eca/test_set/test_set/images/before/before-video-000/frame_0006.jpg,/kaggle/input/datasets/shuvroahmedimaging/ws2-eca/test_set/test_set/masks/before/before-video-000/frame_0006.jpg
before-video-000,frame_0007.jpg,strict_qmem_v2_T2K2_qmem_only_lambda0p05,qmem,2,margin,0.05,0.0,0.0,0.22629082212725918,0.36906550720930975,0.24431746031746032,0.7541154951659264,23625,7654,0.04269570205360651,0.004803348332643509,0.5465483069419861,0.9925713539123535,0.002697564661502838,0.345458984375,1.0003618001937866,/kaggle/input/datasets/shuvroahmedimaging/ws2-eca/test_set/test_set/images/before/before-video-000/frame_0007.jpg,/kaggle/input/datasets/shuvroahmedimaging/ws2-eca/test_set/test_set/masks/before/before-video-000/frame_0007.jpg
before-video-000,frame_0008.jpg,strict_qmem_v2_T2K2_qmem_only_lambda0p05,qmem,2,margin,0.05,0.0,0.0,0.19345416716680672,0.3241920343301596,0.20919868466597438,0.7199225729600953,23112,6716,0.04269570205360651,0.004269191063940525,0.5541290640830994,0.9932141304016113,0.0028156780172139406,0.353759765625,1.0003721714019775,/kaggle/input/datasets/shuvroahmedimaging/ws2-eca/test_set/test_set/images/before/before-video-000/frame_0008.jpg,/kaggle/input/datasets/shuvroahmedimaging/ws2-eca/test_set/test_set/masks/before/before-video-000/frame_0008.jpg
before-video-000,frame_0009.jpg,strict_qmem_v2_T2K2_qmem_only_lambda0p05,qmem,2,margin,0.05,0.0,0.0,0.28367507886435334,0.4419733366099404,0.29798691077789746,0.855206847360913,24142,8412,0.04269570205360651,0.004434386268258095,0.5553450584411621,0.9929966330528259,0.002823043614625931,0.35498046875,1.0001156330108643,/kaggle/input/datasets/shuvroahmedimaging/ws2-eca/test_set/test_set/images/before/before-video-000/frame_0009.jpg,/kaggle/input/datasets/shuvroahmedimaging/ws2-eca/test_set/test_set/masks/before/before-video-000/frame_0009.jpg
before-video-000,frame_0010.jpg,strict_qmem_v2_T2K2_qmem_only_lambda0p05,qmem,2,margin,0.05,0.0,0.0,0.33466735077817683,0.5014992695866116,0.36936086677488766,0.7808459696727853,26489,12530,0.04269570205360651,0.005867663770914078,0.5505099296569824,0.9912877082824707,0.0028982076328247786,0.347412109375,1.0002845525741577,/kaggle/input/datasets/shuvroahmedimaging/ws2-eca/test_set/test_set/images/before/before-video-000/frame_0010.jpg,/kaggle/input/datasets/shuvroahmedimaging/ws2-eca/test_set/test_set/masks/before/before-video-000/frame_0010.jpg
before-video-000,frame_0011.jpg,strict_qmem_v2_T2K2_qmem_only_lambda0p05,qmem,2,margin,0.05,0.0,0.0,0.3750176778390609,0.5454732457380885,0.38920485818075073,0.9114108953428424,27253,11638,0.04269570205360651,0.005661234725266695,0.5515296459197998,0.9913657903671265,0.00293673574924469,0.34765625,1.0,/kaggle/input/datasets/shuvroahmedimaging/ws2-eca/test_set/test_set/images/before/before-video-000/frame_0011.jpg,/kaggle/input/datasets/shuvroahmedimaging/ws2-eca/test_set/test_set/masks/before/before-video-000/frame_0011.jpg
before-video-000,frame_0012.jpg,strict_qmem_v2_T2K2_qmem_only_lambda0p05,qmem,2,margin,0.05,0.0,0.0,0.4413893409980261,0.6124498474401172,0.45299783203610905,0.9451282811804834,28137,13486,0.04269570205360651,0.005410689394921064,0.567421555519104,0.991784393787384,0.0030843336135149,0.36767578125,1.0001181364059448,/kaggle/input/datasets/shuvroahmedimaging/ws2-eca/test_set/test_set/images/before/before-video-000/frame_0012.jpg,/kaggle/input/datasets/shuvroahmedimaging/ws2-eca/test_set/test_set/masks/before/before-video-000/frame_0012.jpg
before-video-000,frame_0013.jpg,strict_qmem_v2_T2K2_qmem_only_lambda0p05,qmem,2,margin,0.05,0.0,0.0,0.3861657223257406,0.5571710742894765,0.40543777697927896,0.8903989478298991,25047,11405,0.04269570205360651,0.0049345288425683975,0.6000407934188843,0.9923544526100159,0.003944267984479666,0.41357421875,1.000427007675171,/kaggle/input/datasets/shuvroahmedimaging/ws2-eca/test_set/test_set/images/before/before-video-000/frame_0013.jpg,/kaggle/input/datasets/shuvroahmedimaging/ws2-eca/test_set/test_set/masks/before/before-video-000/frame_0013.jpg
before-video-000,frame_0014.jpg,strict_qmem_v2_T2K2_qmem_only_lambda0p05,qmem,2,margin,0.05,0.0,0.0,0.35341463414634144,0.5222562623896198,0.37718004338394795,0.8486919172198361,23050,10244,0.04269570205360651,0.004028377588838339,0.6162263751029968,0.9936224222183228,0.0029351473785936832,0.44140625,1.0001497268676758,/kaggle/input/datasets/shuvroahmedimaging/ws2-eca/test_set/test_set/images/before/before-video-000/frame_0014.jpg,/kaggle/input/datasets/shuvroahmedimaging/ws2-eca/test_set/test_set/masks/before/before-video-000/frame_0014.jpg
before-video-000,frame_0015.jpg,strict_qmem_v2_T2K2_qmem_only_lambda0p05,qmem,2,margin,0.05,0.0,0.0,0.3388484447385837,0.5061789421651013,0.3554321416174939,0.878969957081545,20167,8155,0.04269570205360651,0.00426260381937027,0.603355884552002,0.9935121536254883,0.0028558112680912018,0.423583984375,1.0000908374786377,/kaggle/input/datasets/shuvroahmedimaging/ws2-eca/test_set/test_set/images/before/before-video-000/frame_0015.jpg,/kaggle/input/datasets/shuvroahmedimaging/ws2-eca/test_set/test_set/masks/before/before-video-000/frame_0015.jpg
before-video-000,frame_0016.jpg,strict_qmem_v2_T2K2_qmem_only_lambda0p05,qmem,2,margin,0.05,0.0,0.0,0.31210290594729717,0.4757293113713038,0.3328889629506193,0.8332869855394883,18003,7192,0.04269570205360651,0.003704150440171361,0.6191233396530151,0.9942308664321899,0.002646859036758542,0.450439453125,1.0001109838485718,/kaggle/input/datasets/shuvroahmedimaging/ws2-eca/test_set/test_set/images/before/before-video-000/frame_0016.jpg,/kaggle/input/datasets/shuvroahmedimaging/ws2-eca/test_set/test_set/masks/before/before-video-000/frame_0016.jpg
before-video-000,frame_0017.jpg,strict_qmem_v2_T2K2_qmem_only_lambda0p05,qmem,2,margin,0.05,0.0,0.0,0.2475785622040465,0.39689454388613327,0.27318608241301506,0.725366545798518,16842,6343,0.04269570205360651,0.00392652302980423,0.609741747379303,0.9941529631614685,0.0025990507565438747,0.438720703125,1.0011056661605835,/kaggle/input/datasets/shuvroahmedimaging/ws2-eca/test_set/test_set/images/before/before-video-000/frame_0017.jpg,/kaggle/input/datasets/shuvroahmedimaging/ws2-eca/test_set/test_set/masks/before/before-video-000/frame_0017.jpg
before-video-000,frame_0018.jpg,strict_qmem_v2_T2K2_qmem_only_lambda0p05,qmem,2,margin,0.05,0.0,0.0,0.3809449066080678,0.5517162991588997,0.43210682492581604,0.7628876781223806,16850,9544,0.04269570205360651,0.004673288203775883,0.5871912240982056,0.9934635162353516,0.002657621866092086,0.404296875,1.0001349449157715,/kaggle/input/datasets/shuvroahmedimaging/ws2-eca/test_set/test_set/images/before/before-video-000/frame_0018.jpg,/kaggle/input/datasets/shuvroahmedimaging/ws2-eca/test_set/test_set/masks/before/before-video-000/frame_0018.jpg
before-video-000,frame_0019.jpg,strict_qmem_v2_T2K2_qmem_only_lambda0p05,qmem,2,margin,0.05,0.0,0.0,0.4904802908534252,0.6581506563533075,0.5156407161536914,0.9095183181052071,19884,11273,0.04269570205360651,0.004890859127044678,0.5996259450912476,0.993010401725769,0.002767762169241905,0.419921875,1.000244140625,/kaggle/input/datasets/shuvroahmedimaging/ws2-eca/test_set/test_set/images/before/before-video-000/frame_0019.jpg,/kaggle/input/datasets/shuvroahmedimaging/ws2-eca/test_set/test_set/masks/before/before-video-000/frame_0019.jpg
before-video-000,frame_0020.jpg,strict_qmem_v2_T2K2_qmem_only_lambda0p05,qmem,2,margin,0.05,0.0,0.0,0.5176824361526408,0.6822012613718814,0.5425692471590909,0.9186081467007365,22528,13306,0.04269570205360651,0.005892654415220022,0.591060221195221,0.9916515946388245,0.002940114587545395,0.404541015625,1.000244140625,/kaggle/input/datasets/shuvroahmedimaging/ws2-eca/test_set/test_set/images/before/before-video-000/frame_0020.jpg,/kaggle/input/datasets/shuvroahmedimaging/ws2-eca/test_set/test_set/masks/before/before-video-000/frame_0020.jpg
before-video-000,frame_0021.jpg,strict_qmem_v2_T2K2_qmem_only_lambda0p05,qmem,2,margin,0.05,0.0,0.0,0.5131824945629364,0.6782823570942283,0.5835900551047859,0.8096556705995666,23047,16612,0.04269570205360651,0.006239317357540131,0.5877184271812439,0.9909777641296387,0.003175358520820737,0.395263671875,1.000107765197754,/kaggle/input/datasets/shuvroahmedimaging/ws2-eca/test_set/test_set/images/before/before-video-000/frame_0021.jpg,/kaggle/input/datasets/shuvroahmedimaging/ws2-eca/test_set/test_set/masks/before/before-video-000/frame_0021.jpg
before-video-000,frame_0022.jpg,strict_qmem_v2_T2K2_qmem_only_lambda0p05,qmem,2,margin,0.05,0.0,0.0,0.5369163182881032,0.698692976187732,0.6451132300357568,0.7619789833576349,23492,19889,0.04269570205360651,0.006250668782740831,0.5845696926116943,0.991119921207428,0.0032077119685709476,0.39208984375,1.0001347064971924,/kaggle/input/datasets/shuvroahmedimaging/ws2-eca/test_set/test_set/images/before/before-video-000/frame_0022.jpg,/kaggle/input/datasets/shuvroahmedimaging/ws2-eca/test_set/test_set/masks/before/before-video-000/frame_0022.jpg
before-video-000,frame_0023.jpg,strict_qmem_v2_T2K2_qmem_only_lambda0p05,qmem,2,margin,0.05,0.0,0.0,0.43450121126658714,0.6057871653979936,0.5549039527151829,0.6669441669441669,21656,18018,0.04269570205360651,0.005755211226642132,0.5725152492523193,0.9916303157806396,0.003279007039964199,0.375,1.000244140625,/kaggle/input/datasets/shuvroahmedimaging/ws2-eca/test_set/test_set/images/before/before-video-000/frame_0023.jpg,/kaggle/input/datasets/shuvroahmedimaging/ws2-eca/test_set/test_set/masks/before/before-video-000/frame_0023.jpg
before-video-000,frame_0024.jpg,strict_qmem_v2_T2K2_qmem_only_lambda0p05,qmem,2,margin,0.05,0.0,0.0,0.4180387059503177,0.589601262922035,0.5490326251896813,0.636643571978445,21088,18186,0.04269570205360651,0.00601873267441988,0.5516296625137329,0.9913042783737183,0.002835529390722513,0.349365234375,1.000244379043579,/kaggle/input/datasets/shuvroahmedimaging/ws2-eca/test_set/test_set/images/before/before-video-000/frame_0024.jpg,/kaggle/input/datasets/shuvroahmedimaging/ws2-eca/test_set/test_set/masks/before/before-video-000/frame_0024.jpg
before-video-000,frame_0025.jpg,strict_qmem_v2_T2K2_qmem_only_lambda0p05,qmem,2,margin,0.05,0.0,0.0,0.44434485006518903,0.6152891396332864,0.5629774932892835,0.6783181987809429,19372,16078,0.04269570205360651,0.006440059281885624,0.5477727651596069,0.9909043312072754,0.002870541764423251,0.343017578125,1.000403881072998,/kaggle/input/datasets/shuvroahmedimaging/ws2-eca/test_set/test_set/images/before/before-video-000/frame_0025.jpg,/kaggle/input/datasets/shuvroahmedimaging/ws2-eca/test_set/test_set/masks/before/before-video-000/frame_0025.jpg
before-video-000,frame_0026.jpg,strict_qmem_v2_T2K2_qmem_only_lambda0p05,qmem,2,margin,0.05,0.0,0.0,0.44936909769065947,0.6200892490486489,0.4935715842231423,0.8338241790605213,22945,13582,0.04269570205360651,0.007536189164966345,0.5845365524291992,0.9898951053619385,0.002893568715080619,0.39501953125,1.0012845993041992,/kaggle/input/datasets/shuvroahmedimaging/ws2-eca/test_set/test_set/images/before/before-video-000/frame_0026.jpg,/kaggle/input/datasets/shuvroahmedimaging/ws2-eca/test_set/test_set/masks/before/before-video-000/frame_0026.jpg
before-video-000,frame_0027.jpg,strict_qmem_v2_T2K2_qmem_only_lambda0p05,qmem,2,margin,0.05,0.0,0.0,0.35838902873014494,0.527667731629393,0.37946879882363754,0.8657999580624869,21762,9538,0.04269570205360651,0.005480588413774967,0.5750373601913452,0.9918333292007446,0.0029261026065796614,0.381591796875,1.000629186630249,/kaggle/input/datasets/shuvroahmedimaging/ws2-eca/test_set/test_set/images/before/before-video-000/frame_0027.jpg,/kaggle/input/datasets/shuvroahmedimaging/ws2-eca/test_set/test_set/masks/before/before-video-000/frame_0027.jpg
before-video-000,frame_0028.jpg,strict_qmem_v2_T2K2_qmem_only_lambda0p05,qmem,2,margin,0.05,0.0,0.0,0.20159822419533852,0.3355501367028745,0.20999815020347762,0.8344358691657479,21624,5442,0.04269570205360651,0.004935422446578741,0.574819803237915,0.9927144050598145,0.0026849955320358276,0.38623046875,1.0002418756484985,/kaggle/input/datasets/shuvroahmedimaging/ws2-eca/test_set/test_set/images/before/before-video-000/frame_0028.jpg,/kaggle/input/datasets/shuvroahmedimaging/ws2-eca/test_set/test_set/masks/before/before-video-000/frame_0028.jpg
before-video-000,frame_0029.jpg,strict_qmem_v2_T2K2_qmem_only_lambda0p05,qmem,2,margin,0.05,0.0,0.0,0.18000518000518,0.3050921861281826,0.18746869099456667,0.8188857094765191,25951,5941,0.04269570205360651,0.005078213755041361,0.5683716535568237,0.9925632476806641,0.0028213649056851864,0.373779296875,1.0003559589385986,/kaggle/input/datasets/shuvroahmedimaging/ws2-eca/test_set/test_set/images/before/before-video-000/frame_0029.jpg,/kaggle/input/datasets/shuvroahmedimaging/ws2-eca/test_set/test_set/masks/before/before-video-000/frame_0029.jpg
before-video-000,frame_0030.jpg,strict_qmem_v2_T2K2_qmem_only_lambda0p05,qmem,2,margin,0.05,0.0,0.0,0.2177885727504048,0.35767879190806345,0.22836237215507135,0.8246715328467153,24737,6850,0.04269570205360651,0.0050984593108296394,0.5566492080688477,0.9923432469367981,0.0030177615117281675,0.355224609375,1.0007826089859009,/kaggle/input/datasets/shuvroahmedimaging/ws2-eca/test_set/test_set/images/before/before-video-000/frame_0030.jpg,/kaggle/input/datasets/shuvroahmedimaging/ws2-eca/test_set/test_set/masks/before/before-video-000/frame_0030.jpg
before-video-000,frame_0031.jpg,strict_qmem_v2_T2K2_qmem_only_lambda0p05,qmem,2,margin,0.05,0.0,0.0,0.2532100667693888,0.40409836065573773,0.26353066951757315,0.8660518225735617,22449,6831,0.04269570205360651,0.0047192987985908985,0.5880053043365479,0.9928655624389648,0.0028703762218356133,0.40234375,1.000617265701294,/kaggle/input/datasets/shuvroahmedimaging/ws2-eca/test_set/test_set/images/before/before-video-000/frame_0031.jpg,/kaggle/input/datasets/shuvroahmedimaging/ws2-eca/test_set/test_set/masks/before/before-video-000/frame_0031.jpg
before-video-000,frame_0032.jpg,strict_qmem_v2_T2K2_qmem_only_lambda0p05,qmem,2,margin,0.05,0.0,0.0,0.2773136907946175,0.4342139175257732,0.296741523557904,0.8090036014405763,22710,8330,0.04269570205360651,0.004634034354239702,0.6058192849159241,0.9929400086402893,0.0028809967916458845,0.42626953125,1.0006319284439087,/kaggle/input/datasets/shuvroahmedimaging/ws2-eca/test_set/test_set/images/before/before-video-000/frame_0032.jpg,/kaggle/input/datasets/shuvroahmedimaging/ws2-eca/test_set/test_set/masks/before/before-video-000/frame_0032.jpg
before-video-000,frame_0033.jpg,strict_qmem_v2_T2K2_qmem_only_lambda0p05,qmem,2,margin,0.05,0.0,0.0,0.2758933841892567,0.43247090643795155,0.295482176725186,0.8062632696390658,20563,7536,0.04269570205360651,0.004874298349022865,0.5938267111778259,0.9926431179046631,0.0028978963382542133,0.408935546875,1.0018800497055054,/kaggle/input/datasets/shuvroahmedimaging/ws2-eca/test_set/test_set/images/before/before-video-000/frame_0033.jpg,/kaggle/input/datasets/shuvroahmedimaging/ws2-eca/test_set/test_set/masks/before/before-video-000/frame_0033.jpg
before-video-000,frame_0034.jpg,strict_qmem_v2_T2K2_qmem_only_lambda0p05,qmem,2,margin,0.05,0.0,0.0,0.2101290859879242,0.347283754139963,0.22342132934860812,0.7793436293436293,18069,5180,0.04269570205360651,0.004442855715751648,0.5936164259910583,0.9933663606643677,0.0026155435480177402,0.414306640625,1.0014317035675049,/kaggle/input/datasets/shuvroahmedimaging/ws2-eca/test_set/test_set/images/before/before-video-000/frame_0034.jpg,/kaggle/input/datasets/shuvroahmedimaging/ws2-eca/test_set/test_set/masks/before/before-video-000/frame_0034.jpg
before-video-000,frame_0035.jpg,strict_qmem_v2_T2K2_qmem_only_lambda0p05,qmem,2,margin,0.05,0.0,0.0,0.18711619506321492,0.31524495384927476,0.19327156271376159,0.8545504536706077,16081,3637,0.04269570205360651,0.004429960623383522,0.6294572353363037,0.9935520887374878,0.0027320070657879114,0.464111328125,1.0015815496444702,/kaggle/input/datasets/shuvroahmedimaging/ws2-eca/test_set/test_set/images/before/before-video-000/frame_0035.jpg,/kaggle/input/datasets/shuvroahmedimaging/ws2-eca/test_set/test_set/masks/before/before-video-000/frame_0035.jpg
before-video-000,frame_0036.jpg,strict_qmem_v2_T2K2_qmem_only_lambda0p05,qmem,2,margin,0.05,0.0,0.0,0.21417612764651733,0.3527925195855446,0.2222788357429463,0.8545543584720862,15701,4084,0.04269570205360651,0.0049011968076229095,0.6633225679397583,0.9932689070701599,0.002724605845287442,0.512939453125,1.0005830526351929,/kaggle/input/datasets/shuvroahmedimaging/ws2-eca/test_set/test_set/images/before/before-video-000/frame_0036.jpg,/kaggle/input/datasets/shuvroahmedimaging/ws2-eca/test_set/test_set/masks/before/before-video-000/frame_0036.jpg
before-video-000,frame_0037.jpg,strict_qmem_v2_T2K2_qmem_only_lambda0p05,qmem,2,margin,0.05,0.0,0.0,0.1822367159025513,0.3082914165179296,0.18754935509344564,0.8654722137868205,15196,3293,0.04269570205360651,0.004201495088636875,0.6471997499465942,0.9940009117126465,0.0026579713448882103,0.491943359375,1.0006673336029053,/kaggle/input/datasets/shuvroahmedimaging/ws2-eca/test_set/test_set/images/before/before-video-000/frame_0037.jpg,/kaggle/input/datasets/shuvroahmedimaging/ws2-eca/test_set/test_set/masks/before/before-video-000/frame_0037.jpg
before-video-000,frame_0038.jpg,strict_qmem_v2_T2K2_qmem_only_lambda0p05,qmem,2,margin,0.05,0.0,0.0,0.20258236865538737,0.3369122547204739,0.21406168322007318,0.7906931840123576,19130,5179,0.04269570205360651,0.0043981317430734634,0.6061524152755737,0.9937403202056885,0.0027032496873289347,0.430908203125,1.0003551244735718,/kaggle/input/datasets/shuvroahmedimaging/ws2-eca/test_set/test_set/images/before/before-video-000/frame_0038.jpg,/kaggle/input/datasets/shuvroahmedimaging/ws2-eca/test_set/test_set/masks/before/before-video-000/frame_0038.jpg
before-video-000,frame_0039.jpg,strict_qmem_v2_T2K2_qmem_only_lambda0p05,qmem,2,margin,0.05,0.0,0.0,0.2740107129510443,0.4301544879734046,0.2878265800148297,0.8509348807221148,22927,7755,0.04269570205360651,0.00483560049906373,0.5955332517623901,0.9929543733596802,0.002832407597452402,0.41357421875,1.0002094507217407,/kaggle/input/datasets/shuvroahmedimaging/ws2-eca/test_set/test_set/images/before/before-video-000/frame_0039.jpg,/kaggle/input/datasets/shuvroahmedimaging/ws2-eca/test_set/test_set/masks/before/before-video-000/frame_0039.jpg
before-video-000,frame_0040.jpg,strict_qmem_v2_T2K2_qmem_only_lambda0p05,qmem,2,margin,0.05,0.0,0.0,0.23039037450831323,0.3744996373210112,0.24441561174036538,0.8005972892258213,28517,8706,0.04269570205360651,0.0060714418068528175,0.5751731395721436,0.9914512634277344,0.0028666979633271694,0.383544921875,1.0002126693725586,/kaggle/input/datasets/shuvroahmedimaging/ws2-eca/test_set/test_set/images/before/before-video-000/frame_0040.jpg,/kaggle/input/datasets/shuvroahmedimaging/ws2-eca/test_set/test_set/masks/before/before-video-000/frame_0040.jpg
before-video-000,frame_0041.jpg,strict_qmem_v2_T2K2_qmem_only_lambda0p05,qmem,2,margin,0.05,0.0,0.0,0.27699342478555455,0.4338212232096184,0.30240862879422803,0.7672182675418323,27443,10817,0.04269570205360651,0.005479770712554455,0.5500879883766174,0.9915517568588257,0.003139929845929146,0.34228515625,1.000098705291748,/kaggle/input/datasets/shuvroahmedimaging/ws2-eca/test_set/test_set/images/before/before-video-000/frame_0041.jpg,/kaggle/input/datasets/shuvroahmedimaging/ws2-eca/test_set/test_set/masks/before/before-video-000/frame_0041.jpg
before-video-000,frame_0042.jpg,strict_qmem_v2_T2K2_qmem_only_lambda0p05,qmem,2,margin,0.05,0.0,0.0,0.3032428258911337,0.46536657615403604,0.3266112266112266,0.8090987124463519,28860,11650,0.04269570205360651,0.006285732612013817,0.5504423379898071,0.9905776977539062,0.003270402317866683,0.340576171875,1.000760793685913,/kaggle/input/datasets/shuvroahmedimaging/ws2-eca/test_set/test_set/images/before/before-video-000/frame_0042.jpg,/kaggle/input/datasets/shuvroahmedimaging/ws2-eca/test_set/test_set/masks/before/before-video-000/frame_0042.jpg
before-video-000,frame_0043.jpg,strict_qmem_v2_T2K2_qmem_only_lambda0p05,qmem,2,margin,0.05,0.0,0.0,0.3214045472891161,0.48645896965994706,0.35087203965485586,0.7928316601675931,27235,12053,0.04269570205360651,0.006522057577967644,0.542992353439331,0.9902280569076538,0.003416785504668951,0.32763671875,1.0011041164398193,/kaggle/input/datasets/shuvroahmedimaging/ws2-eca/test_set/test_set/images/before/before-video-000/frame_0043.jpg,/kaggle/input/datasets/shuvroahmedimaging/ws2-eca/test_set/test_set/masks/before/before-video-000/frame_0043.jpg
before-video-000,frame_0044.jpg,strict_qmem_v2_T2K2_qmem_only_lambda0p05,qmem,2,margin,0.05,0.0,0.0,0.31320425823320674,0.47700767990897885,0.33113934048575,0.8525673614641586,30386,11802,0.04269570205360651,0.007442858070135117,0.538707971572876,0.9893867373466492,0.0030580118764191866,0.32666015625,1.0010180473327637,/kaggle/input/datasets/shuvroahmedimaging/ws2-eca/test_set/test_set/images/before/before-video-000/frame_0044.jpg,/kaggle/input/datasets/shuvroahmedimaging/ws2-eca/test_set/test_set/masks/before/before-video-000/frame_0044.jpg
before-video-000,frame_0045.jpg,strict_qmem_v2_T2K2_qmem_only_lambda0p05,qmem,2,margin,0.05,0.0,0.0,0.3500974432066087,0.5186254443606593,0.37079482439926065,0.8624865639555714,32460,13955,0.04269570205360651,0.007291285786777735,0.5313876867294312,0.9893491864204407,0.003382046241313219,0.311767578125,1.000986933708191,/kaggle/input/datasets/shuvroahmedimaging/ws2-eca/test_set/test_set/images/before/before-video-000/frame_0045.jpg,/kaggle/input/datasets/shuvroahmedimaging/ws2-eca/test_set/test_set/masks/before/before-video-000/frame_0045.jpg
before-video-000,frame_0046.jpg,strict_qmem_v2_T2K2_qmem_only_lambda0p05,qmem,2,margin,0.05,0.0,0.0,0.34237258704019913,0.5101006834400534,0.3537573637151999,0.914078195023953,33441,12942,0.04269570205360651,0.007163309492170811,0.5262879729270935,0.9893028736114502,0.003433333709836006,0.3017578125,1.0010490417480469,/kaggle/input/datasets/shuvroahmedimaging/ws2-eca/test_set/test_set/images/before/before-video-000/frame_0046.jpg,/kaggle/input/datasets/shuvroahmedimaging/ws2-eca/test_set/test_set/masks/before/before-video-000/frame_0046.jpg
before-video-000,frame_0047.jpg,strict_qmem_v2_T2K2_qmem_only_lambda0p05,qmem,2,margin,0.05,0.0,0.0,0.29263005780346824,0.45276690888764676,0.30972568578553616,0.8413114161849711,30075,11072,0.04269570205360651,0.006069487892091274,0.5334974527359009,0.990455687046051,0.003410875331610441,0.313720703125,1.0004433393478394,/kaggle/input/datasets/shuvroahmedimaging/ws2-eca/test_set/test_set/images/before/before-video-000/frame_0047.jpg,/kaggle/input/datasets/shuvroahmedimaging/ws2-eca/test_set/test_set/masks/before/before-video-000/frame_0047.jpg
before-video-000,frame_0048.jpg,strict_qmem_v2_T2K2_qmem_only_lambda0p05,qmem,2,margin,0.05,0.0,0.0,0.2157365284808099,0.35490671445135447,0.23223092044004554,0.7523181767400291,28997,8951,0.04269570205360651,0.0055470652878284454,0.5471392273902893,0.9910596609115601,0.003057918045669794,0.33935546875,1.0008478164672852,/kaggle/input/datasets/shuvroahmedimaging/ws2-eca/test_set/test_set/images/before/before-video-000/frame_0048.jpg,/kaggle/input/datasets/shuvroahmedimaging/ws2-eca/test_set/test_set/masks/before/before-video-000/frame_0048.jpg
before-video-000,frame_0049.jpg,strict_qmem_v2_T2K2_qmem_only_lambda0p05,qmem,2,margin,0.05,0.0,0.0,0.26904096352279394,0.4240067440785359,0.28717722031900395,0.8098898815707459,27147,9626,0.04269570205360651,0.004945004358887672,0.5419959425926208,0.9919778108596802,0.002989929635077715,0.333984375,1.0003085136413574,/kaggle/input/datasets/shuvroahmedimaging/ws2-eca/test_set/test_set/images/before/before-video-000/frame_0049.jpg,/kaggle/input/datasets/shuvroahmedimaging/ws2-eca/test_set/test_set/masks/before/before-video-000/frame_0049.jpg
before-video-000,frame_0050.jpg,strict_qmem_v2_T2K2_qmem_only_lambda0p05,qmem,2,margin,0.05,0.0,0.0,0.26099442074171314,0.41395015941180296,0.2855603931953858,0.7520983567797612,22279,8459,0.04269570205360651,0.00440696906298399,0.5496940612792969,0.9929585456848145,0.002805533353239298,0.34765625,1.0007002353668213,/kaggle/input/datasets/shuvroahmedimaging/ws2-eca/test_set/test_set/images/before/before-video-000/frame_0050.jpg,/kaggle/input/datasets/shuvroahmedimaging/ws2-eca/test_set/test_set/masks/before/before-video-000/frame_0050.jpg
before-video-000,frame_0051.jpg,strict_qmem_v2_T2K2_qmem_only_lambda0p05,qmem,2,margin,0.05,0.0,0.0,0.2644177490136974,0.41824428551395315,0.2829830637126998,0.8012088650100738,21079,7445,0.04269570205360651,0.0036104090977460146,0.5622551441192627,0.9939843416213989,0.002732872264459729,0.366943359375,1.0003975629806519,/kaggle/input/datasets/shuvroahmedimaging/ws2-eca/test_set/test_set/images/before/before-video-000/frame_0051.jpg,/kaggle/input/datasets/shuvroahmedimaging/ws2-eca/test_set/test_set/masks/before/before-video-000/frame_0051.jpg
before-video-000,frame_0052.jpg,strict_qmem_v2_T2K2_qmem_only_lambda0p05,qmem,2,margin,0.05,0.0,0.0,0.31832558139534883,0.4829240756421112,0.3349155860044042,0.8653432798078139,20435,7909,0.04269570205360651,0.003595418995246291,0.5943766236305237,0.9941540956497192,0.0026863068342208862,0.4140625,1.000696063041687,/kaggle/input/datasets/shuvroahmedimaging/ws2-eca/test_set/test_set/images/before/before-video-000/frame_0052.jpg,/kaggle/input/datasets/shuvroahmedimaging/ws2-eca/test_set/test_set/masks/before/before-video-000/frame_0052.jpg
before-video-000,frame_0053.jpg,strict_qmem_v2_T2K2_qmem_only_lambda0p05,qmem,2,margin,0.05,0.0,0.0,0.3311850007323861,0.4975792253521127,0.35076016134036614,0.8557910673732021,19338,7926,0.04269570205360651,0.003554907161742449,0.6098282337188721,0.9943548440933228,0.0027289087884128094,0.43603515625,1.000120997428894,/kaggle/input/datasets/shuvroahmedimaging/ws2-eca/test_set/test_set/images/before/before-video-000/frame_0053.jpg,/kaggle/input/datasets/shuvroahmedimaging/ws2-eca/test_set/test_set/masks/before/before-video-000/frame_0053.jpg
before-video-000,frame_0054.jpg,strict_qmem_v2_T2K2_qmem_only_lambda0p05,qmem,2,margin,0.05,0.0,0.0,0.2936532349020814,0.4539906475390346,0.3149675574617838,0.8127128263337117,18186,7048,0.04269570205360651,0.003381484653800726,0.612337052822113,0.9945865273475647,0.0027272433508187532,0.439697265625,1.0,/kaggle/input/datasets/shuvroahmedimaging/ws2-eca/test_set/test_set/images/before/before-video-000/frame_0054.jpg,/kaggle/input/datasets/shuvroahmedimaging/ws2-eca/test_set/test_set/masks/before/before-video-000/frame_0054.jpg
before-video-000,frame_0055.jpg,strict_qmem_v2_T2K2_qmem_only_lambda0p05,qmem,2,margin,0.05,0.0,0.0,0.30057902883678267,0.46222339769020543,0.3096869462492617,0.9108756080611535,16930,5756,0.04269570205360651,0.002987097017467022,0.6103160977363586,0.9951593279838562,0.002691330388188362,0.437744140625,1.0001566410064697,/kaggle/input/datasets/shuvroahmedimaging/ws2-eca/test_set/test_set/images/before/before-video-000/frame_0055.jpg,/kaggle/input/datasets/shuvroahmedimaging/ws2-eca/test_set/test_set/masks/before/before-video-000/frame_0055.jpg
before-video-000,frame_0056.jpg,strict_qmem_v2_T2K2_qmem_only_lambda0p05,qmem,2,margin,0.05,0.0,0.0,0.3253640122236203,0.49098060490980605,0.3318462384648292,0.943363446838082,16363,5756,0.04269570205360651,0.002615116536617279,0.6350295543670654,0.9955359697341919,0.0027918354608118534,0.47119140625,1.0001283884048462,/kaggle/input/datasets/shuvroahmedimaging/ws2-eca/test_set/test_set/images/before/before-video-000/frame_0056.jpg,/kaggle/input/datasets/shuvroahmedimaging/ws2-eca/test_set/test_set/masks/before/before-video-000/frame_0056.jpg
before-video-000,frame_0057.jpg,strict_qmem_v2_T2K2_qmem_only_lambda0p05,qmem,2,margin,0.05,0.0,0.0,0.2624404366970264,0.41576684185379836,0.2704164077066501,0.8989669421487604,16090,4840,0.04269570205360651,0.0023903290275484324,0.6500734686851501,0.9959037899971008,0.0028269202448427677,0.49169921875,1.0,/kaggle/input/datasets/shuvroahmedimaging/ws2-eca/test_set/test_set/images/before/before-video-000/frame_0057.jpg,/kaggle/input/datasets/shuvroahmedimaging/ws2-eca/test_set/test_set/masks/before/before-video-000/frame_0057.jpg
before-video-000,frame_0058.jpg,strict_qmem_v2_T2K2_qmem_only_lambda0p05,qmem,2,margin,0.05,0.0,0.0,0.21041042265581994,0.3476678963060286,0.21509410367035578,0.9062170706006323,15993,3796,0.04269570205360651,0.002023034729063511,0.6440699100494385,0.9962560534477234,0.0027877455577254295,0.48486328125,1.0,/kaggle/input/datasets/shuvroahmedimaging/ws2-eca/test_set/test_set/images/before/before-video-000/frame_0058.jpg,/kaggle/input/datasets/shuvroahmedimaging/ws2-eca/test_set/test_set/masks/before/before-video-000/frame_0058.jpg
before-video-000,frame_0059.jpg,strict_qmem_v2_T2K2_qmem_only_lambda0p05,qmem,2,margin,0.05,0.0,0.0,0.20206198688983645,0.33619229140194834,0.2048783635542363,0.9363019758183426,15497,3391,0.04269570205360651,0.0017514980863779783,0.6670210957527161,0.9966375827789307,0.0028271402698010206,0.518798828125,1.0,/kaggle/input/datasets/shuvroahmedimaging/ws2-eca/test_set/test_set/images/before/before-video-000/frame_0059.jpg,/kaggle/input/datasets/shuvroahmedimaging/ws2-eca/test_set/test_set/masks/before/before-video-000/frame_0059.jpg
before-video-000,frame_0060.jpg,strict_qmem_v2_T2K2_qmem_only_lambda0p05,qmem,2,margin,0.05,0.0,0.0,0.20279851916922884,0.33721112212426313,0.20582054384512513,0.9324870167339873,15703,3466,0.04269570205360651,0.0016687752213329077,0.6782957911491394,0.9968987107276917,0.0028321538120508194,0.53515625,1.0,/kaggle/input/datasets/shuvroahmedimaging/ws2-eca/test_set/test_set/images/before/before-video-000/frame_0060.jpg,/kaggle/input/datasets/shuvroahmedimaging/ws2-eca/test_set/test_set/masks/before/before-video-000/frame_0060.jpg
before-video-000,frame_0061.jpg,strict_qmem_v2_T2K2_qmem_only_lambda0p05,qmem,2,margin,0.05,0.0,0.0,0.2010302879841112,0.3347630613404992,0.20457272784690203,0.9206935758953951,15833,3518,0.04269570205360651,0.0011309972032904625,0.6751768589019775,0.9974622130393982,0.0027818577364087105,0.531005859375,1.0001347064971924,/kaggle/input/datasets/shuvroahmedimaging/ws2-eca/test_set/test_set/images/before/before-video-000/frame_0061.jpg,/kaggle/input/datasets/shuvroahmedimaging/ws2-eca/test_set/test_set/masks/before/before-video-000/frame_0061.jpg
before-video-000,frame_0062.jpg,strict_qmem_v2_T2K2_qmem_only_lambda0p05,qmem,2,margin,0.05,0.0,0.0,0.19646317829457363,0.3284065600323952,0.20022219479076658,0.9127743387732132,16202,3554,0.04269570205360651,0.0008455977076664567,0.6863228678703308,0.9982509016990662,0.003044351702556014,0.54052734375,1.0001336336135864,/kaggle/input/datasets/shuvroahmedimaging/ws2-eca/test_set/test_set/images/before/before-video-000/frame_0062.jpg,/kaggle/input/datasets/shuvroahmedimaging/ws2-eca/test_set/test_set/masks/before/before-video-000/frame_0062.jpg
before-video-000,frame_0063.jpg,strict_qmem_v2_T2K2_qmem_only_lambda0p05,qmem,2,margin,0.05,0.0,0.0,0.19966670781385015,0.33287029891444153,0.20389512164376655,0.9059087090450854,15866,3571,0.04269570205360651,0.0010409698588773608,0.714525580406189,0.9980900883674622,0.0028980905190110207,0.58447265625,1.0001060962677002,/kaggle/input/datasets/shuvroahmedimaging/ws2-eca/test_set/test_set/images/before/before-video-000/frame_0063.jpg,/kaggle/input/datasets/shuvroahmedimaging/ws2-eca/test_set/test_set/masks/before/before-video-000/frame_0063.jpg
before-video-000,frame_0064.jpg,strict_qmem_v2_T2K2_qmem_only_lambda0p05,qmem,2,margin,0.05,0.0,0.0,0.19676267848350565,0.32882489071740806,0.20132241813602014,0.896774193548387,15880,3565,0.04269570205360651,0.00043090240797027946,0.7777693271636963,0.9997232556343079,0.004144707694649696,0.6533203125,1.0001087188720703,/kaggle/input/datasets/shuvroahmedimaging/ws2-eca/test_set/test_set/images/before/before-video-000/frame_0064.jpg,/kaggle/input/datasets/shuvroahmedimaging/ws2-eca/test_set/test_set/masks/before/before-video-000/frame_0064.jpg
before-video-000,frame_0065.jpg,strict_qmem_v2_T2K2_qmem_only_lambda0p05,qmem,2,margin,0.05,0.0,0.0,0.1956938687124915,0.32733105660767875,0.2007361807450657,0.8862426449985991,15757,3569,0.04269570205360651,0.00038104705163277686,0.7828429937362671,0.999798595905304,0.004189974628388882,0.65966796875,1.0001630783081055,/kaggle/input/datasets/shuvroahmedimaging/ws2-eca/test_set/test_set/images/before/before-video-000/frame_0065.jpg,/kaggle/input/datasets/shuvroahmedimaging/ws2-eca/test_set/test_set/masks/before/before-video-000/frame_0065.jpg
before-video-000,frame_0066.jpg,strict_qmem_v2_T2K2_qmem_only_lambda0p05,qmem,2,margin,0.05,0.0,0.0,0.19855685493903957,0.33132655179572346,0.20331210191082802,0.8946188340807175,15700,3568,0.04269570205360651,0.00040379591519013047,0.7774592638015747,0.999778687953949,0.004179098643362522,0.652099609375,1.0001630783081055,/kaggle/input/datasets/shuvroahmedimaging/ws2-eca/test_set/test_set/images/before/before-video-000/frame_0066.jpg,/kaggle/input/datasets/shuvroahmedimaging/ws2-eca/test_set/test_set/masks/before/before-video-000/frame_0066.jpg
before-video-001,frame_0001.jpg,strict_qmem_v2_T2K2_qmem_only_lambda0p05,qmem,2,margin,0.05,0.0,0.0,0.2585835509138381,0.4109120141067863,0.28355164268842603,0.7459749552772809,27942,10621,0.04269570205360651,0.0,0.0,0.0,0.0,0.0,0.0,/kaggle/input/datasets/shuvroahmedimaging/ws2-eca/test_set/test_set/images/before/before-video-001/frame_0001.jpg,/kaggle/input/datasets/shuvroahmedimaging/ws2-eca/test_set/test_set/masks/before/before-video-001/frame_0001.jpg
before-video-001,frame_0002.jpg,strict_qmem_v2_T2K2_qmem_only_lambda0p05,qmem,2,margin,0.05,0.0,0.0,0.23339856078777932,0.3784641367486374,0.253227408142999,0.7487849331713244,29203,9876,0.04269570205360651,0.006888105068355799,0.5348537564277649,0.9899721145629883,0.0031920569017529488,0.317626953125,1.0,/kaggle/input/datasets/shuvroahmedimaging/ws2-eca/test_set/test_set/images/before/before-video-001/frame_0002.jpg,/kaggle/input/datasets/shuvroahmedimaging/ws2-eca/test_set/test_set/masks/before/before-video-001/frame_0002.jpg
before-video-001,frame_0003.jpg,strict_qmem_v2_T2K2_qmem_only_lambda0p05,qmem,2,margin,0.05,0.0,0.0,0.19887110740515057,0.3317639505644428,0.22048783956762907,0.669799092676604,28124,9258,0.04269570205360651,0.006647784262895584,0.5134918689727783,0.9900041818618774,0.003255171235650778,0.2861328125,1.0014177560806274,/kaggle/input/datasets/shuvroahmedimaging/ws2-eca/test_set/test_set/images/before/before-video-001/frame_0003.jpg,/kaggle/input/datasets/shuvroahmedimaging/ws2-eca/test_set/test_set/masks/before/before-video-001/frame_0003.jpg
before-video-001,frame_0004.jpg,strict_qmem_v2_T2K2_qmem_only_lambda0p05,qmem,2,margin,0.05,0.0,0.0,0.23467289393886584,0.38013775971093045,0.270847580353192,0.6372929484145764,24859,10565,0.04269570205360651,0.007015029899775982,0.49685993790626526,0.9896711111068726,0.003236788557842374,0.265625,1.002957820892334,/kaggle/input/datasets/shuvroahmedimaging/ws2-eca/test_set/test_set/images/before/before-video-001/frame_0004.jpg,/kaggle/input/datasets/shuvroahmedimaging/ws2-eca/test_set/test_set/masks/before/before-video-001/frame_0004.jpg
before-video-001,frame_0005.jpg,strict_qmem_v2_T2K2_qmem_only_lambda0p05,qmem,2,margin,0.05,0.0,0.0,0.2213943219842009,0.36252718389019123,0.2562178130863508,0.6196176868121259,25049,10358,0.04269570205360651,0.005975496023893356,0.5163172483444214,0.9912540912628174,0.0029203249141573906,0.297607421875,1.0003865957260132,/kaggle/input/datasets/shuvroahmedimaging/ws2-eca/test_set/test_set/images/before/before-video-001/frame_0005.jpg,/kaggle/input/datasets/shuvroahmedimaging/ws2-eca/test_set/test_set/masks/before/before-video-001/frame_0005.jpg
before-video-001,frame_0006.jpg,strict_qmem_v2_T2K2_qmem_only_lambda0p05,qmem,2,margin,0.05,0.0,0.0,0.28196709610649157,0.43989755581537776,0.337375635168026,0.6319283371990723,23419,12503,0.04269570205360651,0.005905827507376671,0.5378667116165161,0.9914586544036865,0.0029721439350396395,0.326904296875,1.0002270936965942,/kaggle/input/datasets/shuvroahmedimaging/ws2-eca/test_set/test_set/images/before/before-video-001/frame_0006.jpg,/kaggle/input/datasets/shuvroahmedimaging/ws2-eca/test_set/test_set/masks/before/before-video-001/frame_0006.jpg
before-video-001,frame_0007.jpg,strict_qmem_v2_T2K2_qmem_only_lambda0p05,qmem,2,margin,0.05,0.0,0.0,0.2758633776091082,0.43243404027484456,0.3190116738348108,0.67100526170036,22786,10833,0.04269570205360651,0.0058274236507713795,0.5328723192214966,0.9913557767868042,0.0028687117155641317,0.322021484375,1.0012190341949463,/kaggle/input/datasets/shuvroahmedimaging/ws2-eca/test_set/test_set/images/before/before-video-001/frame_0007.jpg,/kaggle/input/datasets/shuvroahmedimaging/ws2-eca/test_set/test_set/masks/before/before-video-001/frame_0007.jpg
before-video-001,frame_0008.jpg,strict_qmem_v2_T2K2_qmem_only_lambda0p05,qmem,2,margin,0.05,0.0,0.0,0.31875411614302873,0.4834170559031756,0.3619885613726353,0.7274334718415701,22730,11311,0.04269570205360651,0.004899369552731514,0.5335025787353516,0.9925687313079834,0.00262407585978508,0.32763671875,1.0002570152282715,/kaggle/input/datasets/shuvroahmedimaging/ws2-eca/test_set/test_set/images/before/before-video-001/frame_0008.jpg,/kaggle/input/datasets/shuvroahmedimaging/ws2-eca/test_set/test_set/masks/before/before-video-001/frame_0008.jpg
before-video-001,frame_0009.jpg,strict_qmem_v2_T2K2_qmem_only_lambda0p05,qmem,2,margin,0.05,0.0,0.0,0.36145205925443596,0.5309802233541383,0.4226274315733374,0.7140468227424749,26269,15548,0.04269570205360651,0.005118930712342262,0.5285963416099548,0.9920229911804199,0.002862129360437393,0.315673828125,1.000265121459961,/kaggle/input/datasets/shuvroahmedimaging/ws2-eca/test_set/test_set/images/before/before-video-001/frame_0009.jpg,/kaggle/input/datasets/shuvroahmedimaging/ws2-eca/test_set/test_set/masks/before/before-video-001/frame_0009.jpg
before-video-001,frame_0010.jpg,strict_qmem_v2_T2K2_qmem_only_lambda0p05,qmem,2,margin,0.05,0.0,0.0,0.4580621048369514,0.6283163156320759,0.5383432775723855,0.7543985637342908,27319,19495,0.04269570205360651,0.007092428859323263,0.5114858746528625,0.9895430207252502,0.00326580205000937,0.283203125,1.0012022256851196,/kaggle/input/datasets/shuvroahmedimaging/ws2-eca/test_set/test_set/images/before/before-video-001/frame_0010.jpg,/kaggle/input/datasets/shuvroahmedimaging/ws2-eca/test_set/test_set/masks/before/before-video-001/frame_0010.jpg
before-video-001,frame_0011.jpg,strict_qmem_v2_T2K2_qmem_only_lambda0p05,qmem,2,margin,0.05,0.0,0.0,0.44887972423981287,0.619623170550375,0.5155349757873529,0.7763760246992442,28291,18786,0.04269570205360651,0.006863934453576803,0.534548282623291,0.9897861480712891,0.0033912849612534046,0.3173828125,1.0,/kaggle/input/datasets/shuvroahmedimaging/ws2-eca/test_set/test_set/images/before/before-video-001/frame_0011.jpg,/kaggle/input/datasets/shuvroahmedimaging/ws2-eca/test_set/test_set/masks/before/before-video-001/frame_0011.jpg
before-video-002,frame_0001.jpg,strict_qmem_v2_T2K2_qmem_only_lambda0p05,qmem,2,margin,0.05,0.0,0.0,0.420312396584817,0.591859083389641,0.4724898627283211,0.7919316623020327,26881,16038,0.04269570205360651,0.0,0.0,0.0,0.0,0.0,0.0,/kaggle/input/datasets/shuvroahmedimaging/ws2-eca/test_set/test_set/images/before/before-video-002/frame_0001.jpg,/kaggle/input/datasets/shuvroahmedimaging/ws2-eca/test_set/test_set/masks/before/before-video-002/frame_0001.jpg
before-video-002,frame_0002.jpg,strict_qmem_v2_T2K2_qmem_only_lambda0p05,qmem,2,margin,0.05,0.0,0.0,0.36499554214388585,0.534793749685977,0.40309020677118834,0.7943283582089552,26406,13400,0.04269570205360651,0.006389240734279156,0.522491455078125,0.9906011819839478,0.003098975634202361,0.302734375,1.0000622272491455,/kaggle/input/datasets/shuvroahmedimaging/ws2-eca/test_set/test_set/images/before/before-video-002/frame_0002.jpg,/kaggle/input/datasets/shuvroahmedimaging/ws2-eca/test_set/test_set/masks/before/before-video-002/frame_0002.jpg
before-video-002,frame_0003.jpg,strict_qmem_v2_T2K2_qmem_only_lambda0p05,qmem,2,margin,0.05,0.0,0.0,0.3272006389411832,0.49306883878871244,0.34483691567713814,0.8648220747889023,33265,13264,0.04269570205360651,0.0066873724572360516,0.5085150003433228,0.9897673726081848,0.0033671027049422264,0.2763671875,1.0008535385131836,/kaggle/input/datasets/shuvroahmedimaging/ws2-eca/test_set/test_set/images/before/before-video-002/frame_0003.jpg,/kaggle/input/datasets/shuvroahmedimaging/ws2-eca/test_set/test_set/masks/before/before-video-002/frame_0003.jpg
before-video-002,frame_0004.jpg,strict_qmem_v2_T2K2_qmem_only_lambda0p05,qmem,2,margin,0.05,0.0,0.0,0.3416758608675454,0.5093269855009738,0.35274721980755974,0.9158689392170597,33361,12849,0.04269570205360651,0.006792012602090836,0.5234560966491699,0.9895074367523193,0.0033088496420532465,0.300048828125,1.0009174346923828,/kaggle/input/datasets/shuvroahmedimaging/ws2-eca/test_set/test_set/images/before/before-video-002/frame_0004.jpg,/kaggle/input/datasets/shuvroahmedimaging/ws2-eca/test_set/test_set/masks/before/before-video-002/frame_0004.jpg
before-video-002,frame_0005.jpg,strict_qmem_v2_T2K2_qmem_only_lambda0p05,qmem,2,margin,0.05,0.0,0.0,0.37112847444601,0.5413474832779044,0.3955278892620198,0.8574726250369932,36627,16895,0.04269570205360651,0.006893791723996401,0.5059093832969666,0.9893763661384583,0.003449460491538048,0.2724609375,1.000589370727539,/kaggle/input/datasets/shuvroahmedimaging/ws2-eca/test_set/test_set/images/before/before-video-002/frame_0005.jpg,/kaggle/input/datasets/shuvroahmedimaging/ws2-eca/test_set/test_set/masks/before/before-video-002/frame_0005.jpg
before-video-002,frame_0006.jpg,strict_qmem_v2_T2K2_qmem_only_lambda0p05,qmem,2,margin,0.05,0.0,0.0,0.42586135895676047,0.5973390838900976,0.4639865996649916,0.8382599297487165,33432,18505,0.04269570205360651,0.005561914294958115,0.5170616507530212,0.9909268617630005,0.0033528711646795273,0.289794921875,1.0000991821289062,/kaggle/input/datasets/shuvroahmedimaging/ws2-eca/test_set/test_set/images/before/before-video-002/frame_0006.jpg,/kaggle/input/datasets/shuvroahmedimaging/ws2-eca/test_set/test_set/masks/before/before-video-002/frame_0006.jpg
before-video-002,frame_0007.jpg,strict_qmem_v2_T2K2_qmem_only_lambda0p05,qmem,2,margin,0.05,0.0,0.0,0.4582051745974308,0.6284508964575967,0.4995397462029062,0.8470371815597302,30418,17939,0.04269570205360651,0.0059058512561023235,0.534440279006958,0.9907540678977966,0.0034825094044208527,0.3125,1.0005967617034912,/kaggle/input/datasets/shuvroahmedimaging/ws2-eca/test_set/test_set/images/before/before-video-002/frame_0007.jpg,/kaggle/input/datasets/shuvroahmedimaging/ws2-eca/test_set/test_set/masks/before/before-video-002/frame_0007.jpg
before-video-002,frame_0008.jpg,strict_qmem_v2_T2K2_qmem_only_lambda0p05,qmem,2,margin,0.05,0.0,0.0,0.35571923743500866,0.5247682965803772,0.37831024855663675,0.8562576687116564,36893,16300,0.04269570205360651,0.006082798354327679,0.5363999009132385,0.990594744682312,0.003422671463340521,0.31640625,1.0007543563842773,/kaggle/input/datasets/shuvroahmedimaging/ws2-eca/test_set/test_set/images/before/before-video-002/frame_0008.jpg,/kaggle/input/datasets/shuvroahmedimaging/ws2-eca/test_set/test_set/masks/before/before-video-002/frame_0008.jpg
before-video-002,frame_0009.jpg,strict_qmem_v2_T2K2_qmem_only_lambda0p05,qmem,2,margin,0.05,0.0,0.0,0.3812534870745769,0.5520398545846237,0.396452646701293,0.9086304058760211,36196,15793,0.04269570205360651,0.006188070401549339,0.5214356184005737,0.9901039004325867,0.0033565314952284098,0.296630859375,1.001396656036377,/kaggle/input/datasets/shuvroahmedimaging/ws2-eca/test_set/test_set/images/before/before-video-002/frame_0009.jpg,/kaggle/input/datasets/shuvroahmedimaging/ws2-eca/test_set/test_set/masks/before/before-video-002/frame_0009.jpg
before-video-002,frame_0010.jpg,strict_qmem_v2_T2K2_qmem_only_lambda0p05,qmem,2,margin,0.05,0.0,0.0,0.25279773824949936,0.4035731076633757,0.26345026547586164,0.8621070603595461,32583,9957,0.04269570205360651,0.0056841131299734116,0.5417050123214722,0.9907962083816528,0.0034511503763496876,0.32373046875,1.001281976699829,/kaggle/input/datasets/shuvroahmedimaging/ws2-eca/test_set/test_set/images/before/before-video-002/frame_0010.jpg,/kaggle/input/datasets/shuvroahmedimaging/ws2-eca/test_set/test_set/masks/before/before-video-002/frame_0010.jpg
before-video-002,frame_0011.jpg,strict_qmem_v2_T2K2_qmem_only_lambda0p05,qmem,2,margin,0.05,0.0,0.0,0.16687293729372937,0.28601732366978966,0.1769798112382024,0.7450335482173398,31998,7601,0.04269570205360651,0.006136396899819374,0.5290295481681824,0.9902181625366211,0.003392613958567381,0.306640625,1.001495361328125,/kaggle/input/datasets/shuvroahmedimaging/ws2-eca/test_set/test_set/images/before/before-video-002/frame_0011.jpg,/kaggle/input/datasets/shuvroahmedimaging/ws2-eca/test_set/test_set/masks/before/before-video-002/frame_0011.jpg
before-video-002,frame_0012.jpg,strict_qmem_v2_T2K2_qmem_only_lambda0p05,qmem,2,margin,0.05,0.0,0.0,0.21790497038372392,0.3578357518568446,0.22943429481747618,0.8126050420168067,29503,8330,0.04269570205360651,0.005597487557679415,0.5194193124771118,0.9909325242042542,0.0034205219708383083,0.2919921875,1.0003316402435303,/kaggle/input/datasets/shuvroahmedimaging/ws2-eca/test_set/test_set/images/before/before-video-002/frame_0012.jpg,/kaggle/input/datasets/shuvroahmedimaging/ws2-eca/test_set/test_set/masks/before/before-video-002/frame_0012.jpg
before-video-002,frame_0013.jpg,strict_qmem_v2_T2K2_qmem_only_lambda0p05,qmem,2,margin,0.05,0.0,0.0,0.19128420443028812,0.3211394958800224,0.2112297755323911,0.6695044086348434,31274,9867,0.04269570205360651,0.005521232727915049,0.5233715176582336,0.99126797914505,0.003172083990648389,0.30322265625,1.000124216079712,/kaggle/input/datasets/shuvroahmedimaging/ws2-eca/test_set/test_set/images/before/before-video-002/frame_0013.jpg,/kaggle/input/datasets/shuvroahmedimaging/ws2-eca/test_set/test_set/masks/before/before-video-002/frame_0013.jpg
before-video-002,frame_0014.jpg,strict_qmem_v2_T2K2_qmem_only_lambda0p05,qmem,2,margin,0.05,0.0,0.0,0.20501043841336117,0.34026334026334026,0.21993281075027996,0.7513389441469013,35720,10456,0.04269570205360651,0.005501780193299055,0.5210635662078857,0.9910725951194763,0.0033145304769277573,0.297607421875,1.0033060312271118,/kaggle/input/datasets/shuvroahmedimaging/ws2-eca/test_set/test_set/images/before/before-video-002/frame_0014.jpg,/kaggle/input/datasets/shuvroahmedimaging/ws2-eca/test_set/test_set/masks/before/before-video-002/frame_0014.jpg
before-video-002,frame_0015.jpg,strict_qmem_v2_T2K2_qmem_only_lambda0p05,qmem,2,margin,0.05,0.0,0.0,0.3001098901098901,0.46166849801369286,0.32615770459499,0.7898199696334322,33493,13831,0.04269570205360651,0.005333709064871073,0.5183351039886475,0.9916434288024902,0.003203146392479539,0.293212890625,1.0001263618469238,/kaggle/input/datasets/shuvroahmedimaging/ws2-eca/test_set/test_set/images/before/before-video-002/frame_0015.jpg,/kaggle/input/datasets/shuvroahmedimaging/ws2-eca/test_set/test_set/masks/before/before-video-002/frame_0015.jpg
before-video-002,frame_0016.jpg,strict_qmem_v2_T2K2_qmem_only_lambda0p05,qmem,2,margin,0.05,0.0,0.0,0.26491543274890034,0.41886663074888575,0.27716739588397343,0.8569996993686743,30855,9979,0.04269570205360651,0.005132066551595926,0.5279297828674316,0.9917006492614746,0.0031219390220940113,0.309814453125,1.0010089874267578,/kaggle/input/datasets/shuvroahmedimaging/ws2-eca/test_set/test_set/images/before/before-video-002/frame_0016.jpg,/kaggle/input/datasets/shuvroahmedimaging/ws2-eca/test_set/test_set/masks/before/before-video-002/frame_0016.jpg
before-video-002,frame_0017.jpg,strict_qmem_v2_T2K2_qmem_only_lambda0p05,qmem,2,margin,0.05,0.0,0.0,0.36583623260437376,0.5356956037208033,0.38512099411379985,0.8796026588990963,30580,13389,0.04269570205360651,0.0058681597001850605,0.5271271467208862,0.9909723997116089,0.0032698791474103928,0.306396484375,1.0011813640594482,/kaggle/input/datasets/shuvroahmedimaging/ws2-eca/test_set/test_set/images/before/before-video-002/frame_0017.jpg,/kaggle/input/datasets/shuvroahmedimaging/ws2-eca/test_set/test_set/masks/before/before-video-002/frame_0017.jpg
before-video-002,frame_0018.jpg,strict_qmem_v2_T2K2_qmem_only_lambda0p05,qmem,2,margin,0.05,0.0,0.0,0.3363396656079583,0.5033745151236575,0.3735689563365282,0.7714246443543399,30048,14551,0.04269570205360651,0.006868571974337101,0.5387949347496033,0.9898133873939514,0.0032874662429094315,0.322021484375,1.0013357400894165,/kaggle/input/datasets/shuvroahmedimaging/ws2-eca/test_set/test_set/images/before/before-video-002/frame_0018.jpg,/kaggle/input/datasets/shuvroahmedimaging/ws2-eca/test_set/test_set/masks/before/before-video-002/frame_0018.jpg
before-video-002,frame_0019.jpg,strict_qmem_v2_T2K2_qmem_only_lambda0p05,qmem,2,margin,0.05,0.0,0.0,0.33034341363403386,0.4966287805817762,0.3705442698351859,0.7527739926026864,31308,15411,0.04269570205360651,0.006934686563909054,0.5309094786643982,0.9896082878112793,0.0033128634095191956,0.309326171875,1.0017545223236084,/kaggle/input/datasets/shuvroahmedimaging/ws2-eca/test_set/test_set/images/before/before-video-002/frame_0019.jpg,/kaggle/input/datasets/shuvroahmedimaging/ws2-eca/test_set/test_set/masks/before/before-video-002/frame_0019.jpg
before-video-002,frame_0020.jpg,strict_qmem_v2_T2K2_qmem_only_lambda0p05,qmem,2,margin,0.05,0.0,0.0,0.47311702003045564,0.6423346055979644,0.5126285061556035,0.8599105812220567,31516,18788,0.04269570205360651,0.007971536368131638,0.515587329864502,0.9885284304618835,0.0033679474145174026,0.287841796875,1.002915382385254,/kaggle/input/datasets/shuvroahmedimaging/ws2-eca/test_set/test_set/images/before/before-video-002/frame_0020.jpg,/kaggle/input/datasets/shuvroahmedimaging/ws2-eca/test_set/test_set/masks/before/before-video-002/frame_0020.jpg
before-video-002,frame_0021.jpg,strict_qmem_v2_T2K2_qmem_only_lambda0p05,qmem,2,margin,0.05,0.0,0.0,0.5111651308722935,0.6765179005648873,0.5415668423574509,0.9010463378176383,33392,20070,0.04269570205360651,0.007545899599790573,0.5197495222091675,0.9886218309402466,0.003743514884263277,0.2880859375,1.0016417503356934,/kaggle/input/datasets/shuvroahmedimaging/ws2-eca/test_set/test_set/images/before/before-video-002/frame_0021.jpg,/kaggle/input/datasets/shuvroahmedimaging/ws2-eca/test_set/test_set/masks/before/before-video-002/frame_0021.jpg
before-video-002,frame_0022.jpg,strict_qmem_v2_T2K2_qmem_only_lambda0p05,qmem,2,margin,0.05,0.0,0.0,0.34856292833235936,0.5169398046013237,0.37587006960556846,0.8275209686573753,34911,15857,0.04269570205360651,0.0059539396315813065,0.5155031681060791,0.9904323816299438,0.003606216050684452,0.28515625,1.0008299350738525,/kaggle/input/datasets/shuvroahmedimaging/ws2-eca/test_set/test_set/images/before/before-video-002/frame_0022.jpg,/kaggle/input/datasets/shuvroahmedimaging/ws2-eca/test_set/test_set/masks/before/before-video-002/frame_0022.jpg
before-video-002,frame_0023.jpg,strict_qmem_v2_T2K2_qmem_only_lambda0p05,qmem,2,margin,0.05,0.0,0.0,0.3504892786482006,0.5190552552909268,0.36395691043367207,0.9045056234044021,36018,14493,0.04269570205360651,0.005915909074246883,0.524239182472229,0.9906289577484131,0.0033836415968835354,0.299072265625,1.000549554824829,/kaggle/input/datasets/shuvroahmedimaging/ws2-eca/test_set/test_set/images/before/before-video-002/frame_0023.jpg,/kaggle/input/datasets/shuvroahmedimaging/ws2-eca/test_set/test_set/masks/before/before-video-002/frame_0023.jpg
before-video-002,frame_0024.jpg,strict_qmem_v2_T2K2_qmem_only_lambda0p05,qmem,2,margin,0.05,0.0,0.0,0.338452451269935,0.5057369814651368,0.34794369307203976,0.9254147702246366,36230,13622,0.04269570205360651,0.006071364972740412,0.5319847464561462,0.9904744029045105,0.0034395442344248295,0.30859375,1.0012071132659912,/kaggle/input/datasets/shuvroahmedimaging/ws2-eca/test_set/test_set/images/before/before-video-002/frame_0024.jpg,/kaggle/input/datasets/shuvroahmedimaging/ws2-eca/test_set/test_set/masks/before/before-video-002/frame_0024.jpg
before-video-002,frame_0025.jpg,strict_qmem_v2_T2K2_qmem_only_lambda0p05,qmem,2,margin,0.05,0.0,0.0,0.2591878138823295,0.41167459059693606,0.27078772716216687,0.858165400286312,28779,9081,0.04269570205360651,0.004972068592905998,0.5463348031044006,0.9918463230133057,0.003249119268730283,0.333251953125,1.0003798007965088,/kaggle/input/datasets/shuvroahmedimaging/ws2-eca/test_set/test_set/images/before/before-video-002/frame_0025.jpg,/kaggle/input/datasets/shuvroahmedimaging/ws2-eca/test_set/test_set/masks/before/before-video-002/frame_0025.jpg
before-video-002,frame_0026.jpg,strict_qmem_v2_T2K2_qmem_only_lambda0p05,qmem,2,margin,0.05,0.0,0.0,0.26770414993306557,0.4223448348689247,0.2863125492161214,0.8046474197766824,27938,9941,0.04269570205360651,0.004751128144562244,0.542654812335968,0.992401123046875,0.0030011378694325686,0.333740234375,1.0005433559417725,/kaggle/input/datasets/shuvroahmedimaging/ws2-eca/test_set/test_set/images/before/before-video-002/frame_0026.jpg,/kaggle/input/datasets/shuvroahmedimaging/ws2-eca/test_set/test_set/masks/before/before-video-002/frame_0026.jpg
before-video-002,frame_0027.jpg,strict_qmem_v2_T2K2_qmem_only_lambda0p05,qmem,2,margin,0.05,0.0,0.0,0.29157553359981897,0.4515036496350365,0.30170126424223503,0.8967756900951055,25628,8622,0.04269570205360651,0.004712188616394997,0.5540063381195068,0.9926072359085083,0.0028916061855852604,0.352294921875,1.0007203817367554,/kaggle/input/datasets/shuvroahmedimaging/ws2-eca/test_set/test_set/images/before/before-video-002/frame_0027.jpg,/kaggle/input/datasets/shuvroahmedimaging/ws2-eca/test_set/test_set/masks/before/before-video-002/frame_0027.jpg
before-video-002,frame_0028.jpg,strict_qmem_v2_T2K2_qmem_only_lambda0p05,qmem,2,margin,0.05,0.0,0.0,0.2814151160119458,0.4392255288633919,0.2973541548668986,0.84,24718,8750,0.04269570205360651,0.004162393044680357,0.5820891857147217,0.9932756423950195,0.00307280570268631,0.38818359375,1.00048828125,/kaggle/input/datasets/shuvroahmedimaging/ws2-eca/test_set/test_set/images/before/before-video-002/frame_0028.jpg,/kaggle/input/datasets/shuvroahmedimaging/ws2-eca/test_set/test_set/masks/before/before-video-002/frame_0028.jpg
before-video-002,frame_0029.jpg,strict_qmem_v2_T2K2_qmem_only_lambda0p05,qmem,2,margin,0.05,0.0,0.0,0.27859298144091266,0.43578055798015064,0.2815254166492628,0.9639588100686499,23941,6992,0.04269570205360651,0.004162873141467571,0.6006103754043579,0.9934432506561279,0.0029375399462878704,0.41748046875,1.0003044605255127,/kaggle/input/datasets/shuvroahmedimaging/ws2-eca/test_set/test_set/images/before/before-video-002/frame_0029.jpg,/kaggle/input/datasets/shuvroahmedimaging/ws2-eca/test_set/test_set/masks/before/before-video-002/frame_0029.jpg
before-video-002,frame_0030.jpg,strict_qmem_v2_T2K2_qmem_only_lambda0p05,qmem,2,margin,0.05,0.0,0.0,0.29940176621403475,0.46083016661794796,0.30839201877934275,0.911271676300578,20448,6920,0.04269570205360651,0.004001091234385967,0.5815522074699402,0.9936515092849731,0.002917017089203,0.3916015625,1.000290870666504,/kaggle/input/datasets/shuvroahmedimaging/ws2-eca/test_set/test_set/images/before/before-video-002/frame_0030.jpg,/kaggle/input/datasets/shuvroahmedimaging/ws2-eca/test_set/test_set/masks/before/before-video-002/frame_0030.jpg
before-video-002,frame_0031.jpg,strict_qmem_v2_T2K2_qmem_only_lambda0p05,qmem,2,margin,0.05,0.0,0.0,0.193815987933635,0.32469993682880605,0.20532944825641508,0.7756080241434404,21278,5633,0.04269570205360651,0.004199810791760683,0.5924837589263916,0.9935486912727356,0.0028951142448931932,0.4091796875,1.0009174346923828,/kaggle/input/datasets/shuvroahmedimaging/ws2-eca/test_set/test_set/images/before/before-video-002/frame_0031.jpg,/kaggle/input/datasets/shuvroahmedimaging/ws2-eca/test_set/test_set/masks/before/before-video-002/frame_0031.jpg
before-video-002,frame_0032.jpg,strict_qmem_v2_T2K2_qmem_only_lambda0p05,qmem,2,margin,0.05,0.0,0.0,0.10468074281353346,0.18952216465169833,0.10977724423102575,0.6927609427609428,22491,3564,0.04269570205360651,0.004503181204199791,0.5803090929985046,0.9931347370147705,0.00304741645231843,0.3896484375,1.0005872249603271,/kaggle/input/datasets/shuvroahmedimaging/ws2-eca/test_set/test_set/images/before/before-video-002/frame_0032.jpg,/kaggle/input/datasets/shuvroahmedimaging/ws2-eca/test_set/test_set/masks/before/before-video-002/frame_0032.jpg
before-video-002,frame_0033.jpg,strict_qmem_v2_T2K2_qmem_only_lambda0p05,qmem,2,margin,0.05,0.0,0.0,0.17337391500394544,0.2955134979344798,0.1863564764328123,0.7133580705009277,24759,6468,0.04269570205360651,0.004948505666106939,0.5720986723899841,0.9927151203155518,0.002837462117895484,0.379638671875,1.0003328323364258,/kaggle/input/datasets/shuvroahmedimaging/ws2-eca/test_set/test_set/images/before/before-video-002/frame_0033.jpg,/kaggle/input/datasets/shuvroahmedimaging/ws2-eca/test_set/test_set/masks/before/before-video-002/frame_0033.jpg
before-video-002,frame_0034.jpg,strict_qmem_v2_T2K2_qmem_only_lambda0p05,qmem,2,margin,0.05,0.0,0.0,0.2565586811550049,0.40835129310344825,0.28734455565665756,0.7054169769173492,26376,10744,0.04269570205360651,0.0053174602799117565,0.5636410117149353,0.9922664165496826,0.002919635735452175,0.365966796875,1.000215768814087,/kaggle/input/datasets/shuvroahmedimaging/ws2-eca/test_set/test_set/images/before/before-video-002/frame_0034.jpg,/kaggle/input/datasets/shuvroahmedimaging/ws2-eca/test_set/test_set/masks/before/before-video-002/frame_0034.jpg
before-video-002,frame_0035.jpg,strict_qmem_v2_T2K2_qmem_only_lambda0p05,qmem,2,margin,0.05,0.0,0.0,0.2353412734768667,0.38101418373968665,0.25290751338379175,0.7721209844072892,32502,10646,0.04269570205360651,0.005795013625174761,0.5478397607803345,0.9914235472679138,0.0030138681177049875,0.341064453125,1.0009876489639282,/kaggle/input/datasets/shuvroahmedimaging/ws2-eca/test_set/test_set/images/before/before-video-002/frame_0035.jpg,/kaggle/input/datasets/shuvroahmedimaging/ws2-eca/test_set/test_set/masks/before/before-video-002/frame_0035.jpg
before-video-002,frame_0036.jpg,strict_qmem_v2_T2K2_qmem_only_lambda0p05,qmem,2,margin,0.05,0.0,0.0,0.3268530822115662,0.49267411229399344,0.3570414313211953,0.7944811122033423,31691,14242,0.04269570205360651,0.005183038767427206,0.5329995155334473,0.9918006658554077,0.003201947547495365,0.31494140625,1.0012030601501465,/kaggle/input/datasets/shuvroahmedimaging/ws2-eca/test_set/test_set/images/before/before-video-002/frame_0036.jpg,/kaggle/input/datasets/shuvroahmedimaging/ws2-eca/test_set/test_set/masks/before/before-video-002/frame_0036.jpg
before-video-002,frame_0037.jpg,strict_qmem_v2_T2K2_qmem_only_lambda0p05,qmem,2,margin,0.05,0.0,0.0,0.3579139571387385,0.5271526303373437,0.4166076289197957,0.7175518592254833,26819,15571,0.04269570205360651,0.0051573035307228565,0.5440618991851807,0.9918090105056763,0.003063707146793604,0.333740234375,1.0011613368988037,/kaggle/input/datasets/shuvroahmedimaging/ws2-eca/test_set/test_set/images/before/before-video-002/frame_0037.jpg,/kaggle/input/datasets/shuvroahmedimaging/ws2-eca/test_set/test_set/masks/before/before-video-002/frame_0037.jpg
before-video-002,frame_0038.jpg,strict_qmem_v2_T2K2_qmem_only_lambda0p05,qmem,2,margin,0.05,0.0,0.0,0.3757273208145993,0.5462235359142575,0.42536866531926043,0.7630077207116482,26718,14895,0.04269570205360651,0.006050075404345989,0.5239882469177246,0.9907943606376648,0.0032492780592292547,0.3017578125,1.000378131866455,/kaggle/input/datasets/shuvroahmedimaging/ws2-eca/test_set/test_set/images/before/before-video-002/frame_0038.jpg,/kaggle/input/datasets/shuvroahmedimaging/ws2-eca/test_set/test_set/masks/before/before-video-002/frame_0038.jpg
before-video-002,frame_0039.jpg,strict_qmem_v2_T2K2_qmem_only_lambda0p05,qmem,2,margin,0.05,0.0,0.0,0.3306644790812141,0.4969915170645098,0.3730287998815429,0.7443492391786084,27014,13538,0.04269570205360651,0.005050525069236755,0.5243286490440369,0.9917263984680176,0.003117413492873311,0.303466796875,1.0013453960418701,/kaggle/input/datasets/shuvroahmedimaging/ws2-eca/test_set/test_set/images/before/before-video-002/frame_0039.jpg,/kaggle/input/datasets/shuvroahmedimaging/ws2-eca/test_set/test_set/masks/before/before-video-002/frame_0039.jpg
before-video-002,frame_0040.jpg,strict_qmem_v2_T2K2_qmem_only_lambda0p05,qmem,2,margin,0.05,0.0,0.0,0.316372041540515,0.48067268455545936,0.3442681025931699,0.796100598017531,28228,12207,0.04269570205360651,0.005192277953028679,0.5548532009124756,0.9918003082275391,0.0031442015897482634,0.34765625,1.0015559196472168,/kaggle/input/datasets/shuvroahmedimaging/ws2-eca/test_set/test_set/images/before/before-video-002/frame_0040.jpg,/kaggle/input/datasets/shuvroahmedimaging/ws2-eca/test_set/test_set/masks/before/before-video-002/frame_0040.jpg
before-video-002,frame_0041.jpg,strict_qmem_v2_T2K2_qmem_only_lambda0p05,qmem,2,margin,0.05,0.0,0.0,0.31694732210711574,0.481336370539104,0.33082832331329326,0.8830937256213084,23952,8973,0.04269570205360651,0.00470148166641593,0.5573545098304749,0.9924279451370239,0.003062561387196183,0.353271484375,1.0004867315292358,/kaggle/input/datasets/shuvroahmedimaging/ws2-eca/test_set/test_set/images/before/before-video-002/frame_0041.jpg,/kaggle/input/datasets/shuvroahmedimaging/ws2-eca/test_set/test_set/masks/before/before-video-002/frame_0041.jpg
before-video-002,frame_0042.jpg,strict_qmem_v2_T2K2_qmem_only_lambda0p05,qmem,2,margin,0.05,0.0,0.0,0.3189375029435313,0.4836279235850741,0.3303253499829277,0.902452025586354,20501,7504,0.04269570205360651,0.004942427389323711,0.5813332796096802,0.9923311471939087,0.002965195570141077,0.3896484375,1.000545620918274,/kaggle/input/datasets/shuvroahmedimaging/ws2-eca/test_set/test_set/images/before/before-video-002/frame_0042.jpg,/kaggle/input/datasets/shuvroahmedimaging/ws2-eca/test_set/test_set/masks/before/before-video-002/frame_0042.jpg
before-video-002,frame_0043.jpg,strict_qmem_v2_T2K2_qmem_only_lambda0p05,qmem,2,margin,0.05,0.0,0.0,0.3115770541461568,0.47511818411461154,0.3283946922079218,0.8588388780169602,20046,7665,0.04269570205360651,0.005678744986653328,0.5911267399787903,0.9918048977851868,0.002984978724271059,0.404541015625,1.000390887260437,/kaggle/input/datasets/shuvroahmedimaging/ws2-eca/test_set/test_set/images/before/before-video-002/frame_0043.jpg,/kaggle/input/datasets/shuvroahmedimaging/ws2-eca/test_set/test_set/masks/before/before-video-002/frame_0043.jpg
before-video-002,frame_0044.jpg,strict_qmem_v2_T2K2_qmem_only_lambda0p05,qmem,2,margin,0.05,0.0,0.0,0.2842314021688679,0.4426482667980943,0.2944313314100883,0.8913590048961229,22878,7557,0.04269570205360651,0.006187782157212496,0.568803608417511,0.9912232160568237,0.002917275298386812,0.372314453125,1.0014441013336182,/kaggle/input/datasets/shuvroahmedimaging/ws2-eca/test_set/test_set/images/before/before-video-002/frame_0044.jpg,/kaggle/input/datasets/shuvroahmedimaging/ws2-eca/test_set/test_set/masks/before/before-video-002/frame_0044.jpg
before-video-002,frame_0045.jpg,strict_qmem_v2_T2K2_qmem_only_lambda0p05,qmem,2,margin,0.05,0.0,0.0,0.2824029625565766,0.440427807486631,0.3102616906926516,0.758751996069279,19909,8141,0.04269570205360651,0.004925630521029234,0.5633583068847656,0.9923728704452515,0.002919629914686084,0.3642578125,1.0005861520767212,/kaggle/input/datasets/shuvroahmedimaging/ws2-eca/test_set/test_set/images/before/before-video-002/frame_0045.jpg,/kaggle/input/datasets/shuvroahmedimaging/ws2-eca/test_set/test_set/masks/before/before-video-002/frame_0045.jpg
before-video-002,frame_0046.jpg,strict_qmem_v2_T2K2_qmem_only_lambda0p05,qmem,2,margin,0.05,0.0,0.0,0.37523268013673133,0.5457006447802333,0.42739293011063567,0.7545770094602872,25941,14693,0.04269570205360651,0.005366197321563959,0.5892724394798279,0.9920607209205627,0.0029360344633460045,0.401611328125,1.0011075735092163,/kaggle/input/datasets/shuvroahmedimaging/ws2-eca/test_set/test_set/images/before/before-video-002/frame_0046.jpg,/kaggle/input/datasets/shuvroahmedimaging/ws2-eca/test_set/test_set/masks/before/before-video-002/frame_0046.jpg
before-video-002,frame_0047.jpg,strict_qmem_v2_T2K2_qmem_only_lambda0p05,qmem,2,margin,0.05,0.0,0.0,0.4483435212436797,0.6191121300541892,0.47029487433207995,0.9057092766216938,25265,13119,0.04269570205360651,0.005483243614435196,0.5815210938453674,0.9919041991233826,0.003120005363598466,0.388427734375,1.0,/kaggle/input/datasets/shuvroahmedimaging/ws2-eca/test_set/test_set/images/before/before-video-002/frame_0047.jpg,/kaggle/input/datasets/shuvroahmedimaging/ws2-eca/test_set/test_set/masks/before/before-video-002/frame_0047.jpg
before-video-002,frame_0048.jpg,strict_qmem_v2_T2K2_qmem_only_lambda0p05,qmem,2,margin,0.05,0.0,0.0,0.3426884770133896,0.5104512072311056,0.3676798414776547,0.8344844201734661,28261,12452,0.04269570205360651,0.006212832406163216,0.5693575143814087,0.9911363124847412,0.0031768204644322395,0.369140625,1.0001235008239746,/kaggle/input/datasets/shuvroahmedimaging/ws2-eca/test_set/test_set/images/before/before-video-002/frame_0048.jpg,/kaggle/input/datasets/shuvroahmedimaging/ws2-eca/test_set/test_set/masks/before/before-video-002/frame_0048.jpg
before-video-002,frame_0049.jpg,strict_qmem_v2_T2K2_qmem_only_lambda0p05,qmem,2,margin,0.05,0.0,0.0,0.3461309720478425,0.5142604683127976,0.3745307640055772,0.8202959830866807,27971,12771,0.04269570205360651,0.005641465075314045,0.5460203289985657,0.9914494156837463,0.002937769517302513,0.339599609375,1.0008511543273926,/kaggle/input/datasets/shuvroahmedimaging/ws2-eca/test_set/test_set/images/before/before-video-002/frame_0049.jpg,/kaggle/input/datasets/shuvroahmedimaging/ws2-eca/test_set/test_set/masks/before/before-video-002/frame_0049.jpg
before-video-003,frame_0001.jpg,strict_qmem_v2_T2K2_qmem_only_lambda0p05,qmem,2,margin,0.05,0.0,0.0,0.1661904098132144,0.2850141939339609,0.17681954692076676,0.7343701878657222,26971,6494,0.04269570205360651,0.0,0.0,0.0,0.0,0.0,0.0,/kaggle/input/datasets/shuvroahmedimaging/ws2-eca/test_set/test_set/images/before/before-video-003/frame_0001.jpg,/kaggle/input/datasets/shuvroahmedimaging/ws2-eca/test_set/test_set/masks/before/before-video-003/frame_0001.jpg
before-video-003,frame_0002.jpg,strict_qmem_v2_T2K2_qmem_only_lambda0p05,qmem,2,margin,0.05,0.0,0.0,0.2319824125406232,0.37660020172239894,0.24158869201672306,0.8536756946887091,10046,2843,0.04269570205360651,0.002964512910693884,0.5853374600410461,0.9951332807540894,0.002565473783761263,0.403564453125,1.0,/kaggle/input/datasets/shuvroahmedimaging/ws2-eca/test_set/test_set/images/before/before-video-003/frame_0002.jpg,/kaggle/input/datasets/shuvroahmedimaging/ws2-eca/test_set/test_set/masks/before/before-video-003/frame_0002.jpg
before-video-003,frame_0003.jpg,strict_qmem_v2_T2K2_qmem_only_lambda0p05,qmem,2,margin,0.05,0.0,0.0,0.20163758800122436,0.335604661529644,0.21227745105937323,0.8009118541033434,12413,3290,0.04269570205360651,0.0032587628811597824,0.7103791236877441,0.9955646991729736,0.0024612583220005035,0.585693359375,1.00048828125,/kaggle/input/datasets/shuvroahmedimaging/ws2-eca/test_set/test_set/images/before/before-video-003/frame_0003.jpg,/kaggle/input/datasets/shuvroahmedimaging/ws2-eca/test_set/test_set/masks/before/before-video-003/frame_0003.jpg
before-video-003,frame_0004.jpg,strict_qmem_v2_T2K2_qmem_only_lambda0p05,qmem,2,margin,0.05,0.0,0.0,0.25139955734930347,0.40178942987931754,0.30249862927860893,0.5981105776676475,12767,6457,0.04269570205360651,0.0045308806002140045,0.6900215744972229,0.9942816495895386,0.002566518960520625,0.556640625,1.000244140625,/kaggle/input/datasets/shuvroahmedimaging/ws2-eca/test_set/test_set/images/before/before-video-003/frame_0004.jpg,/kaggle/input/datasets/shuvroahmedimaging/ws2-eca/test_set/test_set/masks/before/before-video-003/frame_0004.jpg
before-video-003,frame_0005.jpg,strict_qmem_v2_T2K2_qmem_only_lambda0p05,qmem,2,margin,0.05,0.0,0.0,0.3463635841800126,0.514517160520145,0.5006637902422835,0.529158993247391,12052,11403,0.04269570205360651,0.004033314064145088,0.6453753709793091,0.9945241212844849,0.0024387771263718605,0.4921875,1.0,/kaggle/input/datasets/shuvroahmedimaging/ws2-eca/test_set/test_set/images/before/before-video-003/frame_0005.jpg,/kaggle/input/datasets/shuvroahmedimaging/ws2-eca/test_set/test_set/masks/before/before-video-003/frame_0005.jpg
before-video-003,frame_0006.jpg,strict_qmem_v2_T2K2_qmem_only_lambda0p05,qmem,2,margin,0.05,0.0,0.0,0.4770743405275779,0.6459720102607397,0.6117089969866552,0.6843010456796919,16261,14536,0.04269570205360651,0.005067968275398016,0.602226734161377,0.9932512044906616,0.002502346644178033,0.4296875,1.0001347064971924,/kaggle/input/datasets/shuvroahmedimaging/ws2-eca/test_set/test_set/images/before/before-video-003/frame_0006.jpg,/kaggle/input/datasets/shuvroahmedimaging/ws2-eca/test_set/test_set/masks/before/before-video-003/frame_0006.jpg
before-video-003,frame_0007.jpg,strict_qmem_v2_T2K2_qmem_only_lambda0p05,qmem,2,margin,0.05,0.0,0.0,0.57124575084983,0.727124640484614,0.6884850821805563,0.7703591845539856,20747,18542,0.04269570205360651,0.006720880512148142,0.6062816381454468,0.9912297129631042,0.0027185482904314995,0.43017578125,1.0002696514129639,/kaggle/input/datasets/shuvroahmedimaging/ws2-eca/test_set/test_set/images/before/before-video-003/frame_0007.jpg,/kaggle/input/datasets/shuvroahmedimaging/ws2-eca/test_set/test_set/masks/before/before-video-003/frame_0007.jpg
before-video-003,frame_0008.jpg,strict_qmem_v2_T2K2_qmem_only_lambda0p05,qmem,2,margin,0.05,0.0,0.0,0.6602340898603012,0.7953506001263424,0.760914760914761,0.8330510268896888,20683,18892,0.04269570205360651,0.006231672130525112,0.6186336874961853,0.9912139773368835,0.0029041594825685024,0.445556640625,1.000945806503296,/kaggle/input/datasets/shuvroahmedimaging/ws2-eca/test_set/test_set/images/before/before-video-003/frame_0008.jpg,/kaggle/input/datasets/shuvroahmedimaging/ws2-eca/test_set/test_set/masks/before/before-video-003/frame_0008.jpg
before-video-003,frame_0009.jpg,strict_qmem_v2_T2K2_qmem_only_lambda0p05,qmem,2,margin,0.05,0.0,0.0,0.6287902469521726,0.7720948085596392,0.683563661078387,0.8869699419416477,17656,13607,0.04269570205360651,0.005382176488637924,0.6412979364395142,0.992116391658783,0.0029097029473632574,0.477783203125,1.0,/kaggle/input/datasets/shuvroahmedimaging/ws2-eca/test_set/test_set/images/before/before-video-003/frame_0009.jpg,/kaggle/input/datasets/shuvroahmedimaging/ws2-eca/test_set/test_set/masks/before/before-video-003/frame_0009.jpg
before-video-003,frame_0010.jpg,strict_qmem_v2_T2K2_qmem_only_lambda0p05,qmem,2,margin,0.05,0.0,0.0,0.48507795100222717,0.6532693461307738,0.514380182638816,0.8949050401753105,19054,10952,0.04269570205360651,0.006134907715022564,0.6374537348747253,0.9917625188827515,0.002718466566875577,0.47607421875,1.00018310546875,/kaggle/input/datasets/shuvroahmedimaging/ws2-eca/test_set/test_set/images/before/before-video-003/frame_0010.jpg,/kaggle/input/datasets/shuvroahmedimaging/ws2-eca/test_set/test_set/masks/before/before-video-003/frame_0010.jpg
before-video-003,frame_0011.jpg,strict_qmem_v2_T2K2_qmem_only_lambda0p05,qmem,2,margin,0.05,0.0,0.0,0.4908358986502486,0.6584707265160901,0.5005554213957981,0.9619454241692964,20705,10774,0.04269570205360651,0.005874572321772575,0.6081459522247314,0.9918234348297119,0.002824106253683567,0.43212890625,1.000101923942566,/kaggle/input/datasets/shuvroahmedimaging/ws2-eca/test_set/test_set/images/before/before-video-003/frame_0011.jpg,/kaggle/input/datasets/shuvroahmedimaging/ws2-eca/test_set/test_set/masks/before/before-video-003/frame_0011.jpg
before-video-003,frame_0012.jpg,strict_qmem_v2_T2K2_qmem_only_lambda0p05,qmem,2,margin,0.05,0.0,0.0,0.4247024322925651,0.5961980869354644,0.4373001776198934,0.9364777481932294,22520,10516,0.04269570205360651,0.005931268446147442,0.595886766910553,0.9916033744812012,0.0029117048252373934,0.411865234375,1.0003807544708252,/kaggle/input/datasets/shuvroahmedimaging/ws2-eca/test_set/test_set/images/before/before-video-003/frame_0012.jpg,/kaggle/input/datasets/shuvroahmedimaging/ws2-eca/test_set/test_set/masks/before/before-video-003/frame_0012.jpg
before-video-003,frame_0013.jpg,strict_qmem_v2_T2K2_qmem_only_lambda0p05,qmem,2,margin,0.05,0.0,0.0,0.3738518580938738,0.5442389670929555,0.39290616835672854,0.8851755786113328,22583,10024,0.04269570205360651,0.006587440147995949,0.5861308574676514,0.9907122850418091,0.002915730467066169,0.397705078125,1.0008736848831177,/kaggle/input/datasets/shuvroahmedimaging/ws2-eca/test_set/test_set/images/before/before-video-003/frame_0013.jpg,/kaggle/input/datasets/shuvroahmedimaging/ws2-eca/test_set/test_set/masks/before/before-video-003/frame_0013.jpg
before-video-003,frame_0014.jpg,strict_qmem_v2_T2K2_qmem_only_lambda0p05,qmem,2,margin,0.05,0.0,0.0,0.3690242305173543,0.5391054771585745,0.39701071913844294,0.839612601106854,19871,9396,0.04269570205360651,0.0061281342059373856,0.5896157622337341,0.9911326169967651,0.003032583510503173,0.402587890625,1.0003011226654053,/kaggle/input/datasets/shuvroahmedimaging/ws2-eca/test_set/test_set/images/before/before-video-003/frame_0014.jpg,/kaggle/input/datasets/shuvroahmedimaging/ws2-eca/test_set/test_set/masks/before/before-video-003/frame_0014.jpg
before-video-003,frame_0015.jpg,strict_qmem_v2_T2K2_qmem_only_lambda0p05,qmem,2,margin,0.05,0.0,0.0,0.32567003448484483,0.49132895217232564,0.36663942242201336,0.744536652835408,14682,7230,0.04269570205360651,0.004497422371059656,0.6044520735740662,0.9932748675346375,0.002830834360793233,0.427490234375,1.000076174736023,/kaggle/input/datasets/shuvroahmedimaging/ws2-eca/test_set/test_set/images/before/before-video-003/frame_0015.jpg,/kaggle/input/datasets/shuvroahmedimaging/ws2-eca/test_set/test_set/masks/before/before-video-003/frame_0015.jpg
before-video-003,frame_0016.jpg,strict_qmem_v2_T2K2_qmem_only_lambda0p05,qmem,2,margin,0.05,0.0,0.0,0.22261819909717273,0.3641663427905169,0.2537232602220417,0.6448726772195458,14772,5812,0.04269570205360651,0.004359296523034573,0.6358463764190674,0.9938556551933289,0.002713225083425641,0.474609375,1.0005079507827759,/kaggle/input/datasets/shuvroahmedimaging/ws2-eca/test_set/test_set/images/before/before-video-003/frame_0016.jpg,/kaggle/input/datasets/shuvroahmedimaging/ws2-eca/test_set/test_set/masks/before/before-video-003/frame_0016.jpg
before-video-003,frame_0017.jpg,strict_qmem_v2_T2K2_qmem_only_lambda0p05,qmem,2,margin,0.05,0.0,0.0,0.24499125232800947,0.39356300997280147,0.2933702777590052,0.5976869062370921,14797,7263,0.04269570205360651,0.0041908943094313145,0.6306425333023071,0.9941462874412537,0.0025402135215699673,0.469482421875,1.0001726150512695,/kaggle/input/datasets/shuvroahmedimaging/ws2-eca/test_set/test_set/images/before/before-video-003/frame_0017.jpg,/kaggle/input/datasets/shuvroahmedimaging/ws2-eca/test_set/test_set/masks/before/before-video-003/frame_0017.jpg
before-video-003,frame_0018.jpg,strict_qmem_v2_T2K2_qmem_only_lambda0p05,qmem,2,margin,0.05,0.0,0.0,0.34674183554268884,0.5149343792427213,0.41991634887440027,0.6655293429518425,16258,10258,0.04269570205360651,0.004204574041068554,0.621892511844635,0.9941267371177673,0.002571896417066455,0.4560546875,1.00048828125,/kaggle/input/datasets/shuvroahmedimaging/ws2-eca/test_set/test_set/images/before/before-video-003/frame_0018.jpg,/kaggle/input/datasets/shuvroahmedimaging/ws2-eca/test_set/test_set/masks/before/before-video-003/frame_0018.jpg
before-video-003,frame_0019.jpg,strict_qmem_v2_T2K2_qmem_only_lambda0p05,qmem,2,margin,0.05,0.0,0.0,0.4424953188134424,0.6135136981621917,0.4921896409975336,0.8142170641037265,18245,11029,0.04269570205360651,0.004845753777772188,0.6385779976844788,0.9933663010597229,0.0026301173493266106,0.479248046875,1.0,/kaggle/input/datasets/shuvroahmedimaging/ws2-eca/test_set/test_set/images/before/before-video-003/frame_0019.jpg,/kaggle/input/datasets/shuvroahmedimaging/ws2-eca/test_set/test_set/masks/before/before-video-003/frame_0019.jpg
before-video-003,frame_0020.jpg,strict_qmem_v2_T2K2_qmem_only_lambda0p05,qmem,2,margin,0.05,0.0,0.0,0.4620923913043478,0.6320973887185206,0.5292286944343586,0.7846047370039988,19279,13004,0.04269570205360651,0.005351121537387371,0.6589539647102356,0.9927024245262146,0.0027237499598413706,0.50634765625,1.0,/kaggle/input/datasets/shuvroahmedimaging/ws2-eca/test_set/test_set/images/before/before-video-003/frame_0020.jpg,/kaggle/input/datasets/shuvroahmedimaging/ws2-eca/test_set/test_set/masks/before/before-video-003/frame_0020.jpg
before-video-003,frame_0021.jpg,strict_qmem_v2_T2K2_qmem_only_lambda0p05,qmem,2,margin,0.05,0.0,0.0,0.4789653098054943,0.6477032377026953,0.5511305952930319,0.7853103629668595,21670,15208,0.04269570205360651,0.004754943307489157,0.6358522772789001,0.9930239319801331,0.002861375454813242,0.471435546875,1.0004602670669556,/kaggle/input/datasets/shuvroahmedimaging/ws2-eca/test_set/test_set/images/before/before-video-003/frame_0021.jpg,/kaggle/input/datasets/shuvroahmedimaging/ws2-eca/test_set/test_set/masks/before/before-video-003/frame_0021.jpg
before-video-003,frame_0022.jpg,strict_qmem_v2_T2K2_qmem_only_lambda0p05,qmem,2,margin,0.05,0.0,0.0,0.4501618122977346,0.6208435617049766,0.5000674066418012,0.8185362265538801,22253,13595,0.04269570205360651,0.005443500354886055,0.6096661686897278,0.992411196231842,0.0026378172915428877,0.4375,1.00132155418396,/kaggle/input/datasets/shuvroahmedimaging/ws2-eca/test_set/test_set/images/before/before-video-003/frame_0022.jpg,/kaggle/input/datasets/shuvroahmedimaging/ws2-eca/test_set/test_set/masks/before/before-video-003/frame_0022.jpg
before-video-003,frame_0023.jpg,strict_qmem_v2_T2K2_qmem_only_lambda0p05,qmem,2,margin,0.05,0.0,0.0,0.44690009105206524,0.6177345537757437,0.4921828706869046,0.8292757852699485,21939,13021,0.04269570205360651,0.004490744322538376,0.5949125289916992,0.9934631586074829,0.0028960537165403366,0.416259765625,1.001227855682373,/kaggle/input/datasets/shuvroahmedimaging/ws2-eca/test_set/test_set/images/before/before-video-003/frame_0023.jpg,/kaggle/input/datasets/shuvroahmedimaging/ws2-eca/test_set/test_set/masks/before/before-video-003/frame_0023.jpg
before-video-003,frame_0024.jpg,strict_qmem_v2_T2K2_qmem_only_lambda0p05,qmem,2,margin,0.05,0.0,0.0,0.45297230483989337,0.6235112717992344,0.49095704596834966,0.8541150764748725,23886,13730,0.04269570205360651,0.005073323845863342,0.6152893304824829,0.99298095703125,0.0029337110463529825,0.442138671875,1.0004781484603882,/kaggle/input/datasets/shuvroahmedimaging/ws2-eca/test_set/test_set/images/before/before-video-003/frame_0024.jpg,/kaggle/input/datasets/shuvroahmedimaging/ws2-eca/test_set/test_set/masks/before/before-video-003/frame_0024.jpg
before-video-003,frame_0025.jpg,strict_qmem_v2_T2K2_qmem_only_lambda0p05,qmem,2,margin,0.05,0.0,0.0,0.37417989417989417,0.5445864777452641,0.3916877132349683,0.8932902182700081,22569,9896,0.04269570205360651,0.005275996867567301,0.6328091621398926,0.9926652312278748,0.002784925512969494,0.468017578125,1.0,/kaggle/input/datasets/shuvroahmedimaging/ws2-eca/test_set/test_set/images/before/before-video-003/frame_0025.jpg,/kaggle/input/datasets/shuvroahmedimaging/ws2-eca/test_set/test_set/masks/before/before-video-003/frame_0025.jpg
before-video-003,frame_0026.jpg,strict_qmem_v2_T2K2_qmem_only_lambda0p05,qmem,2,margin,0.05,0.0,0.0,0.3236561245471458,0.4890335466212967,0.3366261011253119,0.8936198972695323,19639,7398,0.04269570205360651,0.005195957608520985,0.6433987021446228,0.9927263855934143,0.002703887177631259,0.484130859375,1.0005155801773071,/kaggle/input/datasets/shuvroahmedimaging/ws2-eca/test_set/test_set/images/before/before-video-003/frame_0026.jpg,/kaggle/input/datasets/shuvroahmedimaging/ws2-eca/test_set/test_set/masks/before/before-video-003/frame_0026.jpg
before-video-003,frame_0027.jpg,strict_qmem_v2_T2K2_qmem_only_lambda0p05,qmem,2,margin,0.05,0.0,0.0,0.2816077462302688,0.4394601188368158,0.29501267962806427,0.8610639938319198,18928,6485,0.04269570205360651,0.006418806035071611,0.612739086151123,0.9914620518684387,0.0026927983853965998,0.44091796875,1.0014305114746094,/kaggle/input/datasets/shuvroahmedimaging/ws2-eca/test_set/test_set/images/before/before-video-003/frame_0027.jpg,/kaggle/input/datasets/shuvroahmedimaging/ws2-eca/test_set/test_set/masks/before/before-video-003/frame_0027.jpg
before-video-003,frame_0028.jpg,strict_qmem_v2_T2K2_qmem_only_lambda0p05,qmem,2,margin,0.05,0.0,0.0,0.2459449103835838,0.3947925920863801,0.2613554107853782,0.8066182630550126,22104,7162,0.04269570205360651,0.006632055621594191,0.5859943628311157,0.9909877181053162,0.0027444916777312756,0.401123046875,1.0007835626602173,/kaggle/input/datasets/shuvroahmedimaging/ws2-eca/test_set/test_set/images/before/before-video-003/frame_0028.jpg,/kaggle/input/datasets/shuvroahmedimaging/ws2-eca/test_set/test_set/masks/before/before-video-003/frame_0028.jpg
before-video-003,frame_0029.jpg,strict_qmem_v2_T2K2_qmem_only_lambda0p05,qmem,2,margin,0.05,0.0,0.0,0.23097751576638334,0.37527495475428096,0.2384305123124823,0.8807998954385048,28264,7651,0.04269570205360651,0.008076396770775318,0.5730730295181274,0.9890691637992859,0.0030475163366645575,0.3779296875,1.0019503831863403,/kaggle/input/datasets/shuvroahmedimaging/ws2-eca/test_set/test_set/images/before/before-video-003/frame_0029.jpg,/kaggle/input/datasets/shuvroahmedimaging/ws2-eca/test_set/test_set/masks/before/before-video-003/frame_0029.jpg
before-video-003,frame_0030.jpg,strict_qmem_v2_T2K2_qmem_only_lambda0p05,qmem,2,margin,0.05,0.0,0.0,0.3000301727389304,0.4615741680930691,0.3087881375669591,0.9136327093143448,25762,8707,0.04269570205360651,0.0061421641148626804,0.5383583903312683,0.9905103445053101,0.00304605346173048,0.325927734375,1.0003342628479004,/kaggle/input/datasets/shuvroahmedimaging/ws2-eca/test_set/test_set/images/before/before-video-003/frame_0030.jpg,/kaggle/input/datasets/shuvroahmedimaging/ws2-eca/test_set/test_set/masks/before/before-video-003/frame_0030.jpg
before-video-003,frame_0031.jpg,strict_qmem_v2_T2K2_qmem_only_lambda0p05,qmem,2,margin,0.05,0.0,0.0,0.4059429106223678,0.5774671326343818,0.42256951491779987,0.9116384972414397,24635,11419,0.04269570205360651,0.005970924627035856,0.5295656323432922,0.9909361600875854,0.003115108935162425,0.312255859375,1.0003588199615479,/kaggle/input/datasets/shuvroahmedimaging/ws2-eca/test_set/test_set/images/before/before-video-003/frame_0031.jpg,/kaggle/input/datasets/shuvroahmedimaging/ws2-eca/test_set/test_set/masks/before/before-video-003/frame_0031.jpg
before-video-003,frame_0032.jpg,strict_qmem_v2_T2K2_qmem_only_lambda0p05,qmem,2,margin,0.05,0.0,0.0,0.4229814927801505,0.5945003430139493,0.4439084777597541,0.8997231354905693,23426,11558,0.04269570205360651,0.006636632606387138,0.5534100532531738,0.9902815222740173,0.002902563428506255,0.351318359375,1.0013376474380493,/kaggle/input/datasets/shuvroahmedimaging/ws2-eca/test_set/test_set/images/before/before-video-003/frame_0032.jpg,/kaggle/input/datasets/shuvroahmedimaging/ws2-eca/test_set/test_set/masks/before/before-video-003/frame_0032.jpg
before-video-003,frame_0033.jpg,strict_qmem_v2_T2K2_qmem_only_lambda0p05,qmem,2,margin,0.05,0.0,0.0,0.35662491760052734,0.5257531584062196,0.37057780643081634,0.9045043273013376,24818,10168,0.04269570205360651,0.006612803786993027,0.5661816000938416,0.9902052879333496,0.002941519021987915,0.369384765625,1.0009456872940063,/kaggle/input/datasets/shuvroahmedimaging/ws2-eca/test_set/test_set/images/before/before-video-003/frame_0033.jpg,/kaggle/input/datasets/shuvroahmedimaging/ws2-eca/test_set/test_set/masks/before/before-video-003/frame_0033.jpg
before-video-003,frame_0034.jpg,strict_qmem_v2_T2K2_qmem_only_lambda0p05,qmem,2,margin,0.05,0.0,0.0,0.351989412568306,0.5206984748492216,0.3699300071787509,0.8789041679991472,22288,9381,0.04269570205360651,0.006350344512611628,0.5731842517852783,0.9908186197280884,0.0028471455443650484,0.380859375,1.000981330871582,/kaggle/input/datasets/shuvroahmedimaging/ws2-eca/test_set/test_set/images/before/before-video-003/frame_0034.jpg,/kaggle/input/datasets/shuvroahmedimaging/ws2-eca/test_set/test_set/masks/before/before-video-003/frame_0034.jpg
before-video-003,frame_0035.jpg,strict_qmem_v2_T2K2_qmem_only_lambda0p05,qmem,2,margin,0.05,0.0,0.0,0.32085932085932084,0.4858342077649528,0.32812239453059866,0.9354647016876634,23988,8414,0.04269570205360651,0.006365259177982807,0.5711791515350342,0.9909509420394897,0.0029213326051831245,0.376220703125,1.0013275146484375,/kaggle/input/datasets/shuvroahmedimaging/ws2-eca/test_set/test_set/images/before/before-video-003/frame_0035.jpg,/kaggle/input/datasets/shuvroahmedimaging/ws2-eca/test_set/test_set/masks/before/before-video-003/frame_0035.jpg
before-video-003,frame_0036.jpg,strict_qmem_v2_T2K2_qmem_only_lambda0p05,qmem,2,margin,0.05,0.0,0.0,0.23781667839549614,0.38425185658956046,0.24655722754217965,0.8702720103009818,21930,6213,0.04269570205360651,0.005245579406619072,0.570239782333374,0.9921213388442993,0.002739286283031106,0.378173828125,1.0012047290802002,/kaggle/input/datasets/shuvroahmedimaging/ws2-eca/test_set/test_set/images/before/before-video-003/frame_0036.jpg,/kaggle/input/datasets/shuvroahmedimaging/ws2-eca/test_set/test_set/masks/before/before-video-003/frame_0036.jpg
before-video-003,frame_0037.jpg,strict_qmem_v2_T2K2_qmem_only_lambda0p05,qmem,2,margin,0.05,0.0,0.0,0.2131154535369912,0.35135230190271866,0.22578312163811418,0.7916006339144216,22123,6310,0.04269570205360651,0.006483088713139296,0.613283634185791,0.9911226630210876,0.0029366835951805115,0.4365234375,1.0014779567718506,/kaggle/input/datasets/shuvroahmedimaging/ws2-eca/test_set/test_set/images/before/before-video-003/frame_0037.jpg,/kaggle/input/datasets/shuvroahmedimaging/ws2-eca/test_set/test_set/masks/before/before-video-003/frame_0037.jpg
before-video-003,frame_0038.jpg,strict_qmem_v2_T2K2_qmem_only_lambda0p05,qmem,2,margin,0.05,0.0,0.0,0.2401755766284318,0.38732511936959496,0.2475670138296056,0.8894341358687318,23428,6521,0.04269570205360651,0.006486239843070507,0.593916118144989,0.9908584356307983,0.0029476252384483814,0.408203125,1.0010770559310913,/kaggle/input/datasets/shuvroahmedimaging/ws2-eca/test_set/test_set/images/before/before-video-003/frame_0038.jpg,/kaggle/input/datasets/shuvroahmedimaging/ws2-eca/test_set/test_set/masks/before/before-video-003/frame_0038.jpg
before-video-003,frame_0039.jpg,strict_qmem_v2_T2K2_qmem_only_lambda0p05,qmem,2,margin,0.05,0.0,0.0,0.310954794662253,0.4743943817564902,0.34930472169500715,0.7390591706277659,25817,12202,0.04269570205360651,0.006919659208506346,0.581129252910614,0.9901242256164551,0.0031746348831802607,0.38623046875,1.0009596347808838,/kaggle/input/datasets/shuvroahmedimaging/ws2-eca/test_set/test_set/images/before/before-video-003/frame_0039.jpg,/kaggle/input/datasets/shuvroahmedimaging/ws2-eca/test_set/test_set/masks/before/before-video-003/frame_0039.jpg
before-video-003,frame_0040.jpg,strict_qmem_v2_T2K2_qmem_only_lambda0p05,qmem,2,margin,0.05,0.0,0.0,0.2960250024416447,0.4568198944988696,0.3259490267770728,0.7632838076051373,27897,11913,0.04269570205360651,0.006900398526340723,0.5559382438659668,0.9897105097770691,0.0033053699880838394,0.347900390625,1.0043973922729492,/kaggle/input/datasets/shuvroahmedimaging/ws2-eca/test_set/test_set/images/before/before-video-003/frame_0040.jpg,/kaggle/input/datasets/shuvroahmedimaging/ws2-eca/test_set/test_set/masks/before/before-video-003/frame_0040.jpg
before-video-003,frame_0041.jpg,strict_qmem_v2_T2K2_qmem_only_lambda0p05,qmem,2,margin,0.05,0.0,0.0,0.2725956854558107,0.4284089417734809,0.2863701494283124,0.8500130197031508,34197,11521,0.04269570205360651,0.007217084988951683,0.549435019493103,0.9896107912063599,0.003334134817123413,0.338134765625,1.000434160232544,/kaggle/input/datasets/shuvroahmedimaging/ws2-eca/test_set/test_set/images/before/before-video-003/frame_0041.jpg,/kaggle/input/datasets/shuvroahmedimaging/ws2-eca/test_set/test_set/masks/before/before-video-003/frame_0041.jpg
before-video-003,frame_0042.jpg,strict_qmem_v2_T2K2_qmem_only_lambda0p05,qmem,2,margin,0.05,0.0,0.0,0.3017036340505559,0.463551957847324,0.32163811657870683,0.8295817490494296,33917,13150,0.04269570205360651,0.006274679210036993,0.5218970775604248,0.9902505278587341,0.0034717230591923,0.2939453125,1.0005159378051758,/kaggle/input/datasets/shuvroahmedimaging/ws2-eca/test_set/test_set/images/before/before-video-003/frame_0042.jpg,/kaggle/input/datasets/shuvroahmedimaging/ws2-eca/test_set/test_set/masks/before/before-video-003/frame_0042.jpg
before-video-003,frame_0043.jpg,strict_qmem_v2_T2K2_qmem_only_lambda0p05,qmem,2,margin,0.05,0.0,0.0,0.27413634205602255,0.4303092738311816,0.3009473587393077,0.7547285868060895,32617,13006,0.04269570205360651,0.005484391935169697,0.5223392248153687,0.991154670715332,0.0031332504004240036,0.301513671875,1.0003716945648193,/kaggle/input/datasets/shuvroahmedimaging/ws2-eca/test_set/test_set/images/before/before-video-003/frame_0043.jpg,/kaggle/input/datasets/shuvroahmedimaging/ws2-eca/test_set/test_set/masks/before/before-video-003/frame_0043.jpg
before-video-003,frame_0044.jpg,strict_qmem_v2_T2K2_qmem_only_lambda0p05,qmem,2,margin,0.05,0.0,0.0,0.2574963772154721,0.4095381615105044,0.2797852153902055,0.7637205201675116,24769,9074,0.04269570205360651,0.004086947068572044,0.5408130884170532,0.9931514263153076,0.003004878293722868,0.33056640625,1.0,/kaggle/input/datasets/shuvroahmedimaging/ws2-eca/test_set/test_set/images/before/before-video-003/frame_0044.jpg,/kaggle/input/datasets/shuvroahmedimaging/ws2-eca/test_set/test_set/masks/before/before-video-003/frame_0044.jpg
before-video-003,frame_0045.jpg,strict_qmem_v2_T2K2_qmem_only_lambda0p05,qmem,2,margin,0.05,0.0,0.0,0.23066596151499125,0.37486364087137614,0.2568400072476898,0.6935779816513762,22076,8175,0.04269570205360651,0.003968058619648218,0.5390251278877258,0.9934628009796143,0.0026850944850593805,0.334228515625,1.0011861324310303,/kaggle/input/datasets/shuvroahmedimaging/ws2-eca/test_set/test_set/images/before/before-video-003/frame_0045.jpg,/kaggle/input/datasets/shuvroahmedimaging/ws2-eca/test_set/test_set/masks/before/before-video-003/frame_0045.jpg
before-video-003,frame_0046.jpg,strict_qmem_v2_T2K2_qmem_only_lambda0p05,qmem,2,margin,0.05,0.0,0.0,0.1839677796544108,0.3107648414353122,0.2024785510009533,0.6680295643969177,20980,6359,0.04269570205360651,0.004485373385250568,0.5720510482788086,0.993277907371521,0.002784051699563861,0.380126953125,1.0008407831192017,/kaggle/input/datasets/shuvroahmedimaging/ws2-eca/test_set/test_set/images/before/before-video-003/frame_0046.jpg,/kaggle/input/datasets/shuvroahmedimaging/ws2-eca/test_set/test_set/masks/before/before-video-003/frame_0046.jpg
before-video-004,frame_0001.jpg,strict_qmem_v2_T2K2_qmem_only_lambda0p05,qmem,2,margin,0.05,0.0,0.0,0.21152419803448916,0.3491869140998661,0.24831301697866784,0.5880912488722774,18376,7759,0.04269570205360651,0.0,0.0,0.0,0.0,0.0,0.0,/kaggle/input/datasets/shuvroahmedimaging/ws2-eca/test_set/test_set/images/before/before-video-004/frame_0001.jpg,/kaggle/input/datasets/shuvroahmedimaging/ws2-eca/test_set/test_set/masks/before/before-video-004/frame_0001.jpg
before-video-004,frame_0002.jpg,strict_qmem_v2_T2K2_qmem_only_lambda0p05,qmem,2,margin,0.05,0.0,0.0,0.23522198731501057,0.38085783726423167,0.2793933001858269,0.5980434315201032,19911,9302,0.04269570205360651,0.004946989472955465,0.5874423980712891,0.9929913878440857,0.0027236375026404858,0.404541015625,1.0001931190490723,/kaggle/input/datasets/shuvroahmedimaging/ws2-eca/test_set/test_set/images/before/before-video-004/frame_0002.jpg,/kaggle/input/datasets/shuvroahmedimaging/ws2-eca/test_set/test_set/masks/before/before-video-004/frame_0002.jpg
before-video-004,frame_0003.jpg,strict_qmem_v2_T2K2_qmem_only_lambda0p05,qmem,2,margin,0.05,0.0,0.0,0.22015619189289698,0.36086558975921973,0.24624343576145166,0.6751247327156094,19233,7015,0.04269570205360651,0.0045755887404084206,0.6051296591758728,0.9932641983032227,0.0027903923764824867,0.427978515625,1.0006015300750732,/kaggle/input/datasets/shuvroahmedimaging/ws2-eca/test_set/test_set/images/before/before-video-004/frame_0003.jpg,/kaggle/input/datasets/shuvroahmedimaging/ws2-eca/test_set/test_set/masks/before/before-video-004/frame_0003.jpg
before-video-004,frame_0004.jpg,strict_qmem_v2_T2K2_qmem_only_lambda0p05,qmem,2,margin,0.05,0.0,0.0,0.27897249151124454,0.43624470950365524,0.2877080795777507,0.9018453706649697,19704,6286,0.04269570205360651,0.004268534481525421,0.6283795833587646,0.9934792518615723,0.002889888361096382,0.45947265625,1.0009922981262207,/kaggle/input/datasets/shuvroahmedimaging/ws2-eca/test_set/test_set/images/before/before-video-004/frame_0004.jpg,/kaggle/input/datasets/shuvroahmedimaging/ws2-eca/test_set/test_set/masks/before/before-video-004/frame_0004.jpg
before-video-004,frame_0005.jpg,strict_qmem_v2_T2K2_qmem_only_lambda0p05,qmem,2,margin,0.05,0.0,0.0,0.3109932213380489,0.47443909896137765,0.3232050967900025,0.891668075038026,16324,5917,0.04269570205360651,0.0039082663133740425,0.6289152503013611,0.9939477443695068,0.0027908477932214737,0.4619140625,1.0009279251098633,/kaggle/input/datasets/shuvroahmedimaging/ws2-eca/test_set/test_set/images/before/before-video-004/frame_0005.jpg,/kaggle/input/datasets/shuvroahmedimaging/ws2-eca/test_set/test_set/masks/before/before-video-004/frame_0005.jpg
before-video-004,frame_0006.jpg,strict_qmem_v2_T2K2_qmem_only_lambda0p05,qmem,2,margin,0.05,0.0,0.0,0.1787384448069603,0.3032707477972044,0.1905286343612335,0.7428248587570622,17252,4425,0.04269570205360651,0.004223659168928862,0.6375427842140198,0.9937141537666321,0.002760388422757387,0.474853515625,1.00050687789917,/kaggle/input/datasets/shuvroahmedimaging/ws2-eca/test_set/test_set/images/before/before-video-004/frame_0006.jpg,/kaggle/input/datasets/shuvroahmedimaging/ws2-eca/test_set/test_set/masks/before/before-video-004/frame_0006.jpg
before-video-004,frame_0007.jpg,strict_qmem_v2_T2K2_qmem_only_lambda0p05,qmem,2,margin,0.05,0.0,0.0,0.20852733455401518,0.34509328600493483,0.2250324620335347,0.7397921306607276,17713,5388,0.04269570205360651,0.004465439822524786,0.6037498712539673,0.9934594631195068,0.002609104150906205,0.428955078125,1.000244140625,/kaggle/input/datasets/shuvroahmedimaging/ws2-eca/test_set/test_set/images/before/before-video-004/frame_0007.jpg,/kaggle/input/datasets/shuvroahmedimaging/ws2-eca/test_set/test_set/masks/before/before-video-004/frame_0007.jpg
before-video-004,frame_0008.jpg,strict_qmem_v2_T2K2_qmem_only_lambda0p05,qmem,2,margin,0.05,0.0,0.0,0.25852148897219074,0.4108336508156409,0.2625962985920482,0.9433752187052649,22586,6287,0.04269570205360651,0.005937089212238789,0.5947252511978149,0.9917203187942505,0.0028694786597043276,0.4130859375,1.0027058124542236,/kaggle/input/datasets/shuvroahmedimaging/ws2-eca/test_set/test_set/images/before/before-video-004/frame_0008.jpg,/kaggle/input/datasets/shuvroahmedimaging/ws2-eca/test_set/test_set/masks/before/before-video-004/frame_0008.jpg
before-video-004,frame_0009.jpg,strict_qmem_v2_T2K2_qmem_only_lambda0p05,qmem,2,margin,0.05,0.0,0.0,0.3850797024442083,0.5560397741222686,0.3903227196346245,0.9662933333333333,23209,9375,0.04269570205360651,0.0053103528916835785,0.6050970554351807,0.9921848177909851,0.002777423709630966,0.427978515625,1.002195119857788,/kaggle/input/datasets/shuvroahmedimaging/ws2-eca/test_set/test_set/images/before/before-video-004/frame_0009.jpg,/kaggle/input/datasets/shuvroahmedimaging/ws2-eca/test_set/test_set/masks/before/before-video-004/frame_0009.jpg
before-video-004,frame_0010.jpg,strict_qmem_v2_T2K2_qmem_only_lambda0p05,qmem,2,margin,0.05,0.0,0.0,0.3605150214592275,0.5299684542586751,0.3849599000104156,0.8502415458937198,19202,8694,0.04269570205360651,0.004979823250323534,0.6203905940055847,0.9927420616149902,0.0027793203480541706,0.44970703125,1.0011863708496094,/kaggle/input/datasets/shuvroahmedimaging/ws2-eca/test_set/test_set/images/before/before-video-004/frame_0010.jpg,/kaggle/input/datasets/shuvroahmedimaging/ws2-eca/test_set/test_set/masks/before/before-video-004/frame_0010.jpg
before-video-005,frame_0001.jpg,strict_qmem_v2_T2K2_qmem_only_lambda0p05,qmem,2,margin,0.05,0.0,0.0,0.3886030357602264,0.5597035664659564,0.40710627975923097,0.8952879581151832,22262,10123,0.04269570205360651,0.0,0.0,0.0,0.0,0.0,0.0,/kaggle/input/datasets/shuvroahmedimaging/ws2-eca/test_set/test_set/images/before/before-video-005/frame_0001.jpg,/kaggle/input/datasets/shuvroahmedimaging/ws2-eca/test_set/test_set/masks/before/before-video-005/frame_0001.jpg
before-video-005,frame_0002.jpg,strict_qmem_v2_T2K2_qmem_only_lambda0p05,qmem,2,margin,0.05,0.0,0.0,0.2046757829730922,0.3398022702306847,0.20678385739044317,0.9525547445255474,20195,4384,0.04269570205360651,0.005170818418264389,0.6313091516494751,0.9926116466522217,0.002806359203532338,0.465576171875,1.0000543594360352,/kaggle/input/datasets/shuvroahmedimaging/ws2-eca/test_set/test_set/images/before/before-video-005/frame_0002.jpg,/kaggle/input/datasets/shuvroahmedimaging/ws2-eca/test_set/test_set/masks/before/before-video-005/frame_0002.jpg
before-video-005,frame_0003.jpg,strict_qmem_v2_T2K2_qmem_only_lambda0p05,qmem,2,margin,0.05,0.0,0.0,0.12620275370793685,0.22412084021713477,0.12852579719560392,0.8747236551215918,18471,2714,0.04269570205360651,0.004716229625046253,0.6033274531364441,0.9933644533157349,0.002777771558612585,0.427490234375,1.0,/kaggle/input/datasets/shuvroahmedimaging/ws2-eca/test_set/test_set/images/before/before-video-005/frame_0003.jpg,/kaggle/input/datasets/shuvroahmedimaging/ws2-eca/test_set/test_set/masks/before/before-video-005/frame_0003.jpg
before-video-005,frame_0004.jpg,strict_qmem_v2_T2K2_qmem_only_lambda0p05,qmem,2,margin,0.05,0.0,0.0,0.08564774381368268,0.15778182988308484,0.0871393874770452,0.8334277620396601,16881,1765,0.04269570205360651,0.004091306123882532,0.6309427618980408,0.9942036867141724,0.002594929886981845,0.46826171875,1.0004630088806152,/kaggle/input/datasets/shuvroahmedimaging/ws2-eca/test_set/test_set/images/before/before-video-005/frame_0004.jpg,/kaggle/input/datasets/shuvroahmedimaging/ws2-eca/test_set/test_set/masks/before/before-video-005/frame_0004.jpg
before-video-005,frame_0005.jpg,strict_qmem_v2_T2K2_qmem_only_lambda0p05,qmem,2,margin,0.05,0.0,0.0,0.06174580786710547,0.116309963099631,0.06259432838192072,0.8199791883454735,12589,961,0.04269570205360651,0.0031501436606049538,0.6708638072013855,0.9953710436820984,0.002626899629831314,0.52587890625,1.0005145072937012,/kaggle/input/datasets/shuvroahmedimaging/ws2-eca/test_set/test_set/images/before/before-video-005/frame_0005.jpg,/kaggle/input/datasets/shuvroahmedimaging/ws2-eca/test_set/test_set/masks/before/before-video-005/frame_0005.jpg
before-video-005,frame_0006.jpg,strict_qmem_v2_T2K2_qmem_only_lambda0p05,qmem,2,margin,0.05,0.0,0.0,0.11385783157246897,0.20443871443042638,0.11753494282083862,0.784452296819788,9444,1415,0.04269570205360651,0.0025490904226899147,0.6821480989456177,0.9961724877357483,0.002592475153505802,0.543701171875,1.0001604557037354,/kaggle/input/datasets/shuvroahmedimaging/ws2-eca/test_set/test_set/images/before/before-video-005/frame_0006.jpg,/kaggle/input/datasets/shuvroahmedimaging/ws2-eca/test_set/test_set/masks/before/before-video-005/frame_0006.jpg
before-video-005,frame_0007.jpg,strict_qmem_v2_T2K2_qmem_only_lambda0p05,qmem,2,margin,0.05,0.0,0.0,0.034280117531831536,0.06628787878787878,0.03512544802867384,0.5875299760191847,6975,417,0.04269570205360651,0.0024202403146773577,0.7090214490890503,0.9967957139015198,0.0023877255152910948,0.585693359375,1.0,/kaggle/input/datasets/shuvroahmedimaging/ws2-eca/test_set/test_set/images/before/before-video-005/frame_0007.jpg,/kaggle/input/datasets/shuvroahmedimaging/ws2-eca/test_set/test_set/masks/before/before-video-005/frame_0007.jpg
before-video-005,frame_0008.jpg,strict_qmem_v2_T2K2_qmem_only_lambda0p05,qmem,2,margin,0.05,0.0,0.0,0.04500737825873094,0.08613791480348318,0.045681477783325014,0.7530864197530864,12018,729,0.04269570205360651,0.0031902692280709743,0.7028694152832031,0.9960427284240723,0.0023760285694152117,0.576904296875,1.000251293182373,/kaggle/input/datasets/shuvroahmedimaging/ws2-eca/test_set/test_set/images/before/before-video-005/frame_0008.jpg,/kaggle/input/datasets/shuvroahmedimaging/ws2-eca/test_set/test_set/masks/before/before-video-005/frame_0008.jpg
before-video-005,frame_0009.jpg,strict_qmem_v2_T2K2_qmem_only_lambda0p05,qmem,2,margin,0.05,0.0,0.0,0.07851962990747686,0.14560630651518663,0.07943836569476946,0.871616932685635,15811,1441,0.04269570205360651,0.0035375170409679413,0.6661735773086548,0.9953723549842834,0.002390738809481263,0.5234375,1.0,/kaggle/input/datasets/shuvroahmedimaging/ws2-eca/test_set/test_set/images/before/before-video-005/frame_0009.jpg,/kaggle/input/datasets/shuvroahmedimaging/ws2-eca/test_set/test_set/masks/before/before-video-005/frame_0009.jpg
before-video-005,frame_0010.jpg,strict_qmem_v2_T2K2_qmem_only_lambda0p05,qmem,2,margin,0.05,0.0,0.0,0.13273354695587872,0.23435969970623435,0.1348694508797195,0.8934052260472832,15971,2411,0.04269570205360651,0.0032267640344798565,0.6353037357330322,0.9952710866928101,0.002380477264523506,0.479248046875,1.0001403093338013,/kaggle/input/datasets/shuvroahmedimaging/ws2-eca/test_set/test_set/images/before/before-video-005/frame_0010.jpg,/kaggle/input/datasets/shuvroahmedimaging/ws2-eca/test_set/test_set/masks/before/before-video-005/frame_0010.jpg
before-video-005,frame_0011.jpg,strict_qmem_v2_T2K2_qmem_only_lambda0p05,qmem,2,margin,0.05,0.0,0.0,0.14330256921925666,0.2506817933893313,0.14455557652387244,0.9429626590069758,15897,2437,0.04269570205360651,0.0035664080642163754,0.6464402079582214,0.9950181245803833,0.0024826121516525745,0.4931640625,1.0,/kaggle/input/datasets/shuvroahmedimaging/ws2-eca/test_set/test_set/images/before/before-video-005/frame_0011.jpg,/kaggle/input/datasets/shuvroahmedimaging/ws2-eca/test_set/test_set/masks/before/before-video-005/frame_0011.jpg
before-video-005,frame_0012.jpg,strict_qmem_v2_T2K2_qmem_only_lambda0p05,qmem,2,margin,0.05,0.0,0.0,0.16250089522308958,0.27957121734844753,0.16620275417521244,0.8794573643410852,13652,2580,0.04269570205360651,0.0030630831606686115,0.6555184125900269,0.9954659342765808,0.002511622617021203,0.505859375,1.000244140625,/kaggle/input/datasets/shuvroahmedimaging/ws2-eca/test_set/test_set/images/before/before-video-005/frame_0012.jpg,/kaggle/input/datasets/shuvroahmedimaging/ws2-eca/test_set/test_set/masks/before/before-video-005/frame_0012.jpg
before-video-005,frame_0013.jpg,strict_qmem_v2_T2K2_qmem_only_lambda0p05,qmem,2,margin,0.05,0.0,0.0,0.29977082871294447,0.461267205096121,0.3036543357795417,0.9590823084200568,13354,4228,0.04269570205360651,0.0032363333739340305,0.6859515905380249,0.9954245090484619,0.0025481795892119408,0.548828125,1.00048828125,/kaggle/input/datasets/shuvroahmedimaging/ws2-eca/test_set/test_set/images/before/before-video-005/frame_0013.jpg,/kaggle/input/datasets/shuvroahmedimaging/ws2-eca/test_set/test_set/masks/before/before-video-005/frame_0013.jpg
before-video-005,frame_0014.jpg,strict_qmem_v2_T2K2_qmem_only_lambda0p05,qmem,2,margin,0.05,0.0,0.0,0.35390946502057613,0.5227963525835866,0.36232671921717857,0.9384019711369236,14716,5682,0.04269570205360651,0.0036024267319589853,0.6795806288719177,0.9950641393661499,0.002628023037686944,0.538818359375,1.0007946491241455,/kaggle/input/datasets/shuvroahmedimaging/ws2-eca/test_set/test_set/images/before/before-video-005/frame_0014.jpg,/kaggle/input/datasets/shuvroahmedimaging/ws2-eca/test_set/test_set/masks/before/before-video-005/frame_0014.jpg
before-video-005,frame_0015.jpg,strict_qmem_v2_T2K2_qmem_only_lambda0p05,qmem,2,margin,0.05,0.0,0.0,0.35804044767327703,0.5272898142123906,0.37916515049124083,0.8653458298730573,19237,8429,0.04269570205360651,0.004497153218835592,0.6367660164833069,0.9939424395561218,0.0027289441786706448,0.474365234375,1.0,/kaggle/input/datasets/shuvroahmedimaging/ws2-eca/test_set/test_set/images/before/before-video-005/frame_0015.jpg,/kaggle/input/datasets/shuvroahmedimaging/ws2-eca/test_set/test_set/masks/before/before-video-005/frame_0015.jpg
before-video-005,frame_0016.jpg,strict_qmem_v2_T2K2_qmem_only_lambda0p05,qmem,2,margin,0.05,0.0,0.0,0.4118577810871184,0.5834267255587052,0.4336322210789358,0.8913284318662503,20409,9929,0.04269570205360651,0.005421461071819067,0.6093572974205017,0.9924026131629944,0.002844876144081354,0.4326171875,1.0003926753997803,/kaggle/input/datasets/shuvroahmedimaging/ws2-eca/test_set/test_set/images/before/before-video-005/frame_0016.jpg,/kaggle/input/datasets/shuvroahmedimaging/ws2-eca/test_set/test_set/masks/before/before-video-005/frame_0016.jpg
before-video-005,frame_0017.jpg,strict_qmem_v2_T2K2_qmem_only_lambda0p05,qmem,2,margin,0.05,0.0,0.0,0.3521437466642946,0.5208673227724857,0.366121633619414,0.9021877848678214,27032,10970,0.04269570205360651,0.007540549151599407,0.5963035821914673,0.9898072481155396,0.0030304372776299715,0.40966796875,1.0008609294891357,/kaggle/input/datasets/shuvroahmedimaging/ws2-eca/test_set/test_set/images/before/before-video-005/frame_0017.jpg,/kaggle/input/datasets/shuvroahmedimaging/ws2-eca/test_set/test_set/masks/before/before-video-005/frame_0017.jpg
before-video-005,frame_0018.jpg,strict_qmem_v2_T2K2_qmem_only_lambda0p05,qmem,2,margin,0.05,0.0,0.0,0.3434139573018826,0.5112556043285369,0.35679182229211714,0.9015646990644921,30522,12079,0.04269570205360651,0.007544292137026787,0.5788772106170654,0.9892982244491577,0.0031273614149540663,0.38427734375,1.0003201961517334,/kaggle/input/datasets/shuvroahmedimaging/ws2-eca/test_set/test_set/images/before/before-video-005/frame_0018.jpg,/kaggle/input/datasets/shuvroahmedimaging/ws2-eca/test_set/test_set/masks/before/before-video-005/frame_0018.jpg
before-video-005,frame_0019.jpg,strict_qmem_v2_T2K2_qmem_only_lambda0p05,qmem,2,margin,0.05,0.0,0.0,0.3690149625935162,0.5390955872307482,0.3764309336046807,0.949318364073777,31448,12470,0.04269570205360651,0.007293977774679661,0.5769740343093872,0.9893749952316284,0.003308530431240797,0.37890625,1.0013628005981445,/kaggle/input/datasets/shuvroahmedimaging/ws2-eca/test_set/test_set/images/before/before-video-005/frame_0019.jpg,/kaggle/input/datasets/shuvroahmedimaging/ws2-eca/test_set/test_set/masks/before/before-video-005/frame_0019.jpg
before-video-005,frame_0020.jpg,strict_qmem_v2_T2K2_qmem_only_lambda0p05,qmem,2,margin,0.05,0.0,0.0,0.42357517223192803,0.595086484358719,0.4250884911839624,0.9916653804599476,30229,12958,0.04269570205360651,0.005669697187840939,0.5726860761642456,0.9913040995597839,0.0031598820351064205,0.373291015625,1.0002217292785645,/kaggle/input/datasets/shuvroahmedimaging/ws2-eca/test_set/test_set/images/before/before-video-005/frame_0020.jpg,/kaggle/input/datasets/shuvroahmedimaging/ws2-eca/test_set/test_set/masks/before/before-video-005/frame_0020.jpg
before-video-005,frame_0021.jpg,strict_qmem_v2_T2K2_qmem_only_lambda0p05,qmem,2,margin,0.05,0.0,0.0,0.4454092708466352,0.6163088612068204,0.46015831134564644,0.9328697512703932,30320,14956,0.04269570205360651,0.005918845534324646,0.5846197009086609,0.9912112951278687,0.0032215958926826715,0.3896484375,1.0007319450378418,/kaggle/input/datasets/shuvroahmedimaging/ws2-eca/test_set/test_set/images/before/before-video-005/frame_0021.jpg,/kaggle/input/datasets/shuvroahmedimaging/ws2-eca/test_set/test_set/masks/before/before-video-005/frame_0021.jpg
before-video-005,frame_0022.jpg,strict_qmem_v2_T2K2_qmem_only_lambda0p05,qmem,2,margin,0.05,0.0,0.0,0.43761625150443123,0.6088081587092191,0.48683409745607986,0.8123349807054363,24647,14771,0.04269570205360651,0.0055480473674833775,0.5895145535469055,0.9915753602981567,0.0032877468038350344,0.395751953125,1.0006343126296997,/kaggle/input/datasets/shuvroahmedimaging/ws2-eca/test_set/test_set/images/before/before-video-005/frame_0022.jpg,/kaggle/input/datasets/shuvroahmedimaging/ws2-eca/test_set/test_set/masks/before/before-video-005/frame_0022.jpg
before-video-005,frame_0023.jpg,strict_qmem_v2_T2K2_qmem_only_lambda0p05,qmem,2,margin,0.05,0.0,0.0,0.4199756394640682,0.5915251329559101,0.48501899001266,0.7579687843482084,21327,13647,0.04269570205360651,0.005464904010295868,0.5721808075904846,0.9919408559799194,0.0029418878257274628,0.379150390625,1.0005695819854736,/kaggle/input/datasets/shuvroahmedimaging/ws2-eca/test_set/test_set/images/before/before-video-005/frame_0023.jpg,/kaggle/input/datasets/shuvroahmedimaging/ws2-eca/test_set/test_set/masks/before/before-video-005/frame_0023.jpg
before-video-005,frame_0024.jpg,strict_qmem_v2_T2K2_qmem_only_lambda0p05,qmem,2,margin,0.05,0.0,0.0,0.4563763140197501,0.6267285585826428,0.5397237337798242,0.747175059396187,23890,17257,0.04269570205360651,0.006534774787724018,0.562900960445404,0.9909399747848511,0.003078193636611104,0.363525390625,1.0009520053863525,/kaggle/input/datasets/shuvroahmedimaging/ws2-eca/test_set/test_set/images/before/before-video-005/frame_0024.jpg,/kaggle/input/datasets/shuvroahmedimaging/ws2-eca/test_set/test_set/masks/before/before-video-005/frame_0024.jpg
before-video-005,frame_0025.jpg,strict_qmem_v2_T2K2_qmem_only_lambda0p05,qmem,2,margin,0.05,0.0,0.0,0.5092455504803907,0.6748345891340193,0.5350676860953893,0.9134365465024297,30213,17698,0.04269570205360651,0.00695426482707262,0.5376205444335938,0.989987850189209,0.0030422057025134563,0.326416015625,1.000847578048706,/kaggle/input/datasets/shuvroahmedimaging/ws2-eca/test_set/test_set/images/before/before-video-005/frame_0025.jpg,/kaggle/input/datasets/shuvroahmedimaging/ws2-eca/test_set/test_set/masks/before/before-video-005/frame_0025.jpg
before-video-005,frame_0026.jpg,strict_qmem_v2_T2K2_qmem_only_lambda0p05,qmem,2,margin,0.05,0.0,0.0,0.5187308320674138,0.6831109517428803,0.5343687256407228,0.946597625398818,33868,19119,0.04269570205360651,0.007080400828272104,0.5379787087440491,0.9896013736724854,0.003417497267946601,0.318603515625,1.0003855228424072,/kaggle/input/datasets/shuvroahmedimaging/ws2-eca/test_set/test_set/images/before/before-video-005/frame_0026.jpg,/kaggle/input/datasets/shuvroahmedimaging/ws2-eca/test_set/test_set/masks/before/before-video-005/frame_0026.jpg
before-video-005,frame_0027.jpg,strict_qmem_v2_T2K2_qmem_only_lambda0p05,qmem,2,margin,0.05,0.0,0.0,0.5017947279865396,0.6682600739440565,0.504226780883679,0.9904793534816783,35488,18066,0.04269570205360651,0.007401421666145325,0.5457674264907837,0.9886969327926636,0.0036415616050362587,0.3271484375,1.0014714002609253,/kaggle/input/datasets/shuvroahmedimaging/ws2-eca/test_set/test_set/images/before/before-video-005/frame_0027.jpg,/kaggle/input/datasets/shuvroahmedimaging/ws2-eca/test_set/test_set/masks/before/before-video-005/frame_0027.jpg
before-video-005,frame_0028.jpg,strict_qmem_v2_T2K2_qmem_only_lambda0p05,qmem,2,margin,0.05,0.0,0.0,0.44016593305677826,0.6112711361287627,0.44919855222337124,0.956312349501204,30944,14535,0.04269570205360651,0.007175044156610966,0.5548654198646545,0.988953709602356,0.0036119709257036448,0.34423828125,1.0024698972702026,/kaggle/input/datasets/shuvroahmedimaging/ws2-eca/test_set/test_set/images/before/before-video-005/frame_0028.jpg,/kaggle/input/datasets/shuvroahmedimaging/ws2-eca/test_set/test_set/masks/before/before-video-005/frame_0028.jpg
before-video-005,frame_0029.jpg,strict_qmem_v2_T2K2_qmem_only_lambda0p05,qmem,2,margin,0.05,0.0,0.0,0.291103025779768,0.4509369430126692,0.3014232354456466,0.8947619957943032,31056,10462,0.04269570205360651,0.0053321681916713715,0.5576006770133972,0.9913986325263977,0.0032812790013849735,0.349365234375,1.0005645751953125,/kaggle/input/datasets/shuvroahmedimaging/ws2-eca/test_set/test_set/images/before/before-video-005/frame_0029.jpg,/kaggle/input/datasets/shuvroahmedimaging/ws2-eca/test_set/test_set/masks/before/before-video-005/frame_0029.jpg
before-video-005,frame_0030.jpg,strict_qmem_v2_T2K2_qmem_only_lambda0p05,qmem,2,margin,0.05,0.0,0.0,0.31585608389079733,0.4800769442154438,0.33668454694375743,0.8362185879537296,31133,12535,0.04269570205360651,0.005722316447645426,0.5648989081382751,0.991065263748169,0.0033727900590747595,0.357666015625,1.0010221004486084,/kaggle/input/datasets/shuvroahmedimaging/ws2-eca/test_set/test_set/images/before/before-video-005/frame_0030.jpg,/kaggle/input/datasets/shuvroahmedimaging/ws2-eca/test_set/test_set/masks/before/before-video-005/frame_0030.jpg
before-video-005,frame_0031.jpg,strict_qmem_v2_T2K2_qmem_only_lambda0p05,qmem,2,margin,0.05,0.0,0.0,0.2972943683849294,0.45832985269957954,0.3207951666341844,0.802300643400273,25655,10258,0.04269570205360651,0.004880839958786964,0.5624746680259705,0.9922016263008118,0.003247760469093919,0.359130859375,1.0000706911087036,/kaggle/input/datasets/shuvroahmedimaging/ws2-eca/test_set/test_set/images/before/before-video-005/frame_0031.jpg,/kaggle/input/datasets/shuvroahmedimaging/ws2-eca/test_set/test_set/masks/before/before-video-005/frame_0031.jpg
before-video-005,frame_0032.jpg,strict_qmem_v2_T2K2_qmem_only_lambda0p05,qmem,2,margin,0.05,0.0,0.0,0.3625120573239631,0.5321230815908574,0.39466676668041856,0.816495965238982,26663,12888,0.04269570205360651,0.005395005457103252,0.5373619198799133,0.9916387796401978,0.0030209440737962723,0.326171875,1.0008805990219116,/kaggle/input/datasets/shuvroahmedimaging/ws2-eca/test_set/test_set/images/before/before-video-005/frame_0032.jpg,/kaggle/input/datasets/shuvroahmedimaging/ws2-eca/test_set/test_set/masks/before/before-video-005/frame_0032.jpg
before-video-005,frame_0033.jpg,strict_qmem_v2_T2K2_qmem_only_lambda0p05,qmem,2,margin,0.05,0.0,0.0,0.45946246524559775,0.6296324519291828,0.5018423290278171,0.8447382769901853,24697,14672,0.04269570205360651,0.005691723432391882,0.5507100224494934,0.9914450645446777,0.002957369899377227,0.3466796875,1.000502347946167,/kaggle/input/datasets/shuvroahmedimaging/ws2-eca/test_set/test_set/images/before/before-video-005/frame_0033.jpg,/kaggle/input/datasets/shuvroahmedimaging/ws2-eca/test_set/test_set/masks/before/before-video-005/frame_0033.jpg
before-video-005,frame_0034.jpg,strict_qmem_v2_T2K2_qmem_only_lambda0p05,qmem,2,margin,0.05,0.0,0.0,0.4689323118015042,0.6384668756130822,0.4918171765573166,0.9097293243335379,27130,14667,0.04269570205360651,0.005904770456254482,0.5790372490882874,0.991390585899353,0.002927316352725029,0.386962890625,1.0009765625,/kaggle/input/datasets/shuvroahmedimaging/ws2-eca/test_set/test_set/images/before/before-video-005/frame_0034.jpg,/kaggle/input/datasets/shuvroahmedimaging/ws2-eca/test_set/test_set/masks/before/before-video-005/frame_0034.jpg
before-video-005,frame_0035.jpg,strict_qmem_v2_T2K2_qmem_only_lambda0p05,qmem,2,margin,0.05,0.0,0.0,0.39986686286875484,0.5712927042923289,0.41671534978822844,0.9081721970239516,27388,12567,0.04269570205360651,0.007518230937421322,0.5782243609428406,0.9894869327545166,0.003142747562378645,0.384033203125,1.0023876428604126,/kaggle/input/datasets/shuvroahmedimaging/ws2-eca/test_set/test_set/images/before/before-video-005/frame_0035.jpg,/kaggle/input/datasets/shuvroahmedimaging/ws2-eca/test_set/test_set/masks/before/before-video-005/frame_0035.jpg
before-video-005,frame_0036.jpg,strict_qmem_v2_T2K2_qmem_only_lambda0p05,qmem,2,margin,0.05,0.0,0.0,0.3192188562363073,0.4839513242662849,0.3367871517953214,0.8595402766476811,25093,9832,0.04269570205360651,0.005693152546882629,0.5589208006858826,0.9913772344589233,0.0029849945567548275,0.357421875,1.001315951347351,/kaggle/input/datasets/shuvroahmedimaging/ws2-eca/test_set/test_set/images/before/before-video-005/frame_0036.jpg,/kaggle/input/datasets/shuvroahmedimaging/ws2-eca/test_set/test_set/masks/before/before-video-005/frame_0036.jpg
before-video-005,frame_0037.jpg,strict_qmem_v2_T2K2_qmem_only_lambda0p05,qmem,2,margin,0.05,0.0,0.0,0.2898486197684773,0.44943044528822923,0.3112999337894505,0.8079236276849642,27186,10475,0.04269570205360651,0.005864089820533991,0.5623038411140442,0.991278350353241,0.00321122701279819,0.36083984375,1.001561164855957,/kaggle/input/datasets/shuvroahmedimaging/ws2-eca/test_set/test_set/images/before/before-video-005/frame_0037.jpg,/kaggle/input/datasets/shuvroahmedimaging/ws2-eca/test_set/test_set/masks/before/before-video-005/frame_0037.jpg
before-video-005,frame_0038.jpg,strict_qmem_v2_T2K2_qmem_only_lambda0p05,qmem,2,margin,0.05,0.0,0.0,0.3217006315515333,0.48679802955665025,0.33984455602173463,0.8576636000694324,29078,11522,0.04269570205360651,0.006052050739526749,0.5560269355773926,0.9909369945526123,0.003232801565900445,0.348876953125,1.00186026096344,/kaggle/input/datasets/shuvroahmedimaging/ws2-eca/test_set/test_set/images/before/before-video-005/frame_0038.jpg,/kaggle/input/datasets/shuvroahmedimaging/ws2-eca/test_set/test_set/masks/before/before-video-005/frame_0038.jpg
before-video-005,frame_0039.jpg,strict_qmem_v2_T2K2_qmem_only_lambda0p05,qmem,2,margin,0.05,0.0,0.0,0.4093922289314781,0.5809486110787715,0.4223373281874196,0.9303452904765456,29538,13409,0.04269570205360651,0.005051421467214823,0.5787492990493774,0.9921004772186279,0.003294867929071188,0.379150390625,1.0005093812942505,/kaggle/input/datasets/shuvroahmedimaging/ws2-eca/test_set/test_set/images/before/before-video-005/frame_0039.jpg,/kaggle/input/datasets/shuvroahmedimaging/ws2-eca/test_set/test_set/masks/before/before-video-005/frame_0039.jpg
before-video-005,frame_0040.jpg,strict_qmem_v2_T2K2_qmem_only_lambda0p05,qmem,2,margin,0.05,0.0,0.0,0.5596369091118889,0.7176502503144344,0.6046627602543324,0.8825670265679971,24063,16486,0.04269570205360651,0.004642347805202007,0.606235146522522,0.9927560687065125,0.003231245558708906,0.421875,1.001157522201538,/kaggle/input/datasets/shuvroahmedimaging/ws2-eca/test_set/test_set/images/before/before-video-005/frame_0040.jpg,/kaggle/input/datasets/shuvroahmedimaging/ws2-eca/test_set/test_set/masks/before/before-video-005/frame_0040.jpg
before-video-005,frame_0041.jpg,strict_qmem_v2_T2K2_qmem_only_lambda0p05,qmem,2,margin,0.05,0.0,0.0,0.5291207360472181,0.6920588068343078,0.5703326004584366,0.8798441221043516,21377,13857,0.04269570205360651,0.004956928081810474,0.6209516525268555,0.99263995885849,0.0030172078404575586,0.447021484375,1.0012637376785278,/kaggle/input/datasets/shuvroahmedimaging/ws2-eca/test_set/test_set/images/before/before-video-005/frame_0041.jpg,/kaggle/input/datasets/shuvroahmedimaging/ws2-eca/test_set/test_set/masks/before/before-video-005/frame_0041.jpg
before-video-005,frame_0042.jpg,strict_qmem_v2_T2K2_qmem_only_lambda0p05,qmem,2,margin,0.05,0.0,0.0,0.4987437739674704,0.6655490853479207,0.5531654852114397,0.8352402745995423,20455,13547,0.04269570205360651,0.005198099184781313,0.6167776584625244,0.9923493266105652,0.003100887406617403,0.439453125,1.0013328790664673,/kaggle/input/datasets/shuvroahmedimaging/ws2-eca/test_set/test_set/images/before/before-video-005/frame_0042.jpg,/kaggle/input/datasets/shuvroahmedimaging/ws2-eca/test_set/test_set/masks/before/before-video-005/frame_0042.jpg
before-video-005,frame_0043.jpg,strict_qmem_v2_T2K2_qmem_only_lambda0p05,qmem,2,margin,0.05,0.0,0.0,0.473633828609481,0.6428107436382636,0.511162017697525,0.8657942787583688,22263,13144,0.04269570205360651,0.005323407705873251,0.6057977676391602,0.9922506809234619,0.0030771070159971714,0.425537109375,1.000381588935852,/kaggle/input/datasets/shuvroahmedimaging/ws2-eca/test_set/test_set/images/before/before-video-005/frame_0043.jpg,/kaggle/input/datasets/shuvroahmedimaging/ws2-eca/test_set/test_set/masks/before/before-video-005/frame_0043.jpg
before-video-005,frame_0044.jpg,strict_qmem_v2_T2K2_qmem_only_lambda0p05,qmem,2,margin,0.05,0.0,0.0,0.4099515631880229,0.5815115552779513,0.43408782638182436,0.8805674978503869,23592,11630,0.04269570205360651,0.005323663353919983,0.614037036895752,0.9919383525848389,0.003120266366750002,0.43505859375,1.0007333755493164,/kaggle/input/datasets/shuvroahmedimaging/ws2-eca/test_set/test_set/images/before/before-video-005/frame_0044.jpg,/kaggle/input/datasets/shuvroahmedimaging/ws2-eca/test_set/test_set/masks/before/before-video-005/frame_0044.jpg
before-video-005,frame_0045.jpg,strict_qmem_v2_T2K2_qmem_only_lambda0p05,qmem,2,margin,0.05,0.0,0.0,0.31033907494682406,0.4736775097078108,0.3292040879529266,0.8441293250141804,22603,8815,0.04269570205360651,0.005863382015377283,0.5950632095336914,0.9914007186889648,0.00301931519061327,0.408203125,1.0006730556488037,/kaggle/input/datasets/shuvroahmedimaging/ws2-eca/test_set/test_set/images/before/before-video-005/frame_0045.jpg,/kaggle/input/datasets/shuvroahmedimaging/ws2-eca/test_set/test_set/masks/before/before-video-005/frame_0045.jpg
before-video-005,frame_0046.jpg,strict_qmem_v2_T2K2_qmem_only_lambda0p05,qmem,2,margin,0.05,0.0,0.0,0.31306439170486,0.4768454520320708,0.3371121426826289,0.8144256876401842,20465,8471,0.04269570205360651,0.005215631332248449,0.5831254720687866,0.9922114610671997,0.0030245999805629253,0.391357421875,1.0004794597625732,/kaggle/input/datasets/shuvroahmedimaging/ws2-eca/test_set/test_set/images/before/before-video-005/frame_0046.jpg,/kaggle/input/datasets/shuvroahmedimaging/ws2-eca/test_set/test_set/masks/before/before-video-005/frame_0046.jpg
before-video-005,frame_0047.jpg,strict_qmem_v2_T2K2_qmem_only_lambda0p05,qmem,2,margin,0.05,0.0,0.0,0.29662232332723404,0.45753079827605936,0.32647507075985194,0.7643685484898688,18372,7847,0.04269570205360651,0.004572365898638964,0.612893283367157,0.9931043386459351,0.0028070344123989344,0.439208984375,1.00071382522583,/kaggle/input/datasets/shuvroahmedimaging/ws2-eca/test_set/test_set/images/before/before-video-005/frame_0047.jpg,/kaggle/input/datasets/shuvroahmedimaging/ws2-eca/test_set/test_set/masks/before/before-video-005/frame_0047.jpg
before-video-005,frame_0048.jpg,strict_qmem_v2_T2K2_qmem_only_lambda0p05,qmem,2,margin,0.05,0.0,0.0,0.32352105472523723,0.4888793473593817,0.3622192530381116,0.7517496368678199,15717,7573,0.04269570205360651,0.003731414210051298,0.6222550868988037,0.994377851486206,0.0027119326405227184,0.453857421875,1.0001871585845947,/kaggle/input/datasets/shuvroahmedimaging/ws2-eca/test_set/test_set/images/before/before-video-005/frame_0048.jpg,/kaggle/input/datasets/shuvroahmedimaging/ws2-eca/test_set/test_set/masks/before/before-video-005/frame_0048.jpg
before-video-005,frame_0049.jpg,strict_qmem_v2_T2K2_qmem_only_lambda0p05,qmem,2,margin,0.05,0.0,0.0,0.3561749053601799,0.5252639669889558,0.4331176195876976,0.6672147995889003,14989,9730,0.04269570205360651,0.0033069057390093803,0.6193923950195312,0.9949079751968384,0.00263039069250226,0.453369140625,1.0006097555160522,/kaggle/input/datasets/shuvroahmedimaging/ws2-eca/test_set/test_set/images/before/before-video-005/frame_0049.jpg,/kaggle/input/datasets/shuvroahmedimaging/ws2-eca/test_set/test_set/masks/before/before-video-005/frame_0049.jpg
before-video-005,frame_0050.jpg,strict_qmem_v2_T2K2_qmem_only_lambda0p05,qmem,2,margin,0.05,0.0,0.0,0.37093690248565964,0.5411436541143654,0.4253649529744389,0.7435199193141705,17331,9915,0.04269570205360651,0.003321188734844327,0.6192647218704224,0.9950748682022095,0.0024906236212700605,0.453857421875,1.0005109310150146,/kaggle/input/datasets/shuvroahmedimaging/ws2-eca/test_set/test_set/images/before/before-video-005/frame_0050.jpg,/kaggle/input/datasets/shuvroahmedimaging/ws2-eca/test_set/test_set/masks/before/before-video-005/frame_0050.jpg
before-video-005,frame_0051.jpg,strict_qmem_v2_T2K2_qmem_only_lambda0p05,qmem,2,margin,0.05,0.0,0.0,0.40247098464994385,0.5739455419113721,0.4428033423561257,0.8154529692241006,16994,9228,0.04269570205360651,0.0033015254884958267,0.6198537349700928,0.995089054107666,0.0025252357590943575,0.45361328125,1.0005319118499756,/kaggle/input/datasets/shuvroahmedimaging/ws2-eca/test_set/test_set/images/before/before-video-005/frame_0051.jpg,/kaggle/input/datasets/shuvroahmedimaging/ws2-eca/test_set/test_set/masks/before/before-video-005/frame_0051.jpg
before-video-005,frame_0052.jpg,strict_qmem_v2_T2K2_qmem_only_lambda0p05,qmem,2,margin,0.05,0.0,0.0,0.3845649322256231,0.5555029212063792,0.4261143410852713,0.7977324263038549,16512,8820,0.04269570205360651,0.003562847152352333,0.646977961063385,0.9948630332946777,0.0025519798509776592,0.4931640625,1.000957727432251,/kaggle/input/datasets/shuvroahmedimaging/ws2-eca/test_set/test_set/images/before/before-video-005/frame_0052.jpg,/kaggle/input/datasets/shuvroahmedimaging/ws2-eca/test_set/test_set/masks/before/before-video-005/frame_0052.jpg
before-video-005,frame_0053.jpg,strict_qmem_v2_T2K2_qmem_only_lambda0p05,qmem,2,margin,0.05,0.0,0.0,0.41869976025948386,0.5902584493041749,0.4754203362690152,0.7782437745740498,12490,7630,0.04269570205360651,0.0033818583469837904,0.6600648760795593,0.9951263666152954,0.002542931353673339,0.51171875,1.0,/kaggle/input/datasets/shuvroahmedimaging/ws2-eca/test_set/test_set/images/before/before-video-005/frame_0053.jpg,/kaggle/input/datasets/shuvroahmedimaging/ws2-eca/test_set/test_set/masks/before/before-video-005/frame_0053.jpg
before-video-005,frame_0054.jpg,strict_qmem_v2_T2K2_qmem_only_lambda0p05,qmem,2,margin,0.05,0.0,0.0,0.4634265053539146,0.6333444196322516,0.5062281634513139,0.8457048597893668,13166,7881,0.04269570205360651,0.004858685657382011,0.6704121232032776,0.9938797354698181,0.0025017682928591967,0.527099609375,1.0000789165496826,/kaggle/input/datasets/shuvroahmedimaging/ws2-eca/test_set/test_set/images/before/before-video-005/frame_0054.jpg,/kaggle/input/datasets/shuvroahmedimaging/ws2-eca/test_set/test_set/masks/before/before-video-005/frame_0054.jpg
before-video-005,frame_0055.jpg,strict_qmem_v2_T2K2_qmem_only_lambda0p05,qmem,2,margin,0.05,0.0,0.0,0.5445698452388997,0.7051411069787793,0.5540048126503954,0.9696750902527076,14545,8310,0.04269570205360651,0.005046217702329159,0.649040162563324,0.9933590292930603,0.002562818815931678,0.49609375,1.00048828125,/kaggle/input/datasets/shuvroahmedimaging/ws2-eca/test_set/test_set/images/before/before-video-005/frame_0055.jpg,/kaggle/input/datasets/shuvroahmedimaging/ws2-eca/test_set/test_set/masks/before/before-video-005/frame_0055.jpg
before-video-006,frame_0001.jpg,strict_qmem_v2_T2K2_qmem_only_lambda0p05,qmem,2,margin,0.05,0.0,0.0,0.23943062230062656,0.3863558282208589,0.24105830475257226,0.9725722757598221,16328,4047,0.04269570205360651,0.0,0.0,0.0,0.0,0.0,0.0,/kaggle/input/datasets/shuvroahmedimaging/ws2-eca/test_set/test_set/images/before/before-video-006/frame_0001.jpg,/kaggle/input/datasets/shuvroahmedimaging/ws2-eca/test_set/test_set/masks/before/before-video-006/frame_0001.jpg
before-video-006,frame_0002.jpg,strict_qmem_v2_T2K2_qmem_only_lambda0p05,qmem,2,margin,0.05,0.0,0.0,0.25132551246190454,0.4016948587061689,0.2520938023450586,0.988019038240604,23880,6093,0.04269570205360651,0.005905039608478546,0.6180786490440369,0.9917770028114319,0.0029057073406875134,0.444091796875,1.0,/kaggle/input/datasets/shuvroahmedimaging/ws2-eca/test_set/test_set/images/before/before-video-006/frame_0002.jpg,/kaggle/input/datasets/shuvroahmedimaging/ws2-eca/test_set/test_set/masks/before/before-video-006/frame_0002.jpg
before-video-006,frame_0003.jpg,strict_qmem_v2_T2K2_qmem_only_lambda0p05,qmem,2,margin,0.05,0.0,0.0,0.3067129215693287,0.46944193557215974,0.31192260129482796,0.948357845847617,27494,9043,0.04269570205360651,0.005939612630754709,0.5712710618972778,0.9912808537483215,0.003149456810206175,0.371337890625,1.0005754232406616,/kaggle/input/datasets/shuvroahmedimaging/ws2-eca/test_set/test_set/images/before/before-video-006/frame_0003.jpg,/kaggle/input/datasets/shuvroahmedimaging/ws2-eca/test_set/test_set/masks/before/before-video-006/frame_0003.jpg
before-video-006,frame_0004.jpg,strict_qmem_v2_T2K2_qmem_only_lambda0p05,qmem,2,margin,0.05,0.0,0.0,0.3820307330343357,0.5528541788583284,0.38545994065281897,0.9772428060936619,26960,10634,0.04269570205360651,0.006228981073945761,0.5517639517784119,0.990216851234436,0.0033968081697821617,0.339111328125,1.0019891262054443,/kaggle/input/datasets/shuvroahmedimaging/ws2-eca/test_set/test_set/images/before/before-video-006/frame_0004.jpg,/kaggle/input/datasets/shuvroahmedimaging/ws2-eca/test_set/test_set/masks/before/before-video-006/frame_0004.jpg
before-video-006,frame_0005.jpg,strict_qmem_v2_T2K2_qmem_only_lambda0p05,qmem,2,margin,0.05,0.0,0.0,0.4239741641337386,0.5954801355425705,0.4357622617931896,0.9400219021143964,25608,11871,0.04269570205360651,0.00650785444304347,0.5798666477203369,0.9900872707366943,0.003352162428200245,0.379150390625,1.0017850399017334,/kaggle/input/datasets/shuvroahmedimaging/ws2-eca/test_set/test_set/images/before/before-video-006/frame_0005.jpg,/kaggle/input/datasets/shuvroahmedimaging/ws2-eca/test_set/test_set/masks/before/before-video-006/frame_0005.jpg
before-video-006,frame_0006.jpg,strict_qmem_v2_T2K2_qmem_only_lambda0p05,qmem,2,margin,0.05,0.0,0.0,0.4723542212550517,0.6416312249268543,0.48192115994562756,0.9596679599386447,22070,11083,0.04269570205360651,0.005693231709301472,0.5878022313117981,0.991264283657074,0.0032116486690938473,0.395751953125,1.00027334690094,/kaggle/input/datasets/shuvroahmedimaging/ws2-eca/test_set/test_set/images/before/before-video-006/frame_0006.jpg,/kaggle/input/datasets/shuvroahmedimaging/ws2-eca/test_set/test_set/masks/before/before-video-006/frame_0006.jpg
before-video-006,frame_0007.jpg,strict_qmem_v2_T2K2_qmem_only_lambda0p05,qmem,2,margin,0.05,0.0,0.0,0.4496306081510837,0.6203381821863715,0.46761308706049964,0.9212109061748196,19653,9976,0.04269570205360651,0.005222390405833721,0.585540235042572,0.9920883774757385,0.0028262543492019176,0.398193359375,1.0016770362854004,/kaggle/input/datasets/shuvroahmedimaging/ws2-eca/test_set/test_set/images/before/before-video-006/frame_0007.jpg,/kaggle/input/datasets/shuvroahmedimaging/ws2-eca/test_set/test_set/masks/before/before-video-006/frame_0007.jpg
before-video-006,frame_0008.jpg,strict_qmem_v2_T2K2_qmem_only_lambda0p05,qmem,2,margin,0.05,0.0,0.0,0.3462933633065958,0.51443967970855,0.3748686466456501,0.8195888754534462,18081,8270,0.04269570205360651,0.004558572079986334,0.5657263994216919,0.9931076765060425,0.0029757556039839983,0.369140625,1.000244140625,/kaggle/input/datasets/shuvroahmedimaging/ws2-eca/test_set/test_set/images/before/before-video-006/frame_0008.jpg,/kaggle/input/datasets/shuvroahmedimaging/ws2-eca/test_set/test_set/masks/before/before-video-006/frame_0008.jpg
before-video-006,frame_0009.jpg,strict_qmem_v2_T2K2_qmem_only_lambda0p05,qmem,2,margin,0.05,0.0,0.0,0.4011052563937797,0.5725554944046964,0.4232438296718199,0.8846371882086168,22122,10584,0.04269570205360651,0.005362550728023052,0.5948337316513062,0.9924889206886292,0.002761358395218849,0.413330078125,1.001020908355713,/kaggle/input/datasets/shuvroahmedimaging/ws2-eca/test_set/test_set/images/before/before-video-006/frame_0009.jpg,/kaggle/input/datasets/shuvroahmedimaging/ws2-eca/test_set/test_set/masks/before/before-video-006/frame_0009.jpg
before-video-006,frame_0010.jpg,strict_qmem_v2_T2K2_qmem_only_lambda0p05,qmem,2,margin,0.05,0.0,0.0,0.43869858000292783,0.6098547480349011,0.4791541751608906,0.8386036099062544,25017,14294,0.04269570205360651,0.005507030989974737,0.5746945738792419,0.9921190738677979,0.0028413624968379736,0.383544921875,1.0011017322540283,/kaggle/input/datasets/shuvroahmedimaging/ws2-eca/test_set/test_set/images/before/before-video-006/frame_0010.jpg,/kaggle/input/datasets/shuvroahmedimaging/ws2-eca/test_set/test_set/masks/before/before-video-006/frame_0010.jpg
before-video-006,frame_0011.jpg,strict_qmem_v2_T2K2_qmem_only_lambda0p05,qmem,2,margin,0.05,0.0,0.0,0.44108081060795595,0.6121527777777778,0.5062636849851035,0.774051918116459,27859,18221,0.04269570205360651,0.005821263417601585,0.5336811542510986,0.9914186596870422,0.0029776045121252537,0.320556640625,1.0009366273880005,/kaggle/input/datasets/shuvroahmedimaging/ws2-eca/test_set/test_set/images/before/before-video-006/frame_0011.jpg,/kaggle/input/datasets/shuvroahmedimaging/ws2-eca/test_set/test_set/masks/before/before-video-006/frame_0011.jpg
before-video-006,frame_0012.jpg,strict_qmem_v2_T2K2_qmem_only_lambda0p05,qmem,2,margin,0.05,0.0,0.0,0.4427373341582457,0.6137462775461584,0.5074056566611518,0.7764783892941105,25386,16589,0.04269570205360651,0.005647006444633007,0.5170290470123291,0.9914037585258484,0.002858852967619896,0.2998046875,1.0003695487976074,/kaggle/input/datasets/shuvroahmedimaging/ws2-eca/test_set/test_set/images/before/before-video-006/frame_0012.jpg,/kaggle/input/datasets/shuvroahmedimaging/ws2-eca/test_set/test_set/masks/before/before-video-006/frame_0012.jpg
before-video-006,frame_0013.jpg,strict_qmem_v2_T2K2_qmem_only_lambda0p05,qmem,2,margin,0.05,0.0,0.0,0.4129331593446426,0.58450487429451,0.48232355307167957,0.7416183842197773,23619,15361,0.04269570205360651,0.005424658302217722,0.5437425374984741,0.9917150139808655,0.003023522673174739,0.334716796875,1.0005649328231812,/kaggle/input/datasets/shuvroahmedimaging/ws2-eca/test_set/test_set/images/before/before-video-006/frame_0013.jpg,/kaggle/input/datasets/shuvroahmedimaging/ws2-eca/test_set/test_set/masks/before/before-video-006/frame_0013.jpg
before-video-006,frame_0014.jpg,strict_qmem_v2_T2K2_qmem_only_lambda0p05,qmem,2,margin,0.05,0.0,0.0,0.3128967894068565,0.4766510085659022,0.36989385654551304,0.6700330161196348,18654,10298,0.04269570205360651,0.004114316776394844,0.576632022857666,0.9935289621353149,0.0027395719662308693,0.386962890625,1.000244140625,/kaggle/input/datasets/shuvroahmedimaging/ws2-eca/test_set/test_set/images/before/before-video-006/frame_0014.jpg,/kaggle/input/datasets/shuvroahmedimaging/ws2-eca/test_set/test_set/masks/before/before-video-006/frame_0014.jpg
before-video-006,frame_0015.jpg,strict_qmem_v2_T2K2_qmem_only_lambda0p05,qmem,2,margin,0.05,0.0,0.0,0.35268658291987753,0.5214609021382862,0.3901442167338121,0.7860251735089989,17127,8501,0.04269570205360651,0.004549989942461252,0.6166399121284485,0.9932852983474731,0.0027108294889330864,0.446533203125,1.0014548301696777,/kaggle/input/datasets/shuvroahmedimaging/ws2-eca/test_set/test_set/images/before/before-video-006/frame_0015.jpg,/kaggle/input/datasets/shuvroahmedimaging/ws2-eca/test_set/test_set/masks/before/before-video-006/frame_0015.jpg
before-video-006,frame_0016.jpg,strict_qmem_v2_T2K2_qmem_only_lambda0p05,qmem,2,margin,0.05,0.0,0.0,0.4318594791035736,0.6032148900169205,0.44111050962802567,0.9536866744691523,12931,5981,0.04269570205360651,0.0034531818237155676,0.6451303958892822,0.9947728514671326,0.0026996827218681574,0.486572265625,1.0000983476638794,/kaggle/input/datasets/shuvroahmedimaging/ws2-eca/test_set/test_set/images/before/before-video-006/frame_0016.jpg,/kaggle/input/datasets/shuvroahmedimaging/ws2-eca/test_set/test_set/masks/before/before-video-006/frame_0016.jpg
before-video-006,frame_0017.jpg,strict_qmem_v2_T2K2_qmem_only_lambda0p05,qmem,2,margin,0.05,0.0,0.0,0.4402249268217532,0.6113280205380542,0.46309051130378415,0.8991504090623034,12341,6356,0.04269570205360651,0.005412209779024124,0.6886372566223145,0.9933967590332031,0.0024435666855424643,0.555908203125,1.0,/kaggle/input/datasets/shuvroahmedimaging/ws2-eca/test_set/test_set/images/before/before-video-006/frame_0017.jpg,/kaggle/input/datasets/shuvroahmedimaging/ws2-eca/test_set/test_set/masks/before/before-video-006/frame_0017.jpg
before-video-006,frame_0018.jpg,strict_qmem_v2_T2K2_qmem_only_lambda0p05,qmem,2,margin,0.05,0.0,0.0,0.32796500646187493,0.4939362179967061,0.3392287917737789,0.9080649600880815,9725,3633,0.04269570205360651,0.0030608761589974165,0.6905345320701599,0.9957120418548584,0.002351850038394332,0.559326171875,1.000244140625,/kaggle/input/datasets/shuvroahmedimaging/ws2-eca/test_set/test_set/images/before/before-video-006/frame_0018.jpg,/kaggle/input/datasets/shuvroahmedimaging/ws2-eca/test_set/test_set/masks/before/before-video-006/frame_0018.jpg
before-video-006,frame_0019.jpg,strict_qmem_v2_T2K2_qmem_only_lambda0p05,qmem,2,margin,0.05,0.0,0.0,0.412215806568026,0.5837858557465022,0.4222735674676525,0.9453755431409062,10820,4833,0.04269570205360651,0.0032028548885136843,0.711703360080719,0.9957894682884216,0.002454888541251421,0.588134765625,1.000753402709961,/kaggle/input/datasets/shuvroahmedimaging/ws2-eca/test_set/test_set/images/before/before-video-006/frame_0019.jpg,/kaggle/input/datasets/shuvroahmedimaging/ws2-eca/test_set/test_set/masks/before/before-video-006/frame_0019.jpg
before-video-006,frame_0020.jpg,strict_qmem_v2_T2K2_qmem_only_lambda0p05,qmem,2,margin,0.05,0.0,0.0,0.25365049458313704,0.4046590268645501,0.25716332378223494,0.9488986784140969,8376,2270,0.04269570205360651,0.002798455534502864,0.7295742034912109,0.9961482882499695,0.0024138966109603643,0.614501953125,1.0004959106445312,/kaggle/input/datasets/shuvroahmedimaging/ws2-eca/test_set/test_set/images/before/before-video-006/frame_0020.jpg,/kaggle/input/datasets/shuvroahmedimaging/ws2-eca/test_set/test_set/masks/before/before-video-006/frame_0020.jpg
before-video-006,frame_0021.jpg,strict_qmem_v2_T2K2_qmem_only_lambda0p05,qmem,2,margin,0.05,0.0,0.0,0.22827578925139902,0.37170119487664405,0.23160149973219069,0.9408181026979983,9335,2298,0.04269570205360651,0.0029610793571919203,0.7514341473579407,0.9959362745285034,0.0026051485911011696,0.64208984375,1.000858187675476,/kaggle/input/datasets/shuvroahmedimaging/ws2-eca/test_set/test_set/images/before/before-video-006/frame_0021.jpg,/kaggle/input/datasets/shuvroahmedimaging/ws2-eca/test_set/test_set/masks/before/before-video-006/frame_0021.jpg
before-video-006,frame_0022.jpg,strict_qmem_v2_T2K2_qmem_only_lambda0p05,qmem,2,margin,0.05,0.0,0.0,0.1872108843537415,0.3153793261517305,0.1900377497468005,0.926391382405745,10861,2228,0.04269570205360651,0.002421064069494605,0.7137964963912964,0.9964567422866821,0.002539117820560932,0.589111328125,1.0,/kaggle/input/datasets/shuvroahmedimaging/ws2-eca/test_set/test_set/images/before/before-video-006/frame_0022.jpg,/kaggle/input/datasets/shuvroahmedimaging/ws2-eca/test_set/test_set/masks/before/before-video-006/frame_0022.jpg
before-video-006,frame_0023.jpg,strict_qmem_v2_T2K2_qmem_only_lambda0p05,qmem,2,margin,0.05,0.0,0.0,0.09685322716484189,0.17660198240960492,0.09953576205838383,0.782312925170068,12709,1617,0.04269570205360651,0.002700572134926915,0.6863666772842407,0.9960609674453735,0.0025673224590718746,0.549560546875,1.000038981437683,/kaggle/input/datasets/shuvroahmedimaging/ws2-eca/test_set/test_set/images/before/before-video-006/frame_0023.jpg,/kaggle/input/datasets/shuvroahmedimaging/ws2-eca/test_set/test_set/masks/before/before-video-006/frame_0023.jpg
before-video-006,frame_0024.jpg,strict_qmem_v2_T2K2_qmem_only_lambda0p05,qmem,2,margin,0.05,0.0,0.0,0.17524339360222532,0.2982248520710059,0.18075005123300772,0.8518995492594977,14639,3106,0.04269570205360651,0.002793340478092432,0.6398756504058838,0.9955745339393616,0.002458132803440094,0.484130859375,1.0,/kaggle/input/datasets/shuvroahmedimaging/ws2-eca/test_set/test_set/images/before/before-video-006/frame_0024.jpg,/kaggle/input/datasets/shuvroahmedimaging/ws2-eca/test_set/test_set/masks/before/before-video-006/frame_0024.jpg
before-video-006,frame_0025.jpg,strict_qmem_v2_T2K2_qmem_only_lambda0p05,qmem,2,margin,0.05,0.0,0.0,0.2488141440275981,0.39848066298342544,0.2561029738126942,0.8973561430793157,15771,4501,0.04269570205360651,0.003249074099585414,0.6461578011512756,0.9951468706130981,0.0025073904544115067,0.492431640625,1.000244140625,/kaggle/input/datasets/shuvroahmedimaging/ws2-eca/test_set/test_set/images/before/before-video-006/frame_0025.jpg,/kaggle/input/datasets/shuvroahmedimaging/ws2-eca/test_set/test_set/masks/before/before-video-006/frame_0025.jpg
before-video-006,frame_0026.jpg,strict_qmem_v2_T2K2_qmem_only_lambda0p05,qmem,2,margin,0.05,0.0,0.0,0.24636044176706828,0.3953277615547276,0.2674751328518872,0.7573302469135802,14678,5184,0.04269570205360651,0.0031253769993782043,0.6412097215652466,0.9951726198196411,0.002575404243543744,0.483642578125,1.0,/kaggle/input/datasets/shuvroahmedimaging/ws2-eca/test_set/test_set/images/before/before-video-006/frame_0026.jpg,/kaggle/input/datasets/shuvroahmedimaging/ws2-eca/test_set/test_set/masks/before/before-video-006/frame_0026.jpg
before-video-006,frame_0027.jpg,strict_qmem_v2_T2K2_qmem_only_lambda0p05,qmem,2,margin,0.05,0.0,0.0,0.31607072173109907,0.4803248283121961,0.39145355012664435,0.6214007782101167,12239,7710,0.04269570205360651,0.003256328171119094,0.6523029208183289,0.9951952695846558,0.002517638960853219,0.5009765625,1.0003647804260254,/kaggle/input/datasets/shuvroahmedimaging/ws2-eca/test_set/test_set/images/before/before-video-006/frame_0027.jpg,/kaggle/input/datasets/shuvroahmedimaging/ws2-eca/test_set/test_set/masks/before/before-video-006/frame_0027.jpg
before-video-006,frame_0028.jpg,strict_qmem_v2_T2K2_qmem_only_lambda0p05,qmem,2,margin,0.05,0.0,0.0,0.338991041961339,0.5063380281690141,0.4576702737110121,0.5665878644602049,10997,8883,0.04269570205360651,0.003088918048888445,0.6678315997123718,0.9956657290458679,0.0024776593782007694,0.524169921875,1.0,/kaggle/input/datasets/shuvroahmedimaging/ws2-eca/test_set/test_set/images/before/before-video-006/frame_0028.jpg,/kaggle/input/datasets/shuvroahmedimaging/ws2-eca/test_set/test_set/masks/before/before-video-006/frame_0028.jpg
before-video-006,frame_0029.jpg,strict_qmem_v2_T2K2_qmem_only_lambda0p05,qmem,2,margin,0.05,0.0,0.0,0.36882716049382713,0.5388951521984217,0.4972753393440999,0.5881181157722053,10093,8534,0.04269570205360651,0.0031384725589305162,0.6672848463058472,0.9955928921699524,0.0023942585103213787,0.52490234375,1.000244140625,/kaggle/input/datasets/shuvroahmedimaging/ws2-eca/test_set/test_set/images/before/before-video-006/frame_0029.jpg,/kaggle/input/datasets/shuvroahmedimaging/ws2-eca/test_set/test_set/masks/before/before-video-006/frame_0029.jpg
before-video-006,frame_0030.jpg,strict_qmem_v2_T2K2_qmem_only_lambda0p05,qmem,2,margin,0.05,0.0,0.0,0.40814917127071826,0.5796959293771456,0.522870034504114,0.6503796632551997,11303,9087,0.04269570205360651,0.003543204627931118,0.6484357714653015,0.9951854944229126,0.002420553006231785,0.49755859375,1.0,/kaggle/input/datasets/shuvroahmedimaging/ws2-eca/test_set/test_set/images/before/before-video-006/frame_0030.jpg,/kaggle/input/datasets/shuvroahmedimaging/ws2-eca/test_set/test_set/masks/before/before-video-006/frame_0030.jpg
before-video-006,frame_0031.jpg,strict_qmem_v2_T2K2_qmem_only_lambda0p05,qmem,2,margin,0.05,0.0,0.0,0.3659998652926517,0.5358710122775011,0.46643776824034333,0.629591009153053,11650,8631,0.04269570205360651,0.0036461809650063515,0.6611407995223999,0.9950048923492432,0.0024371035397052765,0.5146484375,1.0,/kaggle/input/datasets/shuvroahmedimaging/ws2-eca/test_set/test_set/images/before/before-video-006/frame_0031.jpg,/kaggle/input/datasets/shuvroahmedimaging/ws2-eca/test_set/test_set/masks/before/before-video-006/frame_0031.jpg
before-video-006,frame_0032.jpg,strict_qmem_v2_T2K2_qmem_only_lambda0p05,qmem,2,margin,0.05,0.0,0.0,0.3904473085670963,0.5616139585605234,0.42482189726284214,0.8283374762392163,13335,6839,0.04269570205360651,0.004293400794267654,0.6611562967300415,0.9943045973777771,0.002441285876557231,0.515380859375,1.0,/kaggle/input/datasets/shuvroahmedimaging/ws2-eca/test_set/test_set/images/before/before-video-006/frame_0032.jpg,/kaggle/input/datasets/shuvroahmedimaging/ws2-eca/test_set/test_set/masks/before/before-video-006/frame_0032.jpg
before-video-006,frame_0033.jpg,strict_qmem_v2_T2K2_qmem_only_lambda0p05,qmem,2,margin,0.05,0.0,0.0,0.4301191765980498,0.6015151515151516,0.43763249385228525,0.9616172908514999,11793,5367,0.04269570205360651,0.004051074385643005,0.6638922691345215,0.9945759177207947,0.002483746502548456,0.5185546875,1.0001335144042969,/kaggle/input/datasets/shuvroahmedimaging/ws2-eca/test_set/test_set/images/before/before-video-006/frame_0033.jpg,/kaggle/input/datasets/shuvroahmedimaging/ws2-eca/test_set/test_set/masks/before/before-video-006/frame_0033.jpg
before-video-006,frame_0034.jpg,strict_qmem_v2_T2K2_qmem_only_lambda0p05,qmem,2,margin,0.05,0.0,0.0,0.41107594936708863,0.5826418479479704,0.4229433470805296,0.9361037713187605,9214,4163,0.04269570205360651,0.003215908771380782,0.6703513860702515,0.995597779750824,0.0023862470407038927,0.529296875,1.000244140625,/kaggle/input/datasets/shuvroahmedimaging/ws2-eca/test_set/test_set/images/before/before-video-006/frame_0034.jpg,/kaggle/input/datasets/shuvroahmedimaging/ws2-eca/test_set/test_set/masks/before/before-video-006/frame_0034.jpg
before-video-006,frame_0035.jpg,strict_qmem_v2_T2K2_qmem_only_lambda0p05,qmem,2,margin,0.05,0.0,0.0,0.37018676504496195,0.5403449726546067,0.40635282207036194,0.8061762490584986,7902,3983,0.04269570205360651,0.003191544208675623,0.6633746027946472,0.9958217740058899,0.0023583732545375824,0.52001953125,1.0,/kaggle/input/datasets/shuvroahmedimaging/ws2-eca/test_set/test_set/images/before/before-video-006/frame_0035.jpg,/kaggle/input/datasets/shuvroahmedimaging/ws2-eca/test_set/test_set/masks/before/before-video-006/frame_0035.jpg
before-video-006,frame_0036.jpg,strict_qmem_v2_T2K2_qmem_only_lambda0p05,qmem,2,margin,0.05,0.0,0.0,0.46469166741251233,0.6345249007027192,0.4959403954532429,0.8805970149253731,10469,5896,0.04269570205360651,0.004118167329579592,0.6544644832611084,0.9947909712791443,0.0023973335046321154,0.506591796875,1.000402808189392,/kaggle/input/datasets/shuvroahmedimaging/ws2-eca/test_set/test_set/images/before/before-video-006/frame_0036.jpg,/kaggle/input/datasets/shuvroahmedimaging/ws2-eca/test_set/test_set/masks/before/before-video-006/frame_0036.jpg
before-video-006,frame_0037.jpg,strict_qmem_v2_T2K2_qmem_only_lambda0p05,qmem,2,margin,0.05,0.0,0.0,0.43553283272088195,0.6067890929326656,0.46195560074563635,0.8839169909208819,11802,6168,0.04269570205360651,0.003965461160987616,0.6233539581298828,0.9946531057357788,0.0022971811704337597,0.46337890625,1.0,/kaggle/input/datasets/shuvroahmedimaging/ws2-eca/test_set/test_set/images/before/before-video-006/frame_0037.jpg,/kaggle/input/datasets/shuvroahmedimaging/ws2-eca/test_set/test_set/masks/before/before-video-006/frame_0037.jpg
before-video-006,frame_0038.jpg,strict_qmem_v2_T2K2_qmem_only_lambda0p05,qmem,2,margin,0.05,0.0,0.0,0.42081710931597605,0.5923592931937173,0.436810038004464,0.9199593444289162,16577,7871,0.04269570205360651,0.004554521758109331,0.617027997970581,0.9938350319862366,0.0024569400120526552,0.45166015625,1.000464677810669,/kaggle/input/datasets/shuvroahmedimaging/ws2-eca/test_set/test_set/images/before/before-video-006/frame_0038.jpg,/kaggle/input/datasets/shuvroahmedimaging/ws2-eca/test_set/test_set/masks/before/before-video-006/frame_0038.jpg
before-video-007,frame_0001.jpg,strict_qmem_v2_T2K2_qmem_only_lambda0p05,qmem,2,margin,0.05,0.0,0.0,0.4437811412992385,0.6147484942210646,0.47846138252584636,0.859601201857416,19732,10983,0.04269570205360651,0.0,0.0,0.0,0.0,0.0,0.0,/kaggle/input/datasets/shuvroahmedimaging/ws2-eca/test_set/test_set/images/before/before-video-007/frame_0001.jpg,/kaggle/input/datasets/shuvroahmedimaging/ws2-eca/test_set/test_set/masks/before/before-video-007/frame_0001.jpg
before-video-007,frame_0002.jpg,strict_qmem_v2_T2K2_qmem_only_lambda0p05,qmem,2,margin,0.05,0.0,0.0,0.4263441107482868,0.5978138200109632,0.5333410045451931,0.6800176056338029,17381,13632,0.04269570205360651,0.003930138424038887,0.6162171959877014,0.9940091371536255,0.00276146549731493,0.444091796875,1.0,/kaggle/input/datasets/shuvroahmedimaging/ws2-eca/test_set/test_set/images/before/before-video-007/frame_0002.jpg,/kaggle/input/datasets/shuvroahmedimaging/ws2-eca/test_set/test_set/masks/before/before-video-007/frame_0002.jpg
before-video-007,frame_0003.jpg,strict_qmem_v2_T2K2_qmem_only_lambda0p05,qmem,2,margin,0.05,0.0,0.0,0.4135332736496568,0.5851058215020848,0.48582321749419344,0.7353897180762853,22819,15075,0.04269570205360651,0.004746752325445414,0.6101873517036438,0.9931716918945312,0.002727863844484091,0.436279296875,1.0002423524856567,/kaggle/input/datasets/shuvroahmedimaging/ws2-eca/test_set/test_set/images/before/before-video-007/frame_0003.jpg,/kaggle/input/datasets/shuvroahmedimaging/ws2-eca/test_set/test_set/masks/before/before-video-007/frame_0003.jpg
before-video-007,frame_0004.jpg,strict_qmem_v2_T2K2_qmem_only_lambda0p05,qmem,2,margin,0.05,0.0,0.0,0.41686327175057164,0.5884311917204632,0.47141156672002626,0.7827301846929735,24363,14673,0.04269570205360651,0.005720470566302538,0.5685967803001404,0.9919591546058655,0.0027162530459463596,0.376708984375,1.000244140625,/kaggle/input/datasets/shuvroahmedimaging/ws2-eca/test_set/test_set/images/before/before-video-007/frame_0004.jpg,/kaggle/input/datasets/shuvroahmedimaging/ws2-eca/test_set/test_set/masks/before/before-video-007/frame_0004.jpg
before-video-007,frame_0005.jpg,strict_qmem_v2_T2K2_qmem_only_lambda0p05,qmem,2,margin,0.05,0.0,0.0,0.4537098060980263,0.6242095969839414,0.4984566136961244,0.8348225682920603,26241,15668,0.04269570205360651,0.006705437786877155,0.5703820586204529,0.9906432628631592,0.002947456669062376,0.3740234375,1.0006134510040283,/kaggle/input/datasets/shuvroahmedimaging/ws2-eca/test_set/test_set/images/before/before-video-007/frame_0005.jpg,/kaggle/input/datasets/shuvroahmedimaging/ws2-eca/test_set/test_set/masks/before/before-video-007/frame_0005.jpg
before-video-007,frame_0006.jpg,strict_qmem_v2_T2K2_qmem_only_lambda0p05,qmem,2,margin,0.05,0.0,0.0,0.46868623992807,0.6382387567694844,0.5058221989997761,0.8645700433784128,26794,15676,0.04269570205360651,0.007299433462321758,0.5888662934303284,0.989579975605011,0.0031023796182125807,0.3974609375,1.0013105869293213,/kaggle/input/datasets/shuvroahmedimaging/ws2-eca/test_set/test_set/images/before/before-video-007/frame_0006.jpg,/kaggle/input/datasets/shuvroahmedimaging/ws2-eca/test_set/test_set/masks/before/before-video-007/frame_0006.jpg
before-video-007,frame_0007.jpg,strict_qmem_v2_T2K2_qmem_only_lambda0p05,qmem,2,margin,0.05,0.0,0.0,0.5902959248534501,0.7423724297197672,0.6209509658246657,0.9228221265319643,26920,18114,0.04269570205360651,0.00896940566599369,0.5872191786766052,0.9876832962036133,0.0034546388778835535,0.392333984375,1.0028629302978516,/kaggle/input/datasets/shuvroahmedimaging/ws2-eca/test_set/test_set/images/before/before-video-007/frame_0007.jpg,/kaggle/input/datasets/shuvroahmedimaging/ws2-eca/test_set/test_set/masks/before/before-video-007/frame_0007.jpg
before-video-007,frame_0008.jpg,strict_qmem_v2_T2K2_qmem_only_lambda0p05,qmem,2,margin,0.05,0.0,0.0,0.5549468127649364,0.7137823727593036,0.5753078230587455,0.9400487738788782,24121,14762,0.04269570205360651,0.0069103180430829525,0.585922122001648,0.9896716475486755,0.0033369967713952065,0.3896484375,1.0013608932495117,/kaggle/input/datasets/shuvroahmedimaging/ws2-eca/test_set/test_set/images/before/before-video-007/frame_0008.jpg,/kaggle/input/datasets/shuvroahmedimaging/ws2-eca/test_set/test_set/masks/before/before-video-007/frame_0008.jpg
before-video-007,frame_0009.jpg,strict_qmem_v2_T2K2_qmem_only_lambda0p05,qmem,2,margin,0.05,0.0,0.0,0.5057110334811791,0.6717238862386278,0.5200613546459998,0.9482593655700302,24774,13587,0.04269570205360651,0.006726924329996109,0.6123601794242859,0.9902669787406921,0.0030860083643347025,0.4326171875,1.0033130645751953,/kaggle/input/datasets/shuvroahmedimaging/ws2-eca/test_set/test_set/images/before/before-video-007/frame_0009.jpg,/kaggle/input/datasets/shuvroahmedimaging/ws2-eca/test_set/test_set/masks/before/before-video-007/frame_0009.jpg
before-video-007,frame_0010.jpg,strict_qmem_v2_T2K2_qmem_only_lambda0p05,qmem,2,margin,0.05,0.0,0.0,0.3872502905207238,0.5582990944991822,0.40114646030381196,0.917890870933893,17445,7624,0.04269570205360651,0.003975310362875462,0.6404885053634644,0.9934900403022766,0.003009787993505597,0.474853515625,1.000654697418213,/kaggle/input/datasets/shuvroahmedimaging/ws2-eca/test_set/test_set/images/before/before-video-007/frame_0010.jpg,/kaggle/input/datasets/shuvroahmedimaging/ws2-eca/test_set/test_set/masks/before/before-video-007/frame_0010.jpg
before-video-008,frame_0001.jpg,strict_qmem_v2_T2K2_qmem_only_lambda0p05,qmem,2,margin,0.05,0.0,0.0,0.497748782504824,0.6646625766871166,0.5163473453436279,0.9325185057669134,20982,11618,0.04269570205360651,0.0,0.0,0.0,0.0,0.0,0.0,/kaggle/input/datasets/shuvroahmedimaging/ws2-eca/test_set/test_set/images/before/before-video-008/frame_0001.jpg,/kaggle/input/datasets/shuvroahmedimaging/ws2-eca/test_set/test_set/masks/before/before-video-008/frame_0001.jpg
before-video-008,frame_0002.jpg,strict_qmem_v2_T2K2_qmem_only_lambda0p05,qmem,2,margin,0.05,0.0,0.0,0.29227424571822475,0.4523408969677075,0.29539121114683814,0.96515496410436,18660,5711,0.04269570205360651,0.004198388662189245,0.6311213970184326,0.9936102032661438,0.0029472054447978735,0.462158203125,1.0,/kaggle/input/datasets/shuvroahmedimaging/ws2-eca/test_set/test_set/images/before/before-video-008/frame_0002.jpg,/kaggle/input/datasets/shuvroahmedimaging/ws2-eca/test_set/test_set/masks/before/before-video-008/frame_0002.jpg
before-video-008,frame_0003.jpg,strict_qmem_v2_T2K2_qmem_only_lambda0p05,qmem,2,margin,0.05,0.0,0.0,0.25517530527750115,0.40659707724425886,0.26647329246935203,0.8575202536104262,18272,5678,0.04269570205360651,0.005135027226060629,0.613402247428894,0.9926187992095947,0.0027901276480406523,0.440185546875,1.0022284984588623,/kaggle/input/datasets/shuvroahmedimaging/ws2-eca/test_set/test_set/images/before/before-video-008/frame_0003.jpg,/kaggle/input/datasets/shuvroahmedimaging/ws2-eca/test_set/test_set/masks/before/before-video-008/frame_0003.jpg
before-video-008,frame_0004.jpg,strict_qmem_v2_T2K2_qmem_only_lambda0p05,qmem,2,margin,0.05,0.0,0.0,0.19039929536112743,0.31989147860402023,0.19521372667068032,0.8853242320819112,19932,4395,0.04269570205360651,0.004660936072468758,0.6172544360160828,0.9930757284164429,0.002789666410535574,0.4453125,1.0005102157592773,/kaggle/input/datasets/shuvroahmedimaging/ws2-eca/test_set/test_set/images/before/before-video-008/frame_0004.jpg,/kaggle/input/datasets/shuvroahmedimaging/ws2-eca/test_set/test_set/masks/before/before-video-008/frame_0004.jpg
before-video-008,frame_0005.jpg,strict_qmem_v2_T2K2_qmem_only_lambda0p05,qmem,2,margin,0.05,0.0,0.0,0.22596375364767318,0.36863039869710923,0.23333729828317673,0.8773106738223018,25221,6708,0.04269570205360651,0.0048974668607115746,0.5927925109863281,0.992834210395813,0.0027602678164839745,0.41064453125,1.000593662261963,/kaggle/input/datasets/shuvroahmedimaging/ws2-eca/test_set/test_set/images/before/before-video-008/frame_0005.jpg,/kaggle/input/datasets/shuvroahmedimaging/ws2-eca/test_set/test_set/masks/before/before-video-008/frame_0005.jpg
before-video-008,frame_0006.jpg,strict_qmem_v2_T2K2_qmem_only_lambda0p05,qmem,2,margin,0.05,0.0,0.0,0.20436083796494228,0.3393681221157259,0.24189170538712793,0.5684324324324325,21737,9250,0.04269570205360651,0.005289081484079361,0.5750424861907959,0.9921015501022339,0.003062829375267029,0.3798828125,1.000734806060791,/kaggle/input/datasets/shuvroahmedimaging/ws2-eca/test_set/test_set/images/before/before-video-008/frame_0006.jpg,/kaggle/input/datasets/shuvroahmedimaging/ws2-eca/test_set/test_set/masks/before/before-video-008/frame_0006.jpg
before-video-008,frame_0007.jpg,strict_qmem_v2_T2K2_qmem_only_lambda0p05,qmem,2,margin,0.05,0.0,0.0,0.3493621900530314,0.5178182590684582,0.3783762806581807,0.8200168208578638,25768,11890,0.04269570205360651,0.005251292139291763,0.5782362818717957,0.9918845891952515,0.0030873683281242847,0.383056640625,1.0012096166610718,/kaggle/input/datasets/shuvroahmedimaging/ws2-eca/test_set/test_set/images/before/before-video-008/frame_0007.jpg,/kaggle/input/datasets/shuvroahmedimaging/ws2-eca/test_set/test_set/masks/before/before-video-008/frame_0007.jpg
before-video-008,frame_0008.jpg,strict_qmem_v2_T2K2_qmem_only_lambda0p05,qmem,2,margin,0.05,0.0,0.0,0.3521911742250725,0.5209192027553498,0.38185505566822564,0.8192878074771335,24161,11261,0.04269570205360651,0.005449297837913036,0.5922712087631226,0.9918379783630371,0.003082181327044964,0.40283203125,1.0009591579437256,/kaggle/input/datasets/shuvroahmedimaging/ws2-eca/test_set/test_set/images/before/before-video-008/frame_0008.jpg,/kaggle/input/datasets/shuvroahmedimaging/ws2-eca/test_set/test_set/masks/before/before-video-008/frame_0008.jpg
before-video-008,frame_0009.jpg,strict_qmem_v2_T2K2_qmem_only_lambda0p05,qmem,2,margin,0.05,0.0,0.0,0.37140652131969903,0.5416432189082724,0.4073212018620398,0.808144416456759,23630,11910,0.04269570205360651,0.005657732021063566,0.5824228525161743,0.9915529489517212,0.0032076763454824686,0.38671875,1.0005879402160645,/kaggle/input/datasets/shuvroahmedimaging/ws2-eca/test_set/test_set/images/before/before-video-008/frame_0009.jpg,/kaggle/input/datasets/shuvroahmedimaging/ws2-eca/test_set/test_set/masks/before/before-video-008/frame_0009.jpg
before-video-008,frame_0010.jpg,strict_qmem_v2_T2K2_qmem_only_lambda0p05,qmem,2,margin,0.05,0.0,0.0,0.35562811479635675,0.524669134425232,0.37219424460431655,0.8887648170417454,27800,11642,0.04269570205360651,0.0056401691399514675,0.5905749797821045,0.991430401802063,0.003149057738482952,0.39990234375,1.0,/kaggle/input/datasets/shuvroahmedimaging/ws2-eca/test_set/test_set/images/before/before-video-008/frame_0010.jpg,/kaggle/input/datasets/shuvroahmedimaging/ws2-eca/test_set/test_set/masks/before/before-video-008/frame_0010.jpg
before-video-008,frame_0011.jpg,strict_qmem_v2_T2K2_qmem_only_lambda0p05,qmem,2,margin,0.05,0.0,0.0,0.3074477137355009,0.4703021168733301,0.3239735724398301,0.857696151924038,21190,8004,0.04269570205360651,0.004855267703533173,0.5811891555786133,0.9927058219909668,0.002778070978820324,0.39306640625,1.0001373291015625,/kaggle/input/datasets/shuvroahmedimaging/ws2-eca/test_set/test_set/images/before/before-video-008/frame_0011.jpg,/kaggle/input/datasets/shuvroahmedimaging/ws2-eca/test_set/test_set/masks/before/before-video-008/frame_0011.jpg
before-video-008,frame_0012.jpg,strict_qmem_v2_T2K2_qmem_only_lambda0p05,qmem,2,margin,0.05,0.0,0.0,0.28398369898956066,0.4423478260869565,0.29363888247517894,0.8962297392529951,17324,5676,0.04269570205360651,0.003945088014006615,0.6093610525131226,0.9941230416297913,0.0025955194141715765,0.437255859375,1.0003749132156372,/kaggle/input/datasets/shuvroahmedimaging/ws2-eca/test_set/test_set/images/before/before-video-008/frame_0012.jpg,/kaggle/input/datasets/shuvroahmedimaging/ws2-eca/test_set/test_set/masks/before/before-video-008/frame_0012.jpg
before-video-008,frame_0013.jpg,strict_qmem_v2_T2K2_qmem_only_lambda0p05,qmem,2,margin,0.05,0.0,0.0,0.1989768649309002,0.33191109978984906,0.2033078483382743,0.9032928942807625,12818,2885,0.04269570205360651,0.0029308197554200888,0.6394628286361694,0.9955408573150635,0.0024647563695907593,0.4833984375,1.0,/kaggle/input/datasets/shuvroahmedimaging/ws2-eca/test_set/test_set/images/before/before-video-008/frame_0013.jpg,/kaggle/input/datasets/shuvroahmedimaging/ws2-eca/test_set/test_set/masks/before/before-video-008/frame_0013.jpg
before-video-008,frame_0014.jpg,strict_qmem_v2_T2K2_qmem_only_lambda0p05,qmem,2,margin,0.05,0.0,0.0,0.1212798374809548,0.21632394238608568,0.12471276373511594,0.8150170648464163,9574,1465,0.04269570205360651,0.002600301057100296,0.68067866563797,0.9962874054908752,0.00239748926833272,0.544189453125,1.00048828125,/kaggle/input/datasets/shuvroahmedimaging/ws2-eca/test_set/test_set/images/before/before-video-008/frame_0014.jpg,/kaggle/input/datasets/shuvroahmedimaging/ws2-eca/test_set/test_set/masks/before/before-video-008/frame_0014.jpg
before-video-008,frame_0015.jpg,strict_qmem_v2_T2K2_qmem_only_lambda0p05,qmem,2,margin,0.05,0.0,0.0,0.22095466826778745,0.36193754610277845,0.23028785982478098,0.8450057405281286,9588,2613,0.04269570205360651,0.0029663301538676023,0.7098336219787598,0.9959734678268433,0.002408673521131277,0.586181640625,1.000244140625,/kaggle/input/datasets/shuvroahmedimaging/ws2-eca/test_set/test_set/images/before/before-video-008/frame_0015.jpg,/kaggle/input/datasets/shuvroahmedimaging/ws2-eca/test_set/test_set/masks/before/before-video-008/frame_0015.jpg
before-video-008,frame_0016.jpg,strict_qmem_v2_T2K2_qmem_only_lambda0p05,qmem,2,margin,0.05,0.0,0.0,0.27632966701823114,0.4330067288395703,0.3173010380622837,0.6815310293571163,11560,5382,0.04269570205360651,0.003843167331069708,0.7177892923355103,0.9950402975082397,0.002482862677425146,0.595947265625,1.0002527236938477,/kaggle/input/datasets/shuvroahmedimaging/ws2-eca/test_set/test_set/images/before/before-video-008/frame_0016.jpg,/kaggle/input/datasets/shuvroahmedimaging/ws2-eca/test_set/test_set/masks/before/before-video-008/frame_0016.jpg
before-video-008,frame_0017.jpg,strict_qmem_v2_T2K2_qmem_only_lambda0p05,qmem,2,margin,0.05,0.0,0.0,0.3720567867036011,0.5423343848580442,0.43898951382268825,0.709318956980966,14686,9089,0.04269570205360651,0.004623035434633493,0.6926792860031128,0.9939503073692322,0.002539662877097726,0.55859375,1.0011165142059326,/kaggle/input/datasets/shuvroahmedimaging/ws2-eca/test_set/test_set/images/before/before-video-008/frame_0017.jpg,/kaggle/input/datasets/shuvroahmedimaging/ws2-eca/test_set/test_set/masks/before/before-video-008/frame_0017.jpg
before-video-008,frame_0018.jpg,strict_qmem_v2_T2K2_qmem_only_lambda0p05,qmem,2,margin,0.05,0.0,0.0,0.37060602242660956,0.5407914694121432,0.37981793530892893,0.9385768985322271,15489,6268,0.04269570205360651,0.004271879326552153,0.6352455019950867,0.9939761757850647,0.0026069944724440575,0.47412109375,1.0,/kaggle/input/datasets/shuvroahmedimaging/ws2-eca/test_set/test_set/images/before/before-video-008/frame_0018.jpg,/kaggle/input/datasets/shuvroahmedimaging/ws2-eca/test_set/test_set/masks/before/before-video-008/frame_0018.jpg
before-video-008,frame_0019.jpg,strict_qmem_v2_T2K2_qmem_only_lambda0p05,qmem,2,margin,0.05,0.0,0.0,0.3333333333333333,0.5,0.38250662085749054,0.7216745442268737,13971,7405,0.04269570205360651,0.0034742013085633516,0.6558945178985596,0.9949278831481934,0.0025303277652710676,0.505615234375,1.000159740447998,/kaggle/input/datasets/shuvroahmedimaging/ws2-eca/test_set/test_set/images/before/before-video-008/frame_0019.jpg,/kaggle/input/datasets/shuvroahmedimaging/ws2-eca/test_set/test_set/masks/before/before-video-008/frame_0019.jpg
before-video-008,frame_0020.jpg,strict_qmem_v2_T2K2_qmem_only_lambda0p05,qmem,2,margin,0.05,0.0,0.0,0.1688668538319097,0.28894112837285363,0.19319346682156768,0.5728470111448835,14633,4935,0.04269570205360651,0.004369290545582771,0.6850574612617493,0.9944438934326172,0.0024581344332545996,0.549560546875,1.0,/kaggle/input/datasets/shuvroahmedimaging/ws2-eca/test_set/test_set/images/before/before-video-008/frame_0020.jpg,/kaggle/input/datasets/shuvroahmedimaging/ws2-eca/test_set/test_set/masks/before/before-video-008/frame_0020.jpg
before-video-008,frame_0021.jpg,strict_qmem_v2_T2K2_qmem_only_lambda0p05,qmem,2,margin,0.05,0.0,0.0,0.19000055800457563,0.3193285191784676,0.21987601704765594,0.5830479452054794,15486,5840,0.04269570205360651,0.004749777261167765,0.6313313841819763,0.9937803745269775,0.0024414111394435167,0.471923828125,1.000364065170288,/kaggle/input/datasets/shuvroahmedimaging/ws2-eca/test_set/test_set/images/before/before-video-008/frame_0021.jpg,/kaggle/input/datasets/shuvroahmedimaging/ws2-eca/test_set/test_set/masks/before/before-video-008/frame_0021.jpg
before-video-008,frame_0022.jpg,strict_qmem_v2_T2K2_qmem_only_lambda0p05,qmem,2,margin,0.05,0.0,0.0,0.36440502126776636,0.5341596015663612,0.4447046907640691,0.6686655244622121,15797,10506,0.04269570205360651,0.00546320341527462,0.5982866883277893,0.9927171468734741,0.002627067267894745,0.421142578125,1.0005567073822021,/kaggle/input/datasets/shuvroahmedimaging/ws2-eca/test_set/test_set/images/before/before-video-008/frame_0022.jpg,/kaggle/input/datasets/shuvroahmedimaging/ws2-eca/test_set/test_set/masks/before/before-video-008/frame_0022.jpg
before-video-008,frame_0023.jpg,strict_qmem_v2_T2K2_qmem_only_lambda0p05,qmem,2,margin,0.05,0.0,0.0,0.315944004613852,0.48017849316705846,0.37273458279210736,0.674652933273623,16167,8932,0.04269570205360651,0.005945626180619001,0.5937415361404419,0.991866409778595,0.0025476785376667976,0.416015625,1.0011001825332642,/kaggle/input/datasets/shuvroahmedimaging/ws2-eca/test_set/test_set/images/before/before-video-008/frame_0023.jpg,/kaggle/input/datasets/shuvroahmedimaging/ws2-eca/test_set/test_set/masks/before/before-video-008/frame_0023.jpg
before-video-008,frame_0024.jpg,strict_qmem_v2_T2K2_qmem_only_lambda0p05,qmem,2,margin,0.05,0.0,0.0,0.394508124448923,0.5658025471953753,0.45585096060547253,0.7456551067375605,20612,12601,0.04269570205360651,0.007950294762849808,0.5931727290153503,0.9897958636283875,0.002668234519660473,0.413330078125,1.0014557838439941,/kaggle/input/datasets/shuvroahmedimaging/ws2-eca/test_set/test_set/images/before/before-video-008/frame_0024.jpg,/kaggle/input/datasets/shuvroahmedimaging/ws2-eca/test_set/test_set/masks/before/before-video-008/frame_0024.jpg
before-video-008,frame_0025.jpg,strict_qmem_v2_T2K2_qmem_only_lambda0p05,qmem,2,margin,0.05,0.0,0.0,0.3282937365010799,0.4943089430894309,0.3713469161980271,0.7390147692872213,21694,10901,0.04269570205360651,0.006692403461784124,0.5731950998306274,0.990597128868103,0.002827475080266595,0.380859375,1.0015900135040283,/kaggle/input/datasets/shuvroahmedimaging/ws2-eca/test_set/test_set/images/before/before-video-008/frame_0025.jpg,/kaggle/input/datasets/shuvroahmedimaging/ws2-eca/test_set/test_set/masks/before/before-video-008/frame_0025.jpg
before-video-008,frame_0026.jpg,strict_qmem_v2_T2K2_qmem_only_lambda0p05,qmem,2,margin,0.05,0.0,0.0,0.29505476269498837,0.4556637621732445,0.3147041904509049,0.8253452477660439,22599,8617,0.04269570205360651,0.006867618300020695,0.5766235589981079,0.9903786182403564,0.0028849071823060513,0.386962890625,1.0032646656036377,/kaggle/input/datasets/shuvroahmedimaging/ws2-eca/test_set/test_set/images/before/before-video-008/frame_0026.jpg,/kaggle/input/datasets/shuvroahmedimaging/ws2-eca/test_set/test_set/masks/before/before-video-008/frame_0026.jpg
before-video-008,frame_0027.jpg,strict_qmem_v2_T2K2_qmem_only_lambda0p05,qmem,2,margin,0.05,0.0,0.0,0.2925927637355021,0.4527222679011904,0.31377601585728443,0.8125240600538945,20180,7793,0.04269570205360651,0.005753601901233196,0.6129975914955139,0.9915587306022644,0.0027540833689272404,0.439208984375,1.001078724861145,/kaggle/input/datasets/shuvroahmedimaging/ws2-eca/test_set/test_set/images/before/before-video-008/frame_0027.jpg,/kaggle/input/datasets/shuvroahmedimaging/ws2-eca/test_set/test_set/masks/before/before-video-008/frame_0027.jpg
before-video-008,frame_0028.jpg,strict_qmem_v2_T2K2_qmem_only_lambda0p05,qmem,2,margin,0.05,0.0,0.0,0.34565458669111615,0.5137344904253031,0.3829252646209772,0.7802832244008715,18706,9180,0.04269570205360651,0.006439301650971174,0.620826780796051,0.9910550713539124,0.0028503085486590862,0.449951171875,1.0017688274383545,/kaggle/input/datasets/shuvroahmedimaging/ws2-eca/test_set/test_set/images/before/before-video-008/frame_0028.jpg,/kaggle/input/datasets/shuvroahmedimaging/ws2-eca/test_set/test_set/masks/before/before-video-008/frame_0028.jpg
before-video-008,frame_0029.jpg,strict_qmem_v2_T2K2_qmem_only_lambda0p05,qmem,2,margin,0.05,0.0,0.0,0.5194291517451494,0.6837161853167764,0.5826837750329775,0.8271342241892927,16678,11749,0.04269570205360651,0.005181774031370878,0.6369339227676392,0.9925625324249268,0.002936613280326128,0.470703125,1.0002251863479614,/kaggle/input/datasets/shuvroahmedimaging/ws2-eca/test_set/test_set/images/before/before-video-008/frame_0029.jpg,/kaggle/input/datasets/shuvroahmedimaging/ws2-eca/test_set/test_set/masks/before/before-video-008/frame_0029.jpg
before-video-008,frame_0030.jpg,strict_qmem_v2_T2K2_qmem_only_lambda0p05,qmem,2,margin,0.05,0.0,0.0,0.47429653679653677,0.6434208111580106,0.510275368224952,0.870580055621772,17177,10068,0.04269570205360651,0.0050863903015851974,0.6181578040122986,0.9927807450294495,0.0027833771891891956,0.446533203125,1.0004940032958984,/kaggle/input/datasets/shuvroahmedimaging/ws2-eca/test_set/test_set/images/before/before-video-008/frame_0030.jpg,/kaggle/input/datasets/shuvroahmedimaging/ws2-eca/test_set/test_set/masks/before/before-video-008/frame_0030.jpg
before-video-008,frame_0031.jpg,strict_qmem_v2_T2K2_qmem_only_lambda0p05,qmem,2,margin,0.05,0.0,0.0,0.36791078515095194,0.5379163453417062,0.4022407732864675,0.8117034245816247,18208,9023,0.04269570205360651,0.005422302521765232,0.6057669520378113,0.992290198802948,0.0027473284862935543,0.4296875,1.000746250152588,/kaggle/input/datasets/shuvroahmedimaging/ws2-eca/test_set/test_set/images/before/before-video-008/frame_0031.jpg,/kaggle/input/datasets/shuvroahmedimaging/ws2-eca/test_set/test_set/masks/before/before-video-008/frame_0031.jpg
before-video-008,frame_0032.jpg,strict_qmem_v2_T2K2_qmem_only_lambda0p05,qmem,2,margin,0.05,0.0,0.0,0.25768932540708195,0.4097821619399918,0.3034083992696287,0.6310126582278481,19716,9480,0.04269570205360651,0.00631416030228138,0.5905880928039551,0.9913067817687988,0.002802585018798709,0.407470703125,1.0007140636444092,/kaggle/input/datasets/shuvroahmedimaging/ws2-eca/test_set/test_set/images/before/before-video-008/frame_0032.jpg,/kaggle/input/datasets/shuvroahmedimaging/ws2-eca/test_set/test_set/masks/before/before-video-008/frame_0032.jpg
before-video-008,frame_0033.jpg,strict_qmem_v2_T2K2_qmem_only_lambda0p05,qmem,2,margin,0.05,0.0,0.0,0.24295516333664177,0.39093150019095235,0.2807419966091553,0.6435021145273746,20054,8749,0.04269570205360651,0.00560797331854701,0.5736095309257507,0.9917044639587402,0.0028704239521175623,0.381591796875,1.0020570755004883,/kaggle/input/datasets/shuvroahmedimaging/ws2-eca/test_set/test_set/images/before/before-video-008/frame_0033.jpg,/kaggle/input/datasets/shuvroahmedimaging/ws2-eca/test_set/test_set/masks/before/before-video-008/frame_0033.jpg
before-video-008,frame_0034.jpg,strict_qmem_v2_T2K2_qmem_only_lambda0p05,qmem,2,margin,0.05,0.0,0.0,0.23240205393603688,0.3771529805452577,0.2743675417661098,0.6030846710733396,20950,9531,0.04269570205360651,0.004510439001023769,0.5891034007072449,0.993148148059845,0.002738366136327386,0.405517578125,1.0008388757705688,/kaggle/input/datasets/shuvroahmedimaging/ws2-eca/test_set/test_set/images/before/before-video-008/frame_0034.jpg,/kaggle/input/datasets/shuvroahmedimaging/ws2-eca/test_set/test_set/masks/before/before-video-008/frame_0034.jpg
before-video-008,frame_0035.jpg,strict_qmem_v2_T2K2_qmem_only_lambda0p05,qmem,2,margin,0.05,0.0,0.0,0.25302355187778486,0.4038608077216154,0.2868224046180211,0.6822570263891868,22174,9322,0.04269570205360651,0.005406202282756567,0.6065241694450378,0.9922472834587097,0.0027950857765972614,0.429931640625,1.001220703125,/kaggle/input/datasets/shuvroahmedimaging/ws2-eca/test_set/test_set/images/before/before-video-008/frame_0035.jpg,/kaggle/input/datasets/shuvroahmedimaging/ws2-eca/test_set/test_set/masks/before/before-video-008/frame_0035.jpg
before-video-008,frame_0036.jpg,strict_qmem_v2_T2K2_qmem_only_lambda0p05,qmem,2,margin,0.05,0.0,0.0,0.35112470961527564,0.5197517403338086,0.4045567306436872,0.7266651031894934,15318,8528,0.04269570205360651,0.004039993043988943,0.6085755228996277,0.9936906695365906,0.0028425934724509716,0.431884765625,1.0003749132156372,/kaggle/input/datasets/shuvroahmedimaging/ws2-eca/test_set/test_set/images/before/before-video-008/frame_0036.jpg,/kaggle/input/datasets/shuvroahmedimaging/ws2-eca/test_set/test_set/masks/before/before-video-008/frame_0036.jpg
before-video-008,frame_0037.jpg,strict_qmem_v2_T2K2_qmem_only_lambda0p05,qmem,2,margin,0.05,0.0,0.0,0.35877862595419846,0.5280898876404494,0.4197816738339398,0.7117218171620864,12092,7132,0.04269570205360651,0.0041718692518770695,0.6440086364746094,0.9940270185470581,0.002638462698087096,0.487548828125,1.0001561641693115,/kaggle/input/datasets/shuvroahmedimaging/ws2-eca/test_set/test_set/images/before/before-video-008/frame_0037.jpg,/kaggle/input/datasets/shuvroahmedimaging/ws2-eca/test_set/test_set/masks/before/before-video-008/frame_0037.jpg
before-video-008,frame_0038.jpg,strict_qmem_v2_T2K2_qmem_only_lambda0p05,qmem,2,margin,0.05,0.0,0.0,0.4366519823788546,0.6078744020605912,0.5107523187907935,0.750605815831987,14555,9904,0.04269570205360651,0.005783484783023596,0.6466019153594971,0.9923702478408813,0.0027286685071885586,0.489013671875,1.0009765625,/kaggle/input/datasets/shuvroahmedimaging/ws2-eca/test_set/test_set/images/before/before-video-008/frame_0038.jpg,/kaggle/input/datasets/shuvroahmedimaging/ws2-eca/test_set/test_set/masks/before/before-video-008/frame_0038.jpg
before-video-008,frame_0039.jpg,strict_qmem_v2_T2K2_qmem_only_lambda0p05,qmem,2,margin,0.05,0.0,0.0,0.36609823806016656,0.5359764442416953,0.40859943092001266,0.7787418655097614,15815,8298,0.04269570205360651,0.004955809097737074,0.6077761650085449,0.993259072303772,0.0025741641875356436,0.43603515625,1.0006744861602783,/kaggle/input/datasets/shuvroahmedimaging/ws2-eca/test_set/test_set/images/before/before-video-008/frame_0039.jpg,/kaggle/input/datasets/shuvroahmedimaging/ws2-eca/test_set/test_set/masks/before/before-video-008/frame_0039.jpg
before-video-008,frame_0040.jpg,strict_qmem_v2_T2K2_qmem_only_lambda0p05,qmem,2,margin,0.05,0.0,0.0,0.38962612190958645,0.5607639576811824,0.42259913999044435,0.8331567172965972,16744,8493,0.04269570205360651,0.004695017822086811,0.6177113056182861,0.9934182167053223,0.0026162201538681984,0.4501953125,1.0017411708831787,/kaggle/input/datasets/shuvroahmedimaging/ws2-eca/test_set/test_set/images/before/before-video-008/frame_0040.jpg,/kaggle/input/datasets/shuvroahmedimaging/ws2-eca/test_set/test_set/masks/before/before-video-008/frame_0040.jpg
before-video-008,frame_0041.jpg,strict_qmem_v2_T2K2_qmem_only_lambda0p05,qmem,2,margin,0.05,0.0,0.0,0.3802463752316581,0.5509833346497117,0.39488282576701006,0.9111807732497388,17666,7656,0.04269570205360651,0.0048101493157446384,0.6590195298194885,0.9933284521102905,0.0027207417879253626,0.5068359375,1.000375747680664,/kaggle/input/datasets/shuvroahmedimaging/ws2-eca/test_set/test_set/images/before/before-video-008/frame_0041.jpg,/kaggle/input/datasets/shuvroahmedimaging/ws2-eca/test_set/test_set/masks/before/before-video-008/frame_0041.jpg
before-video-008,frame_0042.jpg,strict_qmem_v2_T2K2_qmem_only_lambda0p05,qmem,2,margin,0.05,0.0,0.0,0.3557050839659535,0.524752895261528,0.3840183782441326,0.828311236105531,16106,7467,0.04269570205360651,0.003668398829177022,0.6757497787475586,0.9945473670959473,0.0029354477301239967,0.527099609375,1.0007095336914062,/kaggle/input/datasets/shuvroahmedimaging/ws2-eca/test_set/test_set/images/before/before-video-008/frame_0042.jpg,/kaggle/input/datasets/shuvroahmedimaging/ws2-eca/test_set/test_set/masks/before/before-video-008/frame_0042.jpg
before-video-008,frame_0043.jpg,strict_qmem_v2_T2K2_qmem_only_lambda0p05,qmem,2,margin,0.05,0.0,0.0,0.2978649176667597,0.4590075802376216,0.3388095238095238,0.7113814364272621,12600,6001,0.04269570205360651,0.0031932296697050333,0.6733894944190979,0.9952107667922974,0.002754177898168564,0.52685546875,1.000239372253418,/kaggle/input/datasets/shuvroahmedimaging/ws2-eca/test_set/test_set/images/before/before-video-008/frame_0043.jpg,/kaggle/input/datasets/shuvroahmedimaging/ws2-eca/test_set/test_set/masks/before/before-video-008/frame_0043.jpg
before-video-008,frame_0044.jpg,strict_qmem_v2_T2K2_qmem_only_lambda0p05,qmem,2,margin,0.05,0.0,0.0,0.2871328092676872,0.4461587913854066,0.3175329428989751,0.7499459693105684,10928,4627,0.04269570205360651,0.0030564959160983562,0.6680881381034851,0.9956040382385254,0.0025735078379511833,0.522705078125,1.000339150428772,/kaggle/input/datasets/shuvroahmedimaging/ws2-eca/test_set/test_set/images/before/before-video-008/frame_0044.jpg,/kaggle/input/datasets/shuvroahmedimaging/ws2-eca/test_set/test_set/masks/before/before-video-008/frame_0044.jpg
before-video-008,frame_0045.jpg,strict_qmem_v2_T2K2_qmem_only_lambda0p05,qmem,2,margin,0.05,0.0,0.0,0.2693157984241256,0.4243479814219364,0.30447321199692384,0.6999116087212728,15604,6788,0.04269570205360651,0.0048033492639660835,0.6669546961784363,0.9937660098075867,0.002482870128005743,0.52294921875,1.001598834991455,/kaggle/input/datasets/shuvroahmedimaging/ws2-eca/test_set/test_set/images/before/before-video-008/frame_0045.jpg,/kaggle/input/datasets/shuvroahmedimaging/ws2-eca/test_set/test_set/masks/before/before-video-008/frame_0045.jpg
before-video-008,frame_0046.jpg,strict_qmem_v2_T2K2_qmem_only_lambda0p05,qmem,2,margin,0.05,0.0,0.0,0.26952593743928505,0.42460879213375674,0.2831555850385263,0.8484709480122324,19597,6540,0.04269570205360651,0.006173818372189999,0.6323094964027405,0.9922433495521545,0.0025343080051243305,0.471923828125,1.0002464056015015,/kaggle/input/datasets/shuvroahmedimaging/ws2-eca/test_set/test_set/images/before/before-video-008/frame_0046.jpg,/kaggle/input/datasets/shuvroahmedimaging/ws2-eca/test_set/test_set/masks/before/before-video-008/frame_0046.jpg
before-video-008,frame_0047.jpg,strict_qmem_v2_T2K2_qmem_only_lambda0p05,qmem,2,margin,0.05,0.0,0.0,0.21742898411169956,0.3571937040259432,0.22047551628179465,0.9402456797834686,20483,4803,0.04269570205360651,0.005644820164889097,0.6199530363082886,0.9922111630439758,0.0027965453919023275,0.44873046875,1.0014042854309082,/kaggle/input/datasets/shuvroahmedimaging/ws2-eca/test_set/test_set/images/before/before-video-008/frame_0047.jpg,/kaggle/input/datasets/shuvroahmedimaging/ws2-eca/test_set/test_set/masks/before/before-video-008/frame_0047.jpg
before-video-008,frame_0048.jpg,strict_qmem_v2_T2K2_qmem_only_lambda0p05,qmem,2,margin,0.05,0.0,0.0,0.10358158044343377,0.1877189367401607,0.1108339923353002,0.6128489741002354,16439,2973,0.04269570205360651,0.005889012012630701,0.6338394284248352,0.9921639561653137,0.0028473229613155127,0.468505859375,1.0002453327178955,/kaggle/input/datasets/shuvroahmedimaging/ws2-eca/test_set/test_set/images/before/before-video-008/frame_0048.jpg,/kaggle/input/datasets/shuvroahmedimaging/ws2-eca/test_set/test_set/masks/before/before-video-008/frame_0048.jpg
before-video-008,frame_0049.jpg,strict_qmem_v2_T2K2_qmem_only_lambda0p05,qmem,2,margin,0.05,0.0,0.0,0.06181275526233113,0.11642872993564612,0.06618450929274242,0.4834152334152334,11891,1628,0.04269570205360651,0.004008214920759201,0.6491172313690186,0.9941387176513672,0.0028334837406873703,0.491455078125,1.001042127609253,/kaggle/input/datasets/shuvroahmedimaging/ws2-eca/test_set/test_set/images/before/before-video-008/frame_0049.jpg,/kaggle/input/datasets/shuvroahmedimaging/ws2-eca/test_set/test_set/masks/before/before-video-008/frame_0049.jpg
before-video-008,frame_0050.jpg,strict_qmem_v2_T2K2_qmem_only_lambda0p05,qmem,2,margin,0.05,0.0,0.0,0.1681348933241569,0.2878689683615153,0.18717437940545512,0.6230553430247386,13052,3921,0.04269570205360651,0.004434317350387573,0.6677801609039307,0.9939324259757996,0.0026322505436837673,0.52197265625,1.0014936923980713,/kaggle/input/datasets/shuvroahmedimaging/ws2-eca/test_set/test_set/images/before/before-video-008/frame_0050.jpg,/kaggle/input/datasets/shuvroahmedimaging/ws2-eca/test_set/test_set/masks/before/before-video-008/frame_0050.jpg
before-video-008,frame_0051.jpg,strict_qmem_v2_T2K2_qmem_only_lambda0p05,qmem,2,margin,0.05,0.0,0.0,0.17907709945543135,0.30375808255141235,0.19732187973724102,0.6594891281401731,15832,4737,0.04269570205360651,0.005035882815718651,0.6469973921775818,0.9930166006088257,0.0026141637936234474,0.49169921875,1.003237009048462,/kaggle/input/datasets/shuvroahmedimaging/ws2-eca/test_set/test_set/images/before/before-video-008/frame_0051.jpg,/kaggle/input/datasets/shuvroahmedimaging/ws2-eca/test_set/test_set/masks/before/before-video-008/frame_0051.jpg
before-video-008,frame_0052.jpg,strict_qmem_v2_T2K2_qmem_only_lambda0p05,qmem,2,margin,0.05,0.0,0.0,0.19929140832595216,0.33234859675036926,0.20870966167065372,0.8153728781232119,20483,5243,0.04269570205360651,0.004763251170516014,0.5991812348365784,0.993334949016571,0.0025709238834679127,0.423583984375,1.0008459091186523,/kaggle/input/datasets/shuvroahmedimaging/ws2-eca/test_set/test_set/images/before/before-video-008/frame_0052.jpg,/kaggle/input/datasets/shuvroahmedimaging/ws2-eca/test_set/test_set/masks/before/before-video-008/frame_0052.jpg
before-video-008,frame_0053.jpg,strict_qmem_v2_T2K2_qmem_only_lambda0p05,qmem,2,margin,0.05,0.0,0.0,0.22361526219772543,0.36549930211902043,0.23417747246046908,0.8321536905965622,24601,6923,0.04269570205360651,0.006127099972218275,0.5757298469543457,0.9916369318962097,0.0027864566072821617,0.385498046875,1.000244140625,/kaggle/input/datasets/shuvroahmedimaging/ws2-eca/test_set/test_set/images/before/before-video-008/frame_0053.jpg,/kaggle/input/datasets/shuvroahmedimaging/ws2-eca/test_set/test_set/masks/before/before-video-008/frame_0053.jpg
before-video-008,frame_0054.jpg,strict_qmem_v2_T2K2_qmem_only_lambda0p05,qmem,2,margin,0.05,0.0,0.0,0.21077525681767792,0.34816578160288103,0.22182468694096602,0.8088485536018151,25714,7052,0.04269570205360651,0.006219595670700073,0.5618408918380737,0.9912974834442139,0.0028514100704342127,0.36376953125,1.00011146068573,/kaggle/input/datasets/shuvroahmedimaging/ws2-eca/test_set/test_set/images/before/before-video-008/frame_0054.jpg,/kaggle/input/datasets/shuvroahmedimaging/ws2-eca/test_set/test_set/masks/before/before-video-008/frame_0054.jpg
before-video-008,frame_0055.jpg,strict_qmem_v2_T2K2_qmem_only_lambda0p05,qmem,2,margin,0.05,0.0,0.0,0.2143501611170784,0.353028587602604,0.22632008709853021,0.8020900321543408,22044,6220,0.04269570205360651,0.004886815324425697,0.5625032186508179,0.9924932718276978,0.002845381386578083,0.365234375,1.0005825757980347,/kaggle/input/datasets/shuvroahmedimaging/ws2-eca/test_set/test_set/images/before/before-video-008/frame_0055.jpg,/kaggle/input/datasets/shuvroahmedimaging/ws2-eca/test_set/test_set/masks/before/before-video-008/frame_0055.jpg
before-video-008,frame_0056.jpg,strict_qmem_v2_T2K2_qmem_only_lambda0p05,qmem,2,margin,0.05,0.0,0.0,0.29974937343358393,0.4612418048592364,0.32048877217428584,0.822445330766057,18659,7271,0.04269570205360651,0.005317037925124168,0.6134637594223022,0.9924426674842834,0.002768603852018714,0.43994140625,1.0006873607635498,/kaggle/input/datasets/shuvroahmedimaging/ws2-eca/test_set/test_set/images/before/before-video-008/frame_0056.jpg,/kaggle/input/datasets/shuvroahmedimaging/ws2-eca/test_set/test_set/masks/before/before-video-008/frame_0056.jpg
before-video-008,frame_0057.jpg,strict_qmem_v2_T2K2_qmem_only_lambda0p05,qmem,2,margin,0.05,0.0,0.0,0.41182982000192514,0.5833986705300835,0.45857449088960345,0.8015925058548009,18660,10675,0.04269570205360651,0.005609085317701101,0.6461045145988464,0.9921352863311768,0.0028621952515095472,0.485107421875,1.001869559288025,/kaggle/input/datasets/shuvroahmedimaging/ws2-eca/test_set/test_set/images/before/before-video-008/frame_0057.jpg,/kaggle/input/datasets/shuvroahmedimaging/ws2-eca/test_set/test_set/masks/before/before-video-008/frame_0057.jpg
before-video-008,frame_0058.jpg,strict_qmem_v2_T2K2_qmem_only_lambda0p05,qmem,2,margin,0.05,0.0,0.0,0.44095214663550253,0.6120288555939728,0.4790831328521786,0.847099137421718,14964,8463,0.04269570205360651,0.0049984208308160305,0.6346545219421387,0.992588996887207,0.0027242559008300304,0.472412109375,1.003379464149475,/kaggle/input/datasets/shuvroahmedimaging/ws2-eca/test_set/test_set/images/before/before-video-008/frame_0058.jpg,/kaggle/input/datasets/shuvroahmedimaging/ws2-eca/test_set/test_set/masks/before/before-video-008/frame_0058.jpg
before-video-008,frame_0059.jpg,strict_qmem_v2_T2K2_qmem_only_lambda0p05,qmem,2,margin,0.05,0.0,0.0,0.4264891601768049,0.5979563982441256,0.47116614347168934,0.8181084081962249,17202,9907,0.04269570205360651,0.005226581357419491,0.6213571429252625,0.9925878047943115,0.0026382997166365385,0.45458984375,1.0032483339309692,/kaggle/input/datasets/shuvroahmedimaging/ws2-eca/test_set/test_set/images/before/before-video-008/frame_0059.jpg,/kaggle/input/datasets/shuvroahmedimaging/ws2-eca/test_set/test_set/masks/before/before-video-008/frame_0059.jpg
before-video-008,frame_0060.jpg,strict_qmem_v2_T2K2_qmem_only_lambda0p05,qmem,2,margin,0.05,0.0,0.0,0.40720310006838384,0.5787410503126316,0.42573879885605337,0.9034085162334379,20980,9887,0.04269570205360651,0.004977880511432886,0.5990631580352783,0.9927321672439575,0.0027675116434693336,0.419189453125,1.0022873878479004,/kaggle/input/datasets/shuvroahmedimaging/ws2-eca/test_set/test_set/images/before/before-video-008/frame_0060.jpg,/kaggle/input/datasets/shuvroahmedimaging/ws2-eca/test_set/test_set/masks/before/before-video-008/frame_0060.jpg
before-video-008,frame_0061.jpg,strict_qmem_v2_T2K2_qmem_only_lambda0p05,qmem,2,margin,0.05,0.0,0.0,0.3705428846771603,0.5407242470409,0.38581821222510243,0.9034658312120619,23918,10214,0.04269570205360651,0.004789554513990879,0.5908094644546509,0.9928253889083862,0.0030163186602294445,0.4052734375,1.000566005706787,/kaggle/input/datasets/shuvroahmedimaging/ws2-eca/test_set/test_set/images/before/before-video-008/frame_0061.jpg,/kaggle/input/datasets/shuvroahmedimaging/ws2-eca/test_set/test_set/masks/before/before-video-008/frame_0061.jpg
before-video-008,frame_0062.jpg,strict_qmem_v2_T2K2_qmem_only_lambda0p05,qmem,2,margin,0.05,0.0,0.0,0.4743972445464983,0.6435134714218969,0.4860032933427429,0.9520737327188941,25506,13020,0.04269570205360651,0.00479349447414279,0.5838013291358948,0.992620587348938,0.003027568571269512,0.392333984375,1.0000903606414795,/kaggle/input/datasets/shuvroahmedimaging/ws2-eca/test_set/test_set/images/before/before-video-008/frame_0062.jpg,/kaggle/input/datasets/shuvroahmedimaging/ws2-eca/test_set/test_set/masks/before/before-video-008/frame_0062.jpg
before-video-008,frame_0063.jpg,strict_qmem_v2_T2K2_qmem_only_lambda0p05,qmem,2,margin,0.05,0.0,0.0,0.5216853498260533,0.6856678351877254,0.5822511756331162,0.8337554827948354,23179,16187,0.04269570205360651,0.004641124978661537,0.5954866409301758,0.9927467107772827,0.0030199135653674603,0.40966796875,1.0,/kaggle/input/datasets/shuvroahmedimaging/ws2-eca/test_set/test_set/images/before/before-video-008/frame_0063.jpg,/kaggle/input/datasets/shuvroahmedimaging/ws2-eca/test_set/test_set/masks/before/before-video-008/frame_0063.jpg
before-video-008,frame_0064.jpg,strict_qmem_v2_T2K2_qmem_only_lambda0p05,qmem,2,margin,0.05,0.0,0.0,0.5159709174087085,0.6807134773939754,0.5734780042674898,0.8372771260025187,22027,15087,0.04269570205360651,0.004733727779239416,0.6314882636070251,0.9925726652145386,0.003201710758730769,0.458251953125,1.001848578453064,/kaggle/input/datasets/shuvroahmedimaging/ws2-eca/test_set/test_set/images/before/before-video-008/frame_0064.jpg,/kaggle/input/datasets/shuvroahmedimaging/ws2-eca/test_set/test_set/masks/before/before-video-008/frame_0064.jpg
before-video-008,frame_0065.jpg,strict_qmem_v2_T2K2_qmem_only_lambda0p05,qmem,2,margin,0.05,0.0,0.0,0.44821264894592117,0.6189873417721519,0.4681167898739563,0.9133547784580264,18803,9637,0.04269570205360651,0.003422834910452366,0.6463966369628906,0.994303286075592,0.003176948521286249,0.48046875,1.0005680322647095,/kaggle/input/datasets/shuvroahmedimaging/ws2-eca/test_set/test_set/images/before/before-video-008/frame_0065.jpg,/kaggle/input/datasets/shuvroahmedimaging/ws2-eca/test_set/test_set/masks/before/before-video-008/frame_0065.jpg
before-video-008,frame_0066.jpg,strict_qmem_v2_T2K2_qmem_only_lambda0p05,qmem,2,margin,0.05,0.0,0.0,0.3857905200376687,0.5567804288734521,0.40017365821891787,0.9147748418310383,18427,8061,0.04269570205360651,0.004342465195804834,0.6692888736724854,0.9937092065811157,0.0029781674966216087,0.517822265625,1.000228762626648,/kaggle/input/datasets/shuvroahmedimaging/ws2-eca/test_set/test_set/images/before/before-video-008/frame_0066.jpg,/kaggle/input/datasets/shuvroahmedimaging/ws2-eca/test_set/test_set/masks/before/before-video-008/frame_0066.jpg
before-video-008,frame_0067.jpg,strict_qmem_v2_T2K2_qmem_only_lambda0p05,qmem,2,margin,0.05,0.0,0.0,0.34371988435592676,0.5115945493664834,0.36524113717267276,0.8536585365853658,20507,8774,0.04269570205360651,0.00442955968901515,0.6349753737449646,0.9935701489448547,0.002767310943454504,0.47119140625,1.0002098083496094,/kaggle/input/datasets/shuvroahmedimaging/ws2-eca/test_set/test_set/images/before/before-video-008/frame_0067.jpg,/kaggle/input/datasets/shuvroahmedimaging/ws2-eca/test_set/test_set/masks/before/before-video-008/frame_0067.jpg
before-video-008,frame_0068.jpg,strict_qmem_v2_T2K2_qmem_only_lambda0p05,qmem,2,margin,0.05,0.0,0.0,0.3176879014060059,0.4821899040994836,0.32658815132048535,0.9209943639291466,28020,9936,0.04269570205360651,0.005760097410529852,0.6114765405654907,0.9918936491012573,0.0030216670129448175,0.43212890625,1.0,/kaggle/input/datasets/shuvroahmedimaging/ws2-eca/test_set/test_set/images/before/before-video-008/frame_0068.jpg,/kaggle/input/datasets/shuvroahmedimaging/ws2-eca/test_set/test_set/masks/before/before-video-008/frame_0068.jpg
before-video-008,frame_0069.jpg,strict_qmem_v2_T2K2_qmem_only_lambda0p05,qmem,2,margin,0.05,0.0,0.0,0.3382040928067894,0.5054596598900396,0.36858986312609554,0.8040188740644322,26813,12292,0.04269570205360651,0.006339807529002428,0.5790700316429138,0.9907813668251038,0.003059852635487914,0.38427734375,1.000162124633789,/kaggle/input/datasets/shuvroahmedimaging/ws2-eca/test_set/test_set/images/before/before-video-008/frame_0069.jpg,/kaggle/input/datasets/shuvroahmedimaging/ws2-eca/test_set/test_set/masks/before/before-video-008/frame_0069.jpg
before-video-008,frame_0070.jpg,strict_qmem_v2_T2K2_qmem_only_lambda0p05,qmem,2,margin,0.05,0.0,0.0,0.3529900863447394,0.521792568781318,0.38668768610965143,0.8020053767347235,28545,13763,0.04269570205360651,0.006235373206436634,0.5725467801094055,0.9905874133110046,0.0031572598963975906,0.373291015625,1.001220703125,/kaggle/input/datasets/shuvroahmedimaging/ws2-eca/test_set/test_set/images/before/before-video-008/frame_0070.jpg,/kaggle/input/datasets/shuvroahmedimaging/ws2-eca/test_set/test_set/masks/before/before-video-008/frame_0070.jpg
before-video-008,frame_0071.jpg,strict_qmem_v2_T2K2_qmem_only_lambda0p05,qmem,2,margin,0.05,0.0,0.0,0.37008316475612496,0.5402345992945615,0.41583533274403334,0.7708333333333334,23757,12816,0.04269570205360651,0.005705384537577629,0.5914102792739868,0.9912898540496826,0.003182364162057638,0.402099609375,1.001584529876709,/kaggle/input/datasets/shuvroahmedimaging/ws2-eca/test_set/test_set/images/before/before-video-008/frame_0071.jpg,/kaggle/input/datasets/shuvroahmedimaging/ws2-eca/test_set/test_set/masks/before/before-video-008/frame_0071.jpg
before-video-008,frame_0072.jpg,strict_qmem_v2_T2K2_qmem_only_lambda0p05,qmem,2,margin,0.05,0.0,0.0,0.3331031401064305,0.49974098790261146,0.37908557163330403,0.7330591811192562,21631,11186,0.04269570205360651,0.0052055474370718,0.5780161619186401,0.9920076131820679,0.003182522486895323,0.38232421875,1.001563549041748,/kaggle/input/datasets/shuvroahmedimaging/ws2-eca/test_set/test_set/images/before/before-video-008/frame_0072.jpg,/kaggle/input/datasets/shuvroahmedimaging/ws2-eca/test_set/test_set/masks/before/before-video-008/frame_0072.jpg
before-video-008,frame_0073.jpg,strict_qmem_v2_T2K2_qmem_only_lambda0p05,qmem,2,margin,0.05,0.0,0.0,0.3283283675709581,0.4943481982114925,0.3760833445597018,0.721112450490787,22269,11614,0.04269570205360651,0.005103269126266241,0.5763835906982422,0.9922798871994019,0.0029213258530944586,0.38330078125,1.0005404949188232,/kaggle/input/datasets/shuvroahmedimaging/ws2-eca/test_set/test_set/images/before/before-video-008/frame_0073.jpg,/kaggle/input/datasets/shuvroahmedimaging/ws2-eca/test_set/test_set/masks/before/before-video-008/frame_0073.jpg
before-video-008,frame_0074.jpg,strict_qmem_v2_T2K2_qmem_only_lambda0p05,qmem,2,margin,0.05,0.0,0.0,0.395712181127394,0.5670398044498763,0.41394273663719683,0.8998501278321431,24658,11343,0.04269570205360651,0.005064063705503941,0.5774345397949219,0.992285966873169,0.0030926065519452095,0.3818359375,1.0004377365112305,/kaggle/input/datasets/shuvroahmedimaging/ws2-eca/test_set/test_set/images/before/before-video-008/frame_0074.jpg,/kaggle/input/datasets/shuvroahmedimaging/ws2-eca/test_set/test_set/masks/before/before-video-008/frame_0074.jpg
before-video-008,frame_0075.jpg,strict_qmem_v2_T2K2_qmem_only_lambda0p05,qmem,2,margin,0.05,0.0,0.0,0.3652699569393839,0.5350882513495482,0.39361085084549147,0.835337562730802,22413,10561,0.04269570205360651,0.005328895524144173,0.5953288078308105,0.992027997970581,0.0030964151956140995,0.407470703125,1.0007548332214355,/kaggle/input/datasets/shuvroahmedimaging/ws2-eca/test_set/test_set/images/before/before-video-008/frame_0075.jpg,/kaggle/input/datasets/shuvroahmedimaging/ws2-eca/test_set/test_set/masks/before/before-video-008/frame_0075.jpg
before-video-008,frame_0076.jpg,strict_qmem_v2_T2K2_qmem_only_lambda0p05,qmem,2,margin,0.05,0.0,0.0,0.3710995542347697,0.541316716337036,0.40296475571018,0.824342444559051,19833,9695,0.04269570205360651,0.004662980325520039,0.6050101518630981,0.9926856756210327,0.0030613504350185394,0.42236328125,1.000781536102295,/kaggle/input/datasets/shuvroahmedimaging/ws2-eca/test_set/test_set/images/before/before-video-008/frame_0076.jpg,/kaggle/input/datasets/shuvroahmedimaging/ws2-eca/test_set/test_set/masks/before/before-video-008/frame_0076.jpg
before-video-008,frame_0077.jpg,strict_qmem_v2_T2K2_qmem_only_lambda0p05,qmem,2,margin,0.05,0.0,0.0,0.3081718878812861,0.47114892276182596,0.34468649147072383,0.7441831529177554,17352,8037,0.04269570205360651,0.004478394519537687,0.6206303834915161,0.9933708310127258,0.003115627449005842,0.447998046875,1.000270128250122,/kaggle/input/datasets/shuvroahmedimaging/ws2-eca/test_set/test_set/images/before/before-video-008/frame_0077.jpg,/kaggle/input/datasets/shuvroahmedimaging/ws2-eca/test_set/test_set/masks/before/before-video-008/frame_0077.jpg
before-video-008,frame_0078.jpg,strict_qmem_v2_T2K2_qmem_only_lambda0p05,qmem,2,margin,0.05,0.0,0.0,0.3303429538114523,0.4966282609533351,0.34561544650040227,0.8820147823706542,18645,7306,0.04269570205360651,0.0035622071009129286,0.6067638993263245,0.9945380687713623,0.0026542681735008955,0.432861328125,1.000137209892273,/kaggle/input/datasets/shuvroahmedimaging/ws2-eca/test_set/test_set/images/before/before-video-008/frame_0078.jpg,/kaggle/input/datasets/shuvroahmedimaging/ws2-eca/test_set/test_set/masks/before/before-video-008/frame_0078.jpg
before-video-008,frame_0079.jpg,strict_qmem_v2_T2K2_qmem_only_lambda0p05,qmem,2,margin,0.05,0.0,0.0,0.356101083032491,0.5251836865083591,0.40272182906913445,0.7546669386922371,18370,9803,0.04269570205360651,0.003897200571373105,0.6172043085098267,0.9943298101425171,0.0026363006327301264,0.4482421875,1.0,/kaggle/input/datasets/shuvroahmedimaging/ws2-eca/test_set/test_set/images/before/before-video-008/frame_0079.jpg,/kaggle/input/datasets/shuvroahmedimaging/ws2-eca/test_set/test_set/masks/before/before-video-008/frame_0079.jpg
before-video-008,frame_0080.jpg,strict_qmem_v2_T2K2_qmem_only_lambda0p05,qmem,2,margin,0.05,0.0,0.0,0.38846220227821887,0.5595574753721371,0.43377499397735486,0.788077731092437,20755,11424,0.04269570205360651,0.004195683170109987,0.614791989326477,0.9937726259231567,0.0027403393760323524,0.442138671875,1.0003679990768433,/kaggle/input/datasets/shuvroahmedimaging/ws2-eca/test_set/test_set/images/before/before-video-008/frame_0080.jpg,/kaggle/input/datasets/shuvroahmedimaging/ws2-eca/test_set/test_set/masks/before/before-video-008/frame_0080.jpg
before-video-008,frame_0081.jpg,strict_qmem_v2_T2K2_qmem_only_lambda0p05,qmem,2,margin,0.05,0.0,0.0,0.4236856288892155,0.5951954845814978,0.5049048230760248,0.7248113998323554,17126,11930,0.04269570205360651,0.004059203900396824,0.6073163151741028,0.9938559532165527,0.0028545197565108538,0.4296875,1.0003111362457275,/kaggle/input/datasets/shuvroahmedimaging/ws2-eca/test_set/test_set/images/before/before-video-008/frame_0081.jpg,/kaggle/input/datasets/shuvroahmedimaging/ws2-eca/test_set/test_set/masks/before/before-video-008/frame_0081.jpg
before-video-008,frame_0082.jpg,strict_qmem_v2_T2K2_qmem_only_lambda0p05,qmem,2,margin,0.05,0.0,0.0,0.44992444017035305,0.6206177752510896,0.5130816230612565,0.7851834092543755,19149,12513,0.04269570205360651,0.004491295665502548,0.6080716848373413,0.9934118390083313,0.002792166545987129,0.431884765625,1.0006743669509888,/kaggle/input/datasets/shuvroahmedimaging/ws2-eca/test_set/test_set/images/before/before-video-008/frame_0082.jpg,/kaggle/input/datasets/shuvroahmedimaging/ws2-eca/test_set/test_set/masks/before/before-video-008/frame_0082.jpg
before-video-008,frame_0083.jpg,strict_qmem_v2_T2K2_qmem_only_lambda0p05,qmem,2,margin,0.05,0.0,0.0,0.3952500118041456,0.5665651438240271,0.4356719059019465,0.8098877708978328,19214,10336,0.04269570205360651,0.0040385606698691845,0.584230899810791,0.9937869310379028,0.002852874342352152,0.396728515625,1.0,/kaggle/input/datasets/shuvroahmedimaging/ws2-eca/test_set/test_set/images/before/before-video-008/frame_0083.jpg,/kaggle/input/datasets/shuvroahmedimaging/ws2-eca/test_set/test_set/masks/before/before-video-008/frame_0083.jpg
before-video-008,frame_0084.jpg,strict_qmem_v2_T2K2_qmem_only_lambda0p05,qmem,2,margin,0.05,0.0,0.0,0.31327255439342244,0.4770868824531516,0.3208822686909195,0.9296265560165975,17455,6025,0.04269570205360651,0.0033085928298532963,0.6003104448318481,0.9947410821914673,0.002779129659757018,0.4208984375,1.0000739097595215,/kaggle/input/datasets/shuvroahmedimaging/ws2-eca/test_set/test_set/images/before/before-video-008/frame_0084.jpg,/kaggle/input/datasets/shuvroahmedimaging/ws2-eca/test_set/test_set/masks/before/before-video-008/frame_0084.jpg
before-video-008,frame_0085.jpg,strict_qmem_v2_T2K2_qmem_only_lambda0p05,qmem,2,margin,0.05,0.0,0.0,0.35708529214237744,0.5262532785668332,0.36020594810649686,0.9763128901946383,14761,5446,0.04269570205360651,0.003291998291388154,0.6503394246101379,0.9949955940246582,0.002749776467680931,0.49365234375,1.0000447034835815,/kaggle/input/datasets/shuvroahmedimaging/ws2-eca/test_set/test_set/images/before/before-video-008/frame_0085.jpg,/kaggle/input/datasets/shuvroahmedimaging/ws2-eca/test_set/test_set/masks/before/before-video-008/frame_0085.jpg
before-video-008,frame_0086.jpg,strict_qmem_v2_T2K2_qmem_only_lambda0p05,qmem,2,margin,0.05,0.0,0.0,0.28170993881263434,0.43958454293271404,0.2962093548948009,0.8519629907476869,11502,3999,0.04269570205360651,0.003321268828585744,0.6881438493728638,0.9952388405799866,0.002756439382210374,0.548828125,1.000244140625,/kaggle/input/datasets/shuvroahmedimaging/ws2-eca/test_set/test_set/images/before/before-video-008/frame_0086.jpg,/kaggle/input/datasets/shuvroahmedimaging/ws2-eca/test_set/test_set/masks/before/before-video-008/frame_0086.jpg
before-video-008,frame_0087.jpg,strict_qmem_v2_T2K2_qmem_only_lambda0p05,qmem,2,margin,0.05,0.0,0.0,0.26342737722048065,0.4170043834256885,0.2739026510212951,0.8732248008313128,9204,2887,0.04269570205360651,0.0029632726218551397,0.6959859132766724,0.9959486722946167,0.002471038606017828,0.564697265625,1.0001351833343506,/kaggle/input/datasets/shuvroahmedimaging/ws2-eca/test_set/test_set/images/before/before-video-008/frame_0087.jpg,/kaggle/input/datasets/shuvroahmedimaging/ws2-eca/test_set/test_set/masks/before/before-video-008/frame_0087.jpg
before-video-008,frame_0088.jpg,strict_qmem_v2_T2K2_qmem_only_lambda0p05,qmem,2,margin,0.05,0.0,0.0,0.3134054808867167,0.4772410126918732,0.31840751906366377,0.9522673031026253,11278,3771,0.04269570205360651,0.003957538399845362,0.6974802017211914,0.9950439929962158,0.0024575055576860905,0.567626953125,1.0003676414489746,/kaggle/input/datasets/shuvroahmedimaging/ws2-eca/test_set/test_set/images/before/before-video-008/frame_0088.jpg,/kaggle/input/datasets/shuvroahmedimaging/ws2-eca/test_set/test_set/masks/before/before-video-008/frame_0088.jpg
before-video-008,frame_0089.jpg,strict_qmem_v2_T2K2_qmem_only_lambda0p05,qmem,2,margin,0.05,0.0,0.0,0.3090442179600353,0.47216772927905837,0.3114687803299903,0.9754305977710233,12364,3948,0.04269570205360651,0.004301616922020912,0.6938234567642212,0.9944812059402466,0.0026177396066486835,0.559326171875,1.0008513927459717,/kaggle/input/datasets/shuvroahmedimaging/ws2-eca/test_set/test_set/images/before/before-video-008/frame_0089.jpg,/kaggle/input/datasets/shuvroahmedimaging/ws2-eca/test_set/test_set/masks/before/before-video-008/frame_0089.jpg
before-video-008,frame_0090.jpg,strict_qmem_v2_T2K2_qmem_only_lambda0p05,qmem,2,margin,0.05,0.0,0.0,0.2387691745799854,0.38549421390137834,0.24201758445164276,0.9467776973207821,10805,2762,0.04269570205360651,0.003709265496581793,0.6814014911651611,0.9951604604721069,0.0024355624336749315,0.544677734375,1.0,/kaggle/input/datasets/shuvroahmedimaging/ws2-eca/test_set/test_set/images/before/before-video-008/frame_0090.jpg,/kaggle/input/datasets/shuvroahmedimaging/ws2-eca/test_set/test_set/masks/before/before-video-008/frame_0090.jpg
before-video-008,frame_0091.jpg,strict_qmem_v2_T2K2_qmem_only_lambda0p05,qmem,2,margin,0.05,0.0,0.0,0.2964512211577385,0.4573272273105745,0.3129852553600684,0.8487541046938382,14039,5177,0.04269570205360651,0.004219247959554195,0.673229992389679,0.994596004486084,0.002545696683228016,0.531005859375,1.00048828125,/kaggle/input/datasets/shuvroahmedimaging/ws2-eca/test_set/test_set/images/before/before-video-008/frame_0091.jpg,/kaggle/input/datasets/shuvroahmedimaging/ws2-eca/test_set/test_set/masks/before/before-video-008/frame_0091.jpg
before-video-009,frame_0001.jpg,strict_qmem_v2_T2K2_qmem_only_lambda0p05,qmem,2,margin,0.05,0.0,0.0,0.2758255197717081,0.4323875255623722,0.2787574159525379,0.9632687927107062,12136,3512,0.04269570205360651,0.0,0.0,0.0,0.0,0.0,0.0,/kaggle/input/datasets/shuvroahmedimaging/ws2-eca/test_set/test_set/images/before/before-video-009/frame_0001.jpg,/kaggle/input/datasets/shuvroahmedimaging/ws2-eca/test_set/test_set/masks/before/before-video-009/frame_0001.jpg
before-video-009,frame_0002.jpg,strict_qmem_v2_T2K2_qmem_only_lambda0p05,qmem,2,margin,0.05,0.0,0.0,0.32174650275540484,0.4868505452212957,0.34681288553803974,0.8165680473372781,17508,7436,0.04269570205360651,0.005974396597594023,0.6626948118209839,0.9927732348442078,0.002518842462450266,0.516357421875,1.0,/kaggle/input/datasets/shuvroahmedimaging/ws2-eca/test_set/test_set/images/before/before-video-009/frame_0002.jpg,/kaggle/input/datasets/shuvroahmedimaging/ws2-eca/test_set/test_set/masks/before/before-video-009/frame_0002.jpg
before-video-009,frame_0003.jpg,strict_qmem_v2_T2K2_qmem_only_lambda0p05,qmem,2,margin,0.05,0.0,0.0,0.32287462569977865,0.4881409310107273,0.3537298530880046,0.7873015873015873,21033,9450,0.04269570205360651,0.004354798700660467,0.5771995782852173,0.9936689734458923,0.0026604875456541777,0.39013671875,1.0001126527786255,/kaggle/input/datasets/shuvroahmedimaging/ws2-eca/test_set/test_set/images/before/before-video-009/frame_0003.jpg,/kaggle/input/datasets/shuvroahmedimaging/ws2-eca/test_set/test_set/masks/before/before-video-009/frame_0003.jpg
before-video-009,frame_0004.jpg,strict_qmem_v2_T2K2_qmem_only_lambda0p05,qmem,2,margin,0.05,0.0,0.0,0.3950927499815239,0.566403559887694,0.42511232157767087,0.8483694358486075,25151,12603,0.04269570205360651,0.005502075422555208,0.5711860060691833,0.992080569267273,0.0026928111910820007,0.38037109375,1.0,/kaggle/input/datasets/shuvroahmedimaging/ws2-eca/test_set/test_set/images/before/before-video-009/frame_0004.jpg,/kaggle/input/datasets/shuvroahmedimaging/ws2-eca/test_set/test_set/masks/before/before-video-009/frame_0004.jpg
before-video-009,frame_0005.jpg,strict_qmem_v2_T2K2_qmem_only_lambda0p05,qmem,2,margin,0.05,0.0,0.0,0.3609371375550916,0.5304244077041077,0.3837553436369615,0.858561706823616,24328,10874,0.04269570205360651,0.0049882447347044945,0.5497680306434631,0.992414653301239,0.0029740736354142427,0.34423828125,1.0004950761795044,/kaggle/input/datasets/shuvroahmedimaging/ws2-eca/test_set/test_set/images/before/before-video-009/frame_0005.jpg,/kaggle/input/datasets/shuvroahmedimaging/ws2-eca/test_set/test_set/masks/before/before-video-009/frame_0005.jpg
before-video-009,frame_0006.jpg,strict_qmem_v2_T2K2_qmem_only_lambda0p05,qmem,2,margin,0.05,0.0,0.0,0.37385546531477937,0.5442427893666691,0.3994804046210823,0.8535490728711468,18091,8467,0.04269570205360651,0.003963489085435867,0.5990522503852844,0.9938923716545105,0.002716795774176717,0.419921875,1.0001319646835327,/kaggle/input/datasets/shuvroahmedimaging/ws2-eca/test_set/test_set/images/before/before-video-009/frame_0006.jpg,/kaggle/input/datasets/shuvroahmedimaging/ws2-eca/test_set/test_set/masks/before/before-video-009/frame_0006.jpg
before-video-009,frame_0007.jpg,strict_qmem_v2_T2K2_qmem_only_lambda0p05,qmem,2,margin,0.05,0.0,0.0,0.3726736528660597,0.5429894455800759,0.4176346018096644,0.7758702908917501,15583,8388,0.04269570205360651,0.004309806972742081,0.6232430338859558,0.9939693808555603,0.0026840355712920427,0.4560546875,1.0000206232070923,/kaggle/input/datasets/shuvroahmedimaging/ws2-eca/test_set/test_set/images/before/before-video-009/frame_0007.jpg,/kaggle/input/datasets/shuvroahmedimaging/ws2-eca/test_set/test_set/masks/before/before-video-009/frame_0007.jpg
before-video-009,frame_0008.jpg,strict_qmem_v2_T2K2_qmem_only_lambda0p05,qmem,2,margin,0.05,0.0,0.0,0.39278600269179004,0.5640292219087009,0.4716834755624515,0.701336153032779,15468,10403,0.04269570205360651,0.0053547825664281845,0.5998324751853943,0.9930037260055542,0.0026091064792126417,0.424072265625,1.000289797782898,/kaggle/input/datasets/shuvroahmedimaging/ws2-eca/test_set/test_set/images/before/before-video-009/frame_0008.jpg,/kaggle/input/datasets/shuvroahmedimaging/ws2-eca/test_set/test_set/masks/before/before-video-009/frame_0008.jpg
before-video-009,frame_0009.jpg,strict_qmem_v2_T2K2_qmem_only_lambda0p05,qmem,2,margin,0.05,0.0,0.0,0.4331715350611077,0.6044936345217575,0.5230245944531658,0.7160255032595458,19110,13959,0.04269570205360651,0.005187590606510639,0.5685588121414185,0.9927047491073608,0.0027170355897396803,0.37646484375,1.000244140625,/kaggle/input/datasets/shuvroahmedimaging/ws2-eca/test_set/test_set/images/before/before-video-009/frame_0009.jpg,/kaggle/input/datasets/shuvroahmedimaging/ws2-eca/test_set/test_set/masks/before/before-video-009/frame_0009.jpg
before-video-009,frame_0010.jpg,strict_qmem_v2_T2K2_qmem_only_lambda0p05,qmem,2,margin,0.05,0.0,0.0,0.49389520686527594,0.6612180085933121,0.5663426537061482,0.7942776998597475,24999,17825,0.04269570205360651,0.0071563501842319965,0.570792019367218,0.9901530146598816,0.0030165223870426416,0.374755859375,1.0004075765609741,/kaggle/input/datasets/shuvroahmedimaging/ws2-eca/test_set/test_set/images/before/before-video-009/frame_0010.jpg,/kaggle/input/datasets/shuvroahmedimaging/ws2-eca/test_set/test_set/masks/before/before-video-009/frame_0010.jpg
before-video-009,frame_0011.jpg,strict_qmem_v2_T2K2_qmem_only_lambda0p05,qmem,2,margin,0.05,0.0,0.0,0.519399375188955,0.6836903893347482,0.5827899438392824,0.8268449197860963,26531,18700,0.04269570205360651,0.006374527234584093,0.5722627639770508,0.9904466867446899,0.003221269464120269,0.373046875,1.0,/kaggle/input/datasets/shuvroahmedimaging/ws2-eca/test_set/test_set/images/before/before-video-009/frame_0011.jpg,/kaggle/input/datasets/shuvroahmedimaging/ws2-eca/test_set/test_set/masks/before/before-video-009/frame_0011.jpg
before-video-009,frame_0012.jpg,strict_qmem_v2_T2K2_qmem_only_lambda0p05,qmem,2,margin,0.05,0.0,0.0,0.4933227028104445,0.6607047517351842,0.5518394648829431,0.8230794812105088,22425,15035,0.04269570205360651,0.005326771177351475,0.588847815990448,0.9915803074836731,0.0032656677067279816,0.3955078125,1.000332236289978,/kaggle/input/datasets/shuvroahmedimaging/ws2-eca/test_set/test_set/images/before/before-video-009/frame_0012.jpg,/kaggle/input/datasets/shuvroahmedimaging/ws2-eca/test_set/test_set/masks/before/before-video-009/frame_0012.jpg
before-video-009,frame_0013.jpg,strict_qmem_v2_T2K2_qmem_only_lambda0p05,qmem,2,margin,0.05,0.0,0.0,0.5037849125554685,0.6700225655268183,0.5433048700384724,0.8738303652278901,21314,13252,0.04269570205360651,0.005165001843124628,0.6138081550598145,0.9918097853660583,0.003088966943323612,0.43408203125,1.0012016296386719,/kaggle/input/datasets/shuvroahmedimaging/ws2-eca/test_set/test_set/images/before/before-video-009/frame_0013.jpg,/kaggle/input/datasets/shuvroahmedimaging/ws2-eca/test_set/test_set/masks/before/before-video-009/frame_0013.jpg
before-video-009,frame_0014.jpg,strict_qmem_v2_T2K2_qmem_only_lambda0p05,qmem,2,margin,0.05,0.0,0.0,0.4098317444976497,0.5813910008724916,0.4404003210121324,0.8551654597121643,21183,10909,0.04269570205360651,0.004718426614999771,0.6035190224647522,0.9924243092536926,0.003253435017541051,0.42041015625,1.000874400138855,/kaggle/input/datasets/shuvroahmedimaging/ws2-eca/test_set/test_set/images/before/before-video-009/frame_0014.jpg,/kaggle/input/datasets/shuvroahmedimaging/ws2-eca/test_set/test_set/masks/before/before-video-009/frame_0014.jpg
before-video-010,frame_0001.jpg,strict_qmem_v2_T2K2_qmem_only_lambda0p05,qmem,2,margin,0.05,0.0,0.0,0.3872882123765516,0.5583385037390197,0.4368867538838921,0.7733152419719584,19568,11055,0.04269570205360651,0.0,0.0,0.0,0.0,0.0,0.0,/kaggle/input/datasets/shuvroahmedimaging/ws2-eca/test_set/test_set/images/before/before-video-010/frame_0001.jpg,/kaggle/input/datasets/shuvroahmedimaging/ws2-eca/test_set/test_set/masks/before/before-video-010/frame_0001.jpg
before-video-010,frame_0002.jpg,strict_qmem_v2_T2K2_qmem_only_lambda0p05,qmem,2,margin,0.05,0.0,0.0,0.45318917898116234,0.6237166991552956,0.4969455373783392,0.8373168178646196,19316,11464,0.04269570205360651,0.004515601322054863,0.6094395518302917,0.9933555722236633,0.0027101701125502586,0.43505859375,1.0,/kaggle/input/datasets/shuvroahmedimaging/ws2-eca/test_set/test_set/images/before/before-video-010/frame_0002.jpg,/kaggle/input/datasets/shuvroahmedimaging/ws2-eca/test_set/test_set/masks/before/before-video-010/frame_0002.jpg
before-video-010,frame_0003.jpg,strict_qmem_v2_T2K2_qmem_only_lambda0p05,qmem,2,margin,0.05,0.0,0.0,0.29728056143247844,0.4583134447096261,0.32908717011310407,0.7546502488865601,17506,7634,0.04269570205360651,0.0042424993589520454,0.6424180269241333,0.9938122034072876,0.0027895912062376738,0.48095703125,1.0,/kaggle/input/datasets/shuvroahmedimaging/ws2-eca/test_set/test_set/images/before/before-video-010/frame_0003.jpg,/kaggle/input/datasets/shuvroahmedimaging/ws2-eca/test_set/test_set/masks/before/before-video-010/frame_0003.jpg
before-video-010,frame_0004.jpg,strict_qmem_v2_T2K2_qmem_only_lambda0p05,qmem,2,margin,0.05,0.0,0.0,0.33550304956178567,0.5024369651149403,0.34516214078565777,0.9230118443316413,18965,7092,0.04269570205360651,0.005195696838200092,0.6277145147323608,0.9926203489303589,0.0027510207146406174,0.4609375,1.000244140625,/kaggle/input/datasets/shuvroahmedimaging/ws2-eca/test_set/test_set/images/before/before-video-010/frame_0004.jpg,/kaggle/input/datasets/shuvroahmedimaging/ws2-eca/test_set/test_set/masks/before/before-video-010/frame_0004.jpg
before-video-010,frame_0005.jpg,strict_qmem_v2_T2K2_qmem_only_lambda0p05,qmem,2,margin,0.05,0.0,0.0,0.22875549647203192,0.3723368841544607,0.2312503230475009,0.9549626467449306,19347,4685,0.04269570205360651,0.004733208566904068,0.5873856544494629,0.992919921875,0.0026826083194464445,0.403564453125,1.0007264614105225,/kaggle/input/datasets/shuvroahmedimaging/ws2-eca/test_set/test_set/images/before/before-video-010/frame_0005.jpg,/kaggle/input/datasets/shuvroahmedimaging/ws2-eca/test_set/test_set/masks/before/before-video-010/frame_0005.jpg
before-video-010,frame_0006.jpg,strict_qmem_v2_T2K2_qmem_only_lambda0p05,qmem,2,margin,0.05,0.0,0.0,0.2019767941555651,0.3360743653914909,0.20351214818378638,0.963992707383774,20785,4388,0.04269570205360651,0.005554466042667627,0.5946959853172302,0.9921448230743408,0.0027770299930125475,0.412353515625,1.0004658699035645,/kaggle/input/datasets/shuvroahmedimaging/ws2-eca/test_set/test_set/images/before/before-video-010/frame_0006.jpg,/kaggle/input/datasets/shuvroahmedimaging/ws2-eca/test_set/test_set/masks/before/before-video-010/frame_0006.jpg
before-video-010,frame_0007.jpg,strict_qmem_v2_T2K2_qmem_only_lambda0p05,qmem,2,margin,0.05,0.0,0.0,0.20524178663713546,0.3405819295558959,0.2071245634458673,0.9575888051668461,21475,4645,0.04269570205360651,0.005439025349915028,0.5926032066345215,0.9922270178794861,0.0028740426059812307,0.407470703125,1.000244140625,/kaggle/input/datasets/shuvroahmedimaging/ws2-eca/test_set/test_set/images/before/before-video-010/frame_0007.jpg,/kaggle/input/datasets/shuvroahmedimaging/ws2-eca/test_set/test_set/masks/before/before-video-010/frame_0007.jpg
before-video-010,frame_0008.jpg,strict_qmem_v2_T2K2_qmem_only_lambda0p05,qmem,2,margin,0.05,0.0,0.0,0.20758778420556975,0.34380570409982175,0.21222262974509445,0.9048084440969507,21812,5116,0.04269570205360651,0.005013205111026764,0.5809394717216492,0.9927193522453308,0.002699462464079261,0.39453125,1.0002546310424805,/kaggle/input/datasets/shuvroahmedimaging/ws2-eca/test_set/test_set/images/before/before-video-010/frame_0008.jpg,/kaggle/input/datasets/shuvroahmedimaging/ws2-eca/test_set/test_set/masks/before/before-video-010/frame_0008.jpg
before-video-010,frame_0009.jpg,strict_qmem_v2_T2K2_qmem_only_lambda0p05,qmem,2,margin,0.05,0.0,0.0,0.34395299961788306,0.5118527206169812,0.3496649509565893,0.9546599496221663,20594,7543,0.04269570205360651,0.0063366033136844635,0.5646705031394958,0.9913581013679504,0.0027723200619220734,0.37060546875,1.000244140625,/kaggle/input/datasets/shuvroahmedimaging/ws2-eca/test_set/test_set/images/before/before-video-010/frame_0009.jpg,/kaggle/input/datasets/shuvroahmedimaging/ws2-eca/test_set/test_set/masks/before/before-video-010/frame_0009.jpg
before-video-010,frame_0010.jpg,strict_qmem_v2_T2K2_qmem_only_lambda0p05,qmem,2,margin,0.05,0.0,0.0,0.42599509746702463,0.5974706339786354,0.432507703247215,0.9658594680428741,16876,7557,0.04269570205360651,0.006097843870520592,0.5916472673416138,0.9916065335273743,0.0027109652291983366,0.40966796875,1.0004968643188477,/kaggle/input/datasets/shuvroahmedimaging/ws2-eca/test_set/test_set/images/before/before-video-010/frame_0010.jpg,/kaggle/input/datasets/shuvroahmedimaging/ws2-eca/test_set/test_set/masks/before/before-video-010/frame_0010.jpg
before-video-010,frame_0011.jpg,strict_qmem_v2_T2K2_qmem_only_lambda0p05,qmem,2,margin,0.05,0.0,0.0,0.40006963788300837,0.571499626958468,0.4035827186512118,0.9787052810902896,14235,5870,0.04269570205360651,0.004683774895966053,0.6444491744041443,0.9932980537414551,0.002655242569744587,0.487060546875,1.000244140625,/kaggle/input/datasets/shuvroahmedimaging/ws2-eca/test_set/test_set/images/before/before-video-010/frame_0011.jpg,/kaggle/input/datasets/shuvroahmedimaging/ws2-eca/test_set/test_set/masks/before/before-video-010/frame_0011.jpg
before-video-011,frame_0001.jpg,strict_qmem_v2_T2K2_qmem_only_lambda0p05,qmem,2,margin,0.05,0.0,0.0,0.36819250025544087,0.538217392927822,0.3747010502235624,0.9549489863521929,19234,7547,0.04269570205360651,0.0,0.0,0.0,0.0,0.0,0.0,/kaggle/input/datasets/shuvroahmedimaging/ws2-eca/test_set/test_set/images/before/before-video-011/frame_0001.jpg,/kaggle/input/datasets/shuvroahmedimaging/ws2-eca/test_set/test_set/masks/before/before-video-011/frame_0001.jpg
before-video-011,frame_0002.jpg,strict_qmem_v2_T2K2_qmem_only_lambda0p05,qmem,2,margin,0.05,0.0,0.0,0.2819459800979308,0.4398718580581567,0.2910009781545484,0.9006054490413723,12268,3964,0.04269570205360651,0.004309386946260929,0.6026291847229004,0.9937714338302612,0.0025941752828657627,0.427734375,1.0,/kaggle/input/datasets/shuvroahmedimaging/ws2-eca/test_set/test_set/images/before/before-video-011/frame_0002.jpg,/kaggle/input/datasets/shuvroahmedimaging/ws2-eca/test_set/test_set/masks/before/before-video-011/frame_0002.jpg
before-video-011,frame_0003.jpg,strict_qmem_v2_T2K2_qmem_only_lambda0p05,qmem,2,margin,0.05,0.0,0.0,0.3441698892311726,0.5120928418178272,0.3670487907171816,0.846662366978394,14306,6202,0.04269570205360651,0.00413867412135005,0.655290961265564,0.994247555732727,0.0025868688244372606,0.503662109375,1.0003665685653687,/kaggle/input/datasets/shuvroahmedimaging/ws2-eca/test_set/test_set/images/before/before-video-011/frame_0003.jpg,/kaggle/input/datasets/shuvroahmedimaging/ws2-eca/test_set/test_set/masks/before/before-video-011/frame_0003.jpg
before-video-011,frame_0004.jpg,strict_qmem_v2_T2K2_qmem_only_lambda0p05,qmem,2,margin,0.05,0.0,0.0,0.41524322763797333,0.5868153537551423,0.4390740269651488,0.8844025415044067,19655,9758,0.04269570205360651,0.005671622697263956,0.6350756883621216,0.9922683238983154,0.0028106356039643288,0.47021484375,1.0,/kaggle/input/datasets/shuvroahmedimaging/ws2-eca/test_set/test_set/images/before/before-video-011/frame_0004.jpg,/kaggle/input/datasets/shuvroahmedimaging/ws2-eca/test_set/test_set/masks/before/before-video-011/frame_0004.jpg
before-video-011,frame_0005.jpg,strict_qmem_v2_T2K2_qmem_only_lambda0p05,qmem,2,margin,0.05,0.0,0.0,0.4992758121249741,0.6660226331769252,0.5148282483464903,0.9429464634622899,23435,12795,0.04269570205360651,0.005550595000386238,0.6002821326255798,0.9916377067565918,0.0030778476502746344,0.4150390625,1.000563621520996,/kaggle/input/datasets/shuvroahmedimaging/ws2-eca/test_set/test_set/images/before/before-video-011/frame_0005.jpg,/kaggle/input/datasets/shuvroahmedimaging/ws2-eca/test_set/test_set/masks/before/before-video-011/frame_0005.jpg
before-video-011,frame_0006.jpg,strict_qmem_v2_T2K2_qmem_only_lambda0p05,qmem,2,margin,0.05,0.0,0.0,0.5299514955537591,0.6927690153496605,0.5520421052631579,0.9297922133182044,23750,14101,0.04269570205360651,0.005225684028118849,0.6115050911903381,0.9918460845947266,0.003138899337500334,0.429443359375,1.0,/kaggle/input/datasets/shuvroahmedimaging/ws2-eca/test_set/test_set/images/before/before-video-011/frame_0006.jpg,/kaggle/input/datasets/shuvroahmedimaging/ws2-eca/test_set/test_set/masks/before/before-video-011/frame_0006.jpg
before-video-011,frame_0007.jpg,strict_qmem_v2_T2K2_qmem_only_lambda0p05,qmem,2,margin,0.05,0.0,0.0,0.5059944926922262,0.6719738951869251,0.529596949408061,0.9190520160049246,22553,12996,0.04269570205360651,0.004766205325722694,0.607631266117096,0.9923622608184814,0.003102668793871999,0.425048828125,1.0010937452316284,/kaggle/input/datasets/shuvroahmedimaging/ws2-eca/test_set/test_set/images/before/before-video-011/frame_0007.jpg,/kaggle/input/datasets/shuvroahmedimaging/ws2-eca/test_set/test_set/masks/before/before-video-011/frame_0007.jpg
before-video-011,frame_0008.jpg,strict_qmem_v2_T2K2_qmem_only_lambda0p05,qmem,2,margin,0.05,0.0,0.0,0.5001943688565558,0.6668394165988006,0.5280220424434283,0.9046805946163118,17058,9956,0.04269570205360651,0.0035393238067626953,0.6359059810638428,0.9940972328186035,0.0028986253309994936,0.470458984375,1.0001152753829956,/kaggle/input/datasets/shuvroahmedimaging/ws2-eca/test_set/test_set/images/before/before-video-011/frame_0008.jpg,/kaggle/input/datasets/shuvroahmedimaging/ws2-eca/test_set/test_set/masks/before/before-video-011/frame_0008.jpg
before-video-011,frame_0009.jpg,strict_qmem_v2_T2K2_qmem_only_lambda0p05,qmem,2,margin,0.05,0.0,0.0,0.39726426076833526,0.5686315350968548,0.47032474804031354,0.7188940092165899,11609,7595,0.04269570205360651,0.0030018792022019625,0.6677742600440979,0.995268702507019,0.002591547789052129,0.521484375,1.0003690719604492,/kaggle/input/datasets/shuvroahmedimaging/ws2-eca/test_set/test_set/images/before/before-video-011/frame_0009.jpg,/kaggle/input/datasets/shuvroahmedimaging/ws2-eca/test_set/test_set/masks/before/before-video-011/frame_0009.jpg
before-video-011,frame_0010.jpg,strict_qmem_v2_T2K2_qmem_only_lambda0p05,qmem,2,margin,0.05,0.0,0.0,0.4001707455890723,0.5716027803747815,0.5086818116046882,0.6522868540680954,13822,10779,0.04269570205360651,0.004298959393054247,0.6695793867111206,0.9943592548370361,0.002526764292269945,0.525634765625,1.000244140625,/kaggle/input/datasets/shuvroahmedimaging/ws2-eca/test_set/test_set/images/before/before-video-011/frame_0010.jpg,/kaggle/input/datasets/shuvroahmedimaging/ws2-eca/test_set/test_set/masks/before/before-video-011/frame_0010.jpg
before-video-011,frame_0011.jpg,strict_qmem_v2_T2K2_qmem_only_lambda0p05,qmem,2,margin,0.05,0.0,0.0,0.3956879168605553,0.5670148921982663,0.4681306581844874,0.7188615442419688,16348,10646,0.04269570205360651,0.004685814958065748,0.6251043677330017,0.9935967326164246,0.002577530685812235,0.46044921875,1.000283122062683,/kaggle/input/datasets/shuvroahmedimaging/ws2-eca/test_set/test_set/images/before/before-video-011/frame_0011.jpg,/kaggle/input/datasets/shuvroahmedimaging/ws2-eca/test_set/test_set/masks/before/before-video-011/frame_0011.jpg
before-video-011,frame_0012.jpg,strict_qmem_v2_T2K2_qmem_only_lambda0p05,qmem,2,margin,0.05,0.0,0.0,0.3988203266787659,0.570223807979241,0.463363205060622,0.7411467116357504,17073,10674,0.04269570205360651,0.004380940459668636,0.6385781764984131,0.9937459826469421,0.0026886905543506145,0.4775390625,1.0003719329833984,/kaggle/input/datasets/shuvroahmedimaging/ws2-eca/test_set/test_set/images/before/before-video-011/frame_0012.jpg,/kaggle/input/datasets/shuvroahmedimaging/ws2-eca/test_set/test_set/masks/before/before-video-011/frame_0012.jpg
before-video-011,frame_0013.jpg,strict_qmem_v2_T2K2_qmem_only_lambda0p05,qmem,2,margin,0.05,0.0,0.0,0.40240192153722976,0.5738753139986298,0.44237116577916646,0.81663823218783,22723,12309,0.04269570205360651,0.0063627432100474834,0.6562149524688721,0.9915168881416321,0.0029606823809444904,0.498779296875,1.0009765625,/kaggle/input/datasets/shuvroahmedimaging/ws2-eca/test_set/test_set/images/before/before-video-011/frame_0013.jpg,/kaggle/input/datasets/shuvroahmedimaging/ws2-eca/test_set/test_set/masks/before/before-video-011/frame_0013.jpg
before-video-011,frame_0014.jpg,strict_qmem_v2_T2K2_qmem_only_lambda0p05,qmem,2,margin,0.05,0.0,0.0,0.5083803168028228,0.6740744507729862,0.5393034421026934,0.8986440677966102,24578,14750,0.04269570205360651,0.007205747067928314,0.5983411073684692,0.990037202835083,0.003176818136125803,0.41064453125,1.0001754760742188,/kaggle/input/datasets/shuvroahmedimaging/ws2-eca/test_set/test_set/images/before/before-video-011/frame_0014.jpg,/kaggle/input/datasets/shuvroahmedimaging/ws2-eca/test_set/test_set/masks/before/before-video-011/frame_0014.jpg
before-video-012,frame_0001.jpg,strict_qmem_v2_T2K2_qmem_only_lambda0p05,qmem,2,margin,0.05,0.0,0.0,0.48178493050475496,0.6502764612954186,0.5093580819798917,0.898989898989899,19395,10989,0.04269570205360651,0.0,0.0,0.0,0.0,0.0,0.0,/kaggle/input/datasets/shuvroahmedimaging/ws2-eca/test_set/test_set/images/before/before-video-012/frame_0001.jpg,/kaggle/input/datasets/shuvroahmedimaging/ws2-eca/test_set/test_set/masks/before/before-video-012/frame_0001.jpg
before-video-012,frame_0002.jpg,strict_qmem_v2_T2K2_qmem_only_lambda0p05,qmem,2,margin,0.05,0.0,0.0,0.41443774531623034,0.5860105850379059,0.4431464174454829,0.8648146584480284,23112,11843,0.04269570205360651,0.007197116501629353,0.6227547526359558,0.9901754856109619,0.003047271864488721,0.448486328125,1.0,/kaggle/input/datasets/shuvroahmedimaging/ws2-eca/test_set/test_set/images/before/before-video-012/frame_0002.jpg,/kaggle/input/datasets/shuvroahmedimaging/ws2-eca/test_set/test_set/masks/before/before-video-012/frame_0002.jpg
before-video-012,frame_0003.jpg,strict_qmem_v2_T2K2_qmem_only_lambda0p05,qmem,2,margin,0.05,0.0,0.0,0.3273117736230419,0.49319501284857714,0.3355638059057158,0.9301184635634797,23164,8357,0.04269570205360651,0.006136513315141201,0.6080629825592041,0.9908217191696167,0.003332896623760462,0.426025390625,1.0013231039047241,/kaggle/input/datasets/shuvroahmedimaging/ws2-eca/test_set/test_set/images/before/before-video-012/frame_0003.jpg,/kaggle/input/datasets/shuvroahmedimaging/ws2-eca/test_set/test_set/masks/before/before-video-012/frame_0003.jpg
before-video-012,frame_0004.jpg,strict_qmem_v2_T2K2_qmem_only_lambda0p05,qmem,2,margin,0.05,0.0,0.0,0.36842528874401387,0.5384660628161393,0.39938053483400954,0.8261889721144301,22923,11081,0.04269570205360651,0.005877100396901369,0.6042916774749756,0.991467297077179,0.0030034100636839867,0.421875,1.0011953115463257,/kaggle/input/datasets/shuvroahmedimaging/ws2-eca/test_set/test_set/images/before/before-video-012/frame_0004.jpg,/kaggle/input/datasets/shuvroahmedimaging/ws2-eca/test_set/test_set/masks/before/before-video-012/frame_0004.jpg
before-video-012,frame_0005.jpg,strict_qmem_v2_T2K2_qmem_only_lambda0p05,qmem,2,margin,0.05,0.0,0.0,0.37257622923151934,0.5428860289094735,0.41991799467388086,0.7676970633693972,23657,12940,0.04269570205360651,0.005861657205969095,0.5669176578521729,0.9914084672927856,0.002994702197611332,0.369140625,1.0006868839263916,/kaggle/input/datasets/shuvroahmedimaging/ws2-eca/test_set/test_set/images/before/before-video-012/frame_0005.jpg,/kaggle/input/datasets/shuvroahmedimaging/ws2-eca/test_set/test_set/masks/before/before-video-012/frame_0005.jpg
before-video-012,frame_0006.jpg,strict_qmem_v2_T2K2_qmem_only_lambda0p05,qmem,2,margin,0.05,0.0,0.0,0.3898925492974377,0.5610398436836292,0.4235143223599829,0.8308311666526881,23390,11923,0.04269570205360651,0.005612342618405819,0.5845345258712769,0.9916197657585144,0.0029187072068452835,0.396484375,1.000993251800537,/kaggle/input/datasets/shuvroahmedimaging/ws2-eca/test_set/test_set/images/before/before-video-012/frame_0006.jpg,/kaggle/input/datasets/shuvroahmedimaging/ws2-eca/test_set/test_set/masks/before/before-video-012/frame_0006.jpg
before-video-012,frame_0007.jpg,strict_qmem_v2_T2K2_qmem_only_lambda0p05,qmem,2,margin,0.05,0.0,0.0,0.37587571087117777,0.5463803276724474,0.4096012214837435,0.8203075816170519,22268,11119,0.04269570205360651,0.004530622158199549,0.5998245477676392,0.9930561780929565,0.0028033978305757046,0.41943359375,1.0004905462265015,/kaggle/input/datasets/shuvroahmedimaging/ws2-eca/test_set/test_set/images/before/before-video-012/frame_0007.jpg,/kaggle/input/datasets/shuvroahmedimaging/ws2-eca/test_set/test_set/masks/before/before-video-012/frame_0007.jpg
before-video-012,frame_0008.jpg,strict_qmem_v2_T2K2_qmem_only_lambda0p05,qmem,2,margin,0.05,0.0,0.0,0.36026006034079805,0.5296929180594171,0.3999433908859326,0.7840562286137057,21198,10813,0.04269570205360651,0.005038439761847258,0.6080939769744873,0.9926291108131409,0.002915407298132777,0.4296875,1.0007367134094238,/kaggle/input/datasets/shuvroahmedimaging/ws2-eca/test_set/test_set/images/before/before-video-012/frame_0008.jpg,/kaggle/input/datasets/shuvroahmedimaging/ws2-eca/test_set/test_set/masks/before/before-video-012/frame_0008.jpg
before-video-012,frame_0009.jpg,strict_qmem_v2_T2K2_qmem_only_lambda0p05,qmem,2,margin,0.05,0.0,0.0,0.32516784612592997,0.49075722305901687,0.34196841753733126,0.868743182644528,20961,8251,0.04269570205360651,0.005290689878165722,0.6015633940696716,0.9923779368400574,0.002949180081486702,0.420166015625,1.001302719116211,/kaggle/input/datasets/shuvroahmedimaging/ws2-eca/test_set/test_set/images/before/before-video-012/frame_0009.jpg,/kaggle/input/datasets/shuvroahmedimaging/ws2-eca/test_set/test_set/masks/before/before-video-012/frame_0009.jpg
before-video-012,frame_0010.jpg,strict_qmem_v2_T2K2_qmem_only_lambda0p05,qmem,2,margin,0.05,0.0,0.0,0.27063976095943676,0.4259897561447025,0.2887714547757348,0.8116867174073165,22897,8146,0.04269570205360651,0.006212323904037476,0.5882562398910522,0.9912527203559875,0.002907016547396779,0.40234375,1.0018404722213745,/kaggle/input/datasets/shuvroahmedimaging/ws2-eca/test_set/test_set/images/before/before-video-012/frame_0010.jpg,/kaggle/input/datasets/shuvroahmedimaging/ws2-eca/test_set/test_set/masks/before/before-video-012/frame_0010.jpg
before-video-012,frame_0011.jpg,strict_qmem_v2_T2K2_qmem_only_lambda0p05,qmem,2,margin,0.05,0.0,0.0,0.3451183029643731,0.5131419328750505,0.3764621122224106,0.8056412116814802,23596,11026,0.04269570205360651,0.005879570730030537,0.5694416165351868,0.9915410876274109,0.0028034725692123175,0.376953125,1.0016937255859375,/kaggle/input/datasets/shuvroahmedimaging/ws2-eca/test_set/test_set/images/before/before-video-012/frame_0011.jpg,/kaggle/input/datasets/shuvroahmedimaging/ws2-eca/test_set/test_set/masks/before/before-video-012/frame_0011.jpg
before-video-012,frame_0012.jpg,strict_qmem_v2_T2K2_qmem_only_lambda0p05,qmem,2,margin,0.05,0.0,0.0,0.41496075111589964,0.5865332318068095,0.44974560013345566,0.8428951070814444,23978,12794,0.04269570205360651,0.005387591198086739,0.5612620115280151,0.9921573996543884,0.0026274328120052814,0.367431640625,1.0012359619140625,/kaggle/input/datasets/shuvroahmedimaging/ws2-eca/test_set/test_set/images/before/before-video-012/frame_0012.jpg,/kaggle/input/datasets/shuvroahmedimaging/ws2-eca/test_set/test_set/masks/before/before-video-012/frame_0012.jpg
before-video-012,frame_0013.jpg,strict_qmem_v2_T2K2_qmem_only_lambda0p05,qmem,2,margin,0.05,0.0,0.0,0.4444230101469964,0.6153640685934078,0.48295668944698333,0.8477956870538015,23851,13587,0.04269570205360651,0.005560113117098808,0.5989500284194946,0.9920015931129456,0.00288539775647223,0.41748046875,1.0005238056182861,/kaggle/input/datasets/shuvroahmedimaging/ws2-eca/test_set/test_set/images/before/before-video-012/frame_0013.jpg,/kaggle/input/datasets/shuvroahmedimaging/ws2-eca/test_set/test_set/masks/before/before-video-012/frame_0013.jpg
before-video-012,frame_0014.jpg,strict_qmem_v2_T2K2_qmem_only_lambda0p05,qmem,2,margin,0.05,0.0,0.0,0.4621419676214197,0.6321437696959373,0.49383427963094395,0.8780660935405,22544,12679,0.04269570205360651,0.0045347074046730995,0.6039125919342041,0.9928854703903198,0.0030284046661108732,0.421875,1.0008511543273926,/kaggle/input/datasets/shuvroahmedimaging/ws2-eca/test_set/test_set/images/before/before-video-012/frame_0014.jpg,/kaggle/input/datasets/shuvroahmedimaging/ws2-eca/test_set/test_set/masks/before/before-video-012/frame_0014.jpg
before-video-012,frame_0015.jpg,strict_qmem_v2_T2K2_qmem_only_lambda0p05,qmem,2,margin,0.05,0.0,0.0,0.4734045099822856,0.6425995125913891,0.5044897959183674,0.8848322147651007,19600,11175,0.04269570205360651,0.004000622779130936,0.6376547813415527,0.9934980273246765,0.003101685782894492,0.468505859375,1.00048828125,/kaggle/input/datasets/shuvroahmedimaging/ws2-eca/test_set/test_set/images/before/before-video-012/frame_0015.jpg,/kaggle/input/datasets/shuvroahmedimaging/ws2-eca/test_set/test_set/masks/before/before-video-012/frame_0015.jpg
before-video-012,frame_0016.jpg,strict_qmem_v2_T2K2_qmem_only_lambda0p05,qmem,2,margin,0.05,0.0,0.0,0.3686438407544339,0.5386994479896645,0.39144287664997723,0.8635621940504581,17576,7967,0.04269570205360651,0.004200696479529142,0.6289942860603333,0.9934710264205933,0.0029303808696568012,0.459716796875,1.0002961158752441,/kaggle/input/datasets/shuvroahmedimaging/ws2-eca/test_set/test_set/images/before/before-video-012/frame_0016.jpg,/kaggle/input/datasets/shuvroahmedimaging/ws2-eca/test_set/test_set/masks/before/before-video-012/frame_0016.jpg
before-video-012,frame_0017.jpg,strict_qmem_v2_T2K2_qmem_only_lambda0p05,qmem,2,margin,0.05,0.0,0.0,0.28585246652751617,0.4446116082033415,0.30042803638309257,0.8549025578562729,18690,6568,0.04269570205360651,0.00404662499204278,0.6327114105224609,0.9937413334846497,0.0028259754180908203,0.466552734375,1.0006992816925049,/kaggle/input/datasets/shuvroahmedimaging/ws2-eca/test_set/test_set/images/before/before-video-012/frame_0017.jpg,/kaggle/input/datasets/shuvroahmedimaging/ws2-eca/test_set/test_set/masks/before/before-video-012/frame_0017.jpg
before-video-012,frame_0018.jpg,strict_qmem_v2_T2K2_qmem_only_lambda0p05,qmem,2,margin,0.05,0.0,0.0,0.25383247633235617,0.4048905752941627,0.2651074081509737,0.8564942435544025,19924,6167,0.04269570205360651,0.0049386657774448395,0.6222127079963684,0.9928319454193115,0.0027110984083265066,0.4541015625,1.0013213157653809,/kaggle/input/datasets/shuvroahmedimaging/ws2-eca/test_set/test_set/images/before/before-video-012/frame_0018.jpg,/kaggle/input/datasets/shuvroahmedimaging/ws2-eca/test_set/test_set/masks/before/before-video-012/frame_0018.jpg
before-video-012,frame_0019.jpg,strict_qmem_v2_T2K2_qmem_only_lambda0p05,qmem,2,margin,0.05,0.0,0.0,0.2864265036989386,0.445305663207901,0.2963887502080213,0.8949748743718593,24036,7960,0.04269570205360651,0.004422307945787907,0.5895389318466187,0.9932255148887634,0.0027636063750833273,0.4052734375,1.0002468824386597,/kaggle/input/datasets/shuvroahmedimaging/ws2-eca/test_set/test_set/images/before/before-video-012/frame_0019.jpg,/kaggle/input/datasets/shuvroahmedimaging/ws2-eca/test_set/test_set/masks/before/before-video-012/frame_0019.jpg
before-video-012,frame_0020.jpg,strict_qmem_v2_T2K2_qmem_only_lambda0p05,qmem,2,margin,0.05,0.0,0.0,0.3098364263184919,0.4730917847342779,0.3137371411594311,0.9614202799590303,26927,8787,0.04269570205360651,0.0045873555354774,0.5693662166595459,0.9929656386375427,0.002901666332036257,0.373779296875,1.0,/kaggle/input/datasets/shuvroahmedimaging/ws2-eca/test_set/test_set/images/before/before-video-012/frame_0020.jpg,/kaggle/input/datasets/shuvroahmedimaging/ws2-eca/test_set/test_set/masks/before/before-video-012/frame_0020.jpg
before-video-012,frame_0021.jpg,strict_qmem_v2_T2K2_qmem_only_lambda0p05,qmem,2,margin,0.05,0.0,0.0,0.2896471781496776,0.44918824785124434,0.2973264418250102,0.9181306694224366,26893,8709,0.04269570205360651,0.004964201245456934,0.573978066444397,0.9925249814987183,0.0029675785917788744,0.379150390625,1.0002520084381104,/kaggle/input/datasets/shuvroahmedimaging/ws2-eca/test_set/test_set/images/before/before-video-012/frame_0021.jpg,/kaggle/input/datasets/shuvroahmedimaging/ws2-eca/test_set/test_set/masks/before/before-video-012/frame_0021.jpg
before-video-012,frame_0022.jpg,strict_qmem_v2_T2K2_qmem_only_lambda0p05,qmem,2,margin,0.05,0.0,0.0,0.3153324862346463,0.4794719046852359,0.3187981729945761,0.9666738801125297,28024,9242,0.04269570205360651,0.004674769006669521,0.5655772686004639,0.9926847219467163,0.003024129197001457,0.36669921875,1.0002853870391846,/kaggle/input/datasets/shuvroahmedimaging/ws2-eca/test_set/test_set/images/before/before-video-012/frame_0022.jpg,/kaggle/input/datasets/shuvroahmedimaging/ws2-eca/test_set/test_set/masks/before/before-video-012/frame_0022.jpg
before-video-012,frame_0023.jpg,strict_qmem_v2_T2K2_qmem_only_lambda0p05,qmem,2,margin,0.05,0.0,0.0,0.2893981726194971,0.4488887587479137,0.30067077236888556,0.8853083853083853,25493,8658,0.04269570205360651,0.005926520563662052,0.5852739810943604,0.9915134906768799,0.00317295640707016,0.392578125,1.00048828125,/kaggle/input/datasets/shuvroahmedimaging/ws2-eca/test_set/test_set/images/before/before-video-012/frame_0023.jpg,/kaggle/input/datasets/shuvroahmedimaging/ws2-eca/test_set/test_set/masks/before/before-video-012/frame_0023.jpg
before-video-012,frame_0024.jpg,strict_qmem_v2_T2K2_qmem_only_lambda0p05,qmem,2,margin,0.05,0.0,0.0,0.3471170196320915,0.5153479832463136,0.3583339982446342,0.9172794117647058,25066,9792,0.04269570205360651,0.005712372716516256,0.5604733228683472,0.9914180636405945,0.003112812526524067,0.357177734375,1.0007224082946777,/kaggle/input/datasets/shuvroahmedimaging/ws2-eca/test_set/test_set/images/before/before-video-012/frame_0024.jpg,/kaggle/input/datasets/shuvroahmedimaging/ws2-eca/test_set/test_set/masks/before/before-video-012/frame_0024.jpg
before-video-012,frame_0025.jpg,strict_qmem_v2_T2K2_qmem_only_lambda0p05,qmem,2,margin,0.05,0.0,0.0,0.4153585783795219,0.5869305273227311,0.4309103678342551,0.9200562324273664,22782,10670,0.04269570205360651,0.006031681317836046,0.5488992929458618,0.991242527961731,0.0028827115893363953,0.344482421875,1.0007853507995605,/kaggle/input/datasets/shuvroahmedimaging/ws2-eca/test_set/test_set/images/before/before-video-012/frame_0025.jpg,/kaggle/input/datasets/shuvroahmedimaging/ws2-eca/test_set/test_set/masks/before/before-video-012/frame_0025.jpg
before-video-012,frame_0026.jpg,strict_qmem_v2_T2K2_qmem_only_lambda0p05,qmem,2,margin,0.05,0.0,0.0,0.26454397322411594,0.4184021731559518,0.269082601684286,0.9400625978090766,22324,6390,0.04269570205360651,0.004979805089533329,0.5674723982810974,0.9921841025352478,0.002932043746113777,0.371826171875,1.0018984079360962,/kaggle/input/datasets/shuvroahmedimaging/ws2-eca/test_set/test_set/images/before/before-video-012/frame_0026.jpg,/kaggle/input/datasets/shuvroahmedimaging/ws2-eca/test_set/test_set/masks/before/before-video-012/frame_0026.jpg
before-video-012,frame_0027.jpg,strict_qmem_v2_T2K2_qmem_only_lambda0p05,qmem,2,margin,0.05,0.0,0.0,0.3547078475489193,0.5236669266966959,0.35838528570936523,0.9718849243414908,29033,10706,0.04269570205360651,0.0071973348967731,0.5779508352279663,0.9898888468742371,0.0029199477285146713,0.3857421875,1.0033907890319824,/kaggle/input/datasets/shuvroahmedimaging/ws2-eca/test_set/test_set/images/before/before-video-012/frame_0027.jpg,/kaggle/input/datasets/shuvroahmedimaging/ws2-eca/test_set/test_set/masks/before/before-video-012/frame_0027.jpg
before-video-012,frame_0028.jpg,strict_qmem_v2_T2K2_qmem_only_lambda0p05,qmem,2,margin,0.05,0.0,0.0,0.3452963364081114,0.5133387002748244,0.35930517234679205,0.8985422740524781,25733,10290,0.04269570205360651,0.0067286184057593346,0.5299848914146423,0.9902436137199402,0.0028984013479202986,0.317626953125,1.0014371871948242,/kaggle/input/datasets/shuvroahmedimaging/ws2-eca/test_set/test_set/images/before/before-video-012/frame_0028.jpg,/kaggle/input/datasets/shuvroahmedimaging/ws2-eca/test_set/test_set/masks/before/before-video-012/frame_0028.jpg
before-video-012,frame_0029.jpg,strict_qmem_v2_T2K2_qmem_only_lambda0p05,qmem,2,margin,0.05,0.0,0.0,0.4285820341499629,0.6000103933898041,0.43219165262960885,0.9808852264038739,26715,11771,0.04269570205360651,0.007335655856877565,0.5510517358779907,0.9893314838409424,0.0031200689263641834,0.344482421875,1.0015122890472412,/kaggle/input/datasets/shuvroahmedimaging/ws2-eca/test_set/test_set/images/before/before-video-012/frame_0029.jpg,/kaggle/input/datasets/shuvroahmedimaging/ws2-eca/test_set/test_set/masks/before/before-video-012/frame_0029.jpg
before-video-012,frame_0030.jpg,strict_qmem_v2_T2K2_qmem_only_lambda0p05,qmem,2,margin,0.05,0.0,0.0,0.38742304309586634,0.5584786053882725,0.3964599114977874,0.9444345184920493,26666,11194,0.04269570205360651,0.006399482488632202,0.5580078959465027,0.9905556440353394,0.002996167168021202,0.35595703125,1.0012049674987793,/kaggle/input/datasets/shuvroahmedimaging/ws2-eca/test_set/test_set/images/before/before-video-012/frame_0030.jpg,/kaggle/input/datasets/shuvroahmedimaging/ws2-eca/test_set/test_set/masks/before/before-video-012/frame_0030.jpg
before-video-012,frame_0031.jpg,strict_qmem_v2_T2K2_qmem_only_lambda0p05,qmem,2,margin,0.05,0.0,0.0,0.38639087702475944,0.5574053947238415,0.39601979572496576,0.9407987992995914,28491,11993,0.04269570205360651,0.006107385270297527,0.5423018932342529,0.9910695552825928,0.00334060937166214,0.328125,1.0010135173797607,/kaggle/input/datasets/shuvroahmedimaging/ws2-eca/test_set/test_set/images/before/before-video-012/frame_0031.jpg,/kaggle/input/datasets/shuvroahmedimaging/ws2-eca/test_set/test_set/masks/before/before-video-012/frame_0031.jpg
before-video-012,frame_0032.jpg,strict_qmem_v2_T2K2_qmem_only_lambda0p05,qmem,2,margin,0.05,0.0,0.0,0.3287311842062113,0.49480464990004197,0.3417078575080961,0.8964407082811662,29335,11182,0.04269570205360651,0.005369005259126425,0.5336765646934509,0.9919161796569824,0.0031382651068270206,0.317626953125,1.0,/kaggle/input/datasets/shuvroahmedimaging/ws2-eca/test_set/test_set/images/before/before-video-012/frame_0032.jpg,/kaggle/input/datasets/shuvroahmedimaging/ws2-eca/test_set/test_set/masks/before/before-video-012/frame_0032.jpg
before-video-012,frame_0033.jpg,strict_qmem_v2_T2K2_qmem_only_lambda0p05,qmem,2,margin,0.05,0.0,0.0,0.3492598201316562,0.5177058042054148,0.3669513264278988,0.8787030557499417,30797,12861,0.04269570205360651,0.006071681622415781,0.5445858240127563,0.9909738302230835,0.0033723744563758373,0.329345703125,1.0001150369644165,/kaggle/input/datasets/shuvroahmedimaging/ws2-eca/test_set/test_set/images/before/before-video-012/frame_0033.jpg,/kaggle/input/datasets/shuvroahmedimaging/ws2-eca/test_set/test_set/masks/before/before-video-012/frame_0033.jpg
before-video-012,frame_0034.jpg,strict_qmem_v2_T2K2_qmem_only_lambda0p05,qmem,2,margin,0.05,0.0,0.0,0.4324046654982776,0.6037465192810734,0.45685279187817257,0.8898700329581494,31323,16081,0.04269570205360651,0.005967245902866125,0.5347392559051514,0.9907259941101074,0.0034893255215138197,0.3125,1.0004619359970093,/kaggle/input/datasets/shuvroahmedimaging/ws2-eca/test_set/test_set/images/before/before-video-012/frame_0034.jpg,/kaggle/input/datasets/shuvroahmedimaging/ws2-eca/test_set/test_set/masks/before/before-video-012/frame_0034.jpg
before-video-012,frame_0035.jpg,strict_qmem_v2_T2K2_qmem_only_lambda0p05,qmem,2,margin,0.05,0.0,0.0,0.40577980210460185,0.5773020803074654,0.45964987190435525,0.7759024566040003,28104,16649,0.04269570205360651,0.006272440776228905,0.5608824491500854,0.9906724691390991,0.003277173265814781,0.355224609375,1.0003842115402222,/kaggle/input/datasets/shuvroahmedimaging/ws2-eca/test_set/test_set/images/before/before-video-012/frame_0035.jpg,/kaggle/input/datasets/shuvroahmedimaging/ws2-eca/test_set/test_set/masks/before/before-video-012/frame_0035.jpg
before-video-012,frame_0036.jpg,strict_qmem_v2_T2K2_qmem_only_lambda0p05,qmem,2,margin,0.05,0.0,0.0,0.35463694955075087,0.5235896594557855,0.43702805274071754,0.6529109188683657,25559,17108,0.04269570205360651,0.005342063494026661,0.5266919136047363,0.9916294813156128,0.0030516008846461773,0.30859375,1.0005745887756348,/kaggle/input/datasets/shuvroahmedimaging/ws2-eca/test_set/test_set/images/before/before-video-012/frame_0036.jpg,/kaggle/input/datasets/shuvroahmedimaging/ws2-eca/test_set/test_set/masks/before/before-video-012/frame_0036.jpg
before-video-012,frame_0037.jpg,strict_qmem_v2_T2K2_qmem_only_lambda0p05,qmem,2,margin,0.05,0.0,0.0,0.3847308986064392,0.5556760508393701,0.45941971810780763,0.7029578005816824,27883,18223,0.04269570205360651,0.0049931081011891365,0.5114235877990723,0.9921780228614807,0.002943062921985984,0.289306640625,1.000235915184021,/kaggle/input/datasets/shuvroahmedimaging/ws2-eca/test_set/test_set/images/before/before-video-012/frame_0037.jpg,/kaggle/input/datasets/shuvroahmedimaging/ws2-eca/test_set/test_set/masks/before/before-video-012/frame_0037.jpg
before-video-012,frame_0038.jpg,strict_qmem_v2_T2K2_qmem_only_lambda0p05,qmem,2,margin,0.05,0.0,0.0,0.416909101703972,0.5884768489419652,0.4602326724561691,0.815800174266628,30515,17215,0.04269570205360651,0.005445138551294804,0.5272813439369202,0.9916404485702515,0.003064277581870556,0.310302734375,1.0001811981201172,/kaggle/input/datasets/shuvroahmedimaging/ws2-eca/test_set/test_set/images/before/before-video-012/frame_0038.jpg,/kaggle/input/datasets/shuvroahmedimaging/ws2-eca/test_set/test_set/masks/before/before-video-012/frame_0038.jpg
before-video-012,frame_0039.jpg,strict_qmem_v2_T2K2_qmem_only_lambda0p05,qmem,2,margin,0.05,0.0,0.0,0.43644945498998267,0.6076781239657699,0.4836864486508862,0.8171530294360735,26573,15729,0.04269570205360651,0.004346990957856178,0.5565633773803711,0.9929888248443604,0.00289422320201993,0.35546875,1.0000555515289307,/kaggle/input/datasets/shuvroahmedimaging/ws2-eca/test_set/test_set/images/before/before-video-012/frame_0039.jpg,/kaggle/input/datasets/shuvroahmedimaging/ws2-eca/test_set/test_set/masks/before/before-video-012/frame_0039.jpg
before-video-012,frame_0040.jpg,strict_qmem_v2_T2K2_qmem_only_lambda0p05,qmem,2,margin,0.05,0.0,0.0,0.5200213941879123,0.6842290459546319,0.5472420262664165,0.9126979160147694,26650,15979,0.04269570205360651,0.005895204842090607,0.5751449465751648,0.9914679527282715,0.0030513706151396036,0.379150390625,1.0,/kaggle/input/datasets/shuvroahmedimaging/ws2-eca/test_set/test_set/images/before/before-video-012/frame_0040.jpg,/kaggle/input/datasets/shuvroahmedimaging/ws2-eca/test_set/test_set/masks/before/before-video-012/frame_0040.jpg
before-video-012,frame_0041.jpg,strict_qmem_v2_T2K2_qmem_only_lambda0p05,qmem,2,margin,0.05,0.0,0.0,0.4670282614901513,0.6366997470324965,0.4754826655594769,0.9633243606998654,24085,11888,0.04269570205360651,0.005909975618124008,0.5678125023841858,0.9911893010139465,0.0030343146063387394,0.36865234375,1.000408411026001,/kaggle/input/datasets/shuvroahmedimaging/ws2-eca/test_set/test_set/images/before/before-video-012/frame_0041.jpg,/kaggle/input/datasets/shuvroahmedimaging/ws2-eca/test_set/test_set/masks/before/before-video-012/frame_0041.jpg
before-video-012,frame_0042.jpg,strict_qmem_v2_T2K2_qmem_only_lambda0p05,qmem,2,margin,0.05,0.0,0.0,0.31779854620976117,0.4823173422429553,0.3412425850764908,0.8222461042450295,22421,9305,0.04269570205360651,0.005191360134631395,0.5625240802764893,0.9920077323913574,0.0028798773419111967,0.36572265625,1.0005322694778442,/kaggle/input/datasets/shuvroahmedimaging/ws2-eca/test_set/test_set/images/before/before-video-012/frame_0042.jpg,/kaggle/input/datasets/shuvroahmedimaging/ws2-eca/test_set/test_set/masks/before/before-video-012/frame_0042.jpg
before-video-012,frame_0043.jpg,strict_qmem_v2_T2K2_qmem_only_lambda0p05,qmem,2,margin,0.05,0.0,0.0,0.2593987685621152,0.4119406418957782,0.26318303751883293,0.9474798253737267,27213,7559,0.04269570205360651,0.005361868999898434,0.5619524717330933,0.9919345378875732,0.003061863360926509,0.3603515625,1.0008926391601562,/kaggle/input/datasets/shuvroahmedimaging/ws2-eca/test_set/test_set/images/before/before-video-012/frame_0043.jpg,/kaggle/input/datasets/shuvroahmedimaging/ws2-eca/test_set/test_set/masks/before/before-video-012/frame_0043.jpg
before-video-012,frame_0044.jpg,strict_qmem_v2_T2K2_qmem_only_lambda0p05,qmem,2,margin,0.05,0.0,0.0,0.2688880426504189,0.4238168122205216,0.2802428956977298,0.8690461538461538,25196,8125,0.04269570205360651,0.004760569427162409,0.5820950865745544,0.9927173256874084,0.002928636036813259,0.39111328125,1.0003572702407837,/kaggle/input/datasets/shuvroahmedimaging/ws2-eca/test_set/test_set/images/before/before-video-012/frame_0044.jpg,/kaggle/input/datasets/shuvroahmedimaging/ws2-eca/test_set/test_set/masks/before/before-video-012/frame_0044.jpg
before-video-012,frame_0045.jpg,strict_qmem_v2_T2K2_qmem_only_lambda0p05,qmem,2,margin,0.05,0.0,0.0,0.3808627028966012,0.5516300818288089,0.3975288997051528,0.9008378407042105,21367,9429,0.04269570205360651,0.00509799737483263,0.6018534898757935,0.9925659894943237,0.0027671819552779198,0.423095703125,1.0006120204925537,/kaggle/input/datasets/shuvroahmedimaging/ws2-eca/test_set/test_set/images/before/before-video-012/frame_0045.jpg,/kaggle/input/datasets/shuvroahmedimaging/ws2-eca/test_set/test_set/masks/before/before-video-012/frame_0045.jpg
before-video-012,frame_0046.jpg,strict_qmem_v2_T2K2_qmem_only_lambda0p05,qmem,2,margin,0.05,0.0,0.0,0.4129484225868635,0.5845201650472515,0.4297176965604971,0.9136585873296578,20439,9613,0.04269570205360651,0.005913313012570143,0.5929727554321289,0.9917507171630859,0.0027905190363526344,0.410400390625,1.0003398656845093,/kaggle/input/datasets/shuvroahmedimaging/ws2-eca/test_set/test_set/images/before/before-video-012/frame_0046.jpg,/kaggle/input/datasets/shuvroahmedimaging/ws2-eca/test_set/test_set/masks/before/before-video-012/frame_0046.jpg
before-video-012,frame_0047.jpg,strict_qmem_v2_T2K2_qmem_only_lambda0p05,qmem,2,margin,0.05,0.0,0.0,0.47003663003663004,0.6394896840426593,0.48591335958800363,0.9350043719032352,19806,10293,0.04269570205360651,0.005059301853179932,0.5938843488693237,0.9926494359970093,0.0028310702182352543,0.410400390625,1.000365972518921,/kaggle/input/datasets/shuvroahmedimaging/ws2-eca/test_set/test_set/images/before/before-video-012/frame_0047.jpg,/kaggle/input/datasets/shuvroahmedimaging/ws2-eca/test_set/test_set/masks/before/before-video-012/frame_0047.jpg
before-video-012,frame_0048.jpg,strict_qmem_v2_T2K2_qmem_only_lambda0p05,qmem,2,margin,0.05,0.0,0.0,0.3989159891598916,0.5703215807826424,0.4062327516664544,0.9568,23553,10000,0.04269570205360651,0.006044051609933376,0.6110705733299255,0.9916361570358276,0.002791780512779951,0.43603515625,1.0012468099594116,/kaggle/input/datasets/shuvroahmedimaging/ws2-eca/test_set/test_set/images/before/before-video-012/frame_0048.jpg,/kaggle/input/datasets/shuvroahmedimaging/ws2-eca/test_set/test_set/masks/before/before-video-012/frame_0048.jpg
before-video-012,frame_0049.jpg,strict_qmem_v2_T2K2_qmem_only_lambda0p05,qmem,2,margin,0.05,0.0,0.0,0.26046701613452244,0.41328652443964353,0.267739678096571,0.9055621301775147,28580,8450,0.04269570205360651,0.00523537490516901,0.5732632875442505,0.9922472238540649,0.00287342956289649,0.380126953125,1.000732421875,/kaggle/input/datasets/shuvroahmedimaging/ws2-eca/test_set/test_set/images/before/before-video-012/frame_0049.jpg,/kaggle/input/datasets/shuvroahmedimaging/ws2-eca/test_set/test_set/masks/before/before-video-012/frame_0049.jpg
before-video-012,frame_0050.jpg,strict_qmem_v2_T2K2_qmem_only_lambda0p05,qmem,2,margin,0.05,0.0,0.0,0.2153865588681152,0.35443301112150505,0.22061677808928187,0.9008453680873547,23185,5678,0.04269570205360651,0.004429319873452187,0.5702611207962036,0.9931983947753906,0.002860692562535405,0.37548828125,1.0001662969589233,/kaggle/input/datasets/shuvroahmedimaging/ws2-eca/test_set/test_set/images/before/before-video-012/frame_0050.jpg,/kaggle/input/datasets/shuvroahmedimaging/ws2-eca/test_set/test_set/masks/before/before-video-012/frame_0050.jpg
before-video-012,frame_0051.jpg,strict_qmem_v2_T2K2_qmem_only_lambda0p05,qmem,2,margin,0.05,0.0,0.0,0.1315215415379022,0.2324684713631617,0.13498134328358208,0.8368999421631,21440,3458,0.04269570205360651,0.004746320657432079,0.5958320498466492,0.9931436777114868,0.002712270012125373,0.41552734375,1.001211166381836,/kaggle/input/datasets/shuvroahmedimaging/ws2-eca/test_set/test_set/images/before/before-video-012/frame_0051.jpg,/kaggle/input/datasets/shuvroahmedimaging/ws2-eca/test_set/test_set/masks/before/before-video-012/frame_0051.jpg
before-video-012,frame_0052.jpg,strict_qmem_v2_T2K2_qmem_only_lambda0p05,qmem,2,margin,0.05,0.0,0.0,0.11619440301780858,0.2081974299524502,0.11907758698192934,0.8275538894095595,22246,3201,0.04269570205360651,0.005912387743592262,0.615971028804779,0.9920365810394287,0.0027313451282680035,0.445068359375,1.0010863542556763,/kaggle/input/datasets/shuvroahmedimaging/ws2-eca/test_set/test_set/images/before/before-video-012/frame_0052.jpg,/kaggle/input/datasets/shuvroahmedimaging/ws2-eca/test_set/test_set/masks/before/before-video-012/frame_0052.jpg
before-video-012,frame_0053.jpg,strict_qmem_v2_T2K2_qmem_only_lambda0p05,qmem,2,margin,0.05,0.0,0.0,0.17231109598366234,0.29396820788270306,0.18957124134057293,0.654281098546042,21364,6190,0.04269570205360651,0.005513940472155809,0.5785293579101562,0.9923970699310303,0.0027440201956778765,0.390625,1.0,/kaggle/input/datasets/shuvroahmedimaging/ws2-eca/test_set/test_set/images/before/before-video-012/frame_0053.jpg,/kaggle/input/datasets/shuvroahmedimaging/ws2-eca/test_set/test_set/masks/before/before-video-012/frame_0053.jpg
before-video-012,frame_0054.jpg,strict_qmem_v2_T2K2_qmem_only_lambda0p05,qmem,2,margin,0.05,0.0,0.0,0.2113645965356992,0.348969413734175,0.21450928268233074,0.9351401869158878,23323,5350,0.04269570205360651,0.004951891954988241,0.5542092323303223,0.9926790595054626,0.0027177073061466217,0.355224609375,1.0007381439208984,/kaggle/input/datasets/shuvroahmedimaging/ws2-eca/test_set/test_set/images/before/before-video-012/frame_0054.jpg,/kaggle/input/datasets/shuvroahmedimaging/ws2-eca/test_set/test_set/masks/before/before-video-012/frame_0054.jpg
before-video-012,frame_0055.jpg,strict_qmem_v2_T2K2_qmem_only_lambda0p05,qmem,2,margin,0.05,0.0,0.0,0.3105791297304594,0.4739570815450644,0.322147024504084,0.8963636363636364,21425,7700,0.04269570205360651,0.005634924862533808,0.5934225916862488,0.9921126365661621,0.002687648171558976,0.4130859375,1.0005590915679932,/kaggle/input/datasets/shuvroahmedimaging/ws2-eca/test_set/test_set/images/before/before-video-012/frame_0055.jpg,/kaggle/input/datasets/shuvroahmedimaging/ws2-eca/test_set/test_set/masks/before/before-video-012/frame_0055.jpg
before-video-012,frame_0056.jpg,strict_qmem_v2_T2K2_qmem_only_lambda0p05,qmem,2,margin,0.05,0.0,0.0,0.3274104281969123,0.4933070002194426,0.35500342159288306,0.8081485919712402,18997,8345,0.04269570205360651,0.005919522140175104,0.60443115234375,0.9917221069335938,0.002955828094854951,0.425048828125,1.0007319450378418,/kaggle/input/datasets/shuvroahmedimaging/ws2-eca/test_set/test_set/images/before/before-video-012/frame_0056.jpg,/kaggle/input/datasets/shuvroahmedimaging/ws2-eca/test_set/test_set/masks/before/before-video-012/frame_0056.jpg
before-video-012,frame_0057.jpg,strict_qmem_v2_T2K2_qmem_only_lambda0p05,qmem,2,margin,0.05,0.0,0.0,0.33644465538153245,0.5034920885451604,0.3713620488940629,0.781575401200539,17180,8163,0.04269570205360651,0.005096991080790758,0.5962510704994202,0.9924761056900024,0.0026992294006049633,0.416015625,1.0006940364837646,/kaggle/input/datasets/shuvroahmedimaging/ws2-eca/test_set/test_set/images/before/before-video-012/frame_0057.jpg,/kaggle/input/datasets/shuvroahmedimaging/ws2-eca/test_set/test_set/masks/before/before-video-012/frame_0057.jpg
before-video-012,frame_0058.jpg,strict_qmem_v2_T2K2_qmem_only_lambda0p05,qmem,2,margin,0.05,0.0,0.0,0.4210192093983172,0.592559490559714,0.4652359511139699,0.8158326497128794,17101,9752,0.04269570205360651,0.0051466976292431355,0.6031395792961121,0.9924936294555664,0.002707775216549635,0.4267578125,1.001579761505127,/kaggle/input/datasets/shuvroahmedimaging/ws2-eca/test_set/test_set/images/before/before-video-012/frame_0058.jpg,/kaggle/input/datasets/shuvroahmedimaging/ws2-eca/test_set/test_set/masks/before/before-video-012/frame_0058.jpg
before-video-012,frame_0059.jpg,strict_qmem_v2_T2K2_qmem_only_lambda0p05,qmem,2,margin,0.05,0.0,0.0,0.3642705324540847,0.5340151000679103,0.4064704451471661,0.7782046804051694,16444,8589,0.04269570205360651,0.004967779852449894,0.6057313084602356,0.9927289485931396,0.0028840762097388506,0.427978515625,1.000730276107788,/kaggle/input/datasets/shuvroahmedimaging/ws2-eca/test_set/test_set/images/before/before-video-012/frame_0059.jpg,/kaggle/input/datasets/shuvroahmedimaging/ws2-eca/test_set/test_set/masks/before/before-video-012/frame_0059.jpg
before-video-012,frame_0060.jpg,strict_qmem_v2_T2K2_qmem_only_lambda0p05,qmem,2,margin,0.05,0.0,0.0,0.31773991722013667,0.48224981738495254,0.34127681571465496,0.8216552582451774,19345,8035,0.04269570205360651,0.00577425304800272,0.6218212842941284,0.9922044277191162,0.0027439554687589407,0.452880859375,1.0002484321594238,/kaggle/input/datasets/shuvroahmedimaging/ws2-eca/test_set/test_set/images/before/before-video-012/frame_0060.jpg,/kaggle/input/datasets/shuvroahmedimaging/ws2-eca/test_set/test_set/masks/before/before-video-012/frame_0060.jpg
before-video-012,frame_0061.jpg,strict_qmem_v2_T2K2_qmem_only_lambda0p05,qmem,2,margin,0.05,0.0,0.0,0.2904280982949667,0.450126742712294,0.3294832544762965,0.7101579684063187,21558,10002,0.04269570205360651,0.0072629498317837715,0.5931833982467651,0.9900205731391907,0.0029278737492859364,0.407958984375,1.0027744770050049,/kaggle/input/datasets/shuvroahmedimaging/ws2-eca/test_set/test_set/images/before/before-video-012/frame_0061.jpg,/kaggle/input/datasets/shuvroahmedimaging/ws2-eca/test_set/test_set/masks/before/before-video-012/frame_0061.jpg
before-video-012,frame_0062.jpg,strict_qmem_v2_T2K2_qmem_only_lambda0p05,qmem,2,margin,0.05,0.0,0.0,0.2679414157851912,0.4226400564717962,0.2946360667471928,0.7473051174401453,22353,8813,0.04269570205360651,0.006813084241002798,0.5602365732192993,0.9902633428573608,0.002900244202464819,0.361328125,1.0023980140686035,/kaggle/input/datasets/shuvroahmedimaging/ws2-eca/test_set/test_set/images/before/before-video-012/frame_0062.jpg,/kaggle/input/datasets/shuvroahmedimaging/ws2-eca/test_set/test_set/masks/before/before-video-012/frame_0062.jpg
before-video-012,frame_0063.jpg,strict_qmem_v2_T2K2_qmem_only_lambda0p05,qmem,2,margin,0.05,0.0,0.0,0.3260674157303371,0.49178105405863415,0.375663430420712,0.7117978906058376,23175,12231,0.04269570205360651,0.006846731994301081,0.5551013350486755,0.9901415109634399,0.0029430780559778214,0.35205078125,1.0033718347549438,/kaggle/input/datasets/shuvroahmedimaging/ws2-eca/test_set/test_set/images/before/before-video-012/frame_0063.jpg,/kaggle/input/datasets/shuvroahmedimaging/ws2-eca/test_set/test_set/masks/before/before-video-012/frame_0063.jpg
before-video-012,frame_0064.jpg,strict_qmem_v2_T2K2_qmem_only_lambda0p05,qmem,2,margin,0.05,0.0,0.0,0.3713560645497137,0.5415895610913405,0.40768653784334036,0.8064721260510139,27997,14153,0.04269570205360651,0.007598190102726221,0.5701180100440979,0.9893714189529419,0.002930630696937442,0.374755859375,1.0018855333328247,/kaggle/input/datasets/shuvroahmedimaging/ws2-eca/test_set/test_set/images/before/before-video-012/frame_0064.jpg,/kaggle/input/datasets/shuvroahmedimaging/ws2-eca/test_set/test_set/masks/before/before-video-012/frame_0064.jpg
before-video-012,frame_0065.jpg,strict_qmem_v2_T2K2_qmem_only_lambda0p05,qmem,2,margin,0.05,0.0,0.0,0.31060179368311597,0.47398347107438016,0.34868677042801555,0.7398348813209494,20560,9690,0.04269570205360651,0.004216714296489954,0.5533636212348938,0.9929870367050171,0.0028528347611427307,0.350830078125,1.0003235340118408,/kaggle/input/datasets/shuvroahmedimaging/ws2-eca/test_set/test_set/images/before/before-video-012/frame_0065.jpg,/kaggle/input/datasets/shuvroahmedimaging/ws2-eca/test_set/test_set/masks/before/before-video-012/frame_0065.jpg
before-video-012,frame_0066.jpg,strict_qmem_v2_T2K2_qmem_only_lambda0p05,qmem,2,margin,0.05,0.0,0.0,0.27474983491644234,0.43106471150781,0.3136743215031315,0.6888690779419256,17244,7852,0.04269570205360651,0.004622028209269047,0.6265816688537598,0.9931661486625671,0.002660545287653804,0.46142578125,1.001280665397644,/kaggle/input/datasets/shuvroahmedimaging/ws2-eca/test_set/test_set/images/before/before-video-012/frame_0066.jpg,/kaggle/input/datasets/shuvroahmedimaging/ws2-eca/test_set/test_set/masks/before/before-video-012/frame_0066.jpg
before-video-012,frame_0067.jpg,strict_qmem_v2_T2K2_qmem_only_lambda0p05,qmem,2,margin,0.05,0.0,0.0,0.37797466916567274,0.5485945099332289,0.4135081396793836,0.8147649363369246,16094,8168,0.04269570205360651,0.004093398340046406,0.6411799788475037,0.9941419959068298,0.0026884933467954397,0.48193359375,1.0001603364944458,/kaggle/input/datasets/shuvroahmedimaging/ws2-eca/test_set/test_set/images/before/before-video-012/frame_0067.jpg,/kaggle/input/datasets/shuvroahmedimaging/ws2-eca/test_set/test_set/masks/before/before-video-012/frame_0067.jpg
before-video-012,frame_0068.jpg,strict_qmem_v2_T2K2_qmem_only_lambda0p05,qmem,2,margin,0.05,0.0,0.0,0.5626247212114098,0.7201021634615384,0.605635582512004,0.8879214523897739,15828,10796,0.04269570205360651,0.004699695855379105,0.6391916275024414,0.9936720132827759,0.0025570313446223736,0.481201171875,1.0,/kaggle/input/datasets/shuvroahmedimaging/ws2-eca/test_set/test_set/images/before/before-video-012/frame_0068.jpg,/kaggle/input/datasets/shuvroahmedimaging/ws2-eca/test_set/test_set/masks/before/before-video-012/frame_0068.jpg
before-video-012,frame_0069.jpg,strict_qmem_v2_T2K2_qmem_only_lambda0p05,qmem,2,margin,0.05,0.0,0.0,0.5307590729019626,0.6934586667459917,0.5623040185247721,0.904407200496586,20729,12888,0.04269570205360651,0.006491432897746563,0.6325116157531738,0.9915295839309692,0.0028516068123281,0.467041015625,1.000369668006897,/kaggle/input/datasets/shuvroahmedimaging/ws2-eca/test_set/test_set/images/before/before-video-012/frame_0069.jpg,/kaggle/input/datasets/shuvroahmedimaging/ws2-eca/test_set/test_set/masks/before/before-video-012/frame_0069.jpg
before-video-012,frame_0070.jpg,strict_qmem_v2_T2K2_qmem_only_lambda0p05,qmem,2,margin,0.05,0.0,0.0,0.42686555775980467,0.5983262479612844,0.43807994988449944,0.9434232715008432,25541,11860,0.04269570205360651,0.007344260811805725,0.6057136654853821,0.9901922345161438,0.0029278823640197515,0.42578125,1.0,/kaggle/input/datasets/shuvroahmedimaging/ws2-eca/test_set/test_set/images/before/before-video-012/frame_0070.jpg,/kaggle/input/datasets/shuvroahmedimaging/ws2-eca/test_set/test_set/masks/before/before-video-012/frame_0070.jpg
before-video-012,frame_0071.jpg,strict_qmem_v2_T2K2_qmem_only_lambda0p05,qmem,2,margin,0.05,0.0,0.0,0.3383954441003097,0.5056733353239773,0.34345107317897583,0.958313684806187,29585,10603,0.04269570205360651,0.007696034386754036,0.5758987665176392,0.9893115758895874,0.0031702567357569933,0.37841796875,1.001023769378662,/kaggle/input/datasets/shuvroahmedimaging/ws2-eca/test_set/test_set/images/before/before-video-012/frame_0071.jpg,/kaggle/input/datasets/shuvroahmedimaging/ws2-eca/test_set/test_set/masks/before/before-video-012/frame_0071.jpg
before-video-012,frame_0072.jpg,strict_qmem_v2_T2K2_qmem_only_lambda0p05,qmem,2,margin,0.05,0.0,0.0,0.33302832742384386,0.4996567898409793,0.3385790146904919,0.9530823786142935,25799,9165,0.04269570205360651,0.006688168738037348,0.5690096616744995,0.9901145100593567,0.003122348105534911,0.36962890625,1.0009435415267944,/kaggle/input/datasets/shuvroahmedimaging/ws2-eca/test_set/test_set/images/before/before-video-012/frame_0072.jpg,/kaggle/input/datasets/shuvroahmedimaging/ws2-eca/test_set/test_set/masks/before/before-video-012/frame_0072.jpg
before-video-013,frame_0001.jpg,strict_qmem_v2_T2K2_qmem_only_lambda0p05,qmem,2,margin,0.05,0.0,0.0,0.3610366119877752,0.5305318149531425,0.3682720447894134,0.9483902678790858,31436,12207,0.04269570205360651,0.0,0.0,0.0,0.0,0.0,0.0,/kaggle/input/datasets/shuvroahmedimaging/ws2-eca/test_set/test_set/images/before/before-video-013/frame_0001.jpg,/kaggle/input/datasets/shuvroahmedimaging/ws2-eca/test_set/test_set/masks/before/before-video-013/frame_0001.jpg
before-video-013,frame_0002.jpg,strict_qmem_v2_T2K2_qmem_only_lambda0p05,qmem,2,margin,0.05,0.0,0.0,0.29263105660511113,0.4527681044174504,0.29959719853394784,0.926391382405745,27557,8912,0.04269570205360651,0.005124769173562527,0.5219681262969971,0.9914769530296326,0.003126720432192087,0.301025390625,1.0000629425048828,/kaggle/input/datasets/shuvroahmedimaging/ws2-eca/test_set/test_set/images/before/before-video-013/frame_0002.jpg,/kaggle/input/datasets/shuvroahmedimaging/ws2-eca/test_set/test_set/masks/before/before-video-013/frame_0002.jpg
before-video-013,frame_0003.jpg,strict_qmem_v2_T2K2_qmem_only_lambda0p05,qmem,2,margin,0.05,0.0,0.0,0.34890526025888186,0.5173161830385626,0.37377835146597826,0.8398243288034472,27115,12068,0.04269570205360651,0.006150244269520044,0.5580196380615234,0.9908167123794556,0.003180494997650385,0.351806640625,1.0005055665969849,/kaggle/input/datasets/shuvroahmedimaging/ws2-eca/test_set/test_set/images/before/before-video-013/frame_0003.jpg,/kaggle/input/datasets/shuvroahmedimaging/ws2-eca/test_set/test_set/masks/before/before-video-013/frame_0003.jpg
before-video-013,frame_0004.jpg,strict_qmem_v2_T2K2_qmem_only_lambda0p05,qmem,2,margin,0.05,0.0,0.0,0.27993604425046453,0.4374219251156352,0.2999768464922436,0.8073280159521435,21595,8024,0.04269570205360651,0.00572617631405592,0.5578988194465637,0.9912658333778381,0.002886882983148098,0.3583984375,1.0001226663589478,/kaggle/input/datasets/shuvroahmedimaging/ws2-eca/test_set/test_set/images/before/before-video-013/frame_0004.jpg,/kaggle/input/datasets/shuvroahmedimaging/ws2-eca/test_set/test_set/masks/before/before-video-013/frame_0004.jpg
before-video-013,frame_0005.jpg,strict_qmem_v2_T2K2_qmem_only_lambda0p05,qmem,2,margin,0.05,0.0,0.0,0.3191532668430694,0.4838759450702052,0.3397616468039003,0.8403001071811361,18460,7464,0.04269570205360651,0.004906514659523964,0.5720996260643005,0.9926925301551819,0.0025650840252637863,0.38427734375,1.0002663135528564,/kaggle/input/datasets/shuvroahmedimaging/ws2-eca/test_set/test_set/images/before/before-video-013/frame_0005.jpg,/kaggle/input/datasets/shuvroahmedimaging/ws2-eca/test_set/test_set/masks/before/before-video-013/frame_0005.jpg
before-video-013,frame_0006.jpg,strict_qmem_v2_T2K2_qmem_only_lambda0p05,qmem,2,margin,0.05,0.0,0.0,0.281661600810537,0.43952569169960476,0.3115427717594322,0.7459749552772809,21416,8944,0.04269570205360651,0.005793576128780842,0.5876044034957886,0.9922773838043213,0.002512857550755143,0.4072265625,1.000244140625,/kaggle/input/datasets/shuvroahmedimaging/ws2-eca/test_set/test_set/images/before/before-video-013/frame_0006.jpg,/kaggle/input/datasets/shuvroahmedimaging/ws2-eca/test_set/test_set/masks/before/before-video-013/frame_0006.jpg
before-video-013,frame_0007.jpg,strict_qmem_v2_T2K2_qmem_only_lambda0p05,qmem,2,margin,0.05,0.0,0.0,0.3009108910891089,0.46261568436434486,0.3176421404682274,0.8510304659498208,23920,8928,0.04269570205360651,0.006929747294634581,0.5693997144699097,0.9907742738723755,0.002680175704881549,0.378662109375,1.000390648841858,/kaggle/input/datasets/shuvroahmedimaging/ws2-eca/test_set/test_set/images/before/before-video-013/frame_0007.jpg,/kaggle/input/datasets/shuvroahmedimaging/ws2-eca/test_set/test_set/masks/before/before-video-013/frame_0007.jpg
before-video-013,frame_0008.jpg,strict_qmem_v2_T2K2_qmem_only_lambda0p05,qmem,2,margin,0.05,0.0,0.0,0.20136161298769312,0.3352223190932868,0.20967008997546124,0.8355668236146324,22006,5522,0.04269570205360651,0.005750247277319431,0.5524950623512268,0.991738498210907,0.00267216470092535,0.354248046875,1.000244140625,/kaggle/input/datasets/shuvroahmedimaging/ws2-eca/test_set/test_set/images/before/before-video-013/frame_0008.jpg,/kaggle/input/datasets/shuvroahmedimaging/ws2-eca/test_set/test_set/masks/before/before-video-013/frame_0008.jpg
before-video-013,frame_0009.jpg,strict_qmem_v2_T2K2_qmem_only_lambda0p05,qmem,2,margin,0.05,0.0,0.0,0.24351988592962265,0.3916622302305582,0.25257486927586753,0.8716733503463361,18933,5486,0.04269570205360651,0.004860200919210911,0.5953056216239929,0.9928825497627258,0.0029158613178879023,0.4130859375,1.0010478496551514,/kaggle/input/datasets/shuvroahmedimaging/ws2-eca/test_set/test_set/images/before/before-video-013/frame_0009.jpg,/kaggle/input/datasets/shuvroahmedimaging/ws2-eca/test_set/test_set/masks/before/before-video-013/frame_0009.jpg
